id,first_name,last_name,player,URL,injury,actions,actions_trigger,lock,exclude,like,position,real_position,actual_position,team,opponent,money_line,over_under,point_spread,team_points,ownership,multiplier,salary,salary_original,salary_custom,proj_points,proj_rotowire,proj_original,proj_avg,proj_ceiling,proj_floor,proj_third_party_one,proj_third_party_two,proj_third_party_three,proj_custom,value,dfsopp,pa,ra,targets,touches,week
16855,Luke,Schoonmaker,Luke Schoonmaker,/football/player/luke-schoonmaker-16855,,&#9881;,open,,i,,TE,,TE,DAL,WAS,425,45.00,10.50,17.25,4.03,0,2500,2500,0,8.38,8.38,8.38,2.8,9.5,0.0,0,0,0,0,3.3,2.2,0.0,0.0,5.5,5.5,12
14446,Justin,Herbert,Justin Herbert,/football/player/justin-herbert-14446,,&#9881;,open,,i,,QB,,QB,LAC,BAL,125,50.00,3.00,23.50,7.08,0,5400,5400,0,17.27,17.27,17.27,17.0,24.1,10.2,0,0,0,0,3.2,6.6,32.7,3.2,0.0,3.2,12
16797,Tommy,DeVito,Tommy DeVito,/football/player/tommy-devito-16797,,&#9881;,open,,i,,QB,,QB,NYG,TB,206,41.50,5.50,18.00,4.04,0,4000,4000,0,12.82,12.82,12.82,0.0,0.0,0.0,0,0,0,0,3.2,8.3,28.5,4.5,0.0,4.5,12
17695,Caleb,Williams,Caleb Williams,/football/player/caleb-williams-17695,,&#9881;,open,,i,,QB,,QB,CHI,MIN,149,39.50,3.50,18.00,2.86,0,5100,5100,0,15.62,15.62,15.62,15.9,27.0,6.8,0,0,0,0,3.1,7.1,32.1,4.0,0.0,4.0,12
13613,Kyler,Murray,Kyler Murray,/football/player/kyler-murray-13613,,&#9881;,open,,i,,QB,,QB,ARI,SEA,-108,47.50,0.50,23.50,5.51,0,6200,6200,0,18.58,18.58,18.58,19.3,28.2,8.3,0,0,0,0,3.0,6.0,29.9,7.0,0.0,7.0,12
17692,Jayden,Daniels,Jayden Daniels,/football/player/jayden-daniels-17692,,&#9881;,open,,i,,QB,,QB,WAS,DAL,-583,45.00,-10.50,27.75,8.41,0,7000,7000,0,21.17,21.17,21.17,18.2,26.9,7.9,0,0,0,0,3.0,5.3,28.2,9.1,0.0,9.1,12
8743,Geno,Smith,Geno Smith,/football/player/geno-smith-8743,,&#9881;,open,,i,,QB,,QB,SEA,ARI,-111,47.50,-0.50,24.00,6.28,0,5700,5700,0,17.07,17.07,17.07,19.1,26.6,11.1,0,0,0,0,3.0,6.3,33.2,2.8,0.0,2.8,12
14465,Tua,Tagovailoa,Tua Tagovailoa,/football/player/tua-tagovailoa-14465,,&#9881;,open,,i,,QB,,QB,MIA,NE,-400,46.00,-7.50,26.75,4.43,0,5800,5800,0,16.82,16.82,16.82,14.9,22.2,8.7,0,0,0,0,2.9,5.6,30.8,1.9,0.0,1.9,12
16653,Anthony,Richardson,Anthony Richardson,/football/player/anthony-richardson-16653,,&#9881;,open,,i,,QB,,QB,IND,DET,306,50.50,7.50,21.50,3.58,0,5600,5600,0,16.12,16.12,16.12,12.9,25.3,4.8,0,0,0,0,2.9,6.2,27.5,7.2,0.0,7.2,12
8783,Travis,Kelce,Travis Kelce,/football/player/travis-kelce-8783,,&#9881;,open,,i,,TE,,TE,KC,CAR,-635,43.00,-11.00,27.00,10.41,0,5800,5800,0,16.85,16.85,16.85,13.4,24.4,2.8,0,0,0,0,2.9,1.5,0.0,0.1,8.5,8.6,12
12619,Baker,Mayfield,Baker Mayfield,/football/player/baker-mayfield-12619,,&#9881;,open,,i,,QB,,QB,TB,NYG,-256,41.50,-5.50,23.50,4.97,0,6100,6100,0,17.73,17.73,17.73,22.5,31.8,11.2,0,0,0,0,2.9,6.2,34.4,3.2,0.0,3.2,12
15834,Brock,Purdy,Brock Purdy,/football/player/brock-purdy-15834,"&nbsp;<span class=""red upper bold sm-text"">que</span>",&#9881;,open,,i,,QB,,QB,SF,GB,118,47.50,2.50,22.50,4.10,0,6400,6400,0,17.68,17.68,17.68,20.3,26.4,12.5,0,0,0,0,2.8,4.8,28.6,2.3,0.0,2.3,12
14416,Jalen,Hurts,Jalen Hurts,/football/player/jalen-hurts-14416,,&#9881;,open,,i,,QB,,QB,PHI,LAR,-152,49.00,-3.00,26.00,7.60,0,7800,7800,0,21.57,21.57,21.57,24.2,33.1,16.7,0,0,0,0,2.8,4.9,29.0,8.9,0.0,8.9,12
16665,Will,Levis,Will Levis,/football/player/will-levis-16665,,&#9881;,open,,i,,QB,,QB,TEN,HOU,327,41.50,8.50,16.50,1.31,0,4900,4900,0,13.02,13.02,13.02,12.4,19.2,3.0,0,0,0,0,2.7,7.2,32.4,2.8,0.0,2.8,12
14371,Jordan,Love,Jordan Love,/football/player/jordan-love-14371,,&#9881;,open,,i,,QB,,QB,GB,SF,-141,47.50,-2.50,25.00,3.60,0,6700,6700,0,17.92,17.92,17.92,19.5,31.4,8.6,0,0,0,0,2.7,5.1,31.9,2.6,0.0,2.6,12
16886,C.J.,Stroud,C.J. Stroud,/football/player/cj-stroud-16886,,&#9881;,open,,i,,QB,,QB,HOU,TEN,-420,41.50,-8.50,25.00,3.02,0,6500,6500,0,17.47,17.47,17.47,14.8,23.6,7.1,0,0,0,0,2.7,5.7,34.4,2.7,0.0,2.7,12
16807,Bryce,Young,Bryce Young,/football/player/bryce-young-16807,,&#9881;,open,,i,,QB,,QB,CAR,KC,456,43.00,11.00,16.00,0.96,0,4600,4600,0,12.40,12.40,12.40,7.4,14.6,0.5,0,0,0,0,2.7,7.5,31.6,2.9,0.0,2.9,12
12561,Lamar,Jackson,Lamar Jackson,/football/player/lamar-jackson-12561,,&#9881;,open,,i,,QB,,QB,BAL,LAC,-150,50.00,-3.00,26.50,6.11,0,8000,8000,0,21.68,21.68,21.68,25.8,35.1,17.4,0,0,0,0,2.7,4.5,27.3,8.9,0.0,8.9,12
10037,Jameis,Winston,Jameis Winston,/football/player/jameis-winston-10037,,&#9881;,open,,i,,QB,,QB,CLE,PIT,160,36.50,3.50,16.50,2.10,0,5700,5700,0,15.62,15.62,15.62,10.0,26.0,0.0,0,0,0,0,2.7,6.7,35.5,2.5,0.0,2.5,12
13741,Gardner,Minshew,Gardner Minshew,/football/player/gardner-minshew-13741,,&#9881;,open,,i,,QB,,QB,LV,DEN,199,41.00,5.50,17.75,1.30,0,4800,4800,0,12.73,12.73,12.73,10.6,17.9,3.4,0,0,0,0,2.7,7.0,31.6,2.1,0.0,2.1,12
11839,Patrick,Mahomes,Patrick Mahomes,/football/player/patrick-mahomes-11839,,&#9881;,open,,i,,QB,,QB,KC,CAR,-635,43.00,-11.00,27.00,5.11,0,6800,6800,0,17.40,17.40,17.40,17.3,22.6,14.0,0,0,0,0,2.6,4.7,28.0,3.7,0.0,3.7,12
12986,Will,Dissly,Will Dissly,/football/player/will-dissly-12986,,&#9881;,open,,i,,TE,,TE,LAC,BAL,125,50.00,3.00,23.50,6.46,0,3500,3500,0,8.91,8.91,8.91,8.4,15.8,3.0,0,0,0,0,2.6,1.3,0.0,0.0,4.7,4.7,12
12514,Dalton,Schultz,Dalton Schultz,/football/player/dalton-schultz-12514,,&#9881;,open,,i,,TE,,TE,HOU,TEN,-420,41.50,-8.50,25.00,5.06,0,3500,3500,0,9.06,9.06,9.06,6.4,9.1,3.6,0,0,0,0,2.6,1.4,0.0,0.0,4.9,4.9,12
16995,Bo,Nix,Bo Nix,/football/player/bo-nix-16995,,&#9881;,open,,i,,QB,,QB,DEN,LV,-244,41.00,-5.50,23.25,3.65,0,6300,6300,0,16.13,16.13,16.13,19.2,29.4,9.0,0,0,0,0,2.6,6.0,32.7,5.1,0.0,5.1,12
20007,Cleveland,Browns,Cleveland Browns,/football/player/cleveland-browns-20007,,&#9881;,open,,i,,D," <small class=""sm-muted"">(DST)</small>",DST,CLE,PIT,160,36.50,3.50,16.50,13.90,0,2600,2600,0,6.75,6.75,6.75,0.0,0.0,0.0,0,0,0,0,2.6,0.0,0.0,0.0,0.0,0.0,12
12490,Sam,Darnold,Sam Darnold,/football/player/sam-darnold-12490,,&#9881;,open,,i,,QB,,QB,MIN,CHI,-181,39.50,-3.50,21.50,2.08,0,5900,5900,0,15.10,15.10,15.10,18.3,24.7,9.1,0,0,0,0,2.6,6.3,34.4,2.7,0.0,2.7,12
17673,Drake,Maye,Drake Maye,/football/player/drake-maye-17673,,&#9881;,open,,i,,QB,,QB,NE,MIA,312,46.00,7.50,19.25,2.62,0,5500,5500,0,14.38,14.38,14.38,15.5,22.6,5.2,0,0,0,0,2.6,6.6,30.4,5.8,0.0,5.8,12
5971,Matthew,Stafford,Matthew Stafford,/football/player/matthew-stafford-5971,,&#9881;,open,,i,,QB,,QB,LAR,PHI,126,49.00,3.00,23.00,2.40,0,5900,5900,0,15.53,15.53,15.53,14.3,25.2,5.5,0,0,0,0,2.6,5.8,33.1,0.9,0.0,0.9,12
11841,Cooper,Rush,Cooper Rush,/football/player/cooper-rush-11841,,&#9881;,open,,i,,QB,,QB,DAL,WAS,425,45.00,10.50,17.25,0.95,0,5000,5000,0,12.49,12.49,12.49,6.5,17.9,0.0,0,0,0,0,2.5,7.0,31.7,3.1,0.0,3.1,12
8043,Russell,Wilson,Russell Wilson,/football/player/russell-wilson-8043,,&#9881;,open,,i,,QB,,QB,PIT,CLE,-194,36.50,-3.50,20.00,2.00,0,6000,6000,0,14.95,14.95,14.95,16.5,24.4,8.2,0,0,0,0,2.5,5.3,28.7,3.2,0.0,3.2,12
13517,Jakobi,Meyers,Jakobi Meyers,/football/player/jakobi-meyers-13517,,&#9881;,open,,i,,WR,,WR,LV,DEN,199,41.00,5.50,17.75,9.06,0,5100,5100,0,12.81,12.81,12.81,13.8,20.5,7.6,0,0,0,0,2.5,1.6,0.1,0.4,7.9,8.3,12
16795,Kayshon,Boutte,Kayshon Boutte,/football/player/kayshon-boutte-16795,,&#9881;,open,,i,,WR,,WR,NE,MIA,312,46.00,7.50,19.25,5.63,0,3500,3500,0,8.57,8.57,8.57,6.1,12.6,1.6,0,0,0,0,2.5,1.6,0.0,0.3,5.3,5.6,12
20016,Miami,Dolphins,Miami Dolphins,/football/player/miami-dolphins-20016,,&#9881;,open,,i,,D," <small class=""sm-muted"">(DST)</small>",DST,MIA,NE,-400,46.00,-7.50,26.75,9.31,0,3100,3100,0,7.52,7.52,7.52,0.0,0.0,0.0,0,0,0,0,2.4,0.0,0.0,0.0,0.0,0.0,12
20005,Chicago,Bears,Chicago Bears,/football/player/chicago-bears-20005,,&#9881;,open,,i,,D," <small class=""sm-muted"">(DST)</small>",DST,CHI,MIN,149,39.50,3.50,18.00,9.12,0,2500,2500,0,6.03,6.03,6.03,0.0,0.0,0.0,0,0,0,0,2.4,0.0,0.0,0.0,0.0,0.0,12
16661,De'Von,Achane,De'Von Achane,/football/player/devon-achane-16661,,&#9881;,open,,i,,RB,,RB,MIA,NE,-400,46.00,-7.50,26.75,19.19,0,7500,7500,0,17.93,17.93,17.93,16.3,29.7,4.0,0,0,0,0,2.4,2.3,0.0,11.6,5.8,17.4,12
11690,Christian,McCaffrey,Christian McCaffrey,/football/player/christian-mccaffrey-11690,,&#9881;,open,,i,,RB,,RB,SF,GB,118,47.50,2.50,22.50,18.69,0,8500,8500,0,20.40,20.40,20.40,15.7,16.9,14.4,0,0,0,0,2.4,2.5,0.0,16.5,5.0,21.5,12
8619,DeAndre,Hopkins,DeAndre Hopkins,/football/player/deandre-hopkins-8619,,&#9881;,open,,i,,WR,,WR,KC,CAR,-635,43.00,-11.00,27.00,9.93,0,5400,5400,0,12.76,12.76,12.76,9.5,23.6,0.7,0,0,0,0,2.4,1.3,0.0,0.2,6.9,7.1,12
11892,George,Kittle,George Kittle,/football/player/george-kittle-11892,"&nbsp;<span class=""red upper bold sm-text"">que</span>",&#9881;,open,,i,,TE,,TE,SF,GB,118,47.50,2.50,22.50,5.91,0,6000,6000,0,14.13,14.13,14.13,18.0,26.0,9.9,0,0,0,0,2.4,1.1,0.0,0.1,6.6,6.7,12
15909,Kenneth,Walker,Kenneth Walker,/football/player/kenneth-walker-15909,,&#9881;,open,,i,,RB,,RB,SEA,ARI,-111,47.50,-0.50,24.00,14.89,0,6900,6900,0,16.39,16.39,16.39,18.4,30.1,9.3,0,0,0,0,2.4,3.0,0.0,16.4,4.1,20.5,12
16790,Puka,Nacua,Puka Nacua,/football/player/puka-nacua-16790,,&#9881;,open,,i,,WR,,WR,LAR,PHI,126,49.00,3.00,23.00,10.62,0,7100,7100,0,15.98,15.98,15.98,17.6,28.5,4.3,0,0,0,0,2.3,1.3,0.0,0.5,8.4,8.9,12
10729,Jared,Goff,Jared Goff,/football/player/jared-goff-10729,,&#9881;,open,,i,,QB,,QB,DET,IND,-393,50.50,-7.50,29.00,3.94,0,6600,6600,0,15.48,15.48,15.48,19.9,33.3,10.2,0,0,0,0,2.3,4.5,28.0,1.5,0.0,1.5,12
13610,T.J.,Hockenson,T.J. Hockenson,/football/player/tj-hockenson-13610,,&#9881;,open,,i,,TE,,TE,MIN,CHI,-181,39.50,-3.50,21.50,5.46,0,4200,4200,0,9.85,9.85,9.85,8.1,14.8,2.5,0,0,0,0,2.3,1.5,0.0,0.0,6.1,6.1,12
10819,Derrick,Henry,Derrick Henry,/football/player/derrick-henry-10819,,&#9881;,open,,i,,RB,,RB,BAL,LAC,-150,50.00,-3.00,26.50,11.78,0,7800,7800,0,17.64,17.64,17.64,23.2,35.8,12.6,0,0,0,0,2.3,2.4,0.0,17.4,1.4,18.8,12
20009,Denver,Broncos,Denver Broncos,/football/player/denver-broncos-20009,,&#9881;,open,,i,,D," <small class=""sm-muted"">(DST)</small>",DST,DEN,LV,-244,41.00,-5.50,23.25,10.05,0,3200,3200,0,7.45,7.45,7.45,0.0,0.0,0.0,0,0,0,0,2.3,0.0,0.0,0.0,0.0,0.0,12
11807,Jonnu,Smith,Jonnu Smith,/football/player/jonnu-smith-11807,,&#9881;,open,,i,,TE,,TE,MIA,NE,-400,46.00,-7.50,26.75,4.93,0,4100,4100,0,9.64,9.64,9.64,11.4,26.1,0.9,0,0,0,0,2.3,1.2,0.0,0.0,5.0,5.0,12
20020,New York,Giants,New York Giants,/football/player/new-york-giants-20020,,&#9881;,open,,i,,D," <small class=""sm-muted"">(DST)</small>",DST,NYG,TB,206,41.50,5.50,18.00,2.22,0,2400,2400,0,5.59,5.59,5.59,0.0,0.0,0.0,0,0,0,0,2.3,0.0,0.0,0.0,0.0,0.0,12
13536,Terry,McLaurin,Terry McLaurin,/football/player/terry-mclaurin-13536,,&#9881;,open,,i,,WR,,WR,WAS,DAL,-583,45.00,-10.50,27.75,10.93,0,6800,6800,0,15.48,15.48,15.48,16.4,23.2,5.9,0,0,0,0,2.3,1.2,0.0,0.1,7.9,8.0,12
15907,Brian,Robinson,Brian Robinson,/football/player/brian-robinson-15907,,&#9881;,open,,i,,RB,,RB,WAS,DAL,-583,45.00,-10.50,27.75,13.34,0,5600,5600,0,12.96,12.96,12.96,14.5,21.3,9.1,0,0,0,0,2.3,3.1,0.0,14.8,2.5,17.3,12
15200,Nico,Collins,Nico Collins,/football/player/nico-collins-15200,,&#9881;,open,,i,,WR,,WR,HOU,TEN,-420,41.50,-8.50,25.00,10.33,0,7600,7600,0,16.81,16.81,16.81,20.9,34.4,9.3,0,0,0,0,2.2,1.1,0.0,0.1,8.2,8.3,12
16808,Jahmyr,Gibbs,Jahmyr Gibbs,/football/player/jahmyr-gibbs-16808,,&#9881;,open,,i,,RB,,RB,DET,IND,-393,50.50,-7.50,29.00,12.23,0,7300,7300,0,15.88,15.88,15.88,19.0,30.5,12.1,0,0,0,0,2.2,2.2,0.0,11.7,4.1,15.8,12
8781,Zach,Ertz,Zach Ertz,/football/player/zach-ertz-8781,,&#9881;,open,,i,,TE,,TE,WAS,DAL,-583,45.00,-10.50,27.75,4.30,0,3800,3800,0,8.39,8.39,8.39,9.2,15.5,2.8,0,0,0,0,2.2,1.3,0.0,0.0,5.1,5.1,12
20024,Pittsburgh,Steelers,Pittsburgh Steelers,/football/player/pittsburgh-steelers-20024,,&#9881;,open,,i,,D," <small class=""sm-muted"">(DST)</small>",DST,PIT,CLE,-194,36.50,-3.50,20.00,8.23,0,3500,3500,0,7.83,7.83,7.83,0.0,0.0,0.0,0,0,0,0,2.2,0.0,0.0,0.0,0.0,0.0,12
20008,Dallas,Cowboys,Dallas Cowboys,/football/player/dallas-cowboys-20008,,&#9881;,open,,i,,D," <small class=""sm-muted"">(DST)</small>",DST,DAL,WAS,425,45.00,10.50,17.25,2.00,0,2400,2400,0,5.16,5.16,5.16,0.0,0.0,0.0,0,0,0,0,2.2,0.0,0.0,0.0,0.0,0.0,12
12586,Courtland,Sutton,Courtland Sutton,/football/player/courtland-sutton-12586,,&#9881;,open,,i,,WR,,WR,DEN,LV,-244,41.00,-5.50,23.25,8.40,0,5800,5800,0,12.59,12.59,12.59,13.4,24.0,2.6,0,0,0,0,2.2,1.4,0.0,0.1,7.8,7.9,12
20030,Tennessee,Titans,Tennessee Titans,/football/player/tennessee-titans-20030,,&#9881;,open,,i,,D," <small class=""sm-muted"">(DST)</small>",DST,TEN,HOU,327,41.50,8.50,16.50,4.24,0,2300,2300,0,5.00,5.00,5.00,0.0,0.0,0.0,0,0,0,0,2.2,0.0,0.0,0.0,0.0,0.0,12
20001,Arizona,Cardinals,Arizona Cardinals,/football/player/arizona-cardinals-20001,,&#9881;,open,,i,,D," <small class=""sm-muted"">(DST)</small>",DST,ARI,SEA,-108,47.50,0.50,23.50,3.60,0,2600,2600,0,5.81,5.81,5.81,0.0,0.0,0.0,0,0,0,0,2.2,0.0,0.0,0.0,0.0,0.0,12
12507,Saquon,Barkley,Saquon Barkley,/football/player/saquon-barkley-12507,,&#9881;,open,,i,,RB,,RB,PHI,LAR,-152,49.00,-3.00,26.00,17.86,0,8200,8200,0,17.88,17.88,17.88,22.1,35.6,8.6,0,0,0,0,2.2,2.6,0.0,17.9,3.3,21.2,12
20017,Minnesota,Vikings,Minnesota Vikings,/football/player/minnesota-vikings-20017,,&#9881;,open,,i,,D," <small class=""sm-muted"">(DST)</small>",DST,MIN,CHI,-181,39.50,-3.50,21.50,6.35,0,3400,3400,0,7.53,7.53,7.53,0.0,0.0,0.0,0,0,0,0,2.2,0.0,0.0,0.0,0.0,0.0,12
12860,Dallas,Goedert,Dallas Goedert,/football/player/dallas-goedert-12860,,&#9881;,open,,i,,TE,,TE,PHI,LAR,-152,49.00,-3.00,26.00,4.27,0,4500,4500,0,9.78,9.78,9.78,11.9,26.0,1.0,0,0,0,0,2.2,1.2,0.0,0.0,5.4,5.4,12
20029,Tampa Bay,Buccaneers,Tampa Bay Buccaneers,/football/player/tampa-bay-buccaneers-20029,,&#9881;,open,,i,,D," <small class=""sm-muted"">(DST)</small>",DST,TB,NYG,-256,41.50,-5.50,23.50,5.15,0,3300,3300,0,7.25,7.25,7.25,0.0,0.0,0.0,0,0,0,0,2.2,0.0,0.0,0.0,0.0,0.0,12
13426,Noah,Fant,Noah Fant,/football/player/noah-fant-13426,"&nbsp;<span class=""red upper bold sm-text"">que</span>",&#9881;,open,,i,,TE,,TE,SEA,ARI,-111,47.50,-0.50,24.00,2.32,0,3700,3700,0,8.03,8.03,8.03,7.5,11.9,2.9,0,0,0,0,2.2,1.2,0.0,0.0,4.4,4.4,12
20012,Houston,Texans,Houston Texans,/football/player/houston-texans-20012,,&#9881;,open,,i,,D," <small class=""sm-muted"">(DST)</small>",DST,HOU,TEN,-420,41.50,-8.50,25.00,8.92,0,3600,3600,0,7.85,7.85,7.85,0.0,0.0,0.0,0,0,0,0,2.2,0.0,0.0,0.0,0.0,0.0,12
16751,DeMario,Douglas,DeMario Douglas,/football/player/demario-douglas-16751,,&#9881;,open,,i,,WR,,WR,NE,MIA,312,46.00,7.50,19.25,5.58,0,4500,4500,0,9.77,9.77,9.77,8.9,18.2,1.3,0,0,0,0,2.2,1.4,0.0,0.4,6.0,6.4,12
11707,Joe,Mixon,Joe Mixon,/football/player/joe-mixon-11707,,&#9881;,open,,i,,RB,,RB,HOU,TEN,-420,41.50,-8.50,25.00,13.54,0,8000,8000,0,17.65,17.65,17.65,24.1,36.2,11.1,0,0,0,0,2.2,2.8,0.0,18.7,3.5,22.2,12
11763,Aaron,Jones,Aaron Jones,/football/player/aaron-jones-11763,,&#9881;,open,,i,,RB,,RB,MIN,CHI,-181,39.50,-3.50,21.50,9.44,0,6400,6400,0,13.88,13.88,13.88,13.9,25.1,5.9,0,0,0,0,2.2,2.8,0.0,14.3,3.6,17.9,12
15902,Trey,McBride,Trey McBride,/football/player/trey-mcbride-15902,,&#9881;,open,,i,,TE,,TE,ARI,SEA,-108,47.50,0.50,23.50,5.42,0,5600,5600,0,12.50,12.50,12.50,13.2,21.6,6.5,0,0,0,0,2.2,1.3,0.0,0.0,7.4,7.4,12
16977,Jayden,Reed,Jayden Reed,/football/player/jayden-reed-16977,,&#9881;,open,,i,,WR,,WR,GB,SF,-141,47.50,-2.50,25.00,7.90,0,5900,5900,0,12.69,12.69,12.69,12.9,25.5,3.9,0,0,0,0,2.2,1.2,0.0,1.1,5.9,7.0,12
16649,Tucker,Kraft,Tucker Kraft,/football/player/tucker-kraft-16649,,&#9881;,open,,i,,TE,,TE,GB,SF,-141,47.50,-2.50,25.00,4.52,0,3900,3900,0,8.51,8.51,8.51,9.9,21.4,0.9,0,0,0,0,2.2,1.2,0.0,0.0,4.6,4.6,12
13424,DK,Metcalf,DK Metcalf,/football/player/dk-metcalf-13424,,&#9881;,open,,i,,WR,,WR,SEA,ARI,-111,47.50,-0.50,24.00,9.47,0,6600,6600,0,14.64,14.64,14.64,17.8,29.1,8.6,0,0,0,0,2.2,1.2,0.0,0.1,7.7,7.8,12
12559,Mark,Andrews,Mark Andrews,/football/player/mark-andrews-12559,,&#9881;,open,,i,,TE,,TE,BAL,LAC,-150,50.00,-3.00,26.50,4.25,0,4100,4100,0,8.89,8.89,8.89,9.7,18.6,1.1,0,0,0,0,2.2,1.0,0.0,0.0,4.3,4.3,12
15807,Kyren,Williams,Kyren Williams,/football/player/kyren-williams-15807,,&#9881;,open,,i,,RB,,RB,LAR,PHI,126,49.00,3.00,23.00,10.69,0,7400,7400,0,15.89,15.89,15.89,17.8,28.3,9.7,0,0,0,0,2.2,2.7,0.0,16.8,3.0,19.8,12
11222,Tyreek,Hill,Tyreek Hill,/football/player/tyreek-hill-11222,,&#9881;,open,,i,,WR,,WR,MIA,NE,-400,46.00,-7.50,26.75,8.74,0,7200,7200,0,14.79,14.79,14.79,10.3,17.2,3.9,0,0,0,0,2.1,1.0,0.0,0.2,7.1,7.3,12
20011,Green Bay,Packers,Green Bay Packers,/football/player/green-bay-packers-20011,,&#9881;,open,,i,,D," <small class=""sm-muted"">(DST)</small>",DST,GB,SF,-141,47.50,-2.50,25.00,1.73,0,2800,2800,0,5.91,5.91,5.91,0.0,0.0,0.0,0,0,0,0,2.1,0.0,0.0,0.0,0.0,0.0,12
16919,Zay,Flowers,Zay Flowers,/football/player/zay-flowers-16919,,&#9881;,open,,i,,WR,,WR,BAL,LAC,-150,50.00,-3.00,26.50,8.34,0,6700,6700,0,13.85,13.85,13.85,15.4,29.4,3.4,0,0,0,0,2.1,1.1,0.0,0.5,7.1,7.6,12
20015,Kansas City,Chiefs,Kansas City Chiefs,/football/player/kansas-city-chiefs-20015,,&#9881;,open,,i,,D," <small class=""sm-muted"">(DST)</small>",DST,KC,CAR,-635,43.00,-11.00,27.00,3.45,0,3900,3900,0,8.19,8.19,8.19,0.0,0.0,0.0,0,0,0,0,2.1,0.0,0.0,0.0,0.0,0.0,12
20031,Washington,Commanders,Washington Commanders,/football/player/washington-commanders-20031,,&#9881;,open,,i,,D," <small class=""sm-muted"">(DST)</small>",DST,WAS,DAL,-583,45.00,-10.50,27.75,4.08,0,3500,3500,0,7.48,7.48,7.48,0.0,0.0,0.0,0,0,0,0,2.1,0.0,0.0,0.0,0.0,0.0,12
20004,Carolina,Panthers,Carolina Panthers,/football/player/carolina-panthers-20004,,&#9881;,open,,i,,D," <small class=""sm-muted"">(DST)</small>",DST,CAR,KC,456,43.00,11.00,16.00,0.17,0,2200,2200,0,4.53,4.53,4.53,0.0,0.0,0.0,0,0,0,0,2.1,0.0,0.0,0.0,0.0,0.0,12
15874,Calvin,Austin,Calvin Austin,/football/player/calvin-austin-15874,,&#9881;,open,,i,,WR,,WR,PIT,CLE,-194,36.50,-3.50,20.00,3.08,0,3100,3100,0,6.58,6.58,6.58,6.8,17.4,0.0,0,0,0,0,2.1,1.6,0.0,0.7,4.2,4.9,12
13582,Josh,Jacobs,Josh Jacobs,/football/player/josh-jacobs-13582,,&#9881;,open,,i,,RB,,RB,GB,SF,-141,47.50,-2.50,25.00,8.34,0,6800,6800,0,14.10,14.10,14.10,16.4,25.9,7.7,0,0,0,0,2.1,2.6,0.0,14.8,3.0,17.8,12
17693,Brock,Bowers,Brock Bowers,/football/player/brock-bowers-17693,,&#9881;,open,,i,,TE,,TE,LV,DEN,199,41.00,5.50,17.75,5.15,0,6300,6300,0,13.49,13.49,13.49,16.7,30.0,6.5,0,0,0,0,2.1,1.2,0.0,0.0,7.8,7.8,12
16027,Romeo,Doubs,Romeo Doubs,/football/player/romeo-doubs-16027,,&#9881;,open,,i,,WR,,WR,GB,SF,-141,47.50,-2.50,25.00,5.27,0,4600,4600,0,9.78,9.78,9.78,9.6,17.9,3.0,0,0,0,0,2.1,1.2,0.0,0.1,5.6,5.7,12
17724,Ladd,McConkey,Ladd McConkey,/football/player/ladd-mcconkey-17724,,&#9881;,open,,i,,WR,,WR,LAC,BAL,125,50.00,3.00,23.50,7.48,0,6000,6000,0,12.30,12.30,12.30,13.3,27.1,4.5,0,0,0,0,2.1,1.2,0.0,0.1,6.9,7.0,12
14455,Jonathan,Taylor,Jonathan Taylor,/football/player/jonathan-taylor-14455,,&#9881;,open,,i,,RB,,RB,IND,DET,306,50.50,7.50,21.50,9.24,0,7100,7100,0,15.22,15.22,15.22,17.5,27.3,8.4,0,0,0,0,2.1,2.8,0.0,17.2,2.5,19.7,12
8986,Adam,Thielen,Adam Thielen,/football/player/adam-thielen-8986,"&nbsp;<span class=""red upper bold sm-text"">que</span>",&#9881;,open,,i,,WR,,WR,CAR,KC,456,43.00,11.00,16.00,3.35,0,4700,4700,0,9.95,9.95,9.95,8.5,13.9,3.1,0,0,0,0,2.1,1.5,0.0,0.1,7.0,7.1,12
15406,DeVonta,Smith,DeVonta Smith,/football/player/devonta-smith-15406,,&#9881;,open,,i,,WR,,WR,PHI,LAR,-152,49.00,-3.00,26.00,8.45,0,5800,5800,0,12.01,12.01,12.01,12.7,20.6,2.8,0,0,0,0,2.1,1.1,0.0,0.1,6.4,6.5,12
20022,Las Vegas,Raiders,Las Vegas Raiders,/football/player/las-vegas-raiders-20022,,&#9881;,open,,i,,D," <small class=""sm-muted"">(DST)</small>",DST,LV,DEN,199,41.00,5.50,17.75,0.73,0,2500,2500,0,5.25,5.25,5.25,0.0,0.0,0.0,0,0,0,0,2.1,0.0,0.0,0.0,0.0,0.0,12
17674,Marvin,Harrison,Marvin Harrison,/football/player/marvin-harrison-17674,,&#9881;,open,,i,,WR,,WR,ARI,SEA,-108,47.50,0.50,23.50,7.60,0,6100,6100,0,13.00,13.00,13.00,13.6,28.2,1.4,0,0,0,0,2.1,1.2,0.0,0.1,7.1,7.2,12
16689,Josh,Downs,Josh Downs,/football/player/josh-downs-16689,,&#9881;,open,,i,,WR,,WR,IND,DET,306,50.50,7.50,21.50,5.78,0,6200,6200,0,12.86,12.86,12.86,15.0,24.0,4.2,0,0,0,0,2.1,1.3,0.0,0.2,7.6,7.8,12
13432,A.J.,Brown,A.J. Brown,/football/player/aj-brown-13432,,&#9881;,open,,i,,WR,,WR,PHI,LAR,-152,49.00,-3.00,26.00,11.48,0,7800,7800,0,15.87,15.87,15.87,16.0,25.0,7.1,0,0,0,0,2.0,1.0,0.0,0.1,7.9,8.0,12
17967,Tyrone,Tracy,Tyrone Tracy,/football/player/tyrone-tracy-17967,,&#9881;,open,,i,,RB,,RB,NYG,TB,206,41.50,5.50,18.00,6.14,0,6000,6000,0,12.02,12.02,12.02,12.1,23.7,1.5,0,0,0,0,2.0,3.1,0.0,15.6,2.8,18.4,12
15802,Rachaad,White,Rachaad White,/football/player/rachaad-white-15802,,&#9881;,open,,i,,RB,,RB,TB,NYG,-256,41.50,-5.50,23.50,5.55,0,5400,5400,0,10.89,10.89,10.89,13.6,25.3,4.5,0,0,0,0,2.0,2.3,0.0,8.8,3.6,12.4,12
17704,Malik,Nabers,Malik Nabers,/football/player/malik-nabers-17704,,&#9881;,open,,i,,WR,,WR,NYG,TB,206,41.50,5.50,18.00,7.42,0,7400,7400,0,14.99,14.99,14.99,19.1,30.1,9.0,0,0,0,0,2.0,1.2,0.0,0.1,9.1,9.2,12
15372,Rhamondre,Stevenson,Rhamondre Stevenson,/football/player/rhamondre-stevenson-15372,,&#9881;,open,,i,,RB,,RB,NE,MIA,312,46.00,7.50,19.25,5.90,0,5900,5900,0,11.90,11.90,11.90,13.0,21.5,3.4,0,0,0,0,2.0,2.8,0.0,12.8,3.5,16.3,12
20023,Philadelphia,Eagles,Philadelphia Eagles,/football/player/philadelphia-eagles-20023,,&#9881;,open,,i,,D," <small class=""sm-muted"">(DST)</small>",DST,PHI,LAR,-152,49.00,-3.00,26.00,3.71,0,2900,2900,0,5.90,5.90,5.90,0.0,0.0,0.0,0,0,0,0,2.0,0.0,0.0,0.0,0.0,0.0,12
11863,Cooper,Kupp,Cooper Kupp,/football/player/cooper-kupp-11863,,&#9881;,open,,i,,WR,,WR,LAR,PHI,126,49.00,3.00,23.00,7.77,0,7500,7500,0,14.86,14.86,14.86,19.0,29.9,8.7,0,0,0,0,2.0,1.1,0.0,0.2,8.1,8.3,12
15306,Javonte,Williams,Javonte Williams,/football/player/javonte-williams-15306,,&#9881;,open,,i,,RB,,RB,DEN,LV,-244,41.00,-5.50,23.25,4.31,0,5200,5200,0,10.49,10.49,10.49,11.7,22.4,3.8,0,0,0,0,2.0,2.4,0.0,7.9,4.4,12.3,12
17975,Devaughn,Vele,Devaughn Vele,/football/player/devaughn-vele-17975,,&#9881;,open,,i,,WR,,WR,DEN,LV,-244,41.00,-5.50,23.25,3.21,0,3900,3900,0,7.73,7.73,7.73,8.0,13.3,3.2,0,0,0,0,2.0,1.2,0.0,0.0,4.7,4.7,12
14411,CeeDee,Lamb,CeeDee Lamb,/football/player/ceedee-lamb-14411,,&#9881;,open,,i,,WR,,WR,DAL,WAS,425,45.00,10.50,17.25,6.55,0,7300,7300,0,14.26,14.26,14.26,18.2,35.6,8.1,0,0,0,0,2.0,1.1,0.0,0.6,7.1,7.7,12
9253,Mike,Evans,Mike Evans,/football/player/mike-evans-9253,"&nbsp;<span class=""red upper bold sm-text"">que</span>",&#9881;,open,,i,,WR,,WR,TB,NYG,-256,41.50,-5.50,23.50,6.67,0,7000,7000,0,13.67,13.67,13.67,12.1,22.2,3.4,0,0,0,0,2.0,1.1,0.0,0.1,7.4,7.5,12
20018,New England,Patriots,New England Patriots,/football/player/new-england-patriots-20018,,&#9881;,open,,i,,D," <small class=""sm-muted"">(DST)</small>",DST,NE,MIA,312,46.00,7.50,19.25,0.54,0,2700,2700,0,5.01,5.01,5.01,0.0,0.0,0.0,0,0,0,0,1.9,0.0,0.0,0.0,0.0,0.0,12
16654,Jaxon,Smith-Njigba,Jaxon Smith-Njigba,/football/player/jaxon-smith-njigba-16654,,&#9881;,open,,i,,WR,,WR,SEA,ARI,-111,47.50,-0.50,24.00,5.63,0,6300,6300,0,11.83,11.83,11.83,17.0,34.1,5.5,0,0,0,0,1.9,1.1,0.0,0.1,6.5,6.6,12
8627,Keenan,Allen,Keenan Allen,/football/player/keenan-allen-8627,,&#9881;,open,,i,,WR,,WR,CHI,MIN,149,39.50,3.50,18.00,3.23,0,4900,4900,0,9.31,9.31,9.31,9.0,17.8,4.2,0,0,0,0,1.9,1.2,0.0,0.1,5.6,5.7,12
17020,Rome,Odunze,Rome Odunze,/football/player/rome-odunze-17020,,&#9881;,open,,i,,WR,,WR,CHI,MIN,149,39.50,3.50,18.00,3.26,0,4800,4800,0,9.16,9.16,9.16,10.4,22.2,2.3,0,0,0,0,1.9,1.1,0.0,0.1,5.4,5.5,12
15332,Amon-Ra,St. Brown,Amon-Ra St. Brown,/football/player/amon-ra-st-brown-15332,,&#9881;,open,,i,,WR,,WR,DET,IND,-393,50.50,-7.50,29.00,10.45,0,8300,8300,0,16.09,16.09,16.09,21.8,36.5,10.5,0,0,0,0,1.9,1.0,0.0,0.4,8.1,8.5,12
11734,David,Njoku,David Njoku,/football/player/david-njoku-11734,"&nbsp;<span class=""red upper bold sm-text"">que</span>",&#9881;,open,,i,,TE,,TE,CLE,PIT,160,36.50,3.50,16.50,3.62,0,5700,5700,0,10.62,10.62,10.62,12.7,22.1,3.6,0,0,0,0,1.9,1.2,0.0,0.0,6.7,6.7,12
14376,Jauan,Jennings,Jauan Jennings,/football/player/jauan-jennings-14376,,&#9881;,open,,i,,WR,,WR,SF,GB,118,47.50,2.50,22.50,5.68,0,5600,5600,0,10.86,10.86,10.86,16.0,40.4,1.5,0,0,0,0,1.9,1.0,0.0,0.1,5.6,5.7,12
20025,Los Angeles,Chargers,Los Angeles Chargers,/football/player/los-angeles-chargers-20025,,&#9881;,open,,i,,D," <small class=""sm-muted"">(DST)</small>",DST,LAC,BAL,125,50.00,3.00,23.50,0.68,0,2700,2700,0,5.22,5.22,5.22,0.0,0.0,0.0,0,0,0,0,1.9,0.0,0.0,0.0,0.0,0.0,12
13556,David,Montgomery,David Montgomery,/football/player/david-montgomery-13556,,&#9881;,open,,i,,RB,,RB,DET,IND,-393,50.50,-7.50,29.00,6.86,0,6700,6700,0,12.98,12.98,12.98,16.8,23.3,10.2,0,0,0,0,1.9,2.2,0.0,13.4,1.5,14.9,12
16935,Tank,Dell,Tank Dell,/football/player/tank-dell-16935,,&#9881;,open,,i,,WR,,WR,HOU,TEN,-420,41.50,-8.50,25.00,4.47,0,6400,6400,0,11.90,11.90,11.90,10.3,19.5,1.7,0,0,0,0,1.9,1.0,0.0,0.9,5.6,6.5,12
12616,Calvin,Ridley,Calvin Ridley,/football/player/calvin-ridley-12616,,&#9881;,open,,i,,WR,,WR,TEN,HOU,327,41.50,8.50,16.50,3.83,0,5700,5700,0,10.61,10.61,10.61,12.4,24.8,1.3,0,0,0,0,1.9,1.3,0.0,0.3,7.3,7.6,12
13429,Deebo,Samuel,Deebo Samuel,/football/player/deebo-samuel-13429,,&#9881;,open,,i,,WR,,WR,SF,GB,118,47.50,2.50,22.50,6.45,0,6500,6500,0,12.45,12.45,12.45,12.0,21.9,1.9,0,0,0,0,1.9,1.2,0.0,2.4,5.7,8.1,12
20028,Los Angeles,Rams,Los Angeles Rams,/football/player/los-angeles-rams-20028,,&#9881;,open,,i,,D," <small class=""sm-muted"">(DST)</small>",DST,LAR,PHI,126,49.00,3.00,23.00,0.55,0,2800,2800,0,5.36,5.36,5.36,0.0,0.0,0.0,0,0,0,0,1.9,0.0,0.0,0.0,0.0,0.0,12
17033,Sam,LaPorta,Sam LaPorta,/football/player/sam-laporta-17033,"&nbsp;<span class=""red upper bold sm-text"">que</span>",&#9881;,open,,i,,TE,,TE,DET,IND,-393,50.50,-7.50,29.00,3.21,0,4300,4300,0,8.23,8.23,8.23,8.9,15.6,3.4,0,0,0,0,1.9,1.0,0.0,0.0,4.1,4.1,12
10988,Sterling,Shepard,Sterling Shepard,/football/player/sterling-shepard-10988,,&#9881;,open,,i,,WR,,WR,TB,NYG,-256,41.50,-5.50,23.50,2.48,0,4200,4200,0,7.98,7.98,7.98,5.5,10.1,0.9,0,0,0,0,1.9,1.1,0.0,0.0,4.6,4.6,12
20027,San Francisco,49ers,San Francisco 49ers,/football/player/san-francisco-49ers-20027,,&#9881;,open,,i,,D," <small class=""sm-muted"">(DST)</small>",DST,SF,GB,118,47.50,2.50,22.50,0.41,0,3000,3000,0,5.59,5.59,5.59,0.0,0.0,0.0,0,0,0,0,1.9,0.0,0.0,0.0,0.0,0.0,12
11691,James,Conner,James Conner,/football/player/james-conner-11691,,&#9881;,open,,i,,RB,,RB,ARI,SEA,-108,47.50,0.50,23.50,6.50,0,6500,6500,0,12.02,12.02,12.02,15.8,22.5,6.2,0,0,0,0,1.9,2.5,0.0,14.5,2.0,16.5,12
16936,Trey,Palmer,Trey Palmer,/football/player/trey-palmer-16936,,&#9881;,open,,i,,WR,,WR,TB,NYG,-256,41.50,-5.50,23.50,1.36,0,3800,3800,0,7.07,7.07,7.07,3.5,9.7,0.0,0,0,0,0,1.9,1.2,0.0,0.4,4.2,4.6,12
14394,D'Andre,Swift,D'Andre Swift,/football/player/dandre-swift-14394,"&nbsp;<span class=""red upper bold sm-text"">que</span>",&#9881;,open,,i,,RB,,RB,CHI,MIN,149,39.50,3.50,18.00,5.35,0,6100,6100,0,11.76,11.76,11.76,16.2,26.8,7.3,0,0,0,0,1.9,2.8,0.0,14.1,2.9,17.0,12
8628,Robert,Woods,Robert Woods,/football/player/robert-woods-8628,,&#9881;,open,,i,,WR,,WR,HOU,TEN,-420,41.50,-8.50,25.00,1.94,0,3400,3400,0,6.61,6.61,6.61,2.6,5.6,0.2,0,0,0,0,1.9,1.3,0.0,0.2,4.1,4.3,12
12477,DJ,Moore,DJ Moore,/football/player/dj-moore-12477,,&#9881;,open,,i,,WR,,WR,CHI,MIN,149,39.50,3.50,18.00,4.16,0,5500,5500,0,10.43,10.43,10.43,11.8,25.1,4.7,0,0,0,0,1.9,1.1,0.0,0.2,5.9,6.1,12
20026,Seattle,Seahawks,Seattle Seahawks,/football/player/seattle-seahawks-20026,,&#9881;,open,,i,,D," <small class=""sm-muted"">(DST)</small>",DST,SEA,ARI,-111,47.50,-0.50,24.00,0.19,0,2900,2900,0,5.56,5.56,5.56,0.0,0.0,0.0,0,0,0,0,1.9,0.0,0.0,0.0,0.0,0.0,12
13833,Olamide,Zaccheaus,Olamide Zaccheaus,/football/player/olamide-zaccheaus-13833,,&#9881;,open,,i,,WR,,WR,WAS,DAL,-583,45.00,-10.50,27.75,1.88,0,3300,3300,0,6.20,6.20,6.20,4.4,11.7,0.0,0,0,0,0,1.9,1.1,0.0,0.2,3.3,3.5,12
14657,Rico,Dowdle,Rico Dowdle,/football/player/rico-dowdle-14657,,&#9881;,open,,i,,RB,,RB,DAL,WAS,425,45.00,10.50,17.25,4.55,0,5500,5500,0,10.16,10.16,10.16,12.2,19.8,6.0,0,0,0,0,1.9,2.6,0.0,11.7,2.8,14.5,12
11849,Noah,Brown,Noah Brown,/football/player/noah-brown-11849,,&#9881;,open,,i,,WR,,WR,WAS,DAL,-583,45.00,-10.50,27.75,3.65,0,4200,4200,0,8.14,8.14,8.14,7.5,14.2,2.2,0,0,0,0,1.9,1.0,0.0,0.1,4.2,4.3,12
15404,Jaylen,Waddle,Jaylen Waddle,/football/player/jaylen-waddle-15404,,&#9881;,open,,i,,WR,,WR,MIA,NE,-400,46.00,-7.50,26.75,4.34,0,5300,5300,0,9.58,9.58,9.58,7.1,8.9,3.5,0,0,0,0,1.8,0.9,0.0,0.1,4.9,5.0,12
14418,J.K.,Dobbins,J.K. Dobbins,/football/player/jk-dobbins-14418,,&#9881;,open,,i,,RB,,RB,LAC,BAL,125,50.00,3.00,23.50,5.46,0,7000,7000,0,12.90,12.90,12.90,15.2,23.1,8.6,0,0,0,0,1.8,2.5,0.0,15.1,2.6,17.7,12
20002,Baltimore,Ravens,Baltimore Ravens,/football/player/baltimore-ravens-20002,,&#9881;,open,,i,,D," <small class=""sm-muted"">(DST)</small>",DST,BAL,LAC,-150,50.00,-3.00,26.50,0.18,0,3000,3000,0,5.34,5.34,5.34,0.0,0.0,0.0,0,0,0,0,1.8,0.0,0.0,0.0,0.0,0.0,12
17734,Xavier,Legette,Xavier Legette,/football/player/xavier-legette-17734,,&#9881;,open,,i,,WR,,WR,CAR,KC,456,43.00,11.00,16.00,2.18,0,5000,5000,0,8.76,8.76,8.76,8.5,17.3,1.0,0,0,0,0,1.8,1.3,0.0,0.2,6.1,6.3,12
13590,Tony,Pollard,Tony Pollard,/football/player/tony-pollard-13590,,&#9881;,open,,i,,RB,,RB,TEN,HOU,327,41.50,8.50,16.50,3.08,0,5800,5800,0,10.29,10.29,10.29,13.1,20.2,6.0,0,0,0,0,1.8,2.8,0.0,13.6,2.7,16.3,12
15853,George,Pickens,George Pickens,/football/player/george-pickens-15853,,&#9881;,open,,i,,WR,,WR,PIT,CLE,-194,36.50,-3.50,20.00,4.89,0,6900,6900,0,12.30,12.30,12.30,13.7,23.0,5.7,0,0,0,0,1.8,1.1,0.0,0.1,7.2,7.3,12
14436,Cole,Kmet,Cole Kmet,/football/player/cole-kmet-14436,,&#9881;,open,,i,,TE,,TE,CHI,MIN,149,39.50,3.50,18.00,2.39,0,3600,3600,0,6.35,6.35,6.35,9.4,22.1,0.1,0,0,0,0,1.8,1.1,0.0,0.0,3.8,3.8,12
15838,Wan'Dale,Robinson,Wan'Dale Robinson,/football/player/wandale-robinson-15838,,&#9881;,open,,i,,WR,,WR,NYG,TB,206,41.50,5.50,18.00,3.62,0,5200,5200,0,9.51,9.51,9.51,10.8,16.6,5.3,0,0,0,0,1.8,1.3,0.0,0.6,6.1,6.7,12
16941,Tyjae,Spears,Tyjae Spears,/football/player/tyjae-spears-16941,"&nbsp;<span class=""red upper bold sm-text"">que</span>",&#9881;,open,,i,,RB,,RB,TEN,HOU,327,41.50,8.50,16.50,2.15,0,4400,4400,0,8.02,8.02,8.02,6.8,11.3,2.8,0,0,0,0,1.8,2.3,0.0,6.9,3.1,10.0,12
15459,Noah,Gray,Noah Gray,/football/player/noah-gray-15459,,&#9881;,open,,i,,TE,,TE,KC,CAR,-635,43.00,-11.00,27.00,2.25,0,3100,3100,0,5.60,5.60,5.60,5.9,15.0,0.1,0,0,0,0,1.8,0.9,0.0,0.0,2.9,2.9,12
16042,Chigoziem,Okonkwo,Chigoziem Okonkwo,/football/player/chigoziem-okonkwo-16042,,&#9881;,open,,i,,TE,,TE,TEN,HOU,327,41.50,8.50,16.50,1.64,0,2800,2800,0,4.91,4.91,4.91,4.2,7.8,1.7,0,0,0,0,1.8,1.1,0.0,0.1,3.1,3.2,12
15946,Christian,Watson,Christian Watson,/football/player/christian-watson-15946,,&#9881;,open,,i,,WR,,WR,GB,SF,-141,47.50,-2.50,25.00,2.87,0,5200,5200,0,9.56,9.56,9.56,7.8,18.8,0.0,0,0,0,0,1.8,1.0,0.0,0.3,5.0,5.3,12
16899,Quentin,Johnston,Quentin Johnston,/football/player/quentin-johnston-16899,,&#9881;,open,,i,,WR,,WR,LAC,BAL,125,50.00,3.00,23.50,3.39,0,4900,4900,0,8.57,8.57,8.57,12.9,23.1,3.5,0,0,0,0,1.8,1.0,0.0,0.1,5.0,5.1,12
16706,Cedric,Tillman,Cedric Tillman,/football/player/cedric-tillman-16706,,&#9881;,open,,i,,WR,,WR,CLE,PIT,160,36.50,3.50,16.50,3.14,0,5500,5500,0,9.96,9.96,9.96,8.3,24.0,0.0,0,0,0,0,1.8,1.3,0.0,0.2,6.8,7.0,12
17976,Jalen,Coker,Jalen Coker,/football/player/jalen-coker-17976,,&#9881;,open,,i,,WR,,WR,CAR,KC,456,43.00,11.00,16.00,2.11,0,3700,3700,0,6.53,6.53,6.53,7.0,15.4,0.6,0,0,0,0,1.8,1.3,0.0,0.0,4.7,4.7,12
14509,Justin,Jefferson,Justin Jefferson,/football/player/justin-jefferson-14509,,&#9881;,open,,i,,WR,,WR,MIN,CHI,-181,39.50,-3.50,21.50,7.26,0,8100,8100,0,14.14,14.14,14.14,19.4,25.5,11.9,0,0,0,0,1.8,1.0,0.0,0.1,8.1,8.2,12
17784,Bucky,Irving,Bucky Irving,/football/player/bucky-irving-17784,,&#9881;,open,,i,,RB,,RB,TB,NYG,-256,41.50,-5.50,23.50,4.54,0,5300,5300,0,9.69,9.69,9.69,11.9,18.1,4.2,0,0,0,0,1.8,2.2,0.0,9.3,2.3,11.6,12
17687,Xavier,Worthy,Xavier Worthy,/football/player/xavier-worthy-17687,,&#9881;,open,,i,,WR,,WR,KC,CAR,-635,43.00,-11.00,27.00,3.55,0,5000,5000,0,8.91,8.91,8.91,8.3,15.8,0.4,0,0,0,0,1.8,0.9,0.0,0.1,4.5,4.6,12
11847,Kendrick,Bourne,Kendrick Bourne,/football/player/kendrick-bourne-11847,,&#9881;,open,,i,,WR,,WR,NE,MIA,312,46.00,7.50,19.25,1.42,0,3600,3600,0,6.38,6.38,6.38,5.5,15.1,0.0,0,0,0,0,1.8,1.1,0.0,0.1,3.9,4.0,12
10161,Tyler,Lockett,Tyler Lockett,/football/player/tyler-lockett-10161,,&#9881;,open,,i,,WR,,WR,SEA,ARI,-111,47.50,-0.50,24.00,3.49,0,4800,4800,0,8.78,8.78,8.78,9.1,15.4,2.9,0,0,0,0,1.8,1.0,0.0,0.1,4.8,4.9,12
12401,Austin,Ekeler,Austin Ekeler,/football/player/austin-ekeler-12401,,&#9881;,open,,i,,RB,,RB,WAS,DAL,-583,45.00,-10.50,27.75,3.43,0,5600,5600,0,9.99,9.99,9.99,12.5,17.7,5.9,0,0,0,0,1.8,1.8,0.0,6.1,3.7,9.8,12
10735,Hunter,Henry,Hunter Henry,/football/player/hunter-henry-10735,,&#9881;,open,,i,,TE,,TE,NE,MIA,312,46.00,7.50,19.25,2.87,0,4000,4000,0,6.99,6.99,6.99,10.0,19.3,2.9,0,0,0,0,1.8,1.1,0.0,0.0,4.3,4.3,12
17761,Ricky,Pearsall,Ricky Pearsall,/football/player/ricky-pearsall-17761,,&#9881;,open,,i,,WR,,WR,SF,GB,118,47.50,2.50,22.50,2.46,0,4700,4700,0,8.43,8.43,8.43,8.5,16.7,0.5,0,0,0,0,1.8,1.0,0.0,0.2,4.6,4.8,12
17748,Ja'Tavion,Sanders,Ja'Tavion Sanders,/football/player/jatavion-sanders-17748,,&#9881;,open,,i,,TE,,TE,CAR,KC,456,43.00,11.00,16.00,2.14,0,3400,3400,0,6.23,6.23,6.23,6.2,11.8,0.8,0,0,0,0,1.8,1.2,0.0,0.0,4.1,4.1,12
17763,Jalen,McMillan,Jalen McMillan,/football/player/jalen-mcmillan-17763,,&#9881;,open,,i,,WR,,WR,TB,NYG,-256,41.50,-5.50,23.50,3.15,0,4000,4000,0,7.26,7.26,7.26,3.9,8.4,0.2,0,0,0,0,1.8,1.1,0.0,0.2,4.3,4.5,12
13522,Darius,Slayton,Darius Slayton,/football/player/darius-slayton-13522,"&nbsp;<span class=""red upper bold sm-text"">que</span>",&#9881;,open,,i,,WR,,WR,NYG,TB,206,41.50,5.50,18.00,1.88,0,4600,4600,0,8.15,8.15,8.15,10.8,24.5,1.7,0,0,0,0,1.8,1.1,0.0,0.1,4.9,5.0,12
16032,Cade,Otton,Cade Otton,/football/player/cade-otton-16032,,&#9881;,open,,i,,TE,,TE,TB,NYG,-256,41.50,-5.50,23.50,3.11,0,5500,5500,0,9.58,9.58,9.58,13.2,25.7,1.9,0,0,0,0,1.7,1.0,0.0,0.0,5.4,5.4,12
15447,Joshua,Palmer,Joshua Palmer,/football/player/joshua-palmer-15447,,&#9881;,open,,i,,WR,,WR,LAC,BAL,125,50.00,3.00,23.50,2.33,0,4200,4200,0,7.21,7.21,7.21,7.4,12.7,3.8,0,0,0,0,1.7,1.0,0.0,0.1,4.1,4.2,12
15533,DJ,Turner,DJ Turner,/football/player/dj-turner-15533,,&#9881;,open,,i,,WR,,WR,LV,DEN,199,41.00,5.50,17.75,0.94,0,3800,3800,0,6.26,6.26,6.26,4.4,11.0,0.0,0,0,0,0,1.7,1.1,0.0,0.8,3.5,4.3,12
14378,Michael,Pittman,Michael Pittman,/football/player/michael-pittman-14378,,&#9881;,open,,i,,WR,,WR,IND,DET,306,50.50,7.50,21.50,2.31,0,5300,5300,0,8.73,8.73,8.73,9.3,17.8,3.0,0,0,0,0,1.7,1.0,0.0,0.1,5.3,5.4,12
9255,Odell,Beckham,Odell Beckham,/football/player/odell-beckham-9255,,&#9881;,open,,i,,WR,,WR,MIA,NE,-400,46.00,-7.50,26.75,1.31,0,3300,3300,0,5.54,5.54,5.54,1.9,4.3,0.0,0,0,0,0,1.7,0.9,0.0,0.1,2.9,3.0,12
16895,Jordan,Addison,Jordan Addison,/football/player/jordan-addison-16895,"&nbsp;<span class=""red upper bold sm-text"">que</span>",&#9881;,open,,i,,WR,,WR,MIN,CHI,-181,39.50,-3.50,21.50,2.57,0,5100,5100,0,8.63,8.63,8.63,11.3,20.6,4.3,0,0,0,0,1.7,1.0,0.0,0.1,4.8,4.9,12
16849,Marvin,Mims,Marvin Mims,/football/player/marvin-mims-16849,,&#9881;,open,,i,,WR,,WR,DEN,LV,-244,41.00,-5.50,23.25,1.60,0,3200,3200,0,5.35,5.35,5.35,3.5,10.4,0.0,0,0,0,0,1.7,1.0,0.0,0.2,3.2,3.4,12
15989,Jerome,Ford,Jerome Ford,/football/player/jerome-ford-15989,,&#9881;,open,,i,,RB,,RB,CLE,PIT,160,36.50,3.50,16.50,1.93,0,4500,4500,0,7.49,7.49,7.49,7.4,13.9,2.0,0,0,0,0,1.7,2.2,0.0,7.0,2.8,9.8,12
15210,Rashod,Bateman,Rashod Bateman,/football/player/rashod-bateman-15210,,&#9881;,open,,i,,WR,,WR,BAL,LAC,-150,50.00,-3.00,26.50,2.76,0,4300,4300,0,7.44,7.44,7.44,10.6,21.4,3.4,0,0,0,0,1.7,0.9,0.0,0.1,4.0,4.1,12
12886,Nick,Chubb,Nick Chubb,/football/player/nick-chubb-12886,,&#9881;,open,,i,,RB,,RB,CLE,PIT,160,36.50,3.50,16.50,2.43,0,6000,6000,0,10.41,10.41,10.41,6.2,9.6,4.0,0,0,0,0,1.7,2.5,0.0,13.1,1.9,15.0,12
11163,Demarcus,Robinson,Demarcus Robinson,/football/player/demarcus-robinson-11163,,&#9881;,open,,i,,WR,,WR,LAR,PHI,126,49.00,3.00,23.00,2.00,0,4100,4100,0,6.97,6.97,6.97,9.2,22.5,1.3,0,0,0,0,1.7,1.0,0.0,0.0,4.1,4.1,12
20010,Detroit,Lions,Detroit Lions,/football/player/detroit-lions-20010,,&#9881;,open,,i,,D," <small class=""sm-muted"">(DST)</small>",DST,DET,IND,-393,50.50,-7.50,29.00,0.43,0,3700,3700,0,6.16,6.16,6.16,0.0,0.0,0.0,0,0,0,0,1.7,0.0,0.0,0.0,0.0,0.0,12
14458,Jerry,Jeudy,Jerry Jeudy,/football/player/jerry-jeudy-14458,,&#9881;,open,,i,,WR,,WR,CLE,PIT,160,36.50,3.50,16.50,2.93,0,5900,5900,0,10.00,10.00,10.00,10.9,24.2,2.6,0,0,0,0,1.7,1.1,0.0,0.1,6.6,6.7,12
15280,Elijah,Moore,Elijah Moore,/football/player/elijah-moore-15280,"&nbsp;<span class=""red upper bold sm-text"">que</span>",&#9881;,open,,i,,WR,,WR,CLE,PIT,160,36.50,3.50,16.50,1.98,0,4800,4800,0,7.63,7.63,7.63,8.1,16.5,1.6,0,0,0,0,1.6,1.2,0.0,0.3,5.3,5.6,12
16010,Jalen,Tolbert,Jalen Tolbert,/football/player/jalen-tolbert-16010,,&#9881;,open,,i,,WR,,WR,DAL,WAS,425,45.00,10.50,17.25,1.87,0,4100,4100,0,6.63,6.63,6.63,10.0,18.7,4.2,0,0,0,0,1.6,1.0,0.0,0.0,4.2,4.2,12
15849,Jameson,Williams,Jameson Williams,/football/player/jameson-williams-15849,,&#9881;,open,,i,,WR,,WR,DET,IND,-393,50.50,-7.50,29.00,4.00,0,6000,6000,0,9.62,9.62,9.62,12.0,23.4,1.7,0,0,0,0,1.6,0.8,0.0,0.4,4.4,4.8,12
17021,Theo,Johnson,Theo Johnson,/football/player/theo-johnson-17021,,&#9881;,open,,i,,TE,,TE,NYG,TB,206,41.50,5.50,18.00,1.17,0,2900,2900,0,4.72,4.72,4.72,5.3,12.1,0.3,0,0,0,0,1.6,1.0,0.0,0.0,3.0,3.0,12
13477,Alexander,Mattison,Alexander Mattison,/football/player/alexander-mattison-13477,"&nbsp;<span class=""red upper bold sm-text"">que</span>",&#9881;,open,,i,,RB,,RB,LV,DEN,199,41.00,5.50,17.75,1.41,0,5100,5100,0,7.90,7.90,7.90,9.9,16.0,4.4,0,0,0,0,1.6,1.9,0.0,6.7,3.2,9.9,12
13786,Josh,Oliver,Josh Oliver,/football/player/josh-oliver-13786,"&nbsp;<span class=""red upper bold sm-text"">que</span>",&#9881;,open,,i,,TE,,TE,MIN,CHI,-181,39.50,-3.50,21.50,1.17,0,2900,2900,0,4.76,4.76,4.76,6.0,14.4,0.0,0,0,0,0,1.6,1.0,0.0,0.0,2.8,2.8,12
15468,Najee,Harris,Najee Harris,/football/player/najee-harris-15468,,&#9881;,open,,i,,RB,,RB,PIT,CLE,-194,36.50,-3.50,20.00,3.25,0,6200,6200,0,9.70,9.70,9.70,14.2,21.3,8.8,0,0,0,0,1.6,2.4,0.0,12.6,2.2,14.8,12
16694,Tre,Tucker,Tre Tucker,/football/player/tre-tucker-16694,,&#9881;,open,,i,,WR,,WR,LV,DEN,199,41.00,5.50,17.75,1.64,0,4000,4000,0,6.34,6.34,6.34,7.5,18.6,0.2,0,0,0,0,1.6,1.0,0.0,0.5,3.7,4.2,12
13565,Lil'Jordan,Humphrey,Lil'Jordan Humphrey,/football/player/liljordan-humphrey-13565,,&#9881;,open,,i,,WR,,WR,DEN,LV,-244,41.00,-5.50,23.25,1.38,0,3400,3400,0,5.54,5.54,5.54,5.8,12.8,0.7,0,0,0,0,1.6,1.0,0.0,0.0,3.5,3.5,12
15242,Chuba,Hubbard,Chuba Hubbard,/football/player/chuba-hubbard-15242,,&#9881;,open,,i,,RB,,RB,CAR,KC,456,43.00,11.00,16.00,2.27,0,6600,6600,0,10.66,10.66,10.66,19.1,29.0,10.1,0,0,0,0,1.6,2.4,0.0,13.0,2.8,15.8,12
16033,Isaiah,Likely,Isaiah Likely,/football/player/isaiah-likely-16033,,&#9881;,open,,i,,TE,,TE,BAL,LAC,-150,50.00,-3.00,26.50,1.51,0,3900,3900,0,6.26,6.26,6.26,5.9,13.7,0.4,0,0,0,0,1.6,0.8,0.0,0.0,3.3,3.3,12
16259,Lucas,Krull,Lucas Krull,/football/player/lucas-krull-16259,,&#9881;,open,,i,,TE,,TE,DEN,LV,-244,41.00,-5.50,23.25,1.03,0,2500,2500,0,3.74,3.74,3.74,2.8,6.2,0.1,0,0,0,0,1.5,0.9,0.0,0.0,2.3,2.3,12
16897,Zach,Charbonnet,Zach Charbonnet,/football/player/zach-charbonnet-16897,,&#9881;,open,,i,,RB,,RB,SEA,ARI,-111,47.50,-0.50,24.00,1.68,0,4300,4300,0,6.56,6.56,6.56,9.5,21.6,1.8,0,0,0,0,1.5,1.6,0.0,4.1,2.6,6.7,12
13532,Mecole,Hardman,Mecole Hardman,/football/player/mecole-hardman-13532,,&#9881;,open,,i,,WR,,WR,KC,CAR,-635,43.00,-11.00,27.00,0.81,0,3100,3100,0,4.73,4.73,4.73,3.5,10.1,0.0,0,0,0,0,1.5,0.9,0.0,0.5,2.3,2.8,12
17747,Jonathon,Brooks,Jonathon Brooks,/football/player/jonathon-brooks-17747,"&nbsp;<span class=""red upper bold sm-text"">que</span>",&#9881;,open,,i,,RB,,RB,CAR,KC,456,43.00,11.00,16.00,0.90,0,4800,4800,0,7.31,7.31,7.31,0.0,0.0,0.0,0,0,0,0,1.5,2.0,0.0,7.4,2.4,9.8,12
16022,Alec,Pierce,Alec Pierce,/football/player/alec-pierce-16022,,&#9881;,open,,i,,WR,,WR,IND,DET,306,50.50,7.50,21.50,1.20,0,4900,4900,0,7.12,7.12,7.12,9.1,21.4,0.3,0,0,0,0,1.5,0.9,0.0,0.1,4.1,4.2,12
15267,Pat,Freiermuth,Pat Freiermuth,/football/player/pat-freiermuth-15267,,&#9881;,open,,i,,TE,,TE,PIT,CLE,-194,36.50,-3.50,20.00,1.98,0,3700,3700,0,5.44,5.44,5.44,7.9,14.4,3.5,0,0,0,0,1.5,1.0,0.0,0.0,3.6,3.6,12
16957,Michael,Wilson,Michael Wilson,/football/player/michael-wilson-16957,,&#9881;,open,,i,,WR,,WR,ARI,SEA,-108,47.50,0.50,23.50,1.60,0,4400,4400,0,6.77,6.77,6.77,7.8,13.7,1.3,0,0,0,0,1.5,0.9,0.0,0.0,4.1,4.1,12
17030,Davis,Allen,Davis Allen,/football/player/davis-allen-17030,,&#9881;,open,,i,,TE,,TE,LAR,PHI,126,49.00,3.00,23.00,1.74,0,2500,2500,0,3.71,3.71,3.71,1.4,6.5,0.0,0,0,0,0,1.5,0.8,0.0,0.0,2.1,2.1,12
16866,Josh,Whyle,Josh Whyle,/football/player/josh-whyle-16866,,&#9881;,open,,i,,TE,,TE,TEN,HOU,327,41.50,8.50,16.50,0.67,0,2500,2500,0,3.73,3.73,3.73,3.3,7.2,0.3,0,0,0,0,1.5,0.9,0.0,0.0,2.3,2.3,12
14750,Nick,Westbrook-Ikhine,Nick Westbrook-Ikhine,/football/player/nick-westbrook-ikhine-14750,,&#9881;,open,,i,,WR,,WR,TEN,HOU,327,41.50,8.50,16.50,1.55,0,4100,4100,0,6.28,6.28,6.28,8.2,19.4,0.2,0,0,0,0,1.5,1.0,0.0,0.2,4.1,4.3,12
20013,Indianapolis,Colts,Indianapolis Colts,/football/player/indianapolis-colts-20013,,&#9881;,open,,i,,D," <small class=""sm-muted"">(DST)</small>",DST,IND,DET,306,50.50,7.50,21.50,0.04,0,2300,2300,0,3.45,3.45,3.45,0.0,0.0,0.0,0,0,0,0,1.5,0.0,0.0,0.0,0.0,0.0,12
16658,Dontayvion,Wicks,Dontayvion Wicks,/football/player/dontayvion-wicks-16658,,&#9881;,open,,i,,WR,,WR,GB,SF,-141,47.50,-2.50,25.00,1.18,0,4300,4300,0,6.20,6.20,6.20,6.6,20.0,0.0,0,0,0,0,1.4,0.8,0.0,0.1,3.2,3.3,12
17719,Troy,Franklin,Troy Franklin,/football/player/troy-franklin-17719,,&#9881;,open,,i,,WR,,WR,DEN,LV,-244,41.00,-5.50,23.25,1.05,0,3500,3500,0,4.92,4.92,4.92,4.6,10.2,0.2,0,0,0,0,1.4,0.9,0.0,0.1,3.1,3.2,12
10748,Austin,Hooper,Austin Hooper,/football/player/austin-hooper-10748,,&#9881;,open,,i,,TE,,TE,NE,MIA,312,46.00,7.50,19.25,1.15,0,3000,3000,0,4.22,4.22,4.22,4.7,8.7,0.9,0,0,0,0,1.4,0.9,0.0,0.0,2.6,2.6,12
15371,Tommy,Tremble,Tommy Tremble,/football/player/tommy-tremble-15371,"&nbsp;<span class=""red upper bold sm-text"">que</span>",&#9881;,open,,i,,TE,,TE,CAR,KC,456,43.00,11.00,16.00,0.52,0,2600,2600,0,3.59,3.59,3.59,3.0,5.8,0.2,0,0,0,0,1.4,0.9,0.0,0.0,2.4,2.4,12
15984,Jaylen,Warren,Jaylen Warren,/football/player/jaylen-warren-15984,,&#9881;,open,,i,,RB,,RB,PIT,CLE,-194,36.50,-3.50,20.00,1.31,0,5200,5200,0,6.94,6.94,6.94,7.3,10.7,2.5,0,0,0,0,1.3,1.6,0.0,5.9,2.3,8.2,12
17668,Adonai,Mitchell,Adonai Mitchell,/football/player/adonai-mitchell-17668,,&#9881;,open,,i,,WR,,WR,IND,DET,306,50.50,7.50,21.50,0.78,0,3900,3900,0,4.92,4.92,4.92,4.5,10.8,0.3,0,0,0,0,1.3,0.8,0.0,0.0,3.1,3.1,12
13472,Diontae,Johnson,Diontae Johnson,/football/player/diontae-johnson-13472,,&#9881;,open,,i,,WR,,WR,BAL,LAC,-150,50.00,-3.00,26.50,0.92,0,4500,4500,0,5.95,5.95,5.95,9.4,24.8,0.0,0,0,0,0,1.3,0.8,0.0,0.1,3.6,3.7,12
13427,Justice,Hill,Justice Hill,/football/player/justice-hill-13427,,&#9881;,open,,i,,RB,,RB,BAL,LAC,-150,50.00,-3.00,26.50,0.68,0,5100,5100,0,6.39,6.39,6.39,7.5,17.7,1.3,0,0,0,0,1.3,1.1,0.0,2.4,3.1,5.5,12
16025,Jalen,Nailor,Jalen Nailor,/football/player/jalen-nailor-16025,,&#9881;,open,,i,,WR,,WR,MIN,CHI,-181,39.50,-3.50,21.50,0.55,0,3600,3600,0,4.54,4.54,4.54,6.0,13.0,0.2,0,0,0,0,1.3,0.8,0.0,0.0,3.0,3.0,12
16772,Roschon,Johnson,Roschon Johnson,/football/player/roschon-johnson-16772,,&#9881;,open,,i,,RB,,RB,CHI,MIN,149,39.50,3.50,18.00,0.78,0,4600,4600,0,6.18,6.18,6.18,6.8,13.0,1.0,0,0,0,0,1.3,1.8,0.0,6.8,1.4,8.2,12
13123,Gus,Edwards,Gus Edwards,/football/player/gus-edwards-13123,,&#9881;,open,,i,,RB,,RB,LAC,BAL,125,50.00,3.00,23.50,0.68,0,4300,4300,0,5.40,5.40,5.40,3.4,5.8,1.0,0,0,0,0,1.3,1.8,0.0,7.4,0.4,7.8,12
13449,Devin,Singletary,Devin Singletary,/football/player/devin-singletary-13449,,&#9881;,open,,i,,RB,,RB,NYG,TB,206,41.50,5.50,18.00,0.58,0,4900,4900,0,5.64,5.64,5.64,8.0,17.3,2.2,0,0,0,0,1.2,1.7,0.0,6.6,1.7,8.3,12
11885,Mike,Williams,Mike Williams,/football/player/mike-williams-11885,,&#9881;,open,,i,,WR,,WR,PIT,CLE,-194,36.50,-3.50,20.00,0.56,0,4200,4200,0,5.06,5.06,5.06,3.5,9.1,0.0,0,0,0,0,1.2,0.7,0.0,0.1,2.8,2.9,12
12061,Tim,Patrick,Tim Patrick,/football/player/tim-patrick-12061,,&#9881;,open,,i,,WR,,WR,DET,IND,-393,50.50,-7.50,29.00,0.59,0,3400,3400,0,4.08,4.08,4.08,3.9,8.5,0.3,0,0,0,0,1.2,0.6,0.0,0.1,2.1,2.2,12
14432,Tyler,Johnson,Tyler Johnson,/football/player/tyler-johnson-14432,,&#9881;,open,,i,,WR,,WR,LAR,PHI,126,49.00,3.00,23.00,0.30,0,3000,3000,0,3.55,3.55,3.55,3.6,8.4,0.1,0,0,0,0,1.2,0.7,0.0,0.0,2.1,2.1,12
13469,Greg,Dortch,Greg Dortch,/football/player/greg-dortch-13469,,&#9881;,open,,i,,WR,,WR,ARI,SEA,-108,47.50,0.50,23.50,0.56,0,3600,3600,0,4.22,4.22,4.22,3.9,7.3,0.5,0,0,0,0,1.2,0.8,0.0,0.2,2.6,2.8,12
16889,Darnell,Washington,Darnell Washington,/football/player/darnell-washington-16889,,&#9881;,open,,i,,TE,,TE,PIT,CLE,-194,36.50,-3.50,20.00,0.51,0,2800,2800,0,3.47,3.47,3.47,3.9,7.2,0.6,0,0,0,0,1.2,0.8,0.0,0.0,2.1,2.1,12
14541,Adam,Trautman,Adam Trautman,/football/player/adam-trautman-14541,,&#9881;,open,,i,,TE,,TE,DEN,LV,-244,41.00,-5.50,23.25,0.50,0,2700,2700,0,3.15,3.15,3.15,3.0,13.6,0.0,0,0,0,0,1.2,0.7,0.0,0.0,1.8,1.8,12
17794,Cade,Stover,Cade Stover,/football/player/cade-stover-17794,,&#9881;,open,,i,,TE,,TE,HOU,TEN,-420,41.50,-8.50,25.00,0.46,0,2500,2500,0,2.99,2.99,2.99,2.0,3.8,0.2,0,0,0,0,1.2,0.7,0.0,0.0,1.8,1.8,12
11429,Kalif,Raymond,Kalif Raymond,/football/player/kalif-raymond-11429,,&#9881;,open,,i,,WR,,WR,DET,IND,-393,50.50,-7.50,29.00,0.59,0,3400,3400,0,3.82,3.82,3.82,5.9,13.6,0.0,0,0,0,0,1.1,0.7,0.0,0.4,1.9,2.3,12
14430,Van,Jefferson,Van Jefferson,/football/player/van-jefferson-14430,,&#9881;,open,,i,,WR,,WR,PIT,CLE,-194,36.50,-3.50,20.00,0.28,0,3300,3300,0,3.54,3.54,3.54,3.6,9.0,0.0,0,0,0,0,1.1,0.7,0.0,0.1,2.2,2.3,12
10132,Nelson,Agholor,Nelson Agholor,/football/player/nelson-agholor-10132,,&#9881;,open,,i,,WR,,WR,BAL,LAC,-150,50.00,-3.00,26.50,0.37,0,3300,3300,0,3.55,3.55,3.55,4.4,10.3,0.4,0,0,0,0,1.1,0.6,0.0,0.1,1.8,1.9,12
14383,Cam,Akers,Cam Akers,/football/player/cam-akers-14383,,&#9881;,open,,i,,RB,,RB,MIN,CHI,-181,39.50,-3.50,21.50,0.31,0,4400,4400,0,4.86,4.86,4.86,5.6,11.6,0.3,0,0,0,0,1.1,1.5,0.0,5.5,1.3,6.8,12
11877,JuJu,Smith-Schuster,JuJu Smith-Schuster,/football/player/juju-smith-schuster-11877,,&#9881;,open,,i,,WR,,WR,KC,CAR,-635,43.00,-11.00,27.00,0.50,0,4300,4300,0,4.63,4.63,4.63,5.8,19.0,0.0,0,0,0,0,1.1,0.6,0.0,0.2,2.5,2.7,12
15274,Dyami,Brown,Dyami Brown,/football/player/dyami-brown-15274,,&#9881;,open,,i,,WR,,WR,WAS,DAL,-583,45.00,-10.50,27.75,0.42,0,3100,3100,0,3.54,3.54,3.54,3.5,10.5,0.2,0,0,0,0,1.1,0.6,0.0,0.1,1.9,2.0,12
13894,KaVontae,Turpin,KaVontae Turpin,/football/player/kavontae-turpin-13894,,&#9881;,open,,i,,WR,,WR,DAL,WAS,425,45.00,10.50,17.25,0.14,0,3300,3300,0,3.70,3.70,3.70,6.6,15.1,0.3,0,0,0,0,1.1,0.6,0.0,0.5,1.5,2.0,12
10604,Raheem,Mostert,Raheem Mostert,/football/player/raheem-mostert-10604,,&#9881;,open,,i,,RB,,RB,MIA,NE,-400,46.00,-7.50,26.75,1.07,0,5000,5000,0,5.40,5.40,5.40,7.8,14.8,0.9,0,0,0,0,1.1,1.0,0.0,3.5,1.7,5.2,12
17684,Ja'Lynn,Polk,Ja'Lynn Polk,/football/player/jalynn-polk-17684,,&#9881;,open,,i,,WR,,WR,NE,MIA,312,46.00,7.50,19.25,0.33,0,3100,3100,0,3.14,3.14,3.14,3.3,8.0,0.0,0,0,0,0,1.0,0.7,0.0,0.0,2.1,2.1,12
16932,Xavier,Hutchinson,Xavier Hutchinson,/football/player/xavier-hutchinson-16932,,&#9881;,open,,i,,WR,,WR,HOU,TEN,-420,41.50,-8.50,25.00,0.23,0,3200,3200,0,3.07,3.07,3.07,1.3,4.1,0.0,0,0,0,0,1.0,0.6,0.0,0.2,1.6,1.8,12
12196,Mo,Alie-Cox,Mo Alie-Cox,/football/player/mo-alie-cox-12196,,&#9881;,open,,i,,TE,,TE,IND,DET,306,50.50,7.50,21.50,0.23,0,2500,2500,0,2.41,2.41,2.41,2.7,9.3,0.0,0,0,0,0,1.0,0.6,0.0,0.0,1.4,1.4,12
12467,Hayden,Hurst,Hayden Hurst,/football/player/hayden-hurst-12467,,&#9881;,open,,i,,TE,,TE,LAC,BAL,125,50.00,3.00,23.50,0.50,0,2500,2500,0,2.61,2.61,2.61,1.4,3.1,0.0,0,0,0,0,1.0,0.6,0.0,0.0,1.5,1.5,12
12316,Johnny,Mundt,Johnny Mundt,/football/player/johnny-mundt-12316,,&#9881;,open,,i,,TE,,TE,MIN,CHI,-181,39.50,-3.50,21.50,0.20,0,2500,2500,0,2.57,2.57,2.57,3.1,6.4,0.4,0,0,0,0,1.0,0.6,0.0,0.0,1.6,1.6,12
11698,Samaje,Perine,Samaje Perine,/football/player/samaje-perine-11698,,&#9881;,open,,i,,RB,,RB,KC,CAR,-635,43.00,-11.00,27.00,0.24,0,4300,4300,0,4.33,4.33,4.33,5.5,11.3,1.6,0,0,0,0,1.0,0.8,0.0,1.3,2.1,3.4,12
17185,Jalen,Brooks,Jalen Brooks,/football/player/jalen-brooks-17185,,&#9881;,open,,i,,WR,,WR,DAL,WAS,425,45.00,10.50,17.25,0.25,0,3000,3000,0,2.88,2.88,2.88,2.0,4.1,0.2,0,0,0,0,1.0,0.6,0.0,0.0,1.9,1.9,12
17688,Jordan,Whittington,Jordan Whittington,/football/player/jordan-whittington-17688,,&#9881;,open,,i,,WR,,WR,LAR,PHI,126,49.00,3.00,23.00,0.19,0,3500,3500,0,3.20,3.20,3.20,5.4,13.9,0.0,0,0,0,0,0.9,0.5,0.0,0.0,1.8,1.8,12
16069,John,Metchie,John Metchie,/football/player/john-metchie-16069,,&#9881;,open,,i,,WR,,WR,HOU,TEN,-420,41.50,-8.50,25.00,0.28,0,4400,4400,0,4.18,4.18,4.18,4.0,14.4,0.0,0,0,0,0,0.9,0.6,0.0,0.1,2.4,2.5,12
15935,Bo,Melton,Bo Melton,/football/player/bo-melton-15935,,&#9881;,open,,i,,WR,,WR,GB,SF,-141,47.50,-2.50,25.00,0.15,0,3000,3000,0,2.56,2.56,2.56,1.7,3.9,0.0,0,0,0,0,0.9,0.5,0.0,0.0,1.4,1.4,12
15850,Jahan,Dotson,Jahan Dotson,/football/player/jahan-dotson-15850,,&#9881;,open,,i,,WR,,WR,PHI,LAR,-152,49.00,-3.00,26.00,0.31,0,3900,3900,0,3.71,3.71,3.71,2.3,4.3,0.4,0,0,0,0,0.9,0.5,0.0,0.0,2.1,2.1,12
15852,Zamir,White,Zamir White,/football/player/zamir-white-15852,"&nbsp;<span class=""red upper bold sm-text"">que</span>",&#9881;,open,,i,,RB,,RB,LV,DEN,199,41.00,5.50,17.75,0.24,0,4200,4200,0,3.89,3.89,3.89,3.7,6.7,0.5,0,0,0,0,0.9,1.1,0.0,3.2,1.5,4.7,12
17820,Luke,McCaffrey,Luke McCaffrey,/football/player/luke-mccaffrey-17820,,&#9881;,open,,i,,WR,,WR,WAS,DAL,-583,45.00,-10.50,27.75,0.29,0,3200,3200,0,2.98,2.98,2.98,2.2,6.0,0.0,0,0,0,0,0.9,0.5,0.0,0.1,1.6,1.7,12
16666,Michael,Mayer,Michael Mayer,/football/player/michael-mayer-16666,,&#9881;,open,,i,,TE,,TE,LV,DEN,199,41.00,5.50,17.75,0.30,0,2700,2700,0,2.54,2.54,2.54,1.8,2.1,1.5,0,0,0,0,0.9,0.6,0.0,0.0,1.6,1.6,12
17319,Jaleel,McLaughlin,Jaleel McLaughlin,/football/player/jaleel-mclaughlin-17319,,&#9881;,open,,i,,RB,,RB,DEN,LV,-244,41.00,-5.50,23.25,0.30,0,4500,4500,0,3.99,3.99,3.99,5.5,11.1,1.0,0,0,0,0,0.9,1.0,0.0,2.9,1.6,4.5,12
15222,Kenneth,Gainwell,Kenneth Gainwell,/football/player/kenneth-gainwell-15222,,&#9881;,open,,i,,RB,,RB,PHI,LAR,-152,49.00,-3.00,26.00,0.20,0,4100,4100,0,3.62,3.62,3.62,3.3,6.7,0.7,0,0,0,0,0.9,1.0,0.0,3.1,1.1,4.2,12
12746,Justin,Watson,Justin Watson,/football/player/justin-watson-12746,,&#9881;,open,,i,,WR,,WR,KC,CAR,-635,43.00,-11.00,27.00,0.36,0,3500,3500,0,3.00,3.00,3.00,3.8,6.7,0.7,0,0,0,0,0.9,0.5,0.0,0.0,1.6,1.6,12
17974,Ryan,Flournoy,Ryan Flournoy,/football/player/ryan-flournoy-17974,,&#9881;,open,,i,,WR,,WR,DAL,WAS,425,45.00,10.50,17.25,0.22,0,3000,3000,0,2.59,2.59,2.59,1.2,3.4,0.0,0,0,0,0,0.9,0.6,0.0,0.0,1.7,1.7,12
10949,Nick,Vannett,Nick Vannett,/football/player/nick-vannett-10949,,&#9881;,open,,i,,TE,,TE,TEN,HOU,327,41.50,8.50,16.50,0.17,0,2500,2500,0,2.38,2.38,2.38,3.1,9.5,0.0,0,0,0,0,0.9,0.7,0.0,0.0,1.7,1.7,12
17040,Jake,Bobo,Jake Bobo,/football/player/jake-bobo-17040,,&#9881;,open,,i,,WR,,WR,SEA,ARI,-111,47.50,-0.50,24.00,0.16,0,3000,3000,0,2.65,2.65,2.65,1.9,5.0,0.0,0,0,0,0,0.9,0.5,0.0,0.0,1.4,1.4,12
17788,Audric,Estime,Audric Estime,/football/player/audric-estime-17788,,&#9881;,open,,i,,RB,,RB,DEN,LV,-244,41.00,-5.50,23.25,0.47,0,4700,4700,0,4.43,4.43,4.43,3.0,5.3,0.6,0,0,0,0,0.9,1.3,0.0,5.5,0.8,6.3,12
13854,Ashton,Dulin,Ashton Dulin,/football/player/ashton-dulin-13854,,&#9881;,open,,i,,WR,,WR,IND,DET,306,50.50,7.50,21.50,0.07,0,3000,3000,0,2.31,2.31,2.31,0.7,1.9,0.0,0,0,0,0,0.8,0.5,0.0,0.1,1.3,1.4,12
17011,Johnny,Wilson,Johnny Wilson,/football/player/johnny-wilson-17011,,&#9881;,open,,i,,WR,,WR,PHI,LAR,-152,49.00,-3.00,26.00,0.10,0,3000,3000,0,2.37,2.37,2.37,1.0,5.5,0.0,0,0,0,0,0.8,0.5,0.0,0.1,1.4,1.5,12
17593,Emanuel,Wilson,Emanuel Wilson,/football/player/emanuel-wilson-17593,,&#9881;,open,,i,,RB,,RB,GB,SF,-141,47.50,-2.50,25.00,0.05,0,4400,4400,0,3.31,3.31,3.31,5.1,13.5,0.3,0,0,0,0,0.8,1.0,0.0,3.5,0.7,4.2,12
17800,Jaylen,Wright,Jaylen Wright,/football/player/jaylen-wright-17800,,&#9881;,open,,i,,RB,,RB,MIA,NE,-400,46.00,-7.50,26.75,0.09,0,4500,4500,0,3.66,3.66,3.66,2.5,6.8,0.2,0,0,0,0,0.8,1.1,0.0,4.5,0.4,4.9,12
16709,Rakim,Jarrett,Rakim Jarrett,/football/player/rakim-jarrett-16709,,&#9881;,open,,i,,WR,,WR,TB,NYG,-256,41.50,-5.50,23.50,0.08,0,3100,3100,0,2.31,2.31,2.31,4.6,8.5,1.4,0,0,0,0,0.8,0.5,0.0,0.1,1.3,1.4,12
11768,Dare,Ogunbowale,Dare Ogunbowale,/football/player/dare-ogunbowale-11768,,&#9881;,open,,i,,RB,,RB,HOU,TEN,-420,41.50,-8.50,25.00,0.09,0,4200,4200,0,3.27,3.27,3.27,4.4,12.8,0.0,0,0,0,0,0.8,0.6,0.0,0.6,2.1,2.7,12
14463,Colby,Parkinson,Colby Parkinson,/football/player/colby-parkinson-14463,,&#9881;,open,,i,,TE,,TE,LAR,PHI,126,49.00,3.00,23.00,0.24,0,3100,3100,0,2.57,2.57,2.57,5.0,10.6,0.5,0,0,0,0,0.8,0.5,0.0,0.0,1.4,1.4,12
17811,AJ,Barner,AJ Barner,/football/player/aj-barner-17811,,&#9881;,open,,i,,TE,,TE,SEA,ARI,-111,47.50,-0.50,24.00,0.37,0,3200,3200,0,2.58,2.58,2.58,4.1,9.0,0.4,0,0,0,0,0.8,0.5,0.0,0.0,1.5,1.5,12
14639,Antonio,Gibson,Antonio Gibson,/football/player/antonio-gibson-14639,,&#9881;,open,,i,,RB,,RB,NE,MIA,312,46.00,7.50,19.25,0.21,0,4700,4700,0,3.90,3.90,3.90,5.4,10.2,1.1,0,0,0,0,0.8,1.0,0.0,2.9,1.7,4.6,12
17335,Julian,Hill,Julian Hill,/football/player/julian-hill-17335,,&#9881;,open,,i,,TE,,TE,MIA,NE,-400,46.00,-7.50,26.75,0.17,0,2500,2500,0,1.80,1.80,1.80,1.8,4.4,0.0,0,0,0,0,0.7,0.4,0.0,0.0,1.1,1.1,12
17767,Trey,Benson,Trey Benson,/football/player/trey-benson-17767,,&#9881;,open,,i,,RB,,RB,ARI,SEA,-108,47.50,0.50,23.50,0.14,0,4500,4500,0,3.08,3.08,3.08,4.4,10.8,0.0,0,0,0,0,0.7,0.9,0.0,3.1,0.8,3.9,12
13036,Brandon,Powell,Brandon Powell,/football/player/brandon-powell-13036,,&#9881;,open,,i,,WR,,WR,MIN,CHI,-181,39.50,-3.50,21.50,0.06,0,3000,3000,0,2.05,2.05,2.05,1.1,3.1,0.0,0,0,0,0,0.7,0.5,0.0,0.2,1.3,1.5,12
15245,Kylen,Granson,Kylen Granson,/football/player/kylen-granson-15245,,&#9881;,open,,i,,TE,,TE,IND,DET,306,50.50,7.50,21.50,0.11,0,2500,2500,0,1.68,1.68,1.68,1.6,4.2,0.0,0,0,0,0,0.7,0.4,0.0,0.0,1.0,1.0,12
17091,Emari,Demercado,Emari Demercado,/football/player/emari-demercado-17091,,&#9881;,open,,i,,RB,,RB,ARI,SEA,-108,47.50,0.50,23.50,0.04,0,4100,4100,0,2.80,2.80,2.80,4.5,13.0,0.0,0,0,0,0,0.7,0.8,0.0,2.4,0.9,3.3,12
16039,Grant,Calcaterra,Grant Calcaterra,/football/player/grant-calcaterra-16039,,&#9881;,open,,i,,TE,,TE,PHI,LAR,-152,49.00,-3.00,26.00,0.14,0,2600,2600,0,1.75,1.75,1.75,4.1,9.5,0.0,0,0,0,0,0.7,0.4,0.0,0.0,1.1,1.1,12
14421,Jalen,Reagor,Jalen Reagor,/football/player/jalen-reagor-14421,,&#9881;,open,,i,,WR,,WR,LAC,BAL,125,50.00,3.00,23.50,0.08,0,3000,3000,0,2.17,2.17,2.17,2.1,5.1,0.0,0,0,0,0,0.7,0.4,0.0,0.1,1.2,1.3,12
10822,Tyler,Boyd,Tyler Boyd,/football/player/tyler-boyd-10822,,&#9881;,open,,i,,WR,,WR,TEN,HOU,327,41.50,8.50,16.50,0.21,0,3500,3500,0,2.52,2.52,2.52,4.5,8.3,0.8,0,0,0,0,0.7,0.5,0.0,0.0,1.8,1.8,12
17863,Malik,Washington,Malik Washington,/football/player/malik-washington-17863,,&#9881;,open,,i,,WR,,WR,MIA,NE,-400,46.00,-7.50,26.75,0.15,0,3100,3100,0,2.22,2.22,2.22,3.0,8.6,0.0,0,0,0,0,0.7,0.5,0.0,0.1,1.3,1.4,12
16959,Elijah,Higgins,Elijah Higgins,/football/player/elijah-higgins-16959,,&#9881;,open,,i,,TE,,TE,ARI,SEA,-108,47.50,0.50,23.50,0.19,0,2800,2800,0,2.03,2.03,2.03,3.8,7.7,0.5,0,0,0,0,0.7,0.4,0.0,0.0,1.2,1.2,12
15875,Dameon,Pierce,Dameon Pierce,/football/player/dameon-pierce-15875,,&#9881;,open,,i,,RB,,RB,HOU,TEN,-420,41.50,-8.50,25.00,0.05,0,4900,4900,0,3.48,3.48,3.48,3.9,12.9,0.0,0,0,0,0,0.7,1.0,0.0,4.2,0.8,5.0,12
16728,Sean,Tucker,Sean Tucker,/football/player/sean-tucker-16728,,&#9881;,open,,i,,RB,,RB,TB,NYG,-256,41.50,-5.50,23.50,0.04,0,4600,4600,0,2.78,2.78,2.78,5.6,27.4,0.0,0,0,0,0,0.6,0.9,0.0,3.9,0.2,4.1,12
8792,Cordarrelle,Patterson,Cordarrelle Patterson,/football/player/cordarrelle-patterson-8792,,&#9881;,open,,i,,RB,,RB,PIT,CLE,-194,36.50,-3.50,20.00,0.02,0,4000,4000,0,2.47,2.47,2.47,3.7,7.9,0.1,0,0,0,0,0.6,0.7,0.0,2.2,0.7,2.9,12
13061,Trent,Sherfield,Trent Sherfield,/football/player/trent-sherfield-13061,,&#9881;,open,,i,,WR,,WR,MIN,CHI,-181,39.50,-3.50,21.50,0.03,0,3000,3000,0,1.64,1.64,1.64,2.3,6.3,0.0,0,0,0,0,0.6,0.3,0.0,0.0,1.0,1.0,12
16939,Derius,Davis,Derius Davis,/football/player/derius-davis-16939,,&#9881;,open,,i,,WR,,WR,LAC,BAL,125,50.00,3.00,23.50,0.04,0,3000,3000,0,1.94,1.94,1.94,1.5,3.2,0.0,0,0,0,0,0.6,0.3,0.0,0.2,0.8,1.0,12
12216,David,Moore,David Moore,/football/player/david-moore-12216,,&#9881;,open,,i,,WR,,WR,CAR,KC,456,43.00,11.00,16.00,0.07,0,3200,3200,0,1.76,1.76,1.76,2.5,6.6,0.0,0,0,0,0,0.6,0.4,0.0,0.1,1.1,1.2,12
11739,Kareem,Hunt,Kareem Hunt,/football/player/kareem-hunt-11739,,&#9881;,open,,i,,RB,,RB,KC,CAR,-635,43.00,-11.00,27.00,0.30,0,5700,5700,0,3.33,3.33,3.33,16.1,22.4,7.9,0,0,0,0,0.6,1.4,0.0,6.4,1.4,7.8,12
10854,Tyler,Higbee,Tyler Higbee,/football/player/tyler-higbee-10854,"&nbsp;<span class=""red upper bold sm-text"">PUP</span>",&#9881;,open,,i,,TE,,TE,LAR,PHI,126,49.00,3.00,23.00,0.07,0,3300,3300,0,1.98,1.98,1.98,0.0,0.0,0.0,0,0,0,0,0.6,0.3,0.0,0.0,1.1,1.1,12
10210,Chris,Conley,Chris Conley,/football/player/chris-conley-10210,,&#9881;,open,,i,,WR,,WR,SF,GB,118,47.50,2.50,22.50,0.03,0,3000,3000,0,1.73,1.73,1.73,0.2,1.0,0.0,0,0,0,0,0.6,0.3,0.0,0.1,0.9,1.0,12
17690,Blake,Corum,Blake Corum,/football/player/blake-corum-17690,,&#9881;,open,,i,,RB,,RB,LAR,PHI,126,49.00,3.00,23.00,0.06,0,4400,4400,0,2.77,2.77,2.77,1.9,4.0,0.1,0,0,0,0,0.6,0.8,0.0,3.1,0.5,3.6,12
16741,Chris,Brooks,Chris Brooks,/football/player/chris-brooks-16741,,&#9881;,open,,i,,RB,,RB,GB,SF,-141,47.50,-2.50,25.00,0.00,0,4000,4000,0,2.30,2.30,2.30,1.9,5.8,0.0,0,0,0,0,0.6,0.8,0.0,2.8,0.4,3.2,12
12807,Durham,Smythe,Durham Smythe,/football/player/durham-smythe-12807,,&#9881;,open,,i,,TE,,TE,MIA,NE,-400,46.00,-7.50,26.75,0.11,0,2500,2500,0,1.44,1.44,1.44,0.8,1.7,0.0,0,0,0,0,0.6,0.3,0.0,0.0,0.7,0.7,12
12568,Jordan,Akins,Jordan Akins,/football/player/jordan-akins-12568,,&#9881;,open,,i,,TE,,TE,CLE,PIT,160,36.50,3.50,16.50,0.15,0,2600,2600,0,1.49,1.49,1.49,4.4,9.8,0.2,0,0,0,0,0.6,0.4,0.0,0.0,1.0,1.0,12
15229,Tutu,Atwell,Tutu Atwell,/football/player/tutu-atwell-15229,,&#9881;,open,,i,,WR,,WR,LAR,PHI,126,49.00,3.00,23.00,0.09,0,3700,3700,0,2.27,2.27,2.27,7.4,12.8,2.1,0,0,0,0,0.6,0.4,0.0,0.1,1.3,1.4,12
11751,Zay,Jones,Zay Jones,/football/player/zay-jones-11751,,&#9881;,open,,i,,WR,,WR,ARI,SEA,-108,47.50,0.50,23.50,0.04,0,3200,3200,0,1.78,1.78,1.78,0.3,1.1,0.0,0,0,0,0,0.6,0.4,0.0,0.0,1.1,1.1,12
8930,Kyle,Juszczyk,Kyle Juszczyk,/football/player/kyle-juszczyk-8930,,&#9881;,open,,i,,RB,,RB,SF,GB,118,47.50,2.50,22.50,1.97,0,4000,4000,0,2.03,2.03,2.03,3.2,8.5,0.0,0,0,0,0,0.5,0.4,0.0,0.3,1.1,1.4,12
16937,Jonathan,Mingo,Jonathan Mingo,/football/player/jonathan-mingo-16937,,&#9881;,open,,i,,WR,,WR,DAL,WAS,425,45.00,10.50,17.25,0.02,0,3700,3700,0,1.85,1.85,1.85,2.0,5.1,0.0,0,0,0,0,0.5,0.4,0.0,0.0,1.3,1.3,12
11887,Pharaoh,Brown,Pharaoh Brown,/football/player/pharaoh-brown-11887,,&#9881;,open,,i,,TE,,TE,SEA,ARI,-111,47.50,-0.50,24.00,0.08,0,2500,2500,0,1.26,1.26,1.26,0.6,1.7,0.0,0,0,0,0,0.5,0.2,0.0,0.0,0.6,0.6,12
17015,Ainias,Smith,Ainias Smith,/football/player/ainias-smith-17015,,&#9881;,open,,i,,WR,,WR,PHI,LAR,-152,49.00,-3.00,26.00,0.03,0,3000,3000,0,1.57,1.57,1.57,1.0,2.4,0.0,0,0,0,0,0.5,0.3,0.0,0.0,0.9,0.9,12
17833,Ben,Sinnott,Ben Sinnott,/football/player/ben-sinnott-17833,,&#9881;,open,,i,,TE,,TE,WAS,DAL,-583,45.00,-10.50,27.75,0.05,0,2500,2500,0,1.16,1.16,1.16,1.1,6.2,0.0,0,0,0,0,0.5,0.2,0.0,0.0,0.6,0.6,12
15924,Charlie,Kolar,Charlie Kolar,/football/player/charlie-kolar-15924,,&#9881;,open,,i,,TE,,TE,BAL,LAC,-150,50.00,-3.00,26.50,0.07,0,2500,2500,0,1.23,1.23,1.23,2.7,11.5,0.0,0,0,0,0,0.5,0.3,0.0,0.0,0.8,0.8,12
15681,Brock,Wright,Brock Wright,/football/player/brock-wright-15681,,&#9881;,open,,i,,TE,,TE,DET,IND,-393,50.50,-7.50,29.00,0.27,0,3300,3300,0,1.73,1.73,1.73,3.0,7.2,0.0,0,0,0,0,0.5,0.3,0.0,0.0,0.9,0.9,12
17184,Malik,Heath,Malik Heath,/football/player/malik-heath-17184,,&#9881;,open,,i,,WR,,WR,GB,SF,-141,47.50,-2.50,25.00,0.07,0,3000,3000,0,1.52,1.52,1.52,0.8,2.9,0.0,0,0,0,0,0.5,0.3,0.0,0.1,0.8,0.9,12
11737,Gerald,Everett,Gerald Everett,/football/player/gerald-everett-11737,,&#9881;,open,,i,,TE,,TE,CHI,MIN,149,39.50,3.50,18.00,0.06,0,2500,2500,0,1.14,1.14,1.14,1.0,3.3,0.0,0,0,0,0,0.5,0.3,0.0,0.0,0.7,0.7,12
11868,Zach,Pascal,Zach Pascal,/football/player/zach-pascal-11868,,&#9881;,open,,i,,WR,,WR,ARI,SEA,-108,47.50,0.50,23.50,0.02,0,3000,3000,0,1.60,1.60,1.60,0.0,0.0,0.0,0,0,0,0,0.5,0.3,0.0,0.1,0.9,1.0,12
16810,Keaton,Mitchell,Keaton Mitchell,/football/player/keaton-mitchell-16810,,&#9881;,open,,i,,RB,,RB,BAL,LAC,-150,50.00,-3.00,26.50,0.02,0,4000,4000,0,2.00,2.00,2.00,0.0,0.0,0.0,0,0,0,0,0.5,0.6,0.0,1.4,0.8,2.2,12
10251,MyCole,Pruitt,MyCole Pruitt,/football/player/mycole-pruitt-10251,,&#9881;,open,,i,,TE,,TE,PIT,CLE,-194,36.50,-3.50,20.00,0.03,0,2500,2500,0,1.21,1.21,1.21,0.5,1.8,0.0,0,0,0,0,0.5,0.3,0.0,0.0,0.8,0.8,12
15413,Trey,Sermon,Trey Sermon,/football/player/trey-sermon-15413,,&#9881;,open,,i,,RB,,RB,IND,DET,306,50.50,7.50,21.50,0.02,0,4000,4000,0,2.09,2.09,2.09,4.5,14.0,0.0,0,0,0,0,0.5,0.8,0.0,2.6,0.5,3.1,12
17909,Carson,Steele,Carson Steele,/football/player/carson-steele-17909,,&#9881;,open,,i,,RB,,RB,KC,CAR,-635,43.00,-11.00,27.00,0.01,0,4000,4000,0,1.72,1.72,1.72,2.1,6.5,0.0,0,0,0,0,0.4,0.5,0.0,1.6,0.4,2.0,12
16163,Jordan,Mason,Jordan Mason,/football/player/jordan-mason-16163,,&#9881;,open,,i,,RB,,RB,SF,GB,118,47.50,2.50,22.50,0.02,0,5000,5000,0,2.16,2.16,2.16,11.5,24.1,1.2,0,0,0,0,0.4,0.5,0.0,1.8,0.5,2.3,12
14576,Harrison,Bryant,Harrison Bryant,/football/player/harrison-bryant-14576,"&nbsp;<span class=""red upper bold sm-text"">que</span>",&#9881;,open,,i,,TE,,TE,LV,DEN,199,41.00,5.50,17.75,0.02,0,2500,2500,0,1.00,1.00,1.00,2.5,5.2,0.1,0,0,0,0,0.4,0.2,0.0,0.0,0.6,0.6,12
10234,DeAndre,Carter,DeAndre Carter,/football/player/deandre-carter-10234,,&#9881;,open,,i,,WR,,WR,CHI,MIN,149,39.50,3.50,18.00,0.02,0,3000,3000,0,1.18,1.18,1.18,1.6,5.1,0.0,0,0,0,0,0.4,0.4,0.0,0.3,0.8,1.1,12
14392,JaMycal,Hasty,JaMycal Hasty,/football/player/jamycal-hasty-14392,,&#9881;,open,,i,,RB,,RB,NE,MIA,312,46.00,7.50,19.25,0.01,0,4000,4000,0,1.55,1.55,1.55,2.5,11.5,0.0,0,0,0,0,0.4,0.5,0.0,1.5,0.6,2.1,12
17014,Will,Mallory,Will Mallory,/football/player/will-mallory-17014,,&#9881;,open,,i,,TE,,TE,IND,DET,306,50.50,7.50,21.50,0.02,0,2500,2500,0,1.05,1.05,1.05,0.7,1.8,0.0,0,0,0,0,0.4,0.2,0.0,0.0,0.6,0.6,12
16036,Daniel,Bellinger,Daniel Bellinger,/football/player/daniel-bellinger-16036,,&#9881;,open,,i,,TE,,TE,NYG,TB,206,41.50,5.50,18.00,0.04,0,2500,2500,0,1.04,1.04,1.04,0.5,2.2,0.0,0,0,0,0,0.4,0.3,0.0,0.0,0.7,0.7,12
17000,Hunter,Luepke,Hunter Luepke,/football/player/hunter-luepke-17000,"&nbsp;<span class=""red upper bold sm-text"">que</span>",&#9881;,open,,i,,RB,,RB,DAL,WAS,425,45.00,10.50,17.25,1.97,0,4000,4000,0,1.47,1.47,1.47,2.1,5.3,0.0,0,0,0,0,0.4,0.4,0.0,0.3,1.1,1.4,12
16714,Jalin,Hyatt,Jalin Hyatt,/football/player/jalin-hyatt-16714,,&#9881;,open,,i,,WR,,WR,NYG,TB,206,41.50,5.50,18.00,0.01,0,3300,3300,0,1.34,1.34,1.34,1.2,5.9,0.0,0,0,0,0,0.4,0.3,0.0,0.0,0.9,0.9,12
16970,Eric,Gray,Eric Gray,/football/player/eric-gray-16970,,&#9881;,open,,i,,RB,,RB,NYG,TB,206,41.50,5.50,18.00,0.01,0,4000,4000,0,1.70,1.70,1.70,1.2,5.6,0.0,0,0,0,0,0.4,0.4,0.0,0.7,0.8,1.5,12
10126,Ameer,Abdullah,Ameer Abdullah,/football/player/ameer-abdullah-10126,,&#9881;,open,,i,,RB,,RB,LV,DEN,199,41.00,5.50,17.75,0.02,0,4300,4300,0,1.63,1.63,1.63,4.9,11.9,0.0,0,0,0,0,0.4,0.5,0.0,1.0,1.0,2.0,12
10736,Ezekiel,Elliott,Ezekiel Elliott,/football/player/ezekiel-elliott-10736,,&#9881;,open,,i,,RB,,RB,DAL,WAS,425,45.00,10.50,17.25,0.03,0,4600,4600,0,2.07,2.07,2.07,4.0,9.0,1.0,0,0,0,0,0.4,0.5,0.0,1.7,0.8,2.5,12
14358,Laviska,Shenault,Laviska Shenault,/football/player/laviska-shenault-14358,"&nbsp;<span class=""red upper bold sm-text"">que</span>",&#9881;,open,,i,,WR,,WR,SEA,ARI,-111,47.50,-0.50,24.00,0.02,0,3000,3000,0,1.24,1.24,1.24,1.4,4.1,0.0,0,0,0,0,0.4,0.4,0.0,0.7,0.6,1.3,12
16720,Payne,Durham,Payne Durham,/football/player/payne-durham-16720,,&#9881;,open,,i,,TE,,TE,TB,NYG,-256,41.50,-5.50,23.50,0.03,0,2500,2500,0,1.08,1.08,1.08,0.2,1.3,0.0,0,0,0,0,0.4,0.2,0.0,0.0,0.6,0.6,12
17947,Isaac,Guerendo,Isaac Guerendo,/football/player/isaac-guerendo-17947,,&#9881;,open,,i,,RB,,RB,SF,GB,118,47.50,2.50,22.50,0.00,0,4000,4000,0,1.13,1.13,1.13,3.4,14.5,0.0,0,0,0,0,0.3,0.4,0.0,1.1,0.3,1.4,12
17848,Jaheim,Bell,Jaheim Bell,/football/player/jaheim-bell-17848,,&#9881;,open,,i,,TE,,TE,NE,MIA,312,46.00,7.50,19.25,0.00,0,2500,2500,0,0.63,0.63,0.63,0.1,0.8,0.0,0,0,0,0,0.3,0.2,0.0,0.0,0.4,0.4,12
15916,Connor,Heyward,Connor Heyward,/football/player/connor-heyward-15916,,&#9881;,open,,i,,TE,,TE,PIT,CLE,-194,36.50,-3.50,20.00,0.07,0,2500,2500,0,0.65,0.65,0.65,1.4,7.6,0.0,0,0,0,0,0.3,0.2,0.0,0.0,0.5,0.5,12
12447,River,Cracraft,River Cracraft,/football/player/river-cracraft-12447,,&#9881;,open,,i,,WR,,WR,MIA,NE,-400,46.00,-7.50,26.75,0.03,0,3000,3000,0,0.82,0.82,0.82,0.0,0.0,0.0,0,0,0,0,0.3,0.2,0.0,0.0,0.6,0.6,12
17008,Jacob,Cowing,Jacob Cowing,/football/player/jacob-cowing-17008,"&nbsp;<span class=""red upper bold sm-text"">que</span>",&#9881;,open,,i,,WR,,WR,SF,GB,118,47.50,2.50,22.50,0.00,0,3000,3000,0,0.88,0.88,0.88,0.7,5.0,0.0,0,0,0,0,0.3,0.2,0.0,0.0,0.5,0.5,12
11700,Dalvin,Cook,Dalvin Cook,/football/player/dalvin-cook-11700,,&#9881;,open,,i,,RB,,RB,DAL,WAS,425,45.00,10.50,17.25,0.00,0,4200,4200,0,1.23,1.23,1.23,2.0,3.5,0.6,0,0,0,0,0.3,0.3,0.0,0.8,0.6,1.4,12
15416,Justin,Fields,Justin Fields,/football/player/justin-fields-15416,,&#9881;,open,,i,,QB,,QB,PIT,CLE,-194,36.50,-3.50,20.00,0.00,0,5000,5000,0,1.25,1.25,1.25,18.0,32.8,4.1,0,0,0,0,0.3,0.4,0.8,1.3,0.0,1.3,12
15510,Jack,Stoll,Jack Stoll,/football/player/jack-stoll-15510,,&#9881;,open,,i,,TE,,TE,MIA,NE,-400,46.00,-7.50,26.75,0.02,0,2500,2500,0,0.80,0.80,0.80,0.4,1.3,0.0,0,0,0,0,0.3,0.2,0.0,0.0,0.4,0.4,12
16277,Drew,Ogletree,Drew Ogletree,/football/player/drew-ogletree-16277,,&#9881;,open,,i,,TE,,TE,IND,DET,306,50.50,7.50,21.50,0.03,0,2500,2500,0,0.87,0.87,0.87,2.0,6.6,0.0,0,0,0,0,0.3,0.2,0.0,0.0,0.5,0.5,12
16321,Stone,Smartt,Stone Smartt,/football/player/stone-smartt-16321,,&#9881;,open,,i,,TE,,TE,LAC,BAL,125,50.00,3.00,23.50,0.02,0,2500,2500,0,0.77,0.77,0.77,0.9,3.3,0.0,0,0,0,0,0.3,0.2,0.0,0.0,0.4,0.4,12
15246,Hunter,Long,Hunter Long,/football/player/hunter-long-15246,,&#9881;,open,,i,,TE,,TE,LAR,PHI,126,49.00,3.00,23.00,0.02,0,2500,2500,0,0.71,0.71,0.71,1.0,3.0,0.0,0,0,0,0,0.3,0.2,0.0,0.0,0.6,0.6,12
16843,Ronnie,Bell,Ronnie Bell,/football/player/ronnie-bell-16843,,&#9881;,open,,i,,WR,,WR,SF,GB,118,47.50,2.50,22.50,0.00,0,3000,3000,0,0.74,0.74,0.74,0.5,1.9,0.0,0,0,0,0,0.3,0.1,0.0,0.0,0.4,0.4,12
12820,DJ,Chark,DJ Chark,/football/player/dj-chark-12820,,&#9881;,open,,i,,WR,,WR,LAC,BAL,125,50.00,3.00,23.50,0.00,0,3200,3200,0,0.52,0.52,0.52,0.0,0.0,0.0,0,0,0,0,0.2,0.1,0.0,0.0,0.3,0.3,12
17787,Javon,Baker,Javon Baker,/football/player/javon-baker-17787,,&#9881;,open,,i,,WR,,WR,NE,MIA,312,46.00,7.50,19.25,0.00,0,3000,3000,0,0.62,0.62,0.62,0.0,0.0,0.0,0,0,0,0,0.2,0.1,0.0,0.0,0.4,0.4,12
11767,Jeremy,McNichols,Jeremy McNichols,/football/player/jeremy-mcnichols-11767,,&#9881;,open,,i,,RB,,RB,WAS,DAL,-583,45.00,-10.50,27.75,0.00,0,4100,4100,0,0.84,0.84,0.84,4.6,15.8,0.0,0,0,0,0,0.2,0.4,0.0,1.3,0.2,1.5,12
15289,John,Bates,John Bates,/football/player/john-bates-15289,,&#9881;,open,,i,,TE,,TE,WAS,DAL,-583,45.00,-10.50,27.75,0.02,0,2500,2500,0,0.61,0.61,0.61,1.0,3.1,0.0,0,0,0,0,0.2,0.2,0.0,0.0,0.4,0.4,12
15310,Tylan,Wallace,Tylan Wallace,/football/player/tylan-wallace-15310,,&#9881;,open,,i,,WR,,WR,BAL,LAC,-150,50.00,-3.00,26.50,0.01,0,3100,3100,0,0.47,0.47,0.47,3.0,17.0,0.0,0,0,0,0,0.2,0.1,0.0,0.0,0.3,0.3,12
13960,Craig,Reynolds,Craig Reynolds,/football/player/craig-reynolds-13960,,&#9881;,open,,i,,RB,,RB,DET,IND,-393,50.50,-7.50,29.00,0.00,0,4000,4000,0,0.92,0.92,0.92,0.5,1.8,0.0,0,0,0,0,0.2,0.2,0.0,0.3,0.5,0.8,12
16713,Tyler,Scott,Tyler Scott,/football/player/tyler-scott-16713,,&#9881;,open,,i,,WR,,WR,CHI,MIN,149,39.50,3.50,18.00,0.00,0,3000,3000,0,0.51,0.51,0.51,0.0,0.0,0.0,0,0,0,0,0.2,0.1,0.0,0.0,0.3,0.3,12
16102,Pierre,Strong,Pierre Strong,/football/player/pierre-strong-16102,,&#9881;,open,,i,,RB,,RB,CLE,PIT,160,36.50,3.50,16.50,0.00,0,4000,4000,0,0.95,0.95,0.95,2.4,7.8,0.0,0,0,0,0,0.2,0.3,0.0,0.8,0.4,1.2,12
15198,Trey,Lance,Trey Lance,/football/player/trey-lance-15198,,&#9881;,open,,i,,QB,,QB,DAL,WAS,425,45.00,10.50,17.25,0.00,0,4500,4500,0,0.97,0.97,0.97,1.5,1.5,1.5,0,0,0,0,0.2,0.5,0.6,1.5,0.0,1.5,12
15979,Ty,Chandler,Ty Chandler,/football/player/ty-chandler-15979,,&#9881;,open,,i,,RB,,RB,MIN,CHI,-181,39.50,-3.50,21.50,0.00,0,4000,4000,0,0.86,0.86,0.86,2.2,6.7,0.0,0,0,0,0,0.2,0.3,0.0,0.8,0.3,1.1,12
14514,Clyde,Edwards-Helaire,Clyde Edwards-Helaire,/football/player/clyde-edwards-helaire-14514,,&#9881;,open,,i,,RB,,RB,KC,CAR,-635,43.00,-11.00,27.00,0.00,0,4000,4000,0,0.88,0.88,0.88,0.0,0.0,0.0,0,0,0,0,0.2,0.2,0.0,0.6,0.3,0.9,12
14410,DeeJay,Dallas,DeeJay Dallas,/football/player/deejay-dallas-14410,,&#9881;,open,,i,,RB,,RB,ARI,SEA,-108,47.50,0.50,23.50,0.00,0,4000,4000,0,0.73,0.73,0.73,0.1,0.7,0.0,0,0,0,0,0.2,0.3,0.0,0.6,0.4,1.0,12
15990,Tyler,Goodson,Tyler Goodson,/football/player/tyler-goodson-15990,,&#9881;,open,,i,,RB,,RB,IND,DET,306,50.50,7.50,21.50,0.00,0,4100,4100,0,0.87,0.87,0.87,4.0,10.1,0.0,0,0,0,0,0.2,0.2,0.0,0.7,0.3,1.0,12
15701,Shane,Zylstra,Shane Zylstra,/football/player/shane-zylstra-15701,"&nbsp;<span class=""red upper bold sm-text"">que</span>",&#9881;,open,,i,,TE,,TE,DET,IND,-393,50.50,-7.50,29.00,0.06,0,2500,2500,0,0.53,0.53,0.53,0.6,2.6,0.0,0,0,0,0,0.2,0.1,0.0,0.0,0.3,0.3,12
14641,K.J.,Osborn,K.J. Osborn,/football/player/kj-osborn-14641,,&#9881;,open,,i,,WR,,WR,NE,MIA,312,46.00,7.50,19.25,0.01,0,3000,3000,0,0.66,0.66,0.66,2.3,8.5,0.0,0,0,0,0,0.2,0.1,0.0,0.0,0.4,0.4,12
17686,Jamari,Thrash,Jamari Thrash,/football/player/jamari-thrash-17686,,&#9881;,open,,i,,WR,,WR,CLE,PIT,160,36.50,3.50,16.50,0.00,0,3000,3000,0,0.46,0.46,0.46,0.7,2.0,0.0,0,0,0,0,0.2,0.1,0.0,0.0,0.3,0.3,12
17972,Jha'Quan,Jackson,Jha'Quan Jackson,/football/player/jhaquan-jackson-17972,,&#9881;,open,,i,,WR,,WR,TEN,HOU,327,41.50,8.50,16.50,0.00,0,3000,3000,0,0.48,0.48,0.48,0.1,0.9,0.0,0,0,0,0,0.2,0.1,0.0,0.0,0.4,0.4,12
13987,Scotty,Miller,Scotty Miller,/football/player/scotty-miller-13987,,&#9881;,open,,i,,WR,,WR,PIT,CLE,-194,36.50,-3.50,20.00,0.00,0,3000,3000,0,0.68,0.68,0.68,0.6,3.8,0.0,0,0,0,0,0.2,0.2,0.0,0.1,0.5,0.6,12
17467,Xavier,Smith,Xavier Smith,/football/player/xavier-smith-17467,,&#9881;,open,,i,,WR,,WR,LAR,PHI,126,49.00,3.00,23.00,0.01,0,3000,3000,0,0.26,0.26,0.26,0.7,2.5,0.0,0,0,0,0,0.1,0.1,0.0,0.0,0.2,0.2,12
17965,Devin,Culp,Devin Culp,/football/player/devin-culp-17965,,&#9881;,open,,i,,TE,,TE,TB,NYG,-256,41.50,-5.50,23.50,0.00,0,2500,2500,0,0.35,0.35,0.35,0.0,0.0,0.0,0,0,0,0,0.1,0.1,0.0,0.0,0.2,0.2,12
17728,Devontez,Walker,Devontez Walker,/football/player/devontez-walker-17728,,&#9881;,open,,i,,WR,,WR,BAL,LAC,-150,50.00,-3.00,26.50,0.00,0,3000,3000,0,0.36,0.36,0.36,0.0,0.0,0.0,0,0,0,0,0.1,0.1,0.0,0.0,0.2,0.2,12
17971,Anthony,Gould,Anthony Gould,/football/player/anthony-gould-17971,,&#9881;,open,,i,,WR,,WR,IND,DET,306,50.50,7.50,21.50,0.00,0,3000,3000,0,0.18,0.18,0.18,0.0,0.0,0.0,0,0,0,0,0.1,0.0,0.0,0.0,0.1,0.1,12
17818,Dylan,Laube,Dylan Laube,/football/player/dylan-laube-17818,,&#9881;,open,,i,,RB,,RB,LV,DEN,199,41.00,5.50,17.75,0.00,0,4000,4000,0,0.56,0.56,0.56,-0.3,0.1,0.0,0,0,0,0,0.1,0.2,0.0,0.3,0.3,0.6,12
17003,Deuce,Vaughn,Deuce Vaughn,/football/player/deuce-vaughn-17003,,&#9881;,open,,i,,RB,,RB,DAL,WAS,425,45.00,10.50,17.25,0.00,0,4000,4000,0,0.37,0.37,0.37,1.5,2.8,0.1,0,0,0,0,0.1,0.1,0.0,0.2,0.2,0.4,12
17821,Kimani,Vidal,Kimani Vidal,/football/player/kimani-vidal-17821,,&#9881;,open,,i,,RB,,RB,LAC,BAL,125,50.00,3.00,23.50,0.00,0,4000,4000,0,0.40,0.40,0.40,4.6,11.7,0.0,0,0,0,0,0.1,0.1,0.0,0.2,0.2,0.4,12
17802,Will,Shipley,Will Shipley,/football/player/will-shipley-17802,,&#9881;,open,,i,,RB,,RB,PHI,LAR,-152,49.00,-3.00,26.00,0.00,0,4000,4000,0,0.57,0.57,0.57,0.5,2.6,0.0,0,0,0,0,0.1,0.1,0.0,0.3,0.2,0.5,12
17002,Kenny,McIntosh,Kenny McIntosh,/football/player/kenny-mcintosh-17002,,&#9881;,open,,i,,RB,,RB,SEA,ARI,-111,47.50,-0.50,24.00,0.00,0,4000,4000,0,0.33,0.33,0.33,0.2,0.8,0.0,0,0,0,0,0.1,0.1,0.0,0.2,0.2,0.4,12
17966,Tip,Reiman,Tip Reiman,/football/player/tip-reiman-17966,,&#9881;,open,,i,,TE,,TE,ARI,SEA,-108,47.50,0.50,23.50,0.03,0,2500,2500,0,0.33,0.33,0.33,0.3,1.2,0.0,0,0,0,0,0.1,0.1,0.0,0.0,0.2,0.2,12
17026,Rasheen,Ali,Rasheen Ali,/football/player/rasheen-ali-17026,,&#9881;,open,,i,,RB,,RB,BAL,LAC,-150,50.00,-3.00,26.50,0.00,0,4000,4000,0,0.20,0.20,0.20,0.0,0.0,0.0,0,0,0,0,0.1,0.1,0.0,0.1,0.1,0.2,12
17760,Sione,Vaki,Sione Vaki,/football/player/sione-vaki-17760,,&#9881;,open,,i,,RB,,RB,DET,IND,-393,50.50,-7.50,29.00,0.00,0,4000,4000,0,0.58,0.58,0.58,0.5,2.1,0.0,0,0,0,0,0.1,0.2,0.0,0.3,0.3,0.6,12
12298,Patrick,Ricard,Patrick Ricard,/football/player/patrick-ricard-12298,,&#9881;,open,,i,,RB,,RB,BAL,LAC,-150,50.00,-3.00,26.50,1.97,0,4000,4000,0,0.55,0.55,0.55,0.9,5.2,0.0,0,0,0,0,0.1,0.1,0.0,0.1,0.3,0.4,12
9264,Allen,Robinson,Allen Robinson,/football/player/allen-robinson-9264,"&nbsp;<span class=""red upper bold sm-text"">que</span>",&#9881;,open,,i,,WR,,WR,DET,IND,-393,50.50,-7.50,29.00,0.02,0,3000,3000,0,0.35,0.35,0.35,0.5,1.5,0.0,0,0,0,0,0.1,0.1,0.0,0.0,0.2,0.2,12
12932,Jeff,Wilson,Jeff Wilson,/football/player/jeff-wilson-12932,,&#9881;,open,,i,,RB,,RB,MIA,NE,-400,46.00,-7.50,26.75,0.00,0,4000,4000,0,0.22,0.22,0.22,1.5,3.2,0.0,0,0,0,0,0.1,0.1,0.0,0.1,0.1,0.2,12
16108,Ronnie,Rivers,Ronnie Rivers,/football/player/ronnie-rivers-16108,,&#9881;,open,,i,,RB,,RB,LAR,PHI,126,49.00,3.00,23.00,0.00,0,4000,4000,0,0.20,0.20,0.20,0.5,2.0,0.0,0,0,0,0,0.1,0.1,0.0,0.1,0.1,0.2,12
11897,Eric,Saubert,Eric Saubert,/football/player/eric-saubert-11897,,&#9881;,open,,i,,TE,,TE,SF,GB,118,47.50,2.50,22.50,0.01,0,2500,2500,0,0.26,0.26,0.26,1.2,4.8,0.0,0,0,0,0,0.1,0.1,0.0,0.0,0.2,0.2,12
15992,Hassan,Haskins,Hassan Haskins,/football/player/hassan-haskins-15992,,&#9881;,open,,i,,RB,,RB,LAC,BAL,125,50.00,3.00,23.50,0.00,0,4000,4000,0,0.46,0.46,0.46,0.9,4.7,0.0,0,0,0,0,0.1,0.2,0.0,0.6,0.2,0.8,12
11685,D'Onta,Foreman,D'Onta Foreman,/football/player/donta-foreman-11685,,&#9881;,open,,i,,RB,,RB,CLE,PIT,160,36.50,3.50,16.50,0.00,0,4000,4000,0,0.46,0.46,0.46,3.6,6.8,0.6,0,0,0,0,0.1,0.2,0.0,0.4,0.2,0.6,12
15287,Ihmir,Smith-Marsette,Ihmir Smith-Marsette,/football/player/ihmir-smith-marsette-15287,,&#9881;,open,,i,,WR,,WR,NYG,TB,206,41.50,5.50,18.00,0.00,0,3000,3000,0,0.29,0.29,0.29,0.0,0.0,0.0,0,0,0,0,0.1,0.1,0.0,0.0,0.2,0.2,12
15461,Dee,Eskridge,Dee Eskridge,/football/player/dee-eskridge-15461,,&#9881;,open,,i,,WR,,WR,MIA,NE,-400,46.00,-7.50,26.75,0.00,0,3000,3000,0,0.31,0.31,0.31,1.4,3.7,0.0,0,0,0,0,0.1,0.1,0.0,0.0,0.2,0.2,12
13484,Travis,Homer,Travis Homer,/football/player/travis-homer-13484,,&#9881;,open,,i,,RB,,RB,CHI,MIN,149,39.50,3.50,18.00,0.00,0,4000,4000,0,0.34,0.34,0.34,0.1,0.5,0.0,0,0,0,0,0.1,0.1,0.0,0.2,0.2,0.4,12
15891,Greg,Dulcich,Greg Dulcich,/football/player/greg-dulcich-15891,,&#9881;,open,,i,,TE,,TE,DEN,LV,-244,41.00,-5.50,23.25,0.00,0,2500,2500,0,0.17,0.17,0.17,1.5,4.4,0.0,0,0,0,0,0.1,0.0,0.0,0.0,0.1,0.1,12
15921,Julius,Chestnut,Julius Chestnut,/football/player/julius-chestnut-15921,,&#9881;,open,,i,,RB,,RB,TEN,HOU,327,41.50,8.50,16.50,0.00,0,4000,4000,0,0.22,0.22,0.22,1.0,2.9,0.0,0,0,0,0,0.1,0.1,0.0,0.3,0.1,0.4,12
17689,J.J.,McCarthy,J.J. McCarthy,/football/player/jj-mccarthy-17689,"&nbsp;<span class=""red upper bold sm-text"">IR</span>",&#9881;,open,,i,,QB,,QB,MIN,CHI,-181,39.50,-3.50,21.50,0,0,4000,4000,0,0.00,0.00,0.00,0.0,0.0,0.0,0,0,0,0,0.0,0.0,0.0,0.0,0.0,0.0,12
17978,Tahj,Washington,Tahj Washington,/football/player/tahj-washington-17978,"&nbsp;<span class=""red upper bold sm-text"">IR</span>",&#9881;,open,,i,,WR,,WR,MIA,NE,-400,46.00,-7.50,26.75,0,0,3000,3000,0,0.00,0.00,0.00,0.0,0.0,0.0,0,0,0,0,0.0,0.0,0.0,0.0,0.0,0.0,12
13438,Jarrett,Stidham,Jarrett Stidham,/football/player/jarrett-stidham-13438,,&#9881;,open,,i,,QB,,QB,DEN,LV,-244,41.00,-5.50,23.25,0,0,4000,4000,0,0.00,0.00,0.00,-0.1,0.0,0.0,0,0,0,0,0.0,0.0,0.0,0.0,0.0,0.0,12
10507,Geoff,Swaim,Geoff Swaim,/football/player/geoff-swaim-10507,"&nbsp;<span class=""red upper bold sm-text"">Out</span>",&#9881;,open,,i,,TE,,TE,CLE,PIT,160,36.50,3.50,16.50,0,0,2500,2500,0,0.00,0.00,0.00,0.2,1.3,0.0,0,0,0,0,0.0,0.0,0.0,0.0,0.0,0.0,12
14318,Gunner,Olszewski,Gunner Olszewski,/football/player/gunner-olszewski-14318,"&nbsp;<span class=""red upper bold sm-text"">IR</span>",&#9881;,open,,i,,WR,,WR,NYG,TB,206,41.50,5.50,18.00,0,0,3000,3000,0,0.00,0.00,0.00,0.0,0.0,0.0,0,0,0,0,0.0,0.0,0.0,0.0,0.0,0.0,12
8065,Case,Keenum,Case Keenum,/football/player/case-keenum-8065,"&nbsp;<span class=""red upper bold sm-text"">IR</span>",&#9881;,open,,i,,QB,,QB,HOU,TEN,-420,41.50,-8.50,25.00,0,0,4000,4000,0,0.00,0.00,0.00,0.0,0.0,0.0,0,0,0,0,0.0,0.0,0.0,0.0,0.0,0.0,12
11834,Joshua,Dobbs,Joshua Dobbs,/football/player/joshua-dobbs-11834,,&#9881;,open,,i,,QB,,QB,SF,GB,118,47.50,2.50,22.50,0,0,4000,4000,0,0.00,0.00,0.00,0.0,0.0,0.0,0,0,0,0,0.0,0.0,0.0,0.0,0.0,0.0,12
12858,Ian,Thomas,Ian Thomas,/football/player/ian-thomas-12858,"&nbsp;<span class=""red upper bold sm-text"">IR</span>",&#9881;,open,,i,,TE,,TE,CAR,KC,456,43.00,11.00,16.00,0,0,2500,2500,0,0.00,0.00,0.00,0.7,2.1,0.0,0,0,0,0,0.0,0.0,0.0,0.0,0.0,0.0,12
10919,Jacoby,Brissett,Jacoby Brissett,/football/player/jacoby-brissett-10919,,&#9881;,open,,i,,QB,,QB,NE,MIA,312,46.00,7.50,19.25,0,0,4400,4400,0,0.00,0.00,0.00,7.9,10.5,4.7,0,0,0,0,0.0,0.0,0.0,0.0,0.0,0.0,12
10033,Chris,Manhertz,Chris Manhertz,/football/player/chris-manhertz-10033,,&#9881;,open,,i,,TE,,TE,NYG,TB,206,41.50,5.50,18.00,0,0,2500,2500,0,0.00,0.00,0.00,0.8,5.2,0.0,0,0,0,0,0.0,0.0,0.0,0.0,0.0,0.0,12
18162,JaQuae,Jackson,JaQuae Jackson,/football/player/jaquae-jackson-18162,"&nbsp;<span class=""red upper bold sm-text"">IR</span>",&#9881;,open,,i,,WR,,WR,NE,MIA,312,46.00,7.50,19.25,0,0,3000,3000,0,0.00,0.00,0.00,0.0,0.0,0.0,0,0,0,0,0.0,0.0,0.0,0.0,0.0,0.0,12
11599,C.J.,Ham,C.J. Ham,/football/player/cj-ham-11599,,&#9881;,open,,i,,RB,,RB,MIN,CHI,-181,39.50,-3.50,21.50,0,0,4000,4000,0,0.00,0.00,0.00,0.8,5.1,0.0,0,0,0,0,0.0,0.0,0.0,0.0,0.0,0.0,12
16945,Dorian,Thompson-Robinson,Dorian Thompson-Robinson,/football/player/dorian-thompson-robinson-16945,,&#9881;,open,,i,,QB,,QB,CLE,PIT,160,36.50,3.50,16.50,0,0,4000,4000,0,0.00,0.00,0.00,2.8,6.3,0.0,0,0,0,0,0.0,0.0,0.0,0.0,0.0,0.0,12
10468,Michael,Burton,Michael Burton,/football/player/michael-burton-10468,,&#9881;,open,,i,,RB,,RB,DEN,LV,-244,41.00,-5.50,23.25,0,0,4000,4000,0,0.00,0.00,0.00,0.9,2.9,0.0,0,0,0,0,0.0,0.0,0.0,0.0,0.0,0.0,12
14495,Cody,White,Cody White,/football/player/cody-white-14495,,&#9881;,open,,i,,WR,,WR,SEA,ARI,-111,47.50,-0.50,24.00,0,0,3000,3000,0,0.00,0.00,0.00,3.2,7.1,0.0,0,0,0,0,0.0,0.0,0.0,0.0,0.0,0.0,12
15379,Elijah,Mitchell,Elijah Mitchell,/football/player/elijah-mitchell-15379,"&nbsp;<span class=""red upper bold sm-text"">IR</span>",&#9881;,open,,i,,RB,,RB,SF,GB,118,47.50,2.50,22.50,0,0,4000,4000,0,0.00,0.00,0.00,0.0,0.0,0.0,0,0,0,0,0.0,0.0,0.0,0.0,0.0,0.0,12
18260,Ian,Wheeler,Ian Wheeler,/football/player/ian-wheeler-18260,"&nbsp;<span class=""red upper bold sm-text"">IR</span>",&#9881;,open,,i,,RB,,RB,CHI,MIN,149,39.50,3.50,18.00,0,0,4000,4000,0,0.00,0.00,0.00,0.0,0.0,0.0,0,0,0,0,0.0,0.0,0.0,0.0,0.0,0.0,12
18300,British,Brooks,British Brooks,/football/player/british-brooks-18300,"&nbsp;<span class=""red upper bold sm-text"">IR</span>",&#9881;,open,,i,,RB,,RB,HOU,TEN,-420,41.50,-8.50,25.00,0,0,4000,4000,0,0.00,0.00,0.00,0.1,0.2,0.0,0,0,0,0,0.0,0.0,0.0,0.0,0.0,0.0,12
9967,Andrew,DePaola,Andrew DePaola,/football/player/andrew-depaola-9967,"&nbsp;<span class=""red upper bold sm-text"">IR</span>",&#9881;,open,,i,,TE,,TE,MIN,CHI,-181,39.50,-3.50,21.50,0,0,2500,2500,0,0.00,0.00,0.00,0.0,0.0,0.0,0,0,0,0,0.0,0.0,0.0,0.0,0.0,0.0,12
17908,Brevyn,Spann-Ford,Brevyn Spann-Ford,/football/player/brevyn-spann-ford-17908,,&#9881;,open,,i,,TE,,TE,DAL,WAS,425,45.00,10.50,17.25,0,0,2500,2500,0,0.00,0.00,0.00,1.4,6.2,0.0,0,0,0,0,0.0,0.0,0.0,0.0,0.0,0.0,12
17043,Roman,Wilson,Roman Wilson,/football/player/roman-wilson-17043,"&nbsp;<span class=""red upper bold sm-text"">IR</span>",&#9881;,open,,i,,WR,,WR,PIT,CLE,-194,36.50,-3.50,20.00,0,0,3000,3000,0,0.00,0.00,0.00,0.0,0.0,0.0,0,0,0,0,0.0,0.0,0.0,0.0,0.0,0.0,12
15324,Feleipe,Franks,Feleipe Franks,/football/player/feleipe-franks-15324,,&#9881;,open,,i,,TE,,TE,CAR,KC,456,43.00,11.00,16.00,0,0,2500,2500,0,0.00,0.00,0.00,0.0,0.0,0.0,0,0,0,0,0.0,0.0,0.0,0.0,0.0,0.0,12
4891,Marcedes,Lewis,Marcedes Lewis,/football/player/marcedes-lewis-4891,,&#9881;,open,,i,,TE,,TE,CHI,MIN,149,39.50,3.50,18.00,0,0,2500,2500,0,0.00,0.00,0.00,0.1,0.9,0.0,0,0,0,0,0.0,0.0,0.0,0.0,0.0,0.0,12
18041,Xavier,Weaver,Xavier Weaver,/football/player/xavier-weaver-18041,,&#9881;,open,,i,,WR,,WR,ARI,SEA,-108,47.50,0.50,23.50,0,0,3000,3000,0,0.00,0.00,0.00,0.0,0.0,0.0,0,0,0,0,0.0,0.0,0.0,0.0,0.0,0.0,12
14131,Stephen,Carlson,Stephen Carlson,/football/player/stephen-carlson-14131,"&nbsp;<span class=""red upper bold sm-text"">IR</span>",&#9881;,open,,i,,TE,,TE,CHI,MIN,149,39.50,3.50,18.00,0,0,2500,2500,0,0.00,0.00,0.00,0.0,0.0,0.0,0,0,0,0,0.0,0.0,0.0,0.0,0.0,0.0,12
18302,Bryce,Oliver,Bryce Oliver,/football/player/bryce-oliver-18302,,&#9881;,open,,i,,WR,,WR,TEN,HOU,327,41.50,8.50,16.50,0,0,3000,3000,0,0.00,0.00,0.00,2.9,4.8,0.2,0,0,0,0,0.0,0.0,0.0,0.0,0.0,0.0,12
18301,David,Martin-Robinson,David Martin-Robinson,/football/player/david-martin-robinson-18301,,&#9881;,open,,i,,TE,,TE,TEN,HOU,327,41.50,8.50,16.50,0,0,2500,2500,0,0.00,0.00,0.00,0.0,0.0,0.0,0,0,0,0,0.0,0.0,0.0,0.0,0.0,0.0,12
15106,Jonathan,Ward,Jonathan Ward,/football/player/jonathan-ward-15106,,&#9881;,open,,i,,RB,,RB,PIT,CLE,-194,36.50,-3.50,20.00,0,0,4000,4000,0,0.00,0.00,0.00,0.6,1.3,0.0,0,0,0,0,0.0,0.0,0.0,0.0,0.0,0.0,12
17830,Joe,Milton,Joe Milton,/football/player/joe-milton-17830,,&#9881;,open,,i,,QB,,QB,NE,MIA,312,46.00,7.50,19.25,0,0,4000,4000,0,0.00,0.00,0.00,0.0,0.0,0.0,0,0,0,0,0.0,0.0,0.0,0.0,0.0,0.0,12
14559,Dalton,Keene,Dalton Keene,/football/player/dalton-keene-14559,"&nbsp;<span class=""red upper bold sm-text"">IR</span>",&#9881;,open,,i,,TE,,TE,HOU,TEN,-420,41.50,-8.50,25.00,0,0,2500,2500,0,0.00,0.00,0.00,0.0,0.0,0.0,0,0,0,0,0.0,0.0,0.0,0.0,0.0,0.0,12
12629,Mason,Rudolph,Mason Rudolph,/football/player/mason-rudolph-12629,,&#9881;,open,,i,,QB,,QB,TEN,HOU,327,41.50,8.50,16.50,0,0,4900,4900,0,0.00,0.00,0.00,13.8,21.7,4.6,0,0,0,0,0.0,0.0,0.0,0.0,0.0,0.0,12
14370,AJ,Dillon,AJ Dillon,/football/player/aj-dillon-14370,"&nbsp;<span class=""red upper bold sm-text"">IR</span>",&#9881;,open,,i,,RB,,RB,GB,SF,-141,47.50,-2.50,25.00,0,0,4000,4000,0,0.00,0.00,0.00,0.0,0.0,0.0,0,0,0,0,0.0,0.0,0.0,0.0,0.0,0.0,12
14386,Brandon,Aiyuk,Brandon Aiyuk,/football/player/brandon-aiyuk-14386,"&nbsp;<span class=""red upper bold sm-text"">IR</span>",&#9881;,open,,i,,WR,,WR,SF,GB,118,47.50,2.50,22.50,0,0,3000,3000,0,0.00,0.00,0.00,9.3,21.3,3.1,0,0,0,0,0.0,0.0,0.0,0.0,0.0,0.0,12
13491,Daniel,Jones,Daniel Jones,/football/player/daniel-jones-13491,,&#9881;,open,,i,,QB,,QB,NYG,TB,206,41.50,5.50,18.00,0,0,5200,5200,0,0.00,0.00,0.00,15.3,23.6,7.4,0,0,0,0,0.0,0.0,0.0,0.0,0.0,0.0,12
13521,Miles,Sanders,Miles Sanders,/football/player/miles-sanders-13521,"&nbsp;<span class=""red upper bold sm-text"">dou</span>",&#9881;,open,,i,,RB,,RB,CAR,KC,456,43.00,11.00,16.00,0,0,4000,4000,0,0.00,0.00,0.00,5.4,10.5,0.9,0,0,0,0,0.0,0.0,0.0,0.0,0.0,0.0,12
10224,Jamison,Crowder,Jamison Crowder,/football/player/jamison-crowder-10224,"&nbsp;<span class=""red upper bold sm-text"">IR</span>",&#9881;,open,,i,,WR,,WR,WAS,DAL,-583,45.00,-10.50,27.75,0,0,3000,3000,0,0.00,0.00,0.00,0.0,0.0,0.0,0,0,0,0,0.0,0.0,0.0,0.0,0.0,0.0,12
17795,MarShawn,Lloyd,MarShawn Lloyd,/football/player/marshawn-lloyd-17795,"&nbsp;<span class=""red upper bold sm-text"">dou</span>",&#9881;,open,,i,,RB,,RB,GB,SF,-141,47.50,-2.50,25.00,0,0,4800,4800,0,0.00,0.00,0.00,2.8,2.8,2.8,0,0,0,0,0.0,0.0,0.0,0.0,0.0,0.0,12
13736,Drew,Lock,Drew Lock,/football/player/drew-lock-13736,,&#9881;,open,,i,,QB,,QB,NYG,TB,206,41.50,5.50,18.00,0,0,4700,4700,0,0.00,0.00,0.00,0.8,1.7,0.0,0,0,0,0,0.0,0.0,0.0,0.0,0.0,0.0,12
17894,Jared,Wiley,Jared Wiley,/football/player/jared-wiley-17894,"&nbsp;<span class=""red upper bold sm-text"">IR</span>",&#9881;,open,,i,,TE,,TE,KC,CAR,-635,43.00,-11.00,27.00,0,0,2500,2500,0,0.00,0.00,0.00,0.3,1.3,0.0,0,0,0,0,0.0,0.0,0.0,0.0,0.0,0.0,12
18240,Jaaron,Hayek,Jaaron Hayek,/football/player/jaaron-hayek-18240,"&nbsp;<span class=""red upper bold sm-text"">IR</span>",&#9881;,open,,i,,WR,,WR,KC,CAR,-635,43.00,-11.00,27.00,0,0,3000,3000,0,0.00,0.00,0.00,0.0,0.0,0.0,0,0,0,0,0.0,0.0,0.0,0.0,0.0,0.0,12
12630,Nyheim,Miller-Hines,Nyheim Miller-Hines,/football/player/nyheim-miller-hines-12630,"&nbsp;<span class=""red upper bold sm-text"">NFI</span>",&#9881;,open,,i,,RB,,RB,CLE,PIT,160,36.50,3.50,16.50,0,0,4000,4000,0,0.00,0.00,0.00,0.0,0.0,0.0,0,0,0,0,0.0,0.0,0.0,0.0,0.0,0.0,12
9260,Brandin,Cooks,Brandin Cooks,/football/player/brandin-cooks-9260,"&nbsp;<span class=""red upper bold sm-text"">IR-</span>",&#9881;,open,,i,,WR,,WR,DAL,WAS,425,45.00,10.50,17.25,0,0,4500,4500,0,0.00,0.00,0.00,3.3,3.7,2.6,0,0,0,0,0.0,0.0,0.0,0.0,0.0,0.0,12
10856,Carson,Wentz,Carson Wentz,/football/player/carson-wentz-10856,,&#9881;,open,,i,,QB,,QB,KC,CAR,-635,43.00,-11.00,27.00,0,0,4300,4300,0,0.00,0.00,0.00,0.0,0.0,0.0,0,0,0,0,0.0,0.0,0.0,0.0,0.0,0.0,12
10179,Taylor,Heinicke,Taylor Heinicke,/football/player/taylor-heinicke-10179,,&#9881;,open,,i,,QB,,QB,LAC,BAL,125,50.00,3.00,23.50,0,0,4000,4000,0,0.00,0.00,0.00,1.0,1.0,1.0,0,0,0,0,0.0,0.0,0.0,0.0,0.0,0.0,12
17829,Cody,Schrader,Cody Schrader,/football/player/cody-schrader-17829,,&#9881;,open,,i,,RB,,RB,LAR,PHI,126,49.00,3.00,23.00,0.00,0,4000,4000,0,0.17,0.17,0.17,0.0,0.0,0.0,0,0,0,0,0.0,0.1,0.0,0.1,0.1,0.2,12
10133,Stefon,Diggs,Stefon Diggs,/football/player/stefon-diggs-10133,"&nbsp;<span class=""red upper bold sm-text"">IR</span>",&#9881;,open,,i,,WR,,WR,HOU,TEN,-420,41.50,-8.50,25.00,0,0,3000,3000,0,0.00,0.00,0.00,14.3,19.8,8.1,0,0,0,0,0.0,0.0,0.0,0.0,0.0,0.0,12
11712,Deshaun,Watson,Deshaun Watson,/football/player/deshaun-watson-11712,"&nbsp;<span class=""red upper bold sm-text"">IR</span>",&#9881;,open,,i,,QB,,QB,CLE,PIT,160,36.50,3.50,16.50,0,0,4000,4000,0,0.00,0.00,0.00,11.7,17.5,5.9,0,0,0,0,0.0,0.0,0.0,0.0,0.0,0.0,12
12511,Nick,Mullens,Nick Mullens,/football/player/nick-mullens-12511,,&#9881;,open,,i,,QB,,QB,MIN,CHI,-181,39.50,-3.50,21.50,0,0,4000,4000,0,0.00,0.00,0.00,0.3,0.9,0.0,0,0,0,0,0.0,0.0,0.0,0.0,0.0,0.0,12
18160,Colson,Yankoff,Colson Yankoff,/football/player/colson-yankoff-18160,"&nbsp;<span class=""red upper bold sm-text"">IR</span>",&#9881;,open,,i,,TE,,TE,WAS,DAL,-583,45.00,-10.50,27.75,0,0,2500,2500,0,0.00,0.00,0.00,0.0,0.0,0.0,0,0,0,0,0.0,0.0,0.0,0.0,0.0,0.0,12
14545,Collin,Johnson,Collin Johnson,/football/player/collin-johnson-14545,,&#9881;,open,,i,,WR,,WR,CHI,MIN,149,39.50,3.50,18.00,0,0,3000,3000,0,0.00,0.00,0.00,0.0,0.0,0.0,0,0,0,0,0.0,0.0,0.0,0.0,0.0,0.0,12
14494,Joshua,Kelley,Joshua Kelley,/football/player/joshua-kelley-14494,,&#9881;,open,,i,,RB,,RB,TEN,HOU,327,41.50,8.50,16.50,0,0,4000,4000,0,0.00,0.00,0.00,0.0,0.0,0.0,0,0,0,0,0.0,0.0,0.0,0.0,0.0,0.0,12
14055,Steven,Sims,Steven Sims,/football/player/steven-sims-14055,,&#9881;,open,,i,,WR,,WR,HOU,TEN,-420,41.50,-8.50,25.00,0,0,3000,3000,0,0.00,0.00,0.00,-0.2,0.1,0.0,0,0,0,0,0.0,0.0,0.0,0.0,0.0,0.0,12
17756,Brenden,Rice,Brenden Rice,/football/player/brenden-rice-17756,"&nbsp;<span class=""red upper bold sm-text"">IR</span>",&#9881;,open,,i,,WR,,WR,LAC,BAL,125,50.00,3.00,23.50,0,0,3000,3000,0,0.00,0.00,0.00,0.0,0.0,0.0,0,0,0,0,0.0,0.0,0.0,0.0,0.0,0.0,12
18084,Jeff,Foreman,Jeff Foreman,/football/player/jeff-foreman-18084,"&nbsp;<span class=""red upper bold sm-text"">IR</span>",&#9881;,open,,i,,WR,,WR,LV,DEN,199,41.00,5.50,17.75,0,0,3000,3000,0,0.00,0.00,0.00,0.0,0.0,0.0,0,0,0,0,0.0,0.0,0.0,0.0,0.0,0.0,12
18085,Ramel,Keyton,Ramel Keyton,/football/player/ramel-keyton-18085,,&#9881;,open,,i,,WR,,WR,LV,DEN,199,41.00,5.50,17.75,0,0,3000,3000,0,0.00,0.00,0.00,0.9,1.9,0.0,0,0,0,0,0.0,0.0,0.0,0.0,0.0,0.0,12
14191,Deonte,Harty,Deonte Harty,/football/player/deonte-harty-14191,"&nbsp;<span class=""red upper bold sm-text"">IR</span>",&#9881;,open,,i,,WR,,WR,BAL,LAC,-150,50.00,-3.00,26.50,0,0,3000,3000,0,0.00,0.00,0.00,0.0,0.0,0.0,0,0,0,0,0.0,0.0,0.0,0.0,0.0,0.0,12
12771,Braxton,Berrios,Braxton Berrios,/football/player/braxton-berrios-12771,"&nbsp;<span class=""red upper bold sm-text"">IR</span>",&#9881;,open,,i,,WR,,WR,MIA,NE,-400,46.00,-7.50,26.75,0,0,3000,3000,0,0.00,0.00,0.00,0.0,0.0,0.0,0,0,0,0,0.0,0.0,0.0,0.0,0.0,0.0,12
13620,Brett,Rypien,Brett Rypien,/football/player/brett-rypien-13620,,&#9881;,open,,i,,QB,,QB,MIN,CHI,-181,39.50,-3.50,21.50,0,0,4000,4000,0,0.00,0.00,0.00,0.0,0.0,0.0,0,0,0,0,0.0,0.0,0.0,0.0,0.0,0.0,12
12623,Kyle,Allen,Kyle Allen,/football/player/kyle-allen-12623,,&#9881;,open,,i,,QB,,QB,PIT,CLE,-194,36.50,-3.50,20.00,0,0,4000,4000,0,0.00,0.00,0.00,0.8,0.8,0.8,0,0,0,0,0.0,0.0,0.0,0.0,0.0,0.0,12
11871,Josh,Reynolds,Josh Reynolds,/football/player/josh-reynolds-11871,"&nbsp;<span class=""red upper bold sm-text"">IR-</span>",&#9881;,open,,i,,WR,,WR,DEN,LV,-244,41.00,-5.50,23.25,0,0,3000,3000,0,0.00,0.00,0.00,6.7,12.8,0.6,0,0,0,0,0.0,0.0,0.0,0.0,0.0,0.0,12
12667,Chase,Edmonds,Chase Edmonds,/football/player/chase-edmonds-12667,"&nbsp;<span class=""red upper bold sm-text"">IR</span>",&#9881;,open,,i,,RB,,RB,TB,NYG,-256,41.50,-5.50,23.50,0,0,4000,4000,0,0.00,0.00,0.00,0.0,0.0,0.0,0,0,0,0,0.0,0.0,0.0,0.0,0.0,0.0,12
11026,Jeff,Driskel,Jeff Driskel,/football/player/jeff-driskel-11026,,&#9881;,open,,i,,QB,,QB,WAS,DAL,-583,45.00,-10.50,27.75,0,0,4000,4000,0,0.00,0.00,0.00,0.0,0.0,0.0,0,0,0,0,0.0,0.0,0.0,0.0,0.0,0.0,12
10882,Brandon,Allen,Brandon Allen,/football/player/brandon-allen-10882,,&#9881;,open,,i,,QB,,QB,SF,GB,118,47.50,2.50,22.50,0,0,4000,4000,0,0.00,0.00,0.00,-0.1,0.0,0.0,0,0,0,0,0.0,0.0,0.0,0.0,0.0,0.0,12
9320,Jimmy,Garoppolo,Jimmy Garoppolo,/football/player/jimmy-garoppolo-9320,,&#9881;,open,,i,,QB,,QB,LAR,PHI,126,49.00,3.00,23.00,0,0,4400,4400,0,0.00,0.00,0.00,0.0,0.0,0.0,0,0,0,0,0.0,0.0,0.0,0.0,0.0,0.0,12
5648,Joe,Flacco,Joe Flacco,/football/player/joe-flacco-5648,,&#9881;,open,,i,,QB,,QB,IND,DET,306,50.50,7.50,21.50,0,0,5300,5300,0,0.00,0.00,0.00,13.4,27.2,1.4,0,0,0,0,0.0,0.0,0.0,0.0,0.0,0.0,12
18307,Kameron,Johnson,Kameron Johnson,/football/player/kameron-johnson-18307,"&nbsp;<span class=""red upper bold sm-text"">IR</span>",&#9881;,open,,i,,WR,,WR,TB,NYG,-256,41.50,-5.50,23.50,0,0,3000,3000,0,0.00,0.00,0.00,0.0,0.0,0.0,0,0,0,0,0.0,0.0,0.0,0.0,0.0,0.0,12
15328,Sam,Ehlinger,Sam Ehlinger,/football/player/sam-ehlinger-15328,,&#9881;,open,,i,,QB,,QB,IND,DET,306,50.50,7.50,21.50,0,0,4000,4000,0,0.00,0.00,0.00,0.0,0.0,0.0,0,0,0,0,0.0,0.0,0.0,0.0,0.0,0.0,12
17588,John,Stephens,John Stephens,/football/player/john-stephens-17588,"&nbsp;<span class=""red upper bold sm-text"">IR</span>",&#9881;,open,,i,,TE,,TE,DAL,WAS,425,45.00,10.50,17.25,0,0,2500,2500,0,0.00,0.00,0.00,0.0,0.0,0.0,0,0,0,0,0.0,0.0,0.0,0.0,0.0,0.0,12
17404,Evan,Deckers,Evan Deckers,/football/player/evan-deckers-17404,,&#9881;,open,,i,,TE,,TE,TB,NYG,-256,41.50,-5.50,23.50,0,0,2500,2500,0,0.00,0.00,0.00,0.0,0.0,0.0,0,0,0,0,0.0,0.0,0.0,0.0,0.0,0.0,12
16034,Teagan,Quitoriano,Teagan Quitoriano,/football/player/teagan-quitoriano-16034,,&#9881;,open,,i,,TE,,TE,HOU,TEN,-420,41.50,-8.50,25.00,0,0,2500,2500,0,0.00,0.00,0.00,0.0,0.0,0.0,0,0,0,0,0.0,0.0,0.0,0.0,0.0,0.0,12
17413,Colton,Dowell,Colton Dowell,/football/player/colton-dowell-17413,"&nbsp;<span class=""red upper bold sm-text"">PUP</span>",&#9881;,open,,i,,WR,,WR,TEN,HOU,327,41.50,8.50,16.50,0,0,3000,3000,0,0.00,0.00,0.00,0.0,0.0,0.0,0,0,0,0,0.0,0.0,0.0,0.0,0.0,0.0,12
17010,Brayden,Willis,Brayden Willis,/football/player/brayden-willis-17010,,&#9881;,open,,i,,TE,,TE,SF,GB,118,47.50,2.50,22.50,0,0,2500,2500,0,0.00,0.00,0.00,0.0,0.0,0.0,0,0,0,0,0.0,0.0,0.0,0.0,0.0,0.0,12
15872,Malik,Willis,Malik Willis,/football/player/malik-willis-15872,,&#9881;,open,,i,,QB,,QB,GB,SF,-141,47.50,-2.50,25.00,0,0,4700,4700,0,0.00,0.00,0.00,15.6,24.9,7.7,0,0,0,0,0.0,0.0,0.0,0.0,0.0,0.0,12
16913,Clayton,Tune,Clayton Tune,/football/player/clayton-tune-16913,,&#9881;,open,,i,,QB,,QB,ARI,SEA,-108,47.50,0.50,23.50,0,0,4000,4000,0,0.00,0.00,0.00,-0.4,0.3,0.0,0,0,0,0,0.0,0.0,0.0,0.0,0.0,0.0,12
16933,Chris,Rodriguez,Chris Rodriguez,/football/player/chris-rodriguez-16933,,&#9881;,open,,i,,RB,,RB,WAS,DAL,-583,45.00,-10.50,27.75,0,0,4000,4000,0,0.00,0.00,0.00,1.4,4.6,0.0,0,0,0,0,0.0,0.0,0.0,0.0,0.0,0.0,12
15825,Sam,Howell,Sam Howell,/football/player/sam-howell-15825,,&#9881;,open,,i,,QB,,QB,SEA,ARI,-111,47.50,-0.50,24.00,0,0,4200,4200,0,0.00,0.00,0.00,0.0,0.0,0.0,0,0,0,0,0.0,0.0,0.0,0.0,0.0,0.0,12
16946,Tyson,Bagent,Tyson Bagent,/football/player/tyson-bagent-16946,,&#9881;,open,,i,,QB,,QB,CHI,MIN,149,39.50,3.50,18.00,0,0,4100,4100,0,0.00,0.00,0.00,-0.4,0.0,0.0,0,0,0,0,0.0,0.0,0.0,0.0,0.0,0.0,12
16337,Britain,Covey,Britain Covey,/football/player/britain-covey-16337,"&nbsp;<span class=""red upper bold sm-text"">IR</span>",&#9881;,open,,i,,WR,,WR,PHI,LAR,-152,49.00,-3.00,26.00,0,0,3000,3000,0,0.00,0.00,0.00,5.2,8.9,1.5,0,0,0,0,0.0,0.0,0.0,0.0,0.0,0.0,12
15821,Jelani,Woods,Jelani Woods,/football/player/jelani-woods-15821,"&nbsp;<span class=""red upper bold sm-text"">IR</span>",&#9881;,open,,i,,TE,,TE,IND,DET,306,50.50,7.50,21.50,0,0,2500,2500,0,0.00,0.00,0.00,0.0,0.0,0.0,0,0,0,0,0.0,0.0,0.0,0.0,0.0,0.0,12
16286,Nick,Muse,Nick Muse,/football/player/nick-muse-16286,"&nbsp;<span class=""red upper bold sm-text"">IR</span>",&#9881;,open,,i,,TE,,TE,MIN,CHI,-181,39.50,-3.50,21.50,0,0,2500,2500,0,0.00,0.00,0.00,0.0,0.0,0.0,0,0,0,0,0.0,0.0,0.0,0.0,0.0,0.0,12
16627,Tucker,Fisk,Tucker Fisk,/football/player/tucker-fisk-16627,,&#9881;,open,,i,,TE,,TE,LAC,BAL,125,50.00,3.00,23.50,0,0,2500,2500,0,0.00,0.00,0.00,0.8,1.8,0.0,0,0,0,0,0.0,0.0,0.0,0.0,0.0,0.0,12
16170,John,FitzPatrick,John FitzPatrick,/football/player/john-fitzpatrick-16170,,&#9881;,open,,i,,TE,,TE,GB,SF,-141,47.50,-2.50,25.00,0,0,2500,2500,0,0.00,0.00,0.00,0.0,0.0,0.0,0,0,0,0,0.0,0.0,0.0,0.0,0.0,0.0,12
16852,Grant,DuBose,Grant DuBose,/football/player/grant-dubose-16852,"&nbsp;<span class=""red upper bold sm-text"">IR</span>",&#9881;,open,,i,,WR,,WR,MIA,NE,-400,46.00,-7.50,26.75,0,0,3000,3000,0,0.00,0.00,0.00,2.3,2.3,2.3,0,0,0,0,0.0,0.0,0.0,0.0,0.0,0.0,12
15928,Desmond,Ridder,Desmond Ridder,/football/player/desmond-ridder-15928,,&#9881;,open,,i,,QB,,QB,LV,DEN,199,41.00,5.50,17.75,0,0,4800,4800,0,0.00,0.00,0.00,3.1,6.8,0.0,0,0,0,0,0.0,0.0,0.0,0.0,0.0,0.0,12
15896,Treylon,Burks,Treylon Burks,/football/player/treylon-burks-15896,"&nbsp;<span class=""red upper bold sm-text"">IR</span>",&#9881;,open,,i,,WR,,WR,TEN,HOU,327,41.50,8.50,16.50,0,0,3000,3000,0,0.00,0.00,0.00,1.6,2.5,0.3,0,0,0,0,0.0,0.0,0.0,0.0,0.0,0.0,12
17012,Ben,Sims,Ben Sims,/football/player/ben-sims-17012,,&#9881;,open,,i,,TE,,TE,GB,SF,-141,47.50,-2.50,25.00,0,0,2500,2500,0,0.00,0.00,0.00,0.8,4.3,0.0,0,0,0,0,0.0,0.0,0.0,0.0,0.0,0.0,12
16663,Luke,Musgrave,Luke Musgrave,/football/player/luke-musgrave-16663,"&nbsp;<span class=""red upper bold sm-text"">IR</span>",&#9881;,open,,i,,TE,,TE,GB,SF,-141,47.50,-2.50,25.00,0,0,2500,2500,0,0.00,0.00,0.00,2.4,4.2,1.0,0,0,0,0,0.0,0.0,0.0,0.0,0.0,0.0,12
16746,Travis,Vokolek,Travis Vokolek,/football/player/travis-vokolek-16746,,&#9881;,open,,i,,TE,,TE,ARI,SEA,-108,47.50,0.50,23.50,0,0,2500,2500,0,0.00,0.00,0.00,0.0,0.0,0.0,0,0,0,0,0.0,0.0,0.0,0.0,0.0,0.0,12
15947,Jake,Ferguson,Jake Ferguson,/football/player/jake-ferguson-15947,"&nbsp;<span class=""red upper bold sm-text"">que</span>",&#9881;,open,,i,,TE,,TE,DAL,WAS,425,45.00,10.50,17.25,0,0,4400,4400,0,0.00,0.00,0.00,9.3,14.9,3.2,0,0,0,0,0.0,0.0,0.0,0.0,0.0,0.0,12
16282,Ko,Kieft,Ko Kieft,/football/player/ko-kieft-16282,,&#9881;,open,,i,,TE,,TE,TB,NYG,-256,41.50,-5.50,23.50,0,0,2500,2500,0,0.00,0.00,0.00,0.0,0.0,0.0,0,0,0,0,0.0,0.0,0.0,0.0,0.0,0.0,12
15922,Dareke,Young,Dareke Young,/football/player/dareke-young-15922,,&#9881;,open,,i,,WR,,WR,SEA,ARI,-111,47.50,-0.50,24.00,0,0,3000,3000,0,0.00,0.00,0.00,0.0,0.0,0.0,0,0,0,0,0.0,0.0,0.0,0.0,0.0,0.0,12
16355,Raheem,Blackshear,Raheem Blackshear,/football/player/raheem-blackshear-16355,,&#9881;,open,,i,,RB,,RB,CAR,KC,456,43.00,11.00,16.00,0.00,0,4000,4000,0,0.16,0.16,0.16,0.0,0.0,0.0,0,0,0,0,0.0,0.1,0.0,0.1,0.1,0.2,12
17324,Owen,Wright,Owen Wright,/football/player/owen-wright-17324,"&nbsp;<span class=""red upper bold sm-text"">IR</span>",&#9881;,open,,i,,RB,,RB,BAL,LAC,-150,50.00,-3.00,26.50,0,0,4000,4000,0,0.00,0.00,0.00,0.0,0.0,0.0,0,0,0,0,0.0,0.0,0.0,0.0,0.0,0.0,12
15841,Kenny,Pickett,Kenny Pickett,/football/player/kenny-pickett-15841,,&#9881;,open,,i,,QB,,QB,PHI,LAR,-152,49.00,-3.00,26.00,0,0,4300,4300,0,0.00,0.00,0.00,0.2,0.3,0.0,0,0,0,0,0.0,0.0,0.0,0.0,0.0,0.0,12
15893,Tyler,Badie,Tyler Badie,/football/player/tyler-badie-15893,"&nbsp;<span class=""red upper bold sm-text"">IR</span>",&#9881;,open,,i,,RB,,RB,DEN,LV,-244,41.00,-5.50,23.25,0,0,4000,4000,0,0.00,0.00,0.00,3.5,6.9,0.4,0,0,0,0,0.0,0.0,0.0,0.0,0.0,0.0,12
17271,Ryan,Miller,Ryan Miller,/football/player/ryan-miller-17271,,&#9881;,open,,i,,WR,,WR,TB,NYG,-256,41.50,-5.50,23.50,0,0,3200,3200,0,0.00,0.00,0.00,4.8,7.0,2.4,0,0,0,0,0.0,0.0,0.0,0.0,0.0,0.0,12
15803,David,Bell,David Bell,/football/player/david-bell-15803,"&nbsp;<span class=""red upper bold sm-text"">IR</span>",&#9881;,open,,i,,WR,,WR,CLE,PIT,160,36.50,3.50,16.50,0,0,3000,3000,0,0.00,0.00,0.00,5.7,5.7,5.7,0,0,0,0,0.0,0.0,0.0,0.0,0.0,0.0,12
16418,Jake,Tonges,Jake Tonges,/football/player/jake-tonges-16418,,&#9881;,open,,i,,TE,,TE,SF,GB,118,47.50,2.50,22.50,0,0,2500,2500,0,0.00,0.00,0.00,0.0,0.0,0.0,0,0,0,0,0.0,0.0,0.0,0.0,0.0,0.0,12
16338,Tanner,Conner,Tanner Conner,/football/player/tanner-conner-16338,"&nbsp;<span class=""red upper bold sm-text"">IR</span>",&#9881;,open,,i,,TE,,TE,MIA,NE,-400,46.00,-7.50,26.75,0,0,2500,2500,0,0.00,0.00,0.00,0.7,2.7,0.0,0,0,0,0,0.0,0.0,0.0,0.0,0.0,0.0,12
15974,Skylar,Thompson,Skylar Thompson,/football/player/skylar-thompson-15974,,&#9881;,open,,i,,QB,,QB,MIA,NE,-400,46.00,-7.50,26.75,0,0,4000,4000,0,0.00,0.00,0.00,3.9,4.4,3.5,0,0,0,0,0.0,0.0,0.0,0.0,0.0,0.0,12
16005,Skyy,Moore,Skyy Moore,/football/player/skyy-moore-16005,"&nbsp;<span class=""red upper bold sm-text"">IR</span>",&#9881;,open,,i,,WR,,WR,KC,CAR,-635,43.00,-11.00,27.00,0,0,3000,3000,0,0.00,0.00,0.00,0.0,0.0,0.0,0,0,0,0,0.0,0.0,0.0,0.0,0.0,0.0,12
16104,Isiah,Pacheco,Isiah Pacheco,/football/player/isiah-pacheco-16104,"&nbsp;<span class=""red upper bold sm-text"">IR-</span>",&#9881;,open,,i,,RB,,RB,KC,CAR,-635,43.00,-11.00,27.00,0,0,6200,6200,0,0.00,0.00,0.00,16.1,16.1,16.1,0,0,0,0,0.0,0.0,0.0,0.0,0.0,0.0,12
15975,Bailey,Zappe,Bailey Zappe,/football/player/bailey-zappe-15975,,&#9881;,open,,i,,QB,,QB,CLE,PIT,160,36.50,3.50,16.50,0,0,4000,4000,0,0.00,0.00,0.00,0.0,0.0,0.0,0,0,0,0,0.0,0.0,0.0,0.0,0.0,0.0,12
14012,Nsimba,Webster,Nsimba Webster,/football/player/nsimba-webster-14012,"&nbsp;<span class=""red upper bold sm-text"">IR</span>",&#9881;,open,,i,,WR,,WR,CHI,MIN,149,39.50,3.50,18.00,0,0,3000,3000,0,0.00,0.00,0.00,0.0,0.0,0.0,0,0,0,0,0.0,0.0,0.0,0.0,0.0,0.0,12
16963,Rashee,Rice,Rashee Rice,/football/player/rashee-rice-16963,"&nbsp;<span class=""red upper bold sm-text"">IR</span>",&#9881;,open,,i,,WR,,WR,KC,CAR,-635,43.00,-11.00,27.00,0,0,3000,3000,0,0.00,0.00,0.00,16.9,32.5,0.4,0,0,0,0,0.0,0.0,0.0,0.0,0.0,0.0,12
16743,Bryce,Ford-Wheaton,Bryce Ford-Wheaton,/football/player/bryce-ford-wheaton-16743,"&nbsp;<span class=""red upper bold sm-text"">que</span>",&#9881;,open,,i,,WR,,WR,NYG,TB,206,41.50,5.50,18.00,0,0,3000,3000,0,0.00,0.00,0.00,0.0,0.0,0.0,0,0,0,0,0.0,0.0,0.0,0.0,0.0,0.0,12
15334,Anthony,Schwartz,Anthony Schwartz,/football/player/anthony-schwartz-15334,"&nbsp;<span class=""red upper bold sm-text"">IR</span>",&#9881;,open,,i,,WR,,WR,MIA,NE,-400,46.00,-7.50,26.75,0,0,3000,3000,0,0.00,0.00,0.00,0.0,0.0,0.0,0,0,0,0,0.0,0.0,0.0,0.0,0.0,0.0,12
16905,Hendon,Hooker,Hendon Hooker,/football/player/hendon-hooker-16905,,&#9881;,open,,i,,QB,,QB,DET,IND,-393,50.50,-7.50,29.00,0,0,4000,4000,0,0.00,0.00,0.00,0.9,1.7,0.2,0,0,0,0,0.0,0.0,0.0,0.0,0.0,0.0,12
14306,Jody,Fortson,Jody Fortson,/football/player/jody-fortson-14306,"&nbsp;<span class=""red upper bold sm-text"">IR</span>",&#9881;,open,,i,,TE,,TE,KC,CAR,-635,43.00,-11.00,27.00,0,0,2500,2500,0,0.00,0.00,0.00,0.5,1.4,0.0,0,0,0,0,0.0,0.0,0.0,0.0,0.0,0.0,12
15780,Mitchell,Fraboni,Mitchell Fraboni,/football/player/mitchell-fraboni-15780,,&#9881;,open,,i,,TE,,TE,DEN,LV,-244,41.00,-5.50,23.25,0,0,2500,2500,0,0.00,0.00,0.00,0.0,0.0,0.0,0,0,0,0,0.0,0.0,0.0,0.0,0.0,0.0,12
15369,Brevin,Jordan,Brevin Jordan,/football/player/brevin-jordan-15369,"&nbsp;<span class=""red upper bold sm-text"">IR</span>",&#9881;,open,,i,,TE,,TE,HOU,TEN,-420,41.50,-8.50,25.00,0,0,2500,2500,0,0.00,0.00,0.00,1.4,1.4,1.4,0,0,0,0,0.0,0.0,0.0,0.0,0.0,0.0,12
17128,Antoine,Green,Antoine Green,/football/player/antoine-green-17128,"&nbsp;<span class=""red upper bold sm-text"">IR</span>",&#9881;,open,,i,,WR,,WR,DET,IND,-393,50.50,-7.50,29.00,0,0,3000,3000,0,0.00,0.00,0.00,0.0,0.0,0.0,0,0,0,0,0.0,0.0,0.0,0.0,0.0,0.0,12
14827,Tyler,Davis,Tyler Davis,/football/player/tyler-davis-14827,"&nbsp;<span class=""red upper bold sm-text"">IR</span>",&#9881;,open,,i,,TE,,TE,GB,SF,-141,47.50,-2.50,25.00,0,0,2500,2500,0,0.00,0.00,0.00,0.0,0.0,0.0,0,0,0,0,0.0,0.0,0.0,0.0,0.0,0.0,12
13664,Juwann,Winfree,Juwann Winfree,/football/player/juwann-winfree-13664,"&nbsp;<span class=""red upper bold sm-text"">IR</span>",&#9881;,open,,i,,WR,,WR,IND,DET,306,50.50,7.50,21.50,0,0,3000,3000,0,0.00,0.00,0.00,0.0,0.0,0.0,0,0,0,0,0.0,0.0,0.0,0.0,0.0,0.0,12
16656,Justin,Shorter,Justin Shorter,/football/player/justin-shorter-16656,,&#9881;,open,,i,,TE,,TE,LV,DEN,199,41.00,5.50,17.75,0,0,2500,2500,0,0.00,0.00,0.00,0.0,0.0,0.0,0,0,0,0,0.0,0.0,0.0,0.0,0.0,0.0,12
15542,Davis,Mills,Davis Mills,/football/player/davis-mills-15542,,&#9881;,open,,i,,QB,,QB,HOU,TEN,-420,41.50,-8.50,25.00,0,0,4400,4400,0,0.00,0.00,0.00,1.6,3.5,0.0,0,0,0,0,0.0,0.0,0.0,0.0,0.0,0.0,12
15330,Zach,Wilson,Zach Wilson,/football/player/zach-wilson-15330,,&#9881;,open,,i,,QB,,QB,DEN,LV,-244,41.00,-5.50,23.25,0,0,4000,4000,0,0.00,0.00,0.00,0.0,0.0,0.0,0,0,0,0,0.0,0.0,0.0,0.0,0.0,0.0,12
13627,Easton,Stick,Easton Stick,/football/player/easton-stick-13627,,&#9881;,open,,i,,QB,,QB,LAC,BAL,125,50.00,3.00,23.50,0,0,4000,4000,0,0.00,0.00,0.00,0.0,0.0,0.0,0,0,0,0,0.0,0.0,0.0,0.0,0.0,0.0,12
16041,Peyton,Hendershot,Peyton Hendershot,/football/player/peyton-hendershot-16041,,&#9881;,open,,i,,TE,,TE,KC,CAR,-635,43.00,-11.00,27.00,0,0,2500,2500,0,0.00,0.00,0.00,1.4,2.2,0.2,0,0,0,0,0.0,0.0,0.0,0.0,0.0,0.0,12
10155,Tyler,Ott,Tyler Ott,/football/player/tyler-ott-10155,,&#9881;,open,,i,,TE,,TE,WAS,DAL,-583,45.00,-10.50,27.75,0,0,2500,2500,0,0.00,0.00,0.00,0.0,0.0,0.0,0,0,0,0,0.0,0.0,0.0,0.0,0.0,0.0,12
10606,James,Winchester,James Winchester,/football/player/james-winchester-10606,,&#9881;,open,,i,,TE,,TE,KC,CAR,-635,43.00,-11.00,27.00,0,0,2500,2500,0,0.00,0.00,0.00,0.0,0.0,0.0,0,0,0,0,0.0,0.0,0.0,0.0,0.0,0.0,12
11008,Dak,Prescott,Dak Prescott,/football/player/dak-prescott-11008,"&nbsp;<span class=""red upper bold sm-text"">IR</span>",&#9881;,open,,i,,QB,,QB,DAL,WAS,425,45.00,10.50,17.25,0,0,4000,4000,0,0.00,0.00,0.00,17.2,29.3,6.9,0,0,0,0,0.0,0.0,0.0,0.0,0.0,0.0,12
16716,Aidan,O'Connell,Aidan O'Connell,/football/player/aidan-oconnell-16716,"&nbsp;<span class=""red upper bold sm-text"">IR</span>",&#9881;,open,,i,,QB,,QB,LV,DEN,199,41.00,5.50,17.75,0,0,4000,4000,0,0.00,0.00,0.00,6.1,11.4,1.8,0,0,0,0,0.0,0.0,0.0,0.0,0.0,0.0,12
10021,Patrick,Scales,Patrick Scales,/football/player/patrick-scales-10021,"&nbsp;<span class=""red upper bold sm-text"">IR</span>",&#9881;,open,,i,,TE,,TE,CHI,MIN,149,39.50,3.50,18.00,0,0,2500,2500,0,0.00,0.00,0.00,0.0,0.0,0.0,0,0,0,0,0.0,0.0,0.0,0.0,0.0,0.0,12
5653,Josh,Johnson,Josh Johnson,/football/player/josh-johnson-5653,,&#9881;,open,,i,,QB,,QB,BAL,LAC,-150,50.00,-3.00,26.50,0,0,4500,4500,0,0.00,0.00,0.00,0.1,0.2,0.0,0,0,0,0,0.0,0.0,0.0,0.0,0.0,0.0,12
15467,Ben,Skowronek,Ben Skowronek,/football/player/ben-skowronek-15467,,&#9881;,open,,i,,WR,,WR,PIT,CLE,-194,36.50,-3.50,20.00,0,0,3000,3000,0,0.00,0.00,0.00,0.5,1.3,0.0,0,0,0,0,0.0,0.0,0.0,0.0,0.0,0.0,12
13806,Alec,Ingold,Alec Ingold,/football/player/alec-ingold-13806,"&nbsp;<span class=""red upper bold sm-text"">que</span>",&#9881;,open,,i,,RB,,RB,MIA,NE,-400,46.00,-7.50,26.75,0,0,4000,4000,0,0.00,0.00,0.00,2.6,5.8,0.0,0,0,0,0,0.0,0.0,0.0,0.0,0.0,0.0,12
16992,Nate,Adkins,Nate Adkins,/football/player/nate-adkins-16992,,&#9881;,open,,i,,TE,,TE,DEN,LV,-244,41.00,-5.50,23.25,0,0,2600,2600,0,0.00,0.00,0.00,2.1,6.7,0.0,0,0,0,0,0.0,0.0,0.0,0.0,0.0,0.0,12
14563,Tyler,Huntley,Tyler Huntley,/football/player/tyler-huntley-14563,"&nbsp;<span class=""red upper bold sm-text"">IR</span>",&#9881;,open,,i,,QB,,QB,MIA,NE,-400,46.00,-7.50,26.75,0,0,4000,4000,0,0.00,0.00,0.00,9.9,12.7,7.3,0,0,0,0,0.0,0.0,0.0,0.0,0.0,0.0,12
10074,Marcus,Mariota,Marcus Mariota,/football/player/marcus-mariota-10074,,&#9881;,open,,i,,QB,,QB,WAS,DAL,-583,45.00,-10.50,27.75,0,0,4500,4500,0,0.00,0.00,0.00,9.9,21.6,0.0,0,0,0,0,0.0,0.0,0.0,0.0,0.0,0.0,12
7355,Andy,Dalton,Andy Dalton,/football/player/andy-dalton-7355,,&#9881;,open,,i,,QB,,QB,CAR,KC,456,43.00,11.00,16.00,0,0,4600,4600,0,0.00,0.00,0.00,13.6,25.8,2.6,0,0,0,0,0.0,0.0,0.0,0.0,0.0,0.0,12
15559,Simi,Fehoko,Simi Fehoko,/football/player/simi-fehoko-15559,"&nbsp;<span class=""red upper bold sm-text"">IR</span>",&#9881;,open,,i,,WR,,WR,LAC,BAL,125,50.00,3.00,23.50,0,0,3000,3000,0,0.00,0.00,0.00,2.4,6.6,0.0,0,0,0,0,0.0,0.0,0.0,0.0,0.0,0.0,12
16686,Tanner,McKee,Tanner McKee,/football/player/tanner-mckee-16686,,&#9881;,open,,i,,QB,,QB,PHI,LAR,-152,49.00,-3.00,26.00,0,0,4000,4000,0,0.00,0.00,0.00,0.0,0.0,0.0,0,0,0,0,0.0,0.0,0.0,0.0,0.0,0.0,12
17235,Brady,Russell,Brady Russell,/football/player/brady-russell-17235,"&nbsp;<span class=""red upper bold sm-text"">que</span>",&#9881;,open,,i,,TE,,TE,SEA,ARI,-111,47.50,-0.50,24.00,0,0,2500,2500,0,0.00,0.00,0.00,0.0,0.0,0.0,0,0,0,0,0.0,0.0,0.0,0.0,0.0,0.0,12
16871,Stetson,Bennett,Stetson Bennett,/football/player/stetson-bennett-16871,,&#9881;,open,,i,,QB,,QB,LAR,PHI,126,49.00,3.00,23.00,0,0,4000,4000,0,0.00,0.00,0.00,0.0,0.0,0.0,0,0,0,0,0.0,0.0,0.0,0.0,0.0,0.0,12
15240,Jaelon,Darden,Jaelon Darden,/football/player/jaelon-darden-15240,,&#9881;,open,,i,,WR,,WR,CLE,PIT,160,36.50,3.50,16.50,0,0,3000,3000,0,0.00,0.00,0.00,0.4,1.4,0.0,0,0,0,0,0.0,0.0,0.0,0.0,0.0,0.0,12
15335,Kyle,Trask,Kyle Trask,/football/player/kyle-trask-15335,,&#9881;,open,,i,,QB,,QB,TB,NYG,-256,41.50,-5.50,23.50,0,0,4000,4000,0,0.00,0.00,0.00,0.0,0.0,0.0,0,0,0,0,0.0,0.0,0.0,0.0,0.0,0.0,12
11718,Chris,Godwin,Chris Godwin,/football/player/chris-godwin-11718,"&nbsp;<span class=""red upper bold sm-text"">IR</span>",&#9881;,open,,i,,WR,,WR,TB,NYG,-256,41.50,-5.50,23.50,0,0,3000,3000,0,0.00,0.00,0.00,20.3,34.7,10.6,0,0,0,0,0.0,0.0,0.0,0.0,0.0,0.0,12
13502,Hollywood,Brown,Hollywood Brown,/football/player/hollywood-brown-13502,"&nbsp;<span class=""red upper bold sm-text"">IR</span>",&#9881;,open,,i,,WR,,WR,KC,CAR,-635,43.00,-11.00,27.00,0,0,3000,3000,0,0.00,0.00,0.00,0.0,0.0,0.0,0,0,0,0,0.0,0.0,0.0,0.0,0.0,0.0,12
