id,first_name,last_name,player,URL,injury,actions,actions_trigger,lock,exclude,like,position,real_position,actual_position,team,opponent,money_line,over_under,point_spread,team_points,ownership,multiplier,salary,salary_original,salary_custom,proj_points,proj_rotowire,proj_original,proj_avg,proj_ceiling,proj_floor,proj_third_party_one,proj_third_party_two,proj_third_party_three,proj_custom,value,dfsopp,pa,ra,targets,touches,week
17695,Caleb,Williams,Caleb Williams,/football/player/caleb-williams-17695,,&#9881;,open,,i,,QB,,QB,CHI,SF,167,44.00,4.00,20.00,4.58,0,5600,5600,0,17.98,17.98,17.98,18.1,28.6,7.6,0,0,0,0,3.2,7.1,32.1,7.4,0.0,7.4,14
13736,Drew,Lock,Drew Lock,/football/player/drew-lock-13736,,&#9881;,open,,i,,QB,,QB,NYG,NO,189,41.00,4.50,18.25,1.00,0,4700,4700,0,15.10,15.10,15.10,4.6,14.8,0.0,0,0,0,0,3.2,8.7,37.4,3.7,0.0,3.7,14
15834,Brock,Purdy,Brock Purdy,/football/player/brock-purdy-15834,,&#9881;,open,,i,,QB,,QB,SF,CHI,-203,44.00,-4.00,24.00,4.84,0,6200,6200,0,18.49,18.49,18.49,18.8,26.5,7.3,0,0,0,0,3.0,5.1,28.6,3.3,0.0,3.3,14
10037,Jameis,Winston,Jameis Winston,/football/player/jameis-winston-10037,,&#9881;,open,,i,,QB,,QB,CLE,PIT,238,44.50,6.50,19.00,4.34,0,5400,5400,0,16.26,16.26,16.26,13.4,33.4,0.0,0,0,0,0,3.0,7.0,35.5,2.5,0.0,2.5,14
14446,Justin,Herbert,Justin Herbert,/football/player/justin-herbert-14446,,&#9881;,open,,i,,QB,,QB,LAC,KC,167,43.00,4.00,19.50,4.05,0,5800,5800,0,17.32,17.32,17.32,16.3,23.7,9.2,0,0,0,0,3.0,6.2,32.7,3.2,0.0,3.2,14
12490,Sam,Darnold,Sam Darnold,/football/player/sam-darnold-12490,,&#9881;,open,,i,,QB,,QB,MIN,ATL,-247,46.00,-5.50,25.75,5.40,0,6100,6100,0,17.92,17.92,17.92,18.9,24.8,9.6,0,0,0,0,2.9,6.1,34.4,2.7,0.0,2.7,14
4307,Aaron,Rodgers,Aaron Rodgers,/football/player/aaron-rodgers-4307,,&#9881;,open,,i,,QB,,QB,NYJ,MIA,217,45.00,6.50,19.25,2.41,0,5300,5300,0,15.19,15.19,15.19,15.0,20.3,7.7,0,0,0,0,2.9,6.4,32.1,1.9,0.0,1.9,14
13613,Kyler,Murray,Kyler Murray,/football/player/kyler-murray-13613,,&#9881;,open,,i,,QB,,QB,ARI,SEA,-143,44.50,-2.50,23.50,5.15,0,6000,6000,0,17.50,17.50,17.50,18.3,27.5,8.1,0,0,0,0,2.9,5.8,29.9,5.0,0.0,5.0,14
8043,Russell,Wilson,Russell Wilson,/football/player/russell-wilson-8043,,&#9881;,open,,i,,QB,,QB,PIT,CLE,-300,44.50,-6.50,25.50,4.49,0,5900,5900,0,16.94,16.94,16.94,18.6,28.9,8.8,0,0,0,0,2.9,5.4,28.7,3.2,0.0,3.2,14
12483,Josh,Allen,Josh Allen,/football/player/josh-allen-12483,,&#9881;,open,,i,,QB,,QB,BUF,LAR,-223,49.50,-4.50,27.00,7.11,0,8000,8000,0,22.91,22.91,22.91,20.9,29.5,11.0,0,0,0,0,2.9,4.9,32.9,6.0,0.0,6.0,14
12619,Baker,Mayfield,Baker Mayfield,/football/player/baker-mayfield-12619,,&#9881;,open,,i,,QB,,QB,TB,LV,-293,46.50,-6.50,26.50,5.72,0,6400,6400,0,18.57,18.57,18.57,21.3,31.1,10.8,0,0,0,0,2.9,5.9,34.4,3.2,0.0,3.2,14
14442,Joe,Burrow,Joe Burrow,/football/player/joe-burrow-14442,,&#9881;,open,,i,,QB,,QB,CIN,DAL,-240,49.50,-5.50,27.50,6.54,0,7300,7300,0,21.07,21.07,21.07,25.0,35.7,15.1,0,0,0,0,2.9,5.5,36.9,3.2,0.0,3.2,14
14465,Tua,Tagovailoa,Tua Tagovailoa,/football/player/tua-tagovailoa-14465,,&#9881;,open,,i,,QB,,QB,MIA,NYJ,-265,45.00,-6.50,25.75,4.66,0,6300,6300,0,17.40,17.40,17.40,19.2,29.7,9.4,0,0,0,0,2.8,5.2,30.8,1.9,0.0,1.9,14
16665,Will,Levis,Will Levis,/football/player/will-levis-16665,,&#9881;,open,,i,,QB,,QB,TEN,JAX,-192,39.50,-3.50,21.50,3.55,0,5000,5000,0,14.18,14.18,14.18,13.6,19.5,3.9,0,0,0,0,2.8,7.0,32.4,2.8,0.0,2.8,14
8743,Geno,Smith,Geno Smith,/football/player/geno-smith-8743,,&#9881;,open,,i,,QB,,QB,SEA,ARI,119,44.50,2.50,21.00,3.04,0,5800,5800,0,16.05,16.05,16.05,18.0,26.0,10.6,0,0,0,0,2.8,6.2,33.2,2.8,0.0,2.8,14
14416,Jalen,Hurts,Jalen Hurts,/football/player/jalen-hurts-14416,,&#9881;,open,,i,,QB,,QB,PHI,CAR,-672,46.00,-12.50,29.25,7.37,0,7800,7800,0,21.70,21.70,21.70,22.8,32.4,15.5,0,0,0,0,2.8,4.6,28.0,8.1,0.0,8.1,14
11841,Cooper,Rush,Cooper Rush,/football/player/cooper-rush-11841,,&#9881;,open,,i,,QB,,QB,DAL,CIN,196,49.50,5.50,22.00,2.52,0,4900,4900,0,13.61,13.61,13.61,8.9,18.9,0.2,0,0,0,0,2.8,7.5,33.4,3.3,0.0,3.3,14
9317,Derek,Carr,Derek Carr,/football/player/derek-carr-9317,,&#9881;,open,,i,,QB,,QB,NO,NYG,-230,41.00,-4.50,22.75,2.55,0,5100,5100,0,13.85,13.85,13.85,15.2,21.6,9.6,0,0,0,0,2.7,6.5,31.2,1.8,0.0,1.8,14
5971,Matthew,Stafford,Matthew Stafford,/football/player/matthew-stafford-5971,"&nbsp;<span class=""red upper bold sm-text"">que</span>",&#9881;,open,,i,,QB,,QB,LAR,BUF,182,49.50,4.50,22.50,2.63,0,5700,5700,0,15.26,15.26,15.26,14.9,25.1,6.2,0,0,0,0,2.7,6.0,33.1,0.9,0.0,0.9,14
14371,Jordan,Love,Jordan Love,/football/player/jordan-love-14371,,&#9881;,open,,i,,QB,,QB,GB,DET,147,51.50,3.50,24.00,4.12,0,6300,6300,0,16.92,16.92,16.92,18.9,30.6,8.8,0,0,0,0,2.7,5.3,31.9,1.4,0.0,1.4,14
8057,Kirk,Cousins,Kirk Cousins,/football/player/kirk-cousins-8057,,&#9881;,open,,i,,QB,,QB,ATL,MIN,201,46.00,5.50,20.25,2.16,0,5500,5500,0,14.62,14.62,14.62,15.7,32.0,5.9,0,0,0,0,2.7,6.1,31.9,1.7,0.0,1.7,14
16716,Aidan,O'Connell,Aidan O'Connell,/football/player/aidan-oconnell-16716,,&#9881;,open,,i,,QB,,QB,LV,TB,233,46.50,6.50,20.00,2.04,0,4800,4800,0,12.55,12.55,12.55,9.6,21.0,1.4,0,0,0,0,2.6,6.9,31.8,1.5,0.0,1.5,14
15402,Mac,Jones,Mac Jones,/football/player/mac-jones-15402,,&#9881;,open,,i,,QB,,QB,JAX,TEN,159,39.50,3.50,18.00,1.09,0,5000,5000,0,12.90,12.90,12.90,6.7,17.5,0.0,0,0,0,0,2.6,6.9,31.4,2.9,0.0,2.9,14
20030,Tennessee,Titans,Tennessee Titans,/football/player/tennessee-titans-20030,,&#9881;,open,,i,,D," <small class=""sm-muted"">(DST)</small>",DST,TEN,JAX,-192,39.50,-3.50,21.50,9.53,0,2800,2800,0,7.36,7.36,7.36,0.0,0.0,0.0,0,0,0,0,2.6,0.0,0.0,0.0,0.0,0.0,14
20019,New Orleans,Saints,New Orleans Saints,/football/player/new-orleans-saints-20019,,&#9881;,open,,i,,D," <small class=""sm-muted"">(DST)</small>",DST,NO,NYG,-230,41.00,-4.50,22.75,28.04,0,2900,2900,0,7.41,7.41,7.41,0.0,0.0,0.0,0,0,0,0,2.6,0.0,0.0,0.0,0.0,0.0,14
15947,Jake,Ferguson,Jake Ferguson,/football/player/jake-ferguson-15947,"&nbsp;<span class=""red upper bold sm-text"">que</span>",&#9881;,open,,i,,TE,,TE,DAL,CIN,196,49.50,5.50,22.00,4.57,0,3900,3900,0,10.01,10.01,10.01,9.3,14.9,3.2,0,0,0,0,2.6,1.5,0.0,0.0,5.8,5.8,14
8783,Travis,Kelce,Travis Kelce,/football/player/travis-kelce-8783,,&#9881;,open,,i,,TE,,TE,KC,LAC,-202,43.00,-4.00,23.50,7.03,0,5500,5500,0,13.90,13.90,13.90,13.3,23.9,3.3,0,0,0,0,2.5,1.4,0.0,0.1,7.8,7.9,14
13610,T.J.,Hockenson,T.J. Hockenson,/football/player/tj-hockenson-13610,,&#9881;,open,,i,,TE,,TE,MIN,ATL,-247,46.00,-5.50,25.75,5.75,0,4300,4300,0,10.76,10.76,10.76,10.3,19.7,2.9,0,0,0,0,2.5,1.4,0.0,0.0,6.1,6.1,14
12507,Saquon,Barkley,Saquon Barkley,/football/player/saquon-barkley-12507,,&#9881;,open,,i,,RB,,RB,PHI,CAR,-672,46.00,-12.50,29.25,16.12,0,9000,9000,0,22.01,22.01,22.01,24.6,43.7,9.2,0,0,0,0,2.5,2.4,0.0,17.9,3.3,21.2,14
10055,Amari,Cooper,Amari Cooper,/football/player/amari-cooper-10055,,&#9881;,open,,i,,WR,,WR,BUF,LAR,-223,49.50,-4.50,27.00,10.19,0,5100,5100,0,12.84,12.84,12.84,9.7,22.6,1.5,0,0,0,0,2.5,1.3,0.0,0.1,6.7,6.8,14
11839,Patrick,Mahomes,Patrick Mahomes,/football/player/patrick-mahomes-11839,,&#9881;,open,,i,,QB,,QB,KC,LAC,-202,43.00,-4.00,23.50,4.11,0,6800,6800,0,17.27,17.27,17.27,18.6,25.9,14.0,0,0,0,0,2.5,5.1,31.3,3.4,0.0,3.4,14
16934,Chase,Brown,Chase Brown,/football/player/chase-brown-16934,,&#9881;,open,,i,,RB,,RB,CIN,DAL,-240,49.50,-5.50,27.50,17.93,0,6700,6700,0,16.49,16.49,16.49,15.8,26.7,5.5,0,0,0,0,2.5,3.4,0.0,17.9,4.9,22.8,14
13517,Jakobi,Meyers,Jakobi Meyers,/football/player/jakobi-meyers-13517,,&#9881;,open,,i,,WR,,WR,LV,TB,233,46.50,6.50,20.00,10.40,0,5600,5600,0,13.88,13.88,13.88,15.3,23.3,8.0,0,0,0,0,2.5,1.6,0.1,0.4,8.5,8.9,14
11732,Alvin,Kamara,Alvin Kamara,/football/player/alvin-kamara-11732,,&#9881;,open,,i,,RB,,RB,NO,NYG,-230,41.00,-4.50,22.75,19.71,0,8000,8000,0,19.61,19.61,19.61,20.2,39.0,9.0,0,0,0,0,2.5,2.9,0.0,17.1,5.7,22.8,14
16807,Bryce,Young,Bryce Young,/football/player/bryce-young-16807,,&#9881;,open,,i,,QB,,QB,CAR,PHI,483,46.00,12.50,16.75,0.97,0,5200,5200,0,12.58,12.58,12.58,10.6,21.1,1.1,0,0,0,0,2.4,6.6,31.6,2.9,0.0,2.9,14
8986,Adam,Thielen,Adam Thielen,/football/player/adam-thielen-8986,,&#9881;,open,,i,,WR,,WR,CAR,PHI,483,46.00,12.50,16.75,5.33,0,5300,5300,0,12.49,12.49,12.49,12.4,22.4,4.0,0,0,0,0,2.4,1.7,0.0,0.1,8.8,8.9,14
11807,Jonnu,Smith,Jonnu Smith,/football/player/jonnu-smith-11807,,&#9881;,open,,i,,TE,,TE,MIA,NYJ,-265,45.00,-6.50,25.75,4.84,0,5300,5300,0,12.75,12.75,12.75,13.7,27.4,1.9,0,0,0,0,2.4,1.3,0.0,0.0,6.7,6.7,14
14376,Jauan,Jennings,Jauan Jennings,/football/player/jauan-jennings-14376,,&#9881;,open,,i,,WR,,WR,SF,CHI,-203,44.00,-4.00,24.00,9.05,0,5200,5200,0,12.54,12.54,12.54,14.5,38.9,1.5,0,0,0,0,2.4,1.3,0.0,0.1,6.9,7.0,14
12616,Calvin,Ridley,Calvin Ridley,/football/player/calvin-ridley-12616,,&#9881;,open,,i,,WR,,WR,TEN,JAX,-192,39.50,-3.50,21.50,8.48,0,5700,5700,0,12.85,12.85,12.85,12.0,24.1,1.6,0,0,0,0,2.3,1.4,0.0,0.4,7.7,8.1,14
15892,Khalil,Shakir,Khalil Shakir,/football/player/khalil-shakir-15892,,&#9881;,open,,i,,WR,,WR,BUF,LAR,-223,49.50,-4.50,27.00,7.13,0,5900,5900,0,13.38,13.38,13.38,12.5,20.5,5.4,0,0,0,0,2.3,1.1,0.0,0.1,6.4,6.5,14
17693,Brock,Bowers,Brock Bowers,/football/player/brock-bowers-17693,,&#9881;,open,,i,,TE,,TE,LV,TB,233,46.50,6.50,20.00,5.56,0,6500,6500,0,15.00,15.00,15.00,17.4,30.8,6.3,0,0,0,0,2.3,1.3,0.0,0.0,8.6,8.6,14
17033,Sam,LaPorta,Sam LaPorta,/football/player/sam-laporta-17033,,&#9881;,open,,i,,TE,,TE,DET,GB,-177,51.50,-3.50,27.50,4.33,0,4200,4200,0,9.65,9.65,9.65,9.2,15.7,3.5,0,0,0,0,2.3,1.2,0.0,0.0,4.9,4.9,14
14630,Juwan,Johnson,Juwan Johnson,/football/player/juwan-johnson-14630,,&#9881;,open,,i,,TE,,TE,NO,NYG,-230,41.00,-4.50,22.75,4.28,0,3400,3400,0,7.99,7.99,7.99,5.7,10.7,1.0,0,0,0,0,2.3,1.4,0.0,0.0,4.7,4.7,14
20014,Jacksonville,Jaguars,Jacksonville Jaguars,/football/player/jacksonville-jaguars-20014,,&#9881;,open,,i,,D," <small class=""sm-muted"">(DST)</small>",DST,JAX,TEN,159,39.50,3.50,18.00,7.29,0,2600,2600,0,6.07,6.07,6.07,0.0,0.0,0.0,0,0,0,0,2.3,0.0,0.0,0.0,0.0,0.0,14
20024,Pittsburgh,Steelers,Pittsburgh Steelers,/football/player/pittsburgh-steelers-20024,,&#9881;,open,,i,,D," <small class=""sm-muted"">(DST)</small>",DST,PIT,CLE,-300,44.50,-6.50,25.50,16.29,0,3500,3500,0,8.15,8.15,8.15,0.0,0.0,0.0,0,0,0,0,2.3,0.0,0.0,0.0,0.0,0.0,14
20007,Cleveland,Browns,Cleveland Browns,/football/player/cleveland-browns-20007,,&#9881;,open,,i,,D," <small class=""sm-muted"">(DST)</small>",DST,CLE,PIT,238,44.50,6.50,19.00,4.68,0,2400,2400,0,5.43,5.43,5.43,0.0,0.0,0.0,0,0,0,0,2.3,0.0,0.0,0.0,0.0,0.0,14
15874,Calvin,Austin,Calvin Austin,/football/player/calvin-austin-15874,"&nbsp;<span class=""red upper bold sm-text"">que</span>",&#9881;,open,,i,,WR,,WR,PIT,CLE,-300,44.50,-6.50,25.50,4.27,0,3300,3300,0,7.46,7.46,7.46,8.1,18.0,0.7,0,0,0,0,2.3,1.5,0.0,0.8,4.2,5.0,14
10729,Jared,Goff,Jared Goff,/football/player/jared-goff-10729,,&#9881;,open,,i,,QB,,QB,DET,GB,-177,51.50,-3.50,27.50,3.55,0,6500,6500,0,15.17,15.17,15.17,18.8,32.5,9.9,0,0,0,0,2.3,4.5,28.0,1.5,0.0,1.5,14
20005,Chicago,Bears,Chicago Bears,/football/player/chicago-bears-20005,,&#9881;,open,,i,,D," <small class=""sm-muted"">(DST)</small>",DST,CHI,SF,167,44.00,4.00,20.00,1.73,0,2400,2400,0,5.48,5.48,5.48,0.0,0.0,0.0,0,0,0,0,2.3,0.0,0.0,0.0,0.0,0.0,14
14506,Tee,Higgins,Tee Higgins,/football/player/tee-higgins-14506,,&#9881;,open,,i,,WR,,WR,CIN,DAL,-240,49.50,-5.50,27.50,10.91,0,6500,6500,0,14.81,14.81,14.81,18.8,30.4,8.3,0,0,0,0,2.3,1.3,0.0,0.1,8.6,8.7,14
11763,Aaron,Jones,Aaron Jones,/football/player/aaron-jones-11763,,&#9881;,open,,i,,RB,,RB,MIN,ATL,-247,46.00,-5.50,25.75,10.33,0,6500,6500,0,15.17,15.17,15.17,14.6,25.4,6.3,0,0,0,0,2.3,2.8,0.0,14.3,3.6,17.9,14
15868,Drake,London,Drake London,/football/player/drake-london-15868,,&#9881;,open,,i,,WR,,WR,ATL,MIN,201,46.00,5.50,20.25,10.00,0,6400,6400,0,14.95,14.95,14.95,16.8,30.5,8.2,0,0,0,0,2.3,1.3,0.0,0.1,8.5,8.6,14
14436,Cole,Kmet,Cole Kmet,/football/player/cole-kmet-14436,,&#9881;,open,,i,,TE,,TE,CHI,SF,167,44.00,4.00,20.00,3.83,0,3700,3700,0,8.26,8.26,8.26,9.4,21.8,0.5,0,0,0,0,2.2,1.3,0.0,0.0,4.9,4.9,14
15183,Ja'Marr,Chase,Ja'Marr Chase,/football/player/jamarr-chase-15183,,&#9881;,open,,i,,WR,,WR,CIN,DAL,-240,49.50,-5.50,27.50,12.15,0,8500,8500,0,18.55,18.55,18.55,24.5,49.1,8.3,0,0,0,0,2.2,1.0,0.0,0.2,8.2,8.4,14
11805,Evan,Engram,Evan Engram,/football/player/evan-engram-11805,,&#9881;,open,,i,,TE,,TE,JAX,TEN,159,39.50,3.50,18.00,4.43,0,4800,4800,0,10.71,10.71,10.71,11.8,19.5,7.3,0,0,0,0,2.2,1.4,0.0,0.0,6.9,6.9,14
15902,Trey,McBride,Trey McBride,/football/player/trey-mcbride-15902,,&#9881;,open,,i,,TE,,TE,ARI,SEA,-143,44.50,-2.50,23.50,5.09,0,6100,6100,0,13.38,13.38,13.38,15.5,25.5,6.9,0,0,0,0,2.2,1.2,0.0,0.0,7.4,7.4,14
15909,Kenneth,Walker,Kenneth Walker,/football/player/kenneth-walker-15909,,&#9881;,open,,i,,RB,,RB,SEA,ARI,119,44.50,2.50,21.00,9.51,0,6800,6800,0,15.18,15.18,15.18,16.5,29.2,7.4,0,0,0,0,2.2,3.0,0.0,16.0,4.1,20.1,14
8627,Keenan,Allen,Keenan Allen,/football/player/keenan-allen-8627,,&#9881;,open,,i,,WR,,WR,CHI,SF,167,44.00,4.00,20.00,5.88,0,5600,5600,0,12.46,12.46,12.46,12.4,22.4,4.6,0,0,0,0,2.2,1.4,0.0,0.1,7.5,7.6,14
15802,Rachaad,White,Rachaad White,/football/player/rachaad-white-15802,,&#9881;,open,,i,,RB,,RB,TB,LV,-293,46.50,-6.50,26.50,6.27,0,5300,5300,0,11.41,11.41,11.41,13.0,24.6,4.6,0,0,0,0,2.2,2.3,0.0,8.8,3.6,12.4,14
16032,Cade,Otton,Cade Otton,/football/player/cade-otton-16032,,&#9881;,open,,i,,TE,,TE,TB,LV,-293,46.50,-6.50,26.50,4.38,0,4400,4400,0,9.66,9.66,9.66,11.7,24.8,1.3,0,0,0,0,2.2,1.2,0.0,0.0,5.2,5.2,14
20016,Miami,Dolphins,Miami Dolphins,/football/player/miami-dolphins-20016,,&#9881;,open,,i,,D," <small class=""sm-muted"">(DST)</small>",DST,MIA,NYJ,-265,45.00,-6.50,25.75,2.54,0,3200,3200,0,7.12,7.12,7.12,0.0,0.0,0.0,0,0,0,0,2.2,0.0,0.0,0.0,0.0,0.0,14
20000,Atlanta,Falcons,Atlanta Falcons,/football/player/atlanta-falcons-20000,,&#9881;,open,,i,,D," <small class=""sm-muted"">(DST)</small>",DST,ATL,MIN,201,46.00,5.50,20.25,2.41,0,2500,2500,0,5.54,5.54,5.54,0.0,0.0,0.0,0,0,0,0,2.2,0.0,0.0,0.0,0.0,0.0,14
12477,DJ,Moore,DJ Moore,/football/player/dj-moore-12477,,&#9881;,open,,i,,WR,,WR,CHI,SF,167,44.00,4.00,20.00,7.25,0,6100,6100,0,13.61,13.61,13.61,14.4,27.0,5.3,0,0,0,0,2.2,1.3,0.0,0.2,7.7,7.9,14
15810,Breece,Hall,Breece Hall,/football/player/breece-hall-15810,,&#9881;,open,,i,,RB,,RB,NYJ,MIA,217,45.00,6.50,19.25,9.44,0,7000,7000,0,15.68,15.68,15.68,16.3,28.5,5.3,0,0,0,0,2.2,3.0,0.0,16.9,4.4,21.3,14
13424,DK,Metcalf,DK Metcalf,/football/player/dk-metcalf-13424,"&nbsp;<span class=""red upper bold sm-text"">que</span>",&#9881;,open,,i,,WR,,WR,SEA,ARI,119,44.50,2.50,21.00,7.73,0,6200,6200,0,13.76,13.76,13.76,16.2,28.1,7.9,0,0,0,0,2.2,1.3,0.0,0.1,7.7,7.8,14
17784,Bucky,Irving,Bucky Irving,/football/player/bucky-irving-17784,"&nbsp;<span class=""red upper bold sm-text"">que</span>",&#9881;,open,,i,,RB,,RB,TB,LV,-293,46.50,-6.50,26.50,9.13,0,6600,6600,0,14.27,14.27,14.27,15.0,27.1,4.3,0,0,0,0,2.2,2.5,0.0,13.5,3.1,16.6,14
17716,Brian,Thomas,Brian Thomas,/football/player/brian-thomas-17716,,&#9881;,open,,i,,WR,,WR,JAX,TEN,159,39.50,3.50,18.00,5.49,0,5800,5800,0,12.96,12.96,12.96,13.6,23.7,4.6,0,0,0,0,2.2,1.4,0.0,0.1,7.9,8.0,14
11892,George,Kittle,George Kittle,/football/player/george-kittle-11892,,&#9881;,open,,i,,TE,,TE,SF,CHI,-203,44.00,-4.00,24.00,4.69,0,5800,5800,0,12.94,12.94,12.94,16.6,26.0,5.4,0,0,0,0,2.2,1.0,0.0,0.1,6.0,6.1,14
20015,Kansas City,Chiefs,Kansas City Chiefs,/football/player/kansas-city-chiefs-20015,,&#9881;,open,,i,,D," <small class=""sm-muted"">(DST)</small>",DST,KC,LAC,-202,43.00,-4.00,23.50,3.66,0,3200,3200,0,6.96,6.96,6.96,0.0,0.0,0.0,0,0,0,0,2.2,0.0,0.0,0.0,0.0,0.0,14
16654,Jaxon,Smith-Njigba,Jaxon Smith-Njigba,/football/player/jaxon-smith-njigba-16654,,&#9881;,open,,i,,WR,,WR,SEA,ARI,119,44.50,2.50,21.00,7.43,0,6300,6300,0,13.66,13.66,13.66,16.8,33.5,5.9,0,0,0,0,2.2,1.3,0.0,0.1,8.2,8.3,14
20020,New York,Giants,New York Giants,/football/player/new-york-giants-20020,,&#9881;,open,,i,,D," <small class=""sm-muted"">(DST)</small>",DST,NYG,NO,189,41.00,4.50,18.25,1.27,0,2600,2600,0,5.74,5.74,5.74,0.0,0.0,0.0,0,0,0,0,2.2,0.0,0.0,0.0,0.0,0.0,14
8619,DeAndre,Hopkins,DeAndre Hopkins,/football/player/deandre-hopkins-8619,,&#9881;,open,,i,,WR,,WR,KC,LAC,-202,43.00,-4.00,23.50,6.17,0,5400,5400,0,11.83,11.83,11.83,10.3,23.6,1.4,0,0,0,0,2.2,1.2,0.0,0.1,6.1,6.2,14
16661,De'Von,Achane,De'Von Achane,/football/player/devon-achane-16661,,&#9881;,open,,i,,RB,,RB,MIA,NYJ,-265,45.00,-6.50,25.75,13.54,0,8200,8200,0,17.94,17.94,17.94,17.1,29.6,4.9,0,0,0,0,2.2,2.2,0.0,12.2,5.8,18.0,14
15853,George,Pickens,George Pickens,/football/player/george-pickens-15853,,&#9881;,open,,i,,WR,,WR,PIT,CLE,-300,44.50,-6.50,25.50,8.65,0,6800,6800,0,14.85,14.85,14.85,13.5,22.7,5.9,0,0,0,0,2.2,1.1,0.0,0.1,7.6,7.7,14
16739,Bijan,Robinson,Bijan Robinson,/football/player/bijan-robinson-16739,,&#9881;,open,,i,,RB,,RB,ATL,MIN,201,46.00,5.50,20.25,11.03,0,7500,7500,0,16.71,16.71,16.71,20.0,30.1,11.2,0,0,0,0,2.2,2.7,0.0,15.1,5.0,20.1,14
11734,David,Njoku,David Njoku,/football/player/david-njoku-11734,,&#9881;,open,,i,,TE,,TE,CLE,PIT,238,44.50,6.50,19.00,4.28,0,5100,5100,0,10.83,10.83,10.83,13.0,24.3,2.8,0,0,0,0,2.1,1.3,0.0,0.0,6.7,6.7,14
20026,Seattle,Seahawks,Seattle Seahawks,/football/player/seattle-seahawks-20026,,&#9881;,open,,i,,D," <small class=""sm-muted"">(DST)</small>",DST,SEA,ARI,119,44.50,2.50,21.00,1.00,0,2800,2800,0,5.80,5.80,5.80,0.0,0.0,0.0,0,0,0,0,2.1,0.0,0.0,0.0,0.0,0.0,14
16649,Tucker,Kraft,Tucker Kraft,/football/player/tucker-kraft-16649,,&#9881;,open,,i,,TE,,TE,GB,DET,147,51.50,3.50,24.00,4.10,0,4000,4000,0,8.55,8.55,8.55,10.3,21.3,1.5,0,0,0,0,2.1,1.2,0.0,0.0,4.6,4.6,14
16027,Romeo,Doubs,Romeo Doubs,/football/player/romeo-doubs-16027,"&nbsp;<span class=""red upper bold sm-text"">que</span>",&#9881;,open,,i,,WR,,WR,GB,DET,147,51.50,3.50,24.00,3.97,0,4600,4600,0,9.83,9.83,9.83,9.5,17.6,3.2,0,0,0,0,2.1,1.2,0.0,0.1,5.6,5.7,14
17020,Rome,Odunze,Rome Odunze,/football/player/rome-odunze-17020,,&#9881;,open,,i,,WR,,WR,CHI,SF,167,44.00,4.00,20.00,4.14,0,5000,5000,0,10.36,10.36,10.36,9.7,21.6,2.3,0,0,0,0,2.1,1.3,0.0,0.1,6.3,6.4,14
13556,David,Montgomery,David Montgomery,/football/player/david-montgomery-13556,,&#9881;,open,,i,,RB,,RB,DET,GB,-177,51.50,-3.50,27.50,8.27,0,6800,6800,0,14.52,14.52,14.52,16.6,23.0,10.4,0,0,0,0,2.1,2.3,0.0,13.4,2.3,15.7,14
16697,Dalton,Kincaid,Dalton Kincaid,/football/player/dalton-kincaid-16697,"&nbsp;<span class=""red upper bold sm-text"">que</span>",&#9881;,open,,i,,TE,,TE,BUF,LAR,-223,49.50,-4.50,27.00,3.24,0,4900,4900,0,10.26,10.26,10.26,8.8,12.5,5.0,0,0,0,0,2.1,1.1,0.0,0.0,5.5,5.5,14
15807,Kyren,Williams,Kyren Williams,/football/player/kyren-williams-15807,,&#9881;,open,,i,,RB,,RB,LAR,BUF,182,49.50,4.50,22.50,9.70,0,7300,7300,0,15.61,15.61,15.61,17.6,27.9,9.8,0,0,0,0,2.1,2.7,0.0,16.8,3.0,19.8,14
15332,Amon-Ra,St. Brown,Amon-Ra St. Brown,/football/player/amon-ra-st-brown-15332,,&#9881;,open,,i,,WR,,WR,DET,GB,-177,51.50,-3.50,27.50,10.16,0,7600,7600,0,15.77,15.77,15.77,20.1,35.5,9.7,0,0,0,0,2.1,1.1,0.0,0.4,8.1,8.5,14
16808,Jahmyr,Gibbs,Jahmyr Gibbs,/football/player/jahmyr-gibbs-16808,,&#9881;,open,,i,,RB,,RB,DET,GB,-177,51.50,-3.50,27.50,8.68,0,7100,7100,0,14.55,14.55,14.55,18.8,30.4,11.6,0,0,0,0,2.1,2.2,0.0,12.2,3.3,15.5,14
15984,Jaylen,Warren,Jaylen Warren,/football/player/jaylen-warren-15984,,&#9881;,open,,i,,RB,,RB,PIT,CLE,-300,44.50,-6.50,25.50,5.72,0,5500,5500,0,11.50,11.50,11.50,8.5,14.0,2.8,0,0,0,0,2.1,2.3,0.0,9.6,3.1,12.7,14
20023,Philadelphia,Eagles,Philadelphia Eagles,/football/player/philadelphia-eagles-20023,,&#9881;,open,,i,,D," <small class=""sm-muted"">(DST)</small>",DST,PHI,CAR,-672,46.00,-12.50,29.25,6.48,0,3700,3700,0,7.83,7.83,7.83,0.0,0.0,0.0,0,0,0,0,2.1,0.0,0.0,0.0,0.0,0.0,14
14657,Rico,Dowdle,Rico Dowdle,/football/player/rico-dowdle-14657,,&#9881;,open,,i,,RB,,RB,DAL,CIN,196,49.50,5.50,22.00,7.14,0,6000,6000,0,12.46,12.46,12.46,13.3,22.0,6.2,0,0,0,0,2.1,3.0,0.0,14.5,3.2,17.7,14
16895,Jordan,Addison,Jordan Addison,/football/player/jordan-addison-16895,,&#9881;,open,,i,,WR,,WR,MIN,ATL,-247,46.00,-5.50,25.75,4.91,0,5300,5300,0,10.93,10.93,10.93,13.6,28.1,4.1,0,0,0,0,2.1,1.1,0.0,0.2,5.6,5.8,14
13582,Josh,Jacobs,Josh Jacobs,/football/player/josh-jacobs-13582,"&nbsp;<span class=""red upper bold sm-text"">que</span>",&#9881;,open,,i,,RB,,RB,GB,DET,147,51.50,3.50,24.00,8.30,0,7200,7200,0,15.11,15.11,15.11,18.3,28.8,8.2,0,0,0,0,2.1,2.7,0.0,16.2,3.0,19.2,14
17947,Isaac,Guerendo,Isaac Guerendo,/football/player/isaac-guerendo-17947,,&#9881;,open,,i,,RB,,RB,SF,CHI,-203,44.00,-4.00,24.00,9.17,0,5400,5400,0,11.09,11.09,11.09,3.5,14.4,0.0,0,0,0,0,2.1,2.7,0.0,12.4,2.1,14.5,14
11691,James,Conner,James Conner,/football/player/james-conner-11691,,&#9881;,open,,i,,RB,,RB,ARI,SEA,-143,44.50,-2.50,23.50,8.32,0,6700,6700,0,14.18,14.18,14.18,14.8,21.9,5.9,0,0,0,0,2.1,2.6,0.0,14.5,3.1,17.6,14
10988,Sterling,Shepard,Sterling Shepard,/football/player/sterling-shepard-10988,,&#9881;,open,,i,,WR,,WR,TB,LV,-293,46.50,-6.50,26.50,3.90,0,4000,4000,0,8.36,8.36,8.36,5.9,10.1,1.2,0,0,0,0,2.1,1.2,0.0,0.0,4.6,4.6,14
14509,Justin,Jefferson,Justin Jefferson,/football/player/justin-jefferson-14509,,&#9881;,open,,i,,WR,,WR,MIN,ATL,-247,46.00,-5.50,25.75,9.22,0,7800,7800,0,16.36,16.36,16.36,17.8,25.3,8.0,0,0,0,0,2.1,1.1,0.0,0.1,8.4,8.5,14
14394,D'Andre,Swift,D'Andre Swift,/football/player/dandre-swift-14394,,&#9881;,open,,i,,RB,,RB,CHI,SF,167,44.00,4.00,20.00,6.26,0,5700,5700,0,11.87,11.87,11.87,15.0,26.0,6.8,0,0,0,0,2.1,3.0,0.0,14.1,2.9,17.0,14
17732,Keon,Coleman,Keon Coleman,/football/player/keon-coleman-17732,"&nbsp;<span class=""red upper bold sm-text"">que</span>",&#9881;,open,,i,,WR,,WR,BUF,LAR,-223,49.50,-4.50,27.00,3.48,0,5000,5000,0,9.83,9.83,9.83,9.5,17.9,1.3,0,0,0,0,2.0,1.0,0.0,0.1,5.1,5.2,14
14458,Jerry,Jeudy,Jerry Jeudy,/football/player/jerry-jeudy-14458,,&#9881;,open,,i,,WR,,WR,CLE,PIT,238,44.50,6.50,19.00,5.46,0,5700,5700,0,11.16,11.16,11.16,14.1,33.7,2.4,0,0,0,0,2.0,1.3,0.0,0.1,7.1,7.2,14
17724,Ladd,McConkey,Ladd McConkey,/football/player/ladd-mcconkey-17724,"&nbsp;<span class=""red upper bold sm-text"">que</span>",&#9881;,open,,i,,WR,,WR,LAC,KC,167,43.00,4.00,19.50,5.33,0,6300,6300,0,12.49,12.49,12.49,14.3,27.5,5.2,0,0,0,0,2.0,1.1,0.0,0.1,6.9,7.0,14
16941,Tyjae,Spears,Tyjae Spears,/football/player/tyjae-spears-16941,,&#9881;,open,,i,,RB,,RB,TEN,JAX,-192,39.50,-3.50,21.50,3.48,0,4400,4400,0,8.74,8.74,8.74,5.9,11.0,0.9,0,0,0,0,2.0,2.3,0.0,6.9,3.1,10.0,14
12809,Tyler,Conklin,Tyler Conklin,/football/player/tyler-conklin-12809,,&#9881;,open,,i,,TE,,TE,NYJ,MIA,217,45.00,6.50,19.25,2.63,0,2900,2900,0,5.78,5.78,5.78,6.1,12.7,0.9,0,0,0,0,2.0,1.3,0.0,0.0,3.7,3.7,14
17674,Marvin,Harrison,Marvin Harrison,/football/player/marvin-harrison-17674,,&#9881;,open,,i,,WR,,WR,ARI,SEA,-143,44.50,-2.50,23.50,6.21,0,6000,6000,0,12.16,12.16,12.16,13.4,27.6,1.8,0,0,0,0,2.0,1.1,0.0,0.1,6.8,6.9,14
13432,A.J.,Brown,A.J. Brown,/football/player/aj-brown-13432,,&#9881;,open,,i,,WR,,WR,PHI,CAR,-672,46.00,-12.50,29.25,10.55,0,8100,8100,0,16.53,16.53,16.53,16.7,25.3,7.4,0,0,0,0,2.0,1.0,0.0,0.1,7.7,7.8,14
20027,San Francisco,49ers,San Francisco 49ers,/football/player/san-francisco-49ers-20027,,&#9881;,open,,i,,D," <small class=""sm-muted"">(DST)</small>",DST,SF,CHI,-203,44.00,-4.00,24.00,1.91,0,3100,3100,0,6.25,6.25,6.25,0.0,0.0,0.0,0,0,0,0,2.0,0.0,0.0,0.0,0.0,0.0,14
20022,Las Vegas,Raiders,Las Vegas Raiders,/football/player/las-vegas-raiders-20022,,&#9881;,open,,i,,D," <small class=""sm-muted"">(DST)</small>",DST,LV,TB,233,46.50,6.50,20.00,0.85,0,2300,2300,0,4.56,4.56,4.56,0.0,0.0,0.0,0,0,0,0,2.0,0.0,0.0,0.0,0.0,0.0,14
20006,Cincinnati,Bengals,Cincinnati Bengals,/football/player/cincinnati-bengals-20006,,&#9881;,open,,i,,D," <small class=""sm-muted"">(DST)</small>",DST,CIN,DAL,-240,49.50,-5.50,27.50,1.20,0,3000,3000,0,6.11,6.11,6.11,0.0,0.0,0.0,0,0,0,0,2.0,0.0,0.0,0.0,0.0,0.0,14
11863,Cooper,Kupp,Cooper Kupp,/football/player/cooper-kupp-11863,,&#9881;,open,,i,,WR,,WR,LAR,BUF,182,49.50,4.50,22.50,7.54,0,7000,7000,0,14.16,14.16,14.16,17.1,29.0,6.2,0,0,0,0,2.0,1.2,0.0,0.2,7.9,8.1,14
20028,Los Angeles,Rams,Los Angeles Rams,/football/player/los-angeles-rams-20028,,&#9881;,open,,i,,D," <small class=""sm-muted"">(DST)</small>",DST,LAR,BUF,182,49.50,4.50,22.50,0.62,0,2500,2500,0,5.02,5.02,5.02,0.0,0.0,0.0,0,0,0,0,2.0,0.0,0.0,0.0,0.0,0.0,14
20029,Tampa Bay,Buccaneers,Tampa Bay Buccaneers,/football/player/tampa-bay-buccaneers-20029,,&#9881;,open,,i,,D," <small class=""sm-muted"">(DST)</small>",DST,TB,LV,-293,46.50,-6.50,26.50,2.72,0,3600,3600,0,7.25,7.25,7.25,0.0,0.0,0.0,0,0,0,0,2.0,0.0,0.0,0.0,0.0,0.0,14
9253,Mike,Evans,Mike Evans,/football/player/mike-evans-9253,,&#9881;,open,,i,,WR,,WR,TB,LV,-293,46.50,-6.50,26.50,6.96,0,7200,7200,0,14.32,14.32,14.32,14.1,26.3,4.1,0,0,0,0,2.0,1.0,0.0,0.1,7.4,7.5,14
15406,DeVonta,Smith,DeVonta Smith,/football/player/devonta-smith-15406,"&nbsp;<span class=""red upper bold sm-text"">que</span>",&#9881;,open,,i,,WR,,WR,PHI,CAR,-672,46.00,-12.50,29.25,5.19,0,5800,5800,0,11.35,11.35,11.35,12.7,20.6,2.8,0,0,0,0,2.0,1.0,0.0,0.1,5.7,5.8,14
16790,Puka,Nacua,Puka Nacua,/football/player/puka-nacua-16790,,&#9881;,open,,i,,WR,,WR,LAR,BUF,182,49.50,4.50,22.50,7.61,0,7700,7700,0,15.70,15.70,15.70,18.6,27.9,5.9,0,0,0,0,2.0,1.2,0.0,0.5,8.4,8.9,14
20001,Arizona,Cardinals,Arizona Cardinals,/football/player/arizona-cardinals-20001,,&#9881;,open,,i,,D," <small class=""sm-muted"">(DST)</small>",DST,ARI,SEA,-143,44.50,-2.50,23.50,1.26,0,3000,3000,0,5.96,5.96,5.96,0.0,0.0,0.0,0,0,0,0,2.0,0.0,0.0,0.0,0.0,0.0,14
16899,Quentin,Johnston,Quentin Johnston,/football/player/quentin-johnston-16899,,&#9881;,open,,i,,WR,,WR,LAC,KC,167,43.00,4.00,19.50,3.43,0,4500,4500,0,8.77,8.77,8.77,10.4,22.1,0.8,0,0,0,0,2.0,1.2,0.0,0.1,5.5,5.6,14
13590,Tony,Pollard,Tony Pollard,/football/player/tony-pollard-13590,,&#9881;,open,,i,,RB,,RB,TEN,JAX,-192,39.50,-3.50,21.50,6.53,0,6400,6400,0,12.71,12.71,12.71,13.8,22.6,6.1,0,0,0,0,2.0,3.0,0.0,16.4,2.7,19.1,14
12986,Will,Dissly,Will Dissly,/football/player/will-dissly-12986,,&#9881;,open,,i,,TE,,TE,LAC,KC,167,43.00,4.00,19.50,3.49,0,3800,3800,0,7.50,7.50,7.50,7.7,15.5,1.2,0,0,0,0,2.0,1.1,0.0,0.0,4.2,4.2,14
15468,Najee,Harris,Najee Harris,/football/player/najee-harris-15468,,&#9881;,open,,i,,RB,,RB,PIT,CLE,-300,44.50,-6.50,25.50,6.40,0,6000,6000,0,12.11,12.11,12.11,14.6,22.8,8.0,0,0,0,0,2.0,2.8,0.0,14.2,2.3,16.5,14
16706,Cedric,Tillman,Cedric Tillman,/football/player/cedric-tillman-16706,"&nbsp;<span class=""red upper bold sm-text"">que</span>",&#9881;,open,,i,,WR,,WR,CLE,PIT,238,44.50,6.50,19.00,3.65,0,5100,5100,0,10.15,10.15,10.15,7.8,23.5,0.0,0,0,0,0,2.0,1.4,0.0,0.2,6.8,7.0,14
15265,Kyle,Pitts,Kyle Pitts,/football/player/kyle-pitts-15265,,&#9881;,open,,i,,TE,,TE,ATL,MIN,201,46.00,5.50,20.25,3.07,0,4100,4100,0,8.12,8.12,8.12,8.3,20.5,0.3,0,0,0,0,2.0,1.1,0.0,0.0,4.7,4.7,14
17704,Malik,Nabers,Malik Nabers,/football/player/malik-nabers-17704,,&#9881;,open,,i,,WR,,WR,NYG,NO,189,41.00,4.50,18.25,6.09,0,6900,6900,0,13.46,13.46,13.46,18.0,29.1,8.8,0,0,0,0,2.0,1.3,0.0,0.1,9.2,9.3,14
13429,Deebo,Samuel,Deebo Samuel,/football/player/deebo-samuel-13429,,&#9881;,open,,i,,WR,,WR,SF,CHI,-203,44.00,-4.00,24.00,4.47,0,5900,5900,0,10.94,10.94,10.94,10.6,21.1,1.3,0,0,0,0,1.9,1.3,0.0,2.2,5.3,7.5,14
12934,Marquez,Valdes-Scantling,Marquez Valdes-Scantling,/football/player/marquez-valdes-scantling-12934,,&#9881;,open,,i,,WR,,WR,NO,NYG,-230,41.00,-4.50,22.75,3.32,0,4600,4600,0,8.51,8.51,8.51,6.7,23.0,0.0,0,0,0,0,1.9,1.2,0.0,0.3,5.0,5.3,14
14510,Darnell,Mooney,Darnell Mooney,/football/player/darnell-mooney-14510,,&#9881;,open,,i,,WR,,WR,ATL,MIN,201,46.00,5.50,20.25,4.49,0,5500,5500,0,10.46,10.46,10.46,14.1,28.6,5.0,0,0,0,0,1.9,1.2,0.0,0.1,6.4,6.5,14
20010,Detroit,Lions,Detroit Lions,/football/player/detroit-lions-20010,,&#9881;,open,,i,,D," <small class=""sm-muted"">(DST)</small>",DST,DET,GB,-177,51.50,-3.50,27.50,0.51,0,3100,3100,0,5.81,5.81,5.81,0.0,0.0,0.0,0,0,0,0,1.9,0.0,0.0,0.0,0.0,0.0,14
16977,Jayden,Reed,Jayden Reed,/football/player/jayden-reed-16977,,&#9881;,open,,i,,WR,,WR,GB,DET,147,51.50,3.50,24.00,5.40,0,6200,6200,0,11.88,11.88,11.88,12.8,25.4,4.0,0,0,0,0,1.9,1.1,0.0,1.1,5.5,6.6,14
14411,CeeDee,Lamb,CeeDee Lamb,/football/player/ceedee-lamb-14411,"&nbsp;<span class=""red upper bold sm-text"">que</span>",&#9881;,open,,i,,WR,,WR,DAL,CIN,196,49.50,5.50,22.00,7.13,0,7300,7300,0,14.18,14.18,14.18,16.9,34.8,6.4,0,0,0,0,1.9,1.2,0.0,0.7,7.8,8.5,14
15829,Garrett,Wilson,Garrett Wilson,/football/player/garrett-wilson-15829,,&#9881;,open,,i,,WR,,WR,NYJ,MIA,217,45.00,6.50,19.25,5.67,0,6600,6600,0,12.42,12.42,12.42,15.7,28.5,6.1,0,0,0,0,1.9,1.2,0.0,0.3,7.6,7.9,14
15876,James,Cook,James Cook,/football/player/james-cook-15876,,&#9881;,open,,i,,RB,,RB,BUF,LAR,-223,49.50,-4.50,27.00,6.90,0,7400,7400,0,14.20,14.20,14.20,18.1,28.7,7.9,0,0,0,0,1.9,2.3,0.0,14.5,2.5,17.0,14
15459,Noah,Gray,Noah Gray,/football/player/noah-gray-15459,,&#9881;,open,,i,,TE,,TE,KC,LAC,-202,43.00,-4.00,23.50,2.66,0,3400,3400,0,6.46,6.46,6.46,7.8,18.8,0.3,0,0,0,0,1.9,1.0,0.0,0.0,3.5,3.5,14
20008,Dallas,Cowboys,Dallas Cowboys,/football/player/dallas-cowboys-20008,,&#9881;,open,,i,,D," <small class=""sm-muted"">(DST)</small>",DST,DAL,CIN,196,49.50,5.50,22.00,1.84,0,2600,2600,0,5.03,5.03,5.03,0.0,0.0,0.0,0,0,0,0,1.9,0.0,0.0,0.0,0.0,0.0,14
15404,Jaylen,Waddle,Jaylen Waddle,/football/player/jaylen-waddle-15404,,&#9881;,open,,i,,WR,,WR,MIA,NYJ,-265,45.00,-6.50,25.75,4.20,0,5400,5400,0,10.20,10.20,10.20,9.5,24.2,2.0,0,0,0,0,1.9,1.0,0.0,0.1,5.3,5.4,14
17748,Ja'Tavion,Sanders,Ja'Tavion Sanders,/football/player/jatavion-sanders-17748,"&nbsp;<span class=""red upper bold sm-text"">que</span>",&#9881;,open,,i,,TE,,TE,CAR,PHI,483,46.00,12.50,16.75,1.84,0,3300,3300,0,6.40,6.40,6.40,6.4,11.8,1.0,0,0,0,0,1.9,1.2,0.0,0.0,4.1,4.1,14
9455,Davante,Adams,Davante Adams,/football/player/davante-adams-9455,,&#9881;,open,,i,,WR,,WR,NYJ,MIA,217,45.00,6.50,19.25,4.48,0,6700,6700,0,12.51,12.51,12.51,14.3,25.7,6.2,0,0,0,0,1.9,1.1,0.0,0.1,7.3,7.4,14
13786,Josh,Oliver,Josh Oliver,/football/player/josh-oliver-13786,"&nbsp;<span class=""red upper bold sm-text"">que</span>",&#9881;,open,,i,,TE,,TE,MIN,ATL,-247,46.00,-5.50,25.75,1.64,0,2700,2700,0,5.20,5.20,5.20,6.0,14.4,0.0,0,0,0,0,1.9,1.0,0.0,0.0,2.8,2.8,14
15849,Jameson,Williams,Jameson Williams,/football/player/jameson-williams-15849,,&#9881;,open,,i,,WR,,WR,DET,GB,-177,51.50,-3.50,27.50,4.21,0,5900,5900,0,10.57,10.57,10.57,11.7,22.6,2.2,0,0,0,0,1.8,0.9,0.0,0.4,5.0,5.4,14
15242,Chuba,Hubbard,Chuba Hubbard,/football/player/chuba-hubbard-15242,,&#9881;,open,,i,,RB,,RB,CAR,PHI,483,46.00,12.50,16.75,3.78,0,6200,6200,0,11.31,11.31,11.31,17.1,28.3,5.9,0,0,0,0,1.8,2.7,0.0,14.2,2.5,16.7,14
20011,Green Bay,Packers,Green Bay Packers,/football/player/green-bay-packers-20011,,&#9881;,open,,i,,D," <small class=""sm-muted"">(DST)</small>",DST,GB,DET,147,51.50,3.50,24.00,0.06,0,2700,2700,0,4.79,4.79,4.79,0.0,0.0,0.0,0,0,0,0,1.8,0.0,0.0,0.0,0.0,0.0,14
17967,Tyrone,Tracy,Tyrone Tracy,/football/player/tyrone-tracy-17967,,&#9881;,open,,i,,RB,,RB,NYG,NO,189,41.00,4.50,18.25,3.99,0,5800,5800,0,10.42,10.42,10.42,12.1,23.2,2.0,0,0,0,0,1.8,2.6,0.0,12.4,2.8,15.2,14
17734,Xavier,Legette,Xavier Legette,/football/player/xavier-legette-17734,,&#9881;,open,,i,,WR,,WR,CAR,PHI,483,46.00,12.50,16.75,2.68,0,4900,4900,0,8.90,8.90,8.90,8.6,17.0,1.4,0,0,0,0,1.8,1.3,0.0,0.2,6.1,6.3,14
12886,Nick,Chubb,Nick Chubb,/football/player/nick-chubb-12886,,&#9881;,open,,i,,RB,,RB,CLE,PIT,238,44.50,6.50,19.00,2.96,0,5900,5900,0,10.62,10.62,10.62,9.4,17.1,4.1,0,0,0,0,1.8,2.7,0.0,14.4,1.4,15.8,14
20003,Buffalo,Bills,Buffalo Bills,/football/player/buffalo-bills-20003,,&#9881;,open,,i,,D," <small class=""sm-muted"">(DST)</small>",DST,BUF,LAR,-223,49.50,-4.50,27.00,1.33,0,3300,3300,0,5.94,5.94,5.94,0.0,0.0,0.0,0,0,0,0,1.8,0.0,0.0,0.0,0.0,0.0,14
13426,Noah,Fant,Noah Fant,/football/player/noah-fant-13426,,&#9881;,open,,i,,TE,,TE,SEA,ARI,119,44.50,2.50,21.00,2.15,0,3600,3600,0,6.54,6.54,6.54,7.3,11.7,2.9,0,0,0,0,1.8,1.1,0.0,0.0,3.8,3.8,14
16104,Isiah,Pacheco,Isiah Pacheco,/football/player/isiah-pacheco-16104,,&#9881;,open,,i,,RB,,RB,KC,LAC,-202,43.00,-4.00,23.50,3.19,0,6100,6100,0,10.99,10.99,10.99,11.0,17.2,4.8,0,0,0,0,1.8,2.0,0.0,9.1,3.1,12.2,14
20025,Los Angeles,Chargers,Los Angeles Chargers,/football/player/los-angeles-chargers-20025,,&#9881;,open,,i,,D," <small class=""sm-muted"">(DST)</small>",DST,LAC,KC,167,43.00,4.00,19.50,0.72,0,2900,2900,0,5.11,5.11,5.11,0.0,0.0,0.0,0,0,0,0,1.8,0.0,0.0,0.0,0.0,0.0,14
17976,Jalen,Coker,Jalen Coker,/football/player/jalen-coker-17976,"&nbsp;<span class=""red upper bold sm-text"">que</span>",&#9881;,open,,i,,WR,,WR,CAR,PHI,483,46.00,12.50,16.75,1.39,0,3700,3700,0,6.63,6.63,6.63,7.0,15.4,0.6,0,0,0,0,1.8,1.3,0.0,0.0,4.7,4.7,14
11222,Tyreek,Hill,Tyreek Hill,/football/player/tyreek-hill-11222,,&#9881;,open,,i,,WR,,WR,MIA,NYJ,-265,45.00,-6.50,25.75,5.79,0,7100,7100,0,13.01,13.01,13.01,11.2,18.4,4.1,0,0,0,0,1.8,0.9,0.0,0.2,6.5,6.7,14
16042,Chigoziem,Okonkwo,Chigoziem Okonkwo,/football/player/chigoziem-okonkwo-16042,,&#9881;,open,,i,,TE,,TE,TEN,JAX,-192,39.50,-3.50,21.50,2.45,0,3000,3000,0,5.35,5.35,5.35,5.2,11.4,1.6,0,0,0,0,1.8,1.1,0.0,0.1,3.1,3.2,14
20017,Minnesota,Vikings,Minnesota Vikings,/football/player/minnesota-vikings-20017,,&#9881;,open,,i,,D," <small class=""sm-muted"">(DST)</small>",DST,MIN,ATL,-247,46.00,-5.50,25.75,0.98,0,3400,3400,0,6.16,6.16,6.16,0.0,0.0,0.0,0,0,0,0,1.8,0.0,0.0,0.0,0.0,0.0,14
15946,Christian,Watson,Christian Watson,/football/player/christian-watson-15946,,&#9881;,open,,i,,WR,,WR,GB,DET,147,51.50,3.50,24.00,2.47,0,5100,5100,0,9.00,9.00,9.00,7.2,18.2,0.0,0,0,0,0,1.8,1.0,0.0,0.3,4.7,5.0,14
20021,New York,Jets,New York Jets,/football/player/new-york-jets-20021,,&#9881;,open,,i,,D," <small class=""sm-muted"">(DST)</small>",DST,NYJ,MIA,217,45.00,6.50,19.25,1.12,0,2700,2700,0,4.94,4.94,4.94,0.0,0.0,0.0,0,0,0,0,1.8,0.0,0.0,0.0,0.0,0.0,14
16039,Grant,Calcaterra,Grant Calcaterra,/football/player/grant-calcaterra-16039,,&#9881;,open,,i,,TE,,TE,PHI,CAR,-672,46.00,-12.50,29.25,2.36,0,3500,3500,0,6.37,6.37,6.37,3.3,9.0,0.0,0,0,0,0,1.8,1.1,0.0,0.0,3.7,3.7,14
15385,Travis,Etienne,Travis Etienne,/football/player/travis-etienne-15385,,&#9881;,open,,i,,RB,,RB,JAX,TEN,159,39.50,3.50,18.00,2.80,0,5600,5600,0,9.94,9.94,9.94,8.0,13.7,1.6,0,0,0,0,1.8,2.3,0.0,9.1,3.8,12.9,14
15280,Elijah,Moore,Elijah Moore,/football/player/elijah-moore-15280,,&#9881;,open,,i,,WR,,WR,CLE,PIT,238,44.50,6.50,19.00,2.67,0,4800,4800,0,8.51,8.51,8.51,9.1,19.2,1.6,0,0,0,0,1.8,1.3,0.0,0.3,5.8,6.1,14
16010,Jalen,Tolbert,Jalen Tolbert,/football/player/jalen-tolbert-16010,,&#9881;,open,,i,,WR,,WR,DAL,CIN,196,49.50,5.50,22.00,1.83,0,3800,3800,0,6.40,6.40,6.40,9.6,18.3,4.2,0,0,0,0,1.7,1.1,0.0,0.1,4.2,4.3,14
15267,Pat,Freiermuth,Pat Freiermuth,/football/player/pat-freiermuth-15267,,&#9881;,open,,i,,TE,,TE,PIT,CLE,-300,44.50,-6.50,25.50,2.51,0,3800,3800,0,6.52,6.52,6.52,9.1,16.5,3.7,0,0,0,0,1.7,1.0,0.0,0.0,3.9,3.9,14
10161,Tyler,Lockett,Tyler Lockett,/football/player/tyler-lockett-10161,,&#9881;,open,,i,,WR,,WR,SEA,ARI,119,44.50,2.50,21.00,2.40,0,4300,4300,0,7.12,7.12,7.12,8.2,14.9,2.6,0,0,0,0,1.7,1.0,0.0,0.0,4.1,4.1,14
13286,Tanner,Hudson,Tanner Hudson,/football/player/tanner-hudson-13286,,&#9881;,open,,i,,TE,,TE,CIN,DAL,-240,49.50,-5.50,27.50,1.42,0,2800,2800,0,4.86,4.86,4.86,4.3,13.2,0.0,0,0,0,0,1.7,0.9,0.0,0.0,2.5,2.5,14
9260,Brandin,Cooks,Brandin Cooks,/football/player/brandin-cooks-9260,,&#9881;,open,,i,,WR,,WR,DAL,CIN,196,49.50,5.50,22.00,2.09,0,4700,4700,0,7.98,7.98,7.98,5.1,9.7,2.0,0,0,0,0,1.7,1.1,0.0,0.2,4.8,5.0,14
13822,Foster,Moreau,Foster Moreau,/football/player/foster-moreau-13822,,&#9881;,open,,i,,TE,,TE,NO,NYG,-230,41.00,-4.50,22.75,1.63,0,3100,3100,0,5.38,5.38,5.38,3.9,8.6,0.0,0,0,0,0,1.7,1.0,0.0,0.0,3.0,3.0,14
11710,Curtis,Samuel,Curtis Samuel,/football/player/curtis-samuel-11710,"&nbsp;<span class=""red upper bold sm-text"">que</span>",&#9881;,open,,i,,WR,,WR,BUF,LAR,-223,49.50,-4.50,27.00,1.22,0,3900,3900,0,6.70,6.70,6.70,4.3,13.2,0.0,0,0,0,0,1.7,1.0,0.0,0.6,3.1,3.7,14
17687,Xavier,Worthy,Xavier Worthy,/football/player/xavier-worthy-17687,,&#9881;,open,,i,,WR,,WR,KC,LAC,-202,43.00,-4.00,23.50,2.73,0,4900,4900,0,8.40,8.40,8.40,8.5,15.6,0.8,0,0,0,0,1.7,0.9,0.0,0.1,4.5,4.6,14
12570,Ray-Ray,McCloud,Ray-Ray McCloud,/football/player/ray-ray-mccloud-12570,,&#9881;,open,,i,,WR,,WR,ATL,MIN,201,46.00,5.50,20.25,2.53,0,4500,4500,0,7.81,7.81,7.81,8.5,12.7,3.9,0,0,0,0,1.7,1.2,0.0,0.7,4.7,5.4,14
11163,Demarcus,Robinson,Demarcus Robinson,/football/player/demarcus-robinson-11163,"&nbsp;<span class=""red upper bold sm-text"">que</span>",&#9881;,open,,i,,WR,,WR,LAR,BUF,182,49.50,4.50,22.50,1.80,0,4200,4200,0,6.98,6.98,6.98,9.6,22.3,1.9,0,0,0,0,1.7,1.0,0.0,0.0,4.1,4.1,14
12568,Jordan,Akins,Jordan Akins,/football/player/jordan-akins-12568,,&#9881;,open,,i,,TE,,TE,CLE,PIT,238,44.50,6.50,19.00,1.18,0,2900,2900,0,4.70,4.70,4.70,4.2,9.6,0.2,0,0,0,0,1.6,1.1,0.0,0.0,3.1,3.1,14
17763,Jalen,McMillan,Jalen McMillan,/football/player/jalen-mcmillan-17763,,&#9881;,open,,i,,WR,,WR,TB,LV,-293,46.50,-6.50,26.50,2.23,0,3500,3500,0,5.51,5.51,5.51,3.7,8.0,0.3,0,0,0,0,1.6,0.9,0.0,0.2,3.1,3.3,14
13477,Alexander,Mattison,Alexander Mattison,/football/player/alexander-mattison-13477,"&nbsp;<span class=""red upper bold sm-text"">que</span>",&#9881;,open,,i,,RB,,RB,LV,TB,233,46.50,6.50,20.00,1.04,0,5100,5100,0,7.97,7.97,7.97,9.9,16.0,4.4,0,0,0,0,1.6,1.9,0.0,6.7,3.2,9.9,14
15838,Wan'Dale,Robinson,Wan'Dale Robinson,/football/player/wandale-robinson-15838,,&#9881;,open,,i,,WR,,WR,NYG,NO,189,41.00,4.50,18.25,2.08,0,4800,4800,0,7.53,7.53,7.53,10.0,16.3,4.0,0,0,0,0,1.6,1.2,0.0,0.5,5.1,5.6,14
14750,Nick,Westbrook-Ikhine,Nick Westbrook-Ikhine,/football/player/nick-westbrook-ikhine-14750,,&#9881;,open,,i,,WR,,WR,TEN,JAX,-192,39.50,-3.50,21.50,2.32,0,4700,4700,0,7.42,7.42,7.42,9.8,20.3,0.9,0,0,0,0,1.6,1.0,0.0,0.2,4.4,4.6,14
13532,Mecole,Hardman,Mecole Hardman,/football/player/mecole-hardman-13532,,&#9881;,open,,i,,WR,,WR,KC,LAC,-202,43.00,-4.00,23.50,0.66,0,3000,3000,0,4.46,4.46,4.46,3.0,9.7,0.0,0,0,0,0,1.5,0.9,0.0,0.5,2.3,2.8,14
16658,Dontayvion,Wicks,Dontayvion Wicks,/football/player/dontayvion-wicks-16658,,&#9881;,open,,i,,WR,,WR,GB,DET,147,51.50,3.50,24.00,1.21,0,4300,4300,0,6.25,6.25,6.25,6.3,19.4,0.0,0,0,0,0,1.5,0.8,0.0,0.1,3.2,3.3,14
16694,Tre,Tucker,Tre Tucker,/football/player/tre-tucker-16694,,&#9881;,open,,i,,WR,,WR,LV,TB,233,46.50,6.50,20.00,1.86,0,4600,4600,0,7.09,7.09,7.09,8.8,19.2,0.9,0,0,0,0,1.5,1.0,0.0,0.5,4.1,4.6,14
16957,Michael,Wilson,Michael Wilson,/football/player/michael-wilson-16957,,&#9881;,open,,i,,WR,,WR,ARI,SEA,-143,44.50,-2.50,23.50,1.74,0,4100,4100,0,6.24,6.24,6.24,8.0,13.6,1.6,0,0,0,0,1.5,0.9,0.0,0.0,3.6,3.6,14
16025,Jalen,Nailor,Jalen Nailor,/football/player/jalen-nailor-16025,,&#9881;,open,,i,,WR,,WR,MIN,ATL,-247,46.00,-5.50,25.75,1.02,0,3400,3400,0,4.96,4.96,4.96,5.9,12.7,0.4,0,0,0,0,1.5,0.9,0.0,0.0,3.0,3.0,14
20004,Carolina,Panthers,Carolina Panthers,/football/player/carolina-panthers-20004,,&#9881;,open,,i,,D," <small class=""sm-muted"">(DST)</small>",DST,CAR,PHI,483,46.00,12.50,16.75,0.00,0,2200,2200,0,3.23,3.23,3.23,0.0,0.0,0.0,0,0,0,0,1.5,0.0,0.0,0.0,0.0,0.0,14
15976,Tyler,Allgeier,Tyler Allgeier,/football/player/tyler-allgeier-15976,,&#9881;,open,,i,,RB,,RB,ATL,MIN,201,46.00,5.50,20.25,1.01,0,4500,4500,0,6.69,6.69,6.69,6.7,16.4,1.1,0,0,0,0,1.5,2.2,0.0,8.6,1.3,9.9,14
15447,Joshua,Palmer,Joshua Palmer,/football/player/joshua-palmer-15447,,&#9881;,open,,i,,WR,,WR,LAC,KC,167,43.00,4.00,19.50,1.34,0,4000,4000,0,5.89,5.89,5.89,6.8,12.4,2.6,0,0,0,0,1.5,0.9,0.0,0.0,3.6,3.6,14
13522,Darius,Slayton,Darius Slayton,/football/player/darius-slayton-13522,,&#9881;,open,,i,,WR,,WR,NYG,NO,189,41.00,4.50,18.25,0.98,0,4300,4300,0,6.44,6.44,6.44,8.9,23.5,0.0,0,0,0,0,1.5,0.9,0.0,0.1,4.0,4.1,14
16965,Andrei,Iosivas,Andrei Iosivas,/football/player/andrei-iosivas-16965,,&#9881;,open,,i,,WR,,WR,CIN,DAL,-240,49.50,-5.50,27.50,1.13,0,3900,3900,0,5.80,5.80,5.80,7.1,14.4,0.9,0,0,0,0,1.5,0.8,0.0,0.1,3.1,3.2,14
16889,Darnell,Washington,Darnell Washington,/football/player/darnell-washington-16889,,&#9881;,open,,i,,TE,,TE,PIT,CLE,-300,44.50,-6.50,25.50,1.10,0,2800,2800,0,4.28,4.28,4.28,3.8,7.0,0.6,0,0,0,0,1.5,0.9,0.0,0.0,2.4,2.4,14
12764,Mike,Gesicki,Mike Gesicki,/football/player/mike-gesicki-12764,,&#9881;,open,,i,,TE,,TE,CIN,DAL,-240,49.50,-5.50,27.50,1.75,0,4000,4000,0,5.42,5.42,5.42,8.4,23.7,0.0,0,0,0,0,1.4,0.8,0.0,0.0,3.0,3.0,14
16705,Tank,Bigsby,Tank Bigsby,/football/player/tank-bigsby-16705,,&#9881;,open,,i,,RB,,RB,JAX,TEN,159,39.50,3.50,18.00,0.93,0,5100,5100,0,7.10,7.10,7.10,8.6,24.1,0.0,0,0,0,0,1.4,1.9,0.0,8.3,1.4,9.7,14
14430,Van,Jefferson,Van Jefferson,/football/player/van-jefferson-14430,,&#9881;,open,,i,,WR,,WR,PIT,CLE,-300,44.50,-6.50,25.50,0.61,0,3200,3200,0,4.02,4.02,4.02,4.0,9.0,0.1,0,0,0,0,1.3,0.7,0.0,0.1,2.2,2.3,14
17761,Ricky,Pearsall,Ricky Pearsall,/football/player/ricky-pearsall-17761,,&#9881;,open,,i,,WR,,WR,SF,CHI,-203,44.00,-4.00,24.00,0.85,0,4500,4500,0,5.70,5.70,5.70,5.7,15.2,0.0,0,0,0,0,1.3,0.7,0.0,0.2,3.1,3.3,14
16690,Parker,Washington,Parker Washington,/football/player/parker-washington-16690,,&#9881;,open,,i,,WR,,WR,JAX,TEN,159,39.50,3.50,18.00,0.99,0,4400,4400,0,5.50,5.50,5.50,4.7,18.7,0.0,0,0,0,0,1.3,0.8,0.0,0.2,3.4,3.6,14
15989,Jerome,Ford,Jerome Ford,/football/player/jerome-ford-15989,,&#9881;,open,,i,,RB,,RB,CLE,PIT,238,44.50,6.50,19.00,0.84,0,4900,4900,0,6.52,6.52,6.52,7.0,13.4,2.0,0,0,0,0,1.3,1.6,0.0,5.0,2.8,7.8,14
16897,Zach,Charbonnet,Zach Charbonnet,/football/player/zach-charbonnet-16897,,&#9881;,open,,i,,RB,,RB,SEA,ARI,119,44.50,2.50,21.00,0.85,0,4800,4800,0,6.17,6.17,6.17,9.1,21.1,1.8,0,0,0,0,1.3,1.4,0.0,4.1,2.6,6.7,14
12773,Cedrick,Wilson,Cedrick Wilson,/football/player/cedrick-wilson-12773,,&#9881;,open,,i,,WR,,WR,NO,NYG,-230,41.00,-4.50,22.75,0.69,0,3700,3700,0,4.66,4.66,4.66,3.6,13.5,0.0,0,0,0,0,1.3,0.8,0.0,0.1,2.7,2.8,14
11861,Mack,Hollins,Mack Hollins,/football/player/mack-hollins-11861,,&#9881;,open,,i,,WR,,WR,BUF,LAR,-223,49.50,-4.50,27.00,0.55,0,3500,3500,0,4.50,4.50,4.50,5.1,12.0,0.0,0,0,0,0,1.3,0.7,0.0,0.0,2.5,2.5,14
11739,Kareem,Hunt,Kareem Hunt,/football/player/kareem-hunt-11739,,&#9881;,open,,i,,RB,,RB,KC,LAC,-202,43.00,-4.00,23.50,0.62,0,5500,5500,0,6.42,6.42,6.42,14.2,21.7,5.4,0,0,0,0,1.2,1.4,0.0,6.4,1.4,7.8,14
12061,Tim,Patrick,Tim Patrick,/football/player/tim-patrick-12061,,&#9881;,open,,i,,WR,,WR,DET,GB,-177,51.50,-3.50,27.50,0.65,0,3800,3800,0,4.40,4.40,4.40,4.7,9.0,0.6,0,0,0,0,1.2,0.6,0.0,0.1,2.3,2.4,14
16026,Kevin,Austin,Kevin Austin,/football/player/kevin-austin-16026,,&#9881;,open,,i,,WR,,WR,NO,NYG,-230,41.00,-4.50,22.75,0.87,0,3300,3300,0,4.03,4.03,4.03,5.1,7.1,2.9,0,0,0,0,1.2,0.9,0.0,0.0,3.1,3.1,14
16959,Elijah,Higgins,Elijah Higgins,/football/player/elijah-higgins-16959,,&#9881;,open,,i,,TE,,TE,ARI,SEA,-143,44.50,-2.50,23.50,0.59,0,2500,2500,0,2.98,2.98,2.98,3.7,7.6,0.5,0,0,0,0,1.2,0.7,0.0,0.0,1.7,1.7,14
13449,Devin,Singletary,Devin Singletary,/football/player/devin-singletary-13449,,&#9881;,open,,i,,RB,,RB,NYG,NO,189,41.00,4.50,18.25,0.56,0,4800,4800,0,5.64,5.64,5.64,7.5,16.7,1.8,0,0,0,0,1.2,1.7,0.0,6.6,1.7,8.3,14
17747,Jonathon,Brooks,Jonathon Brooks,/football/player/jonathon-brooks-17747,,&#9881;,open,,i,,RB,,RB,CAR,PHI,483,46.00,12.50,16.75,0.40,0,4700,4700,0,5.39,5.39,5.39,3.9,7.8,0.0,0,0,0,0,1.2,1.5,0.0,5.2,1.9,7.1,14
16036,Daniel,Bellinger,Daniel Bellinger,/football/player/daniel-bellinger-16036,,&#9881;,open,,i,,TE,,TE,NYG,NO,189,41.00,4.50,18.25,0.73,0,2700,2700,0,3.11,3.11,3.11,0.4,2.1,0.0,0,0,0,0,1.2,0.8,0.0,0.0,2.1,2.1,14
15371,Tommy,Tremble,Tommy Tremble,/football/player/tommy-tremble-15371,,&#9881;,open,,i,,TE,,TE,CAR,PHI,483,46.00,12.50,16.75,0.78,0,3000,3000,0,3.64,3.64,3.64,4.2,10.6,0.0,0,0,0,0,1.2,0.8,0.0,0.0,2.4,2.4,14
13587,Ty,Johnson,Ty Johnson,/football/player/ty-johnson-13587,,&#9881;,open,,i,,RB,,RB,BUF,LAR,-223,49.50,-4.50,27.00,0.30,0,4100,4100,0,4.80,4.80,4.80,4.7,11.0,0.5,0,0,0,0,1.2,0.8,0.0,1.3,2.1,3.4,14
10604,Raheem,Mostert,Raheem Mostert,/football/player/raheem-mostert-10604,,&#9881;,open,,i,,RB,,RB,MIA,NYJ,-265,45.00,-6.50,25.75,0.45,0,4900,4900,0,5.99,5.99,5.99,6.7,14.1,0.5,0,0,0,0,1.2,1.3,0.0,4.5,1.7,6.2,14
17777,Malachi,Corley,Malachi Corley,/football/player/malachi-corley-17777,,&#9881;,open,,i,,WR,,WR,NYJ,MIA,217,45.00,6.50,19.25,0.30,0,3000,3000,0,3.32,3.32,3.32,0.8,1.8,0.0,0,0,0,0,1.1,0.7,0.0,0.1,1.9,2.0,14
14383,Cam,Akers,Cam Akers,/football/player/cam-akers-14383,,&#9881;,open,,i,,RB,,RB,MIN,ATL,-247,46.00,-5.50,25.75,0.38,0,4600,4600,0,5.26,5.26,5.26,5.1,11.2,0.3,0,0,0,0,1.1,1.5,0.0,5.5,1.3,6.8,14
17017,Brenton,Strange,Brenton Strange,/football/player/brenton-strange-17017,,&#9881;,open,,i,,TE,,TE,JAX,TEN,159,39.50,3.50,18.00,0.52,0,2500,2500,0,2.82,2.82,2.82,5.2,11.1,0.4,0,0,0,0,1.1,0.7,0.0,0.0,1.7,1.7,14
15850,Jahan,Dotson,Jahan Dotson,/football/player/jahan-dotson-15850,,&#9881;,open,,i,,WR,,WR,PHI,CAR,-672,46.00,-12.50,29.25,0.52,0,3500,3500,0,3.94,3.94,3.94,2.2,4.1,0.4,0,0,0,0,1.1,0.6,0.0,0.0,2.1,2.1,14
10854,Tyler,Higbee,Tyler Higbee,/football/player/tyler-higbee-10854,"&nbsp;<span class=""red upper bold sm-text"">PUP</span>",&#9881;,open,,i,,TE,,TE,LAR,BUF,182,49.50,4.50,22.50,0.22,0,3200,3200,0,3.39,3.39,3.39,0.0,0.0,0.0,0,0,0,0,1.1,0.6,0.0,0.0,1.9,1.9,14
16936,Trey,Palmer,Trey Palmer,/football/player/trey-palmer-16936,,&#9881;,open,,i,,WR,,WR,TB,LV,-293,46.50,-6.50,26.50,0.35,0,3400,3400,0,3.71,3.71,3.71,3.0,9.2,0.0,0,0,0,0,1.1,0.7,0.0,0.2,2.1,2.3,14
13894,KaVontae,Turpin,KaVontae Turpin,/football/player/kavontae-turpin-13894,,&#9881;,open,,i,,WR,,WR,DAL,CIN,196,49.50,5.50,22.00,0.25,0,3600,3600,0,4.08,4.08,4.08,7.0,15.0,0.7,0,0,0,0,1.1,0.6,0.0,0.6,1.5,2.1,14
11877,JuJu,Smith-Schuster,JuJu Smith-Schuster,/football/player/juju-smith-schuster-11877,,&#9881;,open,,i,,WR,,WR,KC,LAC,-202,43.00,-4.00,23.50,0.54,0,3900,3900,0,4.42,4.42,4.42,4.8,17.9,0.0,0,0,0,0,1.1,0.7,0.0,0.2,2.5,2.7,14
17863,Malik,Washington,Malik Washington,/football/player/malik-washington-17863,,&#9881;,open,,i,,WR,,WR,MIA,NYJ,-265,45.00,-6.50,25.75,0.35,0,3000,3000,0,3.20,3.20,3.20,2.7,8.2,0.0,0,0,0,0,1.1,0.7,0.0,0.2,1.9,2.1,14
17045,Xavier,Gipson,Xavier Gipson,/football/player/xavier-gipson-17045,,&#9881;,open,,i,,WR,,WR,NYJ,MIA,217,45.00,6.50,19.25,0.18,0,3000,3000,0,3.43,3.43,3.43,1.3,5.3,0.0,0,0,0,0,1.1,0.7,0.0,0.3,1.9,2.2,14
17738,Jermaine,Burton,Jermaine Burton,/football/player/jermaine-burton-17738,,&#9881;,open,,i,,WR,,WR,CIN,DAL,-240,49.50,-5.50,27.50,0.39,0,3000,3000,0,3.23,3.23,3.23,1.6,4.8,0.0,0,0,0,0,1.1,0.6,0.0,0.0,1.8,1.8,14
16866,Josh,Whyle,Josh Whyle,/football/player/josh-whyle-16866,,&#9881;,open,,i,,TE,,TE,TEN,JAX,-192,39.50,-3.50,21.50,0.45,0,2500,2500,0,2.47,2.47,2.47,2.8,6.9,0.1,0,0,0,0,1.0,0.6,0.0,0.0,1.4,1.4,14
9255,Odell,Beckham,Odell Beckham,/football/player/odell-beckham-9255,,&#9881;,open,,i,,WR,,WR,MIA,NYJ,-265,45.00,-6.50,25.75,0.30,0,3100,3100,0,2.98,2.98,2.98,1.7,4.1,0.0,0,0,0,0,1.0,0.5,0.0,0.0,1.6,1.6,14
11698,Samaje,Perine,Samaje Perine,/football/player/samaje-perine-11698,,&#9881;,open,,i,,RB,,RB,KC,LAC,-202,43.00,-4.00,23.50,0.21,0,4000,4000,0,4.08,4.08,4.08,5.2,11.0,1.6,0,0,0,0,1.0,0.9,0.0,1.3,2.1,3.4,14
16772,Roschon,Johnson,Roschon Johnson,/football/player/roschon-johnson-16772,"&nbsp;<span class=""red upper bold sm-text"">que</span>",&#9881;,open,,i,,RB,,RB,CHI,SF,167,44.00,4.00,20.00,0.30,0,4300,4300,0,4.38,4.38,4.38,6.3,12.8,0.8,0,0,0,0,1.0,1.2,0.0,3.7,1.4,5.1,14
17030,Davis,Allen,Davis Allen,/football/player/davis-allen-17030,,&#9881;,open,,i,,TE,,TE,LAR,BUF,182,49.50,4.50,22.50,0.47,0,2600,2600,0,2.51,2.51,2.51,1.1,6.1,0.0,0,0,0,0,1.0,0.5,0.0,0.0,1.4,1.4,14
15996,Jeremy,Ruckert,Jeremy Ruckert,/football/player/jeremy-ruckert-15996,,&#9881;,open,,i,,TE,,TE,NYJ,MIA,217,45.00,6.50,19.25,0.38,0,2500,2500,0,2.49,2.49,2.49,1.8,3.9,0.1,0,0,0,0,1.0,0.6,0.0,0.0,1.6,1.6,14
17767,Trey,Benson,Trey Benson,/football/player/trey-benson-17767,,&#9881;,open,,i,,RB,,RB,ARI,SEA,-143,44.50,-2.50,23.50,0.34,0,4500,4500,0,4.70,4.70,4.70,3.9,10.4,0.0,0,0,0,0,1.0,1.4,0.0,5.6,0.8,6.4,14
13123,Gus,Edwards,Gus Edwards,/football/player/gus-edwards-13123,,&#9881;,open,,i,,RB,,RB,LAC,KC,167,43.00,4.00,19.50,0.37,0,5300,5300,0,5.12,5.12,5.12,4.0,6.7,1.3,0,0,0,0,1.0,1.5,0.0,7.4,0.4,7.8,14
15222,Kenneth,Gainwell,Kenneth Gainwell,/football/player/kenneth-gainwell-15222,,&#9881;,open,,i,,RB,,RB,PHI,CAR,-672,46.00,-12.50,29.25,0.29,0,5000,5000,0,5.09,5.09,5.09,3.4,7.2,0.3,0,0,0,0,1.0,1.2,0.0,5.1,1.1,6.2,14
12746,Justin,Watson,Justin Watson,/football/player/justin-watson-12746,,&#9881;,open,,i,,WR,,WR,KC,LAC,-202,43.00,-4.00,23.50,0.30,0,3300,3300,0,2.83,2.83,2.83,4.0,7.0,0.8,0,0,0,0,0.9,0.5,0.0,0.0,1.6,1.6,14
14463,Colby,Parkinson,Colby Parkinson,/football/player/colby-parkinson-14463,,&#9881;,open,,i,,TE,,TE,LAR,BUF,182,49.50,4.50,22.50,0.41,0,2800,2800,0,2.53,2.53,2.53,4.5,10.2,0.3,0,0,0,0,0.9,0.5,0.0,0.0,1.4,1.4,14
17185,Jalen,Brooks,Jalen Brooks,/football/player/jalen-brooks-17185,,&#9881;,open,,i,,WR,,WR,DAL,CIN,196,49.50,5.50,22.00,0.15,0,3100,3100,0,2.86,2.86,2.86,2.2,4.5,0.2,0,0,0,0,0.9,0.6,0.0,0.0,1.9,1.9,14
14432,Tyler,Johnson,Tyler Johnson,/football/player/tyler-johnson-14432,,&#9881;,open,,i,,WR,,WR,LAR,BUF,182,49.50,4.50,22.50,0.16,0,3000,3000,0,2.83,2.83,2.83,3.2,8.1,0.0,0,0,0,0,0.9,0.6,0.0,0.0,1.7,1.7,14
16666,Michael,Mayer,Michael Mayer,/football/player/michael-mayer-16666,,&#9881;,open,,i,,TE,,TE,LV,TB,233,46.50,6.50,20.00,0.46,0,2700,2700,0,2.57,2.57,2.57,2.0,2.9,1.4,0,0,0,0,0.9,0.6,0.0,0.0,1.6,1.6,14
17702,Braelon,Allen,Braelon Allen,/football/player/braelon-allen-17702,,&#9881;,open,,i,,RB,,RB,NYJ,MIA,217,45.00,6.50,19.25,0.18,0,5000,5000,0,4.36,4.36,4.36,5.3,15.2,0.2,0,0,0,0,0.9,1.2,0.0,5.1,0.9,6.0,14
13466,Dawson,Knox,Dawson Knox,/football/player/dawson-knox-13466,,&#9881;,open,,i,,TE,,TE,BUF,LAR,-223,49.50,-4.50,27.00,0.53,0,3900,3900,0,3.46,3.46,3.46,3.9,7.8,0.2,0,0,0,0,0.9,0.5,0.0,0.0,1.8,1.8,14
17690,Blake,Corum,Blake Corum,/football/player/blake-corum-17690,,&#9881;,open,,i,,RB,,RB,LAR,BUF,182,49.50,4.50,22.50,0.11,0,4200,4200,0,3.34,3.34,3.34,2.0,4.0,0.1,0,0,0,0,0.8,1.1,0.0,4.1,0.5,4.6,14
17011,Johnny,Wilson,Johnny Wilson,/football/player/johnny-wilson-17011,"&nbsp;<span class=""red upper bold sm-text"">que</span>",&#9881;,open,,i,,WR,,WR,PHI,CAR,-672,46.00,-12.50,29.25,0.13,0,3000,3000,0,2.52,2.52,2.52,0.9,5.4,0.0,0,0,0,0,0.8,0.5,0.0,0.1,1.4,1.5,14
17040,Jake,Bobo,Jake Bobo,/football/player/jake-bobo-17040,,&#9881;,open,,i,,WR,,WR,SEA,ARI,119,44.50,2.50,21.00,0.14,0,3000,3000,0,2.49,2.49,2.49,1.7,4.9,0.0,0,0,0,0,0.8,0.5,0.0,0.0,1.4,1.4,14
15935,Bo,Melton,Bo Melton,/football/player/bo-melton-15935,,&#9881;,open,,i,,WR,,WR,GB,DET,147,51.50,3.50,24.00,0.16,0,3100,3100,0,2.57,2.57,2.57,1.5,3.7,0.0,0,0,0,0,0.8,0.5,0.0,0.0,1.4,1.4,14
10822,Tyler,Boyd,Tyler Boyd,/football/player/tyler-boyd-10822,,&#9881;,open,,i,,WR,,WR,TEN,JAX,-192,39.50,-3.50,21.50,0.27,0,3600,3600,0,2.72,2.72,2.72,5.3,10.1,1.0,0,0,0,0,0.8,0.5,0.0,0.1,1.8,1.9,14
13469,Greg,Dortch,Greg Dortch,/football/player/greg-dortch-13469,,&#9881;,open,,i,,WR,,WR,ARI,SEA,-143,44.50,-2.50,23.50,0.20,0,3200,3200,0,2.52,2.52,2.52,3.6,7.1,0.4,0,0,0,0,0.8,0.5,0.0,0.1,1.5,1.6,14
16709,Rakim,Jarrett,Rakim Jarrett,/football/player/rakim-jarrett-16709,,&#9881;,open,,i,,WR,,WR,TB,LV,-293,46.50,-6.50,26.50,0.11,0,3000,3000,0,2.41,2.41,2.41,3.5,7.8,0.1,0,0,0,0,0.8,0.5,0.0,0.1,1.3,1.4,14
17811,AJ,Barner,AJ Barner,/football/player/aj-barner-17811,,&#9881;,open,,i,,TE,,TE,SEA,ARI,119,44.50,2.50,21.00,0.26,0,3100,3100,0,2.42,2.42,2.42,4.6,9.3,0.7,0,0,0,0,0.8,0.5,0.0,0.0,1.5,1.5,14
17792,Ray,Davis,Ray Davis,/football/player/ray-davis-17792,,&#9881;,open,,i,,RB,,RB,BUF,LAR,-223,49.50,-4.50,27.00,0.19,0,5200,5200,0,4.33,4.33,4.33,7.4,16.2,0.6,0,0,0,0,0.8,0.9,0.0,3.5,1.2,4.7,14
17593,Emanuel,Wilson,Emanuel Wilson,/football/player/emanuel-wilson-17593,,&#9881;,open,,i,,RB,,RB,GB,DET,147,51.50,3.50,24.00,0.09,0,4100,4100,0,3.32,3.32,3.32,4.7,13.1,0.4,0,0,0,0,0.8,1.0,0.0,3.5,0.7,4.2,14
16107,Sincere,McCormick,Sincere McCormick,/football/player/sincere-mccormick-16107,,&#9881;,open,,i,,RB,,RB,LV,TB,233,46.50,6.50,20.00,0.12,0,4600,4600,0,3.49,3.49,3.49,3.9,8.4,0.0,0,0,0,0,0.8,1.1,0.0,4.7,0.4,5.1,14
13809,Drew,Sample,Drew Sample,/football/player/drew-sample-13809,,&#9881;,open,,i,,TE,,TE,CIN,DAL,-240,49.50,-5.50,27.50,0.22,0,2600,2600,0,2.19,2.19,2.19,2.1,8.5,0.0,0,0,0,0,0.8,0.5,0.0,0.0,1.2,1.2,14
15852,Zamir,White,Zamir White,/football/player/zamir-white-15852,"&nbsp;<span class=""red upper bold sm-text"">que</span>",&#9881;,open,,i,,RB,,RB,LV,TB,233,46.50,6.50,20.00,0.06,0,4200,4200,0,3.28,3.28,3.28,3.7,6.7,0.5,0,0,0,0,0.8,0.9,0.0,2.1,1.5,3.6,14
15281,Khalil,Herbert,Khalil Herbert,/football/player/khalil-herbert-15281,,&#9881;,open,,i,,RB,,RB,CIN,DAL,-240,49.50,-5.50,27.50,0.13,0,4000,4000,0,3.05,3.05,3.05,1.4,6.5,0.0,0,0,0,0,0.8,0.8,0.0,2.5,0.6,3.1,14
17821,Kimani,Vidal,Kimani Vidal,/football/player/kimani-vidal-17821,,&#9881;,open,,i,,RB,,RB,LAC,KC,167,43.00,4.00,19.50,0.12,0,4500,4500,0,3.12,3.12,3.12,4.1,11.1,0.0,0,0,0,0,0.7,1.0,0.0,4.1,0.2,4.3,14
17091,Emari,Demercado,Emari Demercado,/football/player/emari-demercado-17091,,&#9881;,open,,i,,RB,,RB,ARI,SEA,-143,44.50,-2.50,23.50,0.08,0,4000,4000,0,2.90,2.90,2.90,4.1,12.6,0.0,0,0,0,0,0.7,0.8,0.0,2.4,0.9,3.3,14
17335,Julian,Hill,Julian Hill,/football/player/julian-hill-17335,,&#9881;,open,,i,,TE,,TE,MIA,NYJ,-265,45.00,-6.50,25.75,0.12,0,2500,2500,0,1.77,1.77,1.77,1.8,4.3,0.0,0,0,0,0,0.7,0.4,0.0,0.0,1.1,1.1,14
10949,Nick,Vannett,Nick Vannett,/football/player/nick-vannett-10949,,&#9881;,open,,i,,TE,,TE,TEN,JAX,-192,39.50,-3.50,21.50,0.11,0,2500,2500,0,1.83,1.83,1.83,2.7,9.1,0.0,0,0,0,0,0.7,0.5,0.0,0.0,1.2,1.2,14
12316,Johnny,Mundt,Johnny Mundt,/football/player/johnny-mundt-12316,,&#9881;,open,,i,,TE,,TE,MIN,ATL,-247,46.00,-5.50,25.75,0.18,0,2600,2600,0,1.93,1.93,1.93,3.6,8.5,0.3,0,0,0,0,0.7,0.4,0.0,0.0,1.1,1.1,14
15229,Tutu,Atwell,Tutu Atwell,/football/player/tutu-atwell-15229,,&#9881;,open,,i,,WR,,WR,LAR,BUF,182,49.50,4.50,22.50,0.13,0,3400,3400,0,2.23,2.23,2.23,7.2,12.5,2.2,0,0,0,0,0.7,0.4,0.0,0.1,1.3,1.4,14
16627,Tucker,Fisk,Tucker Fisk,/football/player/tucker-fisk-16627,,&#9881;,open,,i,,TE,,TE,LAC,KC,167,43.00,4.00,19.50,0.14,0,2500,2500,0,1.73,1.73,1.73,1.1,1.8,0.2,0,0,0,0,0.7,0.4,0.0,0.0,1.0,1.0,14
11885,Mike,Williams,Mike Williams,/football/player/mike-williams-11885,,&#9881;,open,,i,,WR,,WR,PIT,CLE,-300,44.50,-6.50,25.50,0.15,0,3800,3800,0,2.49,2.49,2.49,3.0,8.8,0.0,0,0,0,0,0.7,0.3,0.0,0.0,1.2,1.2,14
14421,Jalen,Reagor,Jalen Reagor,/football/player/jalen-reagor-14421,,&#9881;,open,,i,,WR,,WR,LAC,KC,167,43.00,4.00,19.50,0.05,0,3000,3000,0,2.02,2.02,2.02,2.0,5.0,0.0,0,0,0,0,0.7,0.4,0.0,0.1,1.2,1.3,14
8792,Cordarrelle,Patterson,Cordarrelle Patterson,/football/player/cordarrelle-patterson-8792,,&#9881;,open,,i,,RB,,RB,PIT,CLE,-300,44.50,-6.50,25.50,0.03,0,4100,4100,0,2.75,2.75,2.75,3.8,8.1,0.0,0,0,0,0,0.7,0.7,0.0,2.2,0.7,2.9,14
10251,MyCole,Pruitt,MyCole Pruitt,/football/player/mycole-pruitt-10251,,&#9881;,open,,i,,TE,,TE,PIT,CLE,-300,44.50,-6.50,25.50,0.13,0,2500,2500,0,1.38,1.38,1.38,1.0,3.4,0.0,0,0,0,0,0.6,0.3,0.0,0.0,0.8,0.8,14
11751,Zay,Jones,Zay Jones,/football/player/zay-jones-11751,,&#9881;,open,,i,,WR,,WR,ARI,SEA,-143,44.50,-2.50,23.50,0.08,0,3000,3000,0,1.85,1.85,1.85,0.2,1.0,0.0,0,0,0,0,0.6,0.4,0.0,0.0,1.1,1.1,14
18107,Mason,Tipton,Mason Tipton,/football/player/mason-tipton-18107,,&#9881;,open,,i,,WR,,WR,NO,NYG,-230,41.00,-4.50,22.75,0.11,0,4100,4100,0,2.56,2.56,2.56,2.5,8.1,0.0,0,0,0,0,0.6,0.4,0.0,0.0,1.5,1.5,14
12807,Durham,Smythe,Durham Smythe,/football/player/durham-smythe-12807,,&#9881;,open,,i,,TE,,TE,MIA,NYJ,-265,45.00,-6.50,25.75,0.10,0,2500,2500,0,1.42,1.42,1.42,1.0,1.8,0.1,0,0,0,0,0.6,0.3,0.0,0.0,0.7,0.7,14
10210,Chris,Conley,Chris Conley,/football/player/chris-conley-10210,,&#9881;,open,,i,,WR,,WR,SF,CHI,-203,44.00,-4.00,24.00,0.01,0,3000,3000,0,1.74,1.74,1.74,0.1,1.0,0.0,0,0,0,0,0.6,0.3,0.0,0.1,0.9,1.0,14
11868,Zach,Pascal,Zach Pascal,/football/player/zach-pascal-11868,,&#9881;,open,,i,,WR,,WR,ARI,SEA,-143,44.50,-2.50,23.50,0.01,0,3000,3000,0,1.66,1.66,1.66,0.0,0.0,0.0,0,0,0,0,0.6,0.3,0.0,0.1,0.9,1.0,14
16937,Jonathan,Mingo,Jonathan Mingo,/football/player/jonathan-mingo-16937,,&#9881;,open,,i,,WR,,WR,DAL,CIN,196,49.50,5.50,22.00,0.07,0,3200,3200,0,1.97,1.97,1.97,1.9,5.0,0.0,0,0,0,0,0.6,0.4,0.0,0.0,1.3,1.3,14
17688,Jordan,Whittington,Jordan Whittington,/football/player/jordan-whittington-17688,,&#9881;,open,,i,,WR,,WR,LAR,BUF,182,49.50,4.50,22.50,0.11,0,3000,3000,0,1.92,1.92,1.92,4.2,13.1,0.0,0,0,0,0,0.6,0.4,0.0,0.0,1.1,1.1,14
15464,Tim,Jones,Tim Jones,/football/player/tim-jones-15464,,&#9881;,open,,i,,WR,,WR,JAX,TEN,159,39.50,3.50,18.00,0.02,0,3200,3200,0,2.04,2.04,2.04,0.5,2.3,0.0,0,0,0,0,0.6,0.4,0.0,0.1,1.1,1.2,14
16939,Derius,Davis,Derius Davis,/football/player/derius-davis-16939,,&#9881;,open,,i,,WR,,WR,LAC,KC,167,43.00,4.00,19.50,0.03,0,3000,3000,0,1.79,1.79,1.79,1.6,3.2,0.1,0,0,0,0,0.6,0.3,0.0,0.2,0.8,1.0,14
13036,Brandon,Powell,Brandon Powell,/football/player/brandon-powell-13036,,&#9881;,open,,i,,WR,,WR,MIN,ATL,-247,46.00,-5.50,25.75,0.06,0,3000,3000,0,1.72,1.72,1.72,1.1,3.0,0.0,0,0,0,0,0.6,0.4,0.0,0.2,1.0,1.2,14
16741,Chris,Brooks,Chris Brooks,/football/player/chris-brooks-16741,,&#9881;,open,,i,,RB,,RB,GB,DET,147,51.50,3.50,24.00,0.02,0,4000,4000,0,2.31,2.31,2.31,2.4,6.0,0.0,0,0,0,0,0.6,0.8,0.0,2.8,0.4,3.2,14
17015,Ainias,Smith,Ainias Smith,/football/player/ainias-smith-17015,,&#9881;,open,,i,,WR,,WR,PHI,CAR,-672,46.00,-12.50,29.25,0.01,0,3000,3000,0,1.67,1.67,1.67,0.8,2.3,0.0,0,0,0,0,0.6,0.3,0.0,0.1,0.9,1.0,14
13061,Trent,Sherfield,Trent Sherfield,/football/player/trent-sherfield-13061,,&#9881;,open,,i,,WR,,WR,MIN,ATL,-247,46.00,-5.50,25.75,0.05,0,3000,3000,0,1.79,1.79,1.79,1.9,6.1,0.0,0,0,0,0,0.6,0.3,0.0,0.0,1.0,1.0,14
16855,Luke,Schoonmaker,Luke Schoonmaker,/football/player/luke-schoonmaker-16855,,&#9881;,open,,i,,TE,,TE,DAL,CIN,196,49.50,5.50,22.00,0.27,0,3600,3600,0,2.07,2.07,2.07,4.4,12.2,0.0,0,0,0,0,0.6,0.3,0.0,0.0,1.1,1.1,14
10736,Ezekiel,Elliott,Ezekiel Elliott,/football/player/ezekiel-elliott-10736,,&#9881;,open,,i,,RB,,RB,DAL,CIN,196,49.50,5.50,22.00,0.07,0,4200,4200,0,2.55,2.55,2.55,3.3,8.6,0.2,0,0,0,0,0.6,0.7,0.0,2.3,0.8,3.1,14
11777,Jamaal,Williams,Jamaal Williams,/football/player/jamaal-williams-11777,,&#9881;,open,,i,,RB,,RB,NO,NYG,-230,41.00,-4.50,22.75,0.09,0,4400,4400,0,2.66,2.66,2.66,1.8,3.5,0.4,0,0,0,0,0.6,0.8,0.0,3.0,0.7,3.7,14
17125,Jordan,Mims,Jordan Mims,/football/player/jordan-mims-17125,,&#9881;,open,,i,,RB,,RB,NO,NYG,-230,41.00,-4.50,22.75,0.00,0,4000,4000,0,2.20,2.20,2.20,1.4,4.1,0.0,0,0,0,0,0.6,0.7,0.0,2.1,0.7,2.8,14
15681,Brock,Wright,Brock Wright,/football/player/brock-wright-15681,,&#9881;,open,,i,,TE,,TE,DET,GB,-177,51.50,-3.50,27.50,0.21,0,3000,3000,0,1.70,1.70,1.70,3.1,7.1,0.0,0,0,0,0,0.6,0.3,0.0,0.0,0.9,0.9,14
11887,Pharaoh,Brown,Pharaoh Brown,/football/player/pharaoh-brown-11887,,&#9881;,open,,i,,TE,,TE,SEA,ARI,119,44.50,2.50,21.00,0.07,0,2500,2500,0,1.18,1.18,1.18,0.9,3.1,0.0,0,0,0,0,0.5,0.2,0.0,0.0,0.6,0.6,14
16728,Sean,Tucker,Sean Tucker,/football/player/sean-tucker-16728,,&#9881;,open,,i,,RB,,RB,TB,LV,-293,46.50,-6.50,26.50,0.02,0,4300,4300,0,2.13,2.13,2.13,5.3,26.7,0.0,0,0,0,0,0.5,0.7,0.0,2.7,0.2,2.9,14
16720,Payne,Durham,Payne Durham,/football/player/payne-durham-16720,,&#9881;,open,,i,,TE,,TE,TB,LV,-293,46.50,-6.50,26.50,0.03,0,2500,2500,0,1.14,1.14,1.14,0.5,2.7,0.0,0,0,0,0,0.5,0.2,0.0,0.0,0.6,0.6,14
8930,Kyle,Juszczyk,Kyle Juszczyk,/football/player/kyle-juszczyk-8930,,&#9881;,open,,i,,RB,,RB,SF,CHI,-203,44.00,-4.00,24.00,1.87,0,4000,4000,0,2.04,2.04,2.04,2.7,8.3,0.0,0,0,0,0,0.5,0.4,0.0,0.3,1.1,1.4,14
11737,Gerald,Everett,Gerald Everett,/football/player/gerald-everett-11737,,&#9881;,open,,i,,TE,,TE,CHI,SF,167,44.00,4.00,20.00,0.04,0,2500,2500,0,1.15,1.15,1.15,0.8,3.2,0.0,0,0,0,0,0.5,0.3,0.0,0.0,0.7,0.7,14
17000,Hunter,Luepke,Hunter Luepke,/football/player/hunter-luepke-17000,,&#9881;,open,,i,,RB,,RB,DAL,CIN,196,49.50,5.50,22.00,1.87,0,4000,4000,0,2.14,2.14,2.14,1.9,5.1,0.0,0,0,0,0,0.5,0.5,0.0,1.1,0.8,1.9,14
17908,Brevyn,Spann-Ford,Brevyn Spann-Ford,/football/player/brevyn-spann-ford-17908,,&#9881;,open,,i,,TE,,TE,DAL,CIN,196,49.50,5.50,22.00,0.06,0,2600,2600,0,1.29,1.29,1.29,1.5,6.3,0.0,0,0,0,0,0.5,0.3,0.0,0.0,0.8,0.8,14
17184,Malik,Heath,Malik Heath,/football/player/malik-heath-17184,,&#9881;,open,,i,,WR,,WR,GB,DET,147,51.50,3.50,24.00,0.00,0,3200,3200,0,1.52,1.52,1.52,1.6,7.1,0.0,0,0,0,0,0.5,0.3,0.0,0.1,0.8,0.9,14
15566,Luke,Farrell,Luke Farrell,/football/player/luke-farrell-15566,,&#9881;,open,,i,,TE,,TE,JAX,TEN,159,39.50,3.50,18.00,0.06,0,2500,2500,0,1.35,1.35,1.35,1.3,3.3,0.0,0,0,0,0,0.5,0.3,0.0,0.0,0.8,0.8,14
17800,Jaylen,Wright,Jaylen Wright,/football/player/jaylen-wright-17800,,&#9881;,open,,i,,RB,,RB,MIA,NYJ,-265,45.00,-6.50,25.75,0.06,0,4000,4000,0,2.10,2.10,2.10,2.2,6.6,0.0,0,0,0,0,0.5,0.6,0.0,2.1,0.4,2.5,14
15891,Greg,Dulcich,Greg Dulcich,/football/player/greg-dulcich-15891,,&#9881;,open,,i,,TE,,TE,NYG,NO,189,41.00,4.50,18.25,0.02,0,2500,2500,0,1.18,1.18,1.18,1.5,4.4,0.0,0,0,0,0,0.5,0.3,0.0,0.0,0.7,0.7,14
16735,Israel,Abanikanda,Israel Abanikanda,/football/player/israel-abanikanda-16735,,&#9881;,open,,i,,RB,,RB,SF,CHI,-203,44.00,-4.00,24.00,0.00,0,4000,4000,0,1.74,1.74,1.74,0.0,0.0,0.0,0,0,0,0,0.4,0.7,0.0,2.2,0.4,2.6,14
12216,David,Moore,David Moore,/football/player/david-moore-12216,,&#9881;,open,,i,,WR,,WR,CAR,PHI,483,46.00,12.50,16.75,0.10,0,4000,4000,0,1.78,1.78,1.78,4.7,15.4,0.0,0,0,0,0,0.4,0.3,0.0,0.1,1.1,1.2,14
16333,Deven,Thompkins,Deven Thompkins,/football/player/deven-thompkins-16333,,&#9881;,open,,i,,WR,,WR,CAR,PHI,483,46.00,12.50,16.75,0.00,0,3000,3000,0,1.34,1.34,1.34,1.0,3.8,0.0,0,0,0,0,0.4,0.3,0.0,0.2,0.8,1.0,14
14576,Harrison,Bryant,Harrison Bryant,/football/player/harrison-bryant-14576,,&#9881;,open,,i,,TE,,TE,LV,TB,233,46.50,6.50,20.00,0.03,0,2500,2500,0,1.01,1.01,1.01,2.5,5.2,0.1,0,0,0,0,0.4,0.2,0.0,0.0,0.6,0.6,14
17686,Jamari,Thrash,Jamari Thrash,/football/player/jamari-thrash-17686,"&nbsp;<span class=""red upper bold sm-text"">que</span>",&#9881;,open,,i,,WR,,WR,CLE,PIT,238,44.50,6.50,19.00,0.01,0,3100,3100,0,1.18,1.18,1.18,1.0,2.8,0.0,0,0,0,0,0.4,0.3,0.0,0.0,0.8,0.8,14
12678,D'Ernest,Johnson,D'Ernest Johnson,/football/player/dernest-johnson-12678,,&#9881;,open,,i,,RB,,RB,JAX,TEN,159,39.50,3.50,18.00,0.00,0,4000,4000,0,1.57,1.57,1.57,2.7,8.0,0.0,0,0,0,0,0.4,0.6,0.0,1.8,0.7,2.5,14
17974,Ryan,Flournoy,Ryan Flournoy,/football/player/ryan-flournoy-17974,,&#9881;,open,,i,,WR,,WR,DAL,CIN,196,49.50,5.50,22.00,0.00,0,3000,3000,0,1.12,1.12,1.12,1.1,3.3,0.0,0,0,0,0,0.4,0.2,0.0,0.0,0.7,0.7,14
10234,DeAndre,Carter,DeAndre Carter,/football/player/deandre-carter-10234,,&#9881;,open,,i,,WR,,WR,CHI,SF,167,44.00,4.00,20.00,0.02,0,3000,3000,0,1.19,1.19,1.19,1.2,4.9,0.0,0,0,0,0,0.4,0.4,0.0,0.3,0.8,1.1,14
16714,Jalin,Hyatt,Jalin Hyatt,/football/player/jalin-hyatt-16714,,&#9881;,open,,i,,WR,,WR,NYG,NO,189,41.00,4.50,18.25,0.02,0,3300,3300,0,1.34,1.34,1.34,1.2,5.8,0.0,0,0,0,0,0.4,0.3,0.0,0.0,0.9,0.9,14
16970,Eric,Gray,Eric Gray,/football/player/eric-gray-16970,,&#9881;,open,,i,,RB,,RB,NYG,NO,189,41.00,4.50,18.25,0.02,0,4000,4000,0,1.70,1.70,1.70,1.2,5.5,0.0,0,0,0,0,0.4,0.4,0.0,0.7,0.8,1.5,14
17909,Carson,Steele,Carson Steele,/football/player/carson-steele-17909,,&#9881;,open,,i,,RB,,RB,KC,LAC,-202,43.00,-4.00,23.50,0.00,0,4000,4000,0,1.08,1.08,1.08,1.9,6.3,0.0,0,0,0,0,0.3,0.3,0.0,0.8,0.4,1.2,14
15916,Connor,Heyward,Connor Heyward,/football/player/connor-heyward-15916,,&#9881;,open,,i,,TE,,TE,PIT,CLE,-300,44.50,-6.50,25.50,0.01,0,2500,2500,0,0.73,0.73,0.73,1.2,7.3,0.0,0,0,0,0,0.3,0.2,0.0,0.0,0.5,0.5,14
10126,Ameer,Abdullah,Ameer Abdullah,/football/player/ameer-abdullah-10126,,&#9881;,open,,i,,RB,,RB,LV,TB,233,46.50,6.50,20.00,0.04,0,4700,4700,0,1.64,1.64,1.64,6.2,14.7,0.3,0,0,0,0,0.3,0.4,0.0,1.0,1.0,2.0,14
17008,Jacob,Cowing,Jacob Cowing,/football/player/jacob-cowing-17008,,&#9881;,open,,i,,WR,,WR,SF,CHI,-203,44.00,-4.00,24.00,0.01,0,3000,3000,0,0.88,0.88,0.88,0.6,4.9,0.0,0,0,0,0,0.3,0.2,0.0,0.0,0.5,0.5,14
12447,River,Cracraft,River Cracraft,/football/player/river-cracraft-12447,,&#9881;,open,,i,,WR,,WR,MIA,NYJ,-265,45.00,-6.50,25.75,0.00,0,3000,3000,0,0.80,0.80,0.80,0.0,0.0,0.0,0,0,0,0,0.3,0.2,0.0,0.0,0.6,0.6,14
14608,Charlie,Woerner,Charlie Woerner,/football/player/charlie-woerner-14608,,&#9881;,open,,i,,TE,,TE,ATL,MIN,201,46.00,5.50,20.25,0.01,0,2500,2500,0,0.83,0.83,0.83,0.4,1.8,0.0,0,0,0,0,0.3,0.2,0.0,0.0,0.5,0.5,14
15510,Jack,Stoll,Jack Stoll,/football/player/jack-stoll-15510,,&#9881;,open,,i,,TE,,TE,MIA,NYJ,-265,45.00,-6.50,25.75,0.01,0,2500,2500,0,0.79,0.79,0.79,0.4,1.3,0.0,0,0,0,0,0.3,0.2,0.0,0.0,0.4,0.4,14
15460,Quintin,Morris,Quintin Morris,/football/player/quintin-morris-15460,,&#9881;,open,,i,,TE,,TE,BUF,LAR,-223,49.50,-4.50,27.00,0.01,0,2500,2500,0,0.79,0.79,0.79,0.9,5.2,0.0,0,0,0,0,0.3,0.2,0.0,0.0,0.4,0.4,14
14636,Devin,Duvernay,Devin Duvernay,/football/player/devin-duvernay-14636,,&#9881;,open,,i,,WR,,WR,JAX,TEN,159,39.50,3.50,18.00,0.05,0,3000,3000,0,0.78,0.78,0.78,0.8,3.4,0.0,0,0,0,0,0.3,0.2,0.0,0.2,0.5,0.7,14
13987,Scotty,Miller,Scotty Miller,/football/player/scotty-miller-13987,,&#9881;,open,,i,,WR,,WR,PIT,CLE,-300,44.50,-6.50,25.50,0.00,0,3000,3000,0,0.77,0.77,0.77,0.6,3.8,0.0,0,0,0,0,0.3,0.2,0.0,0.1,0.5,0.6,14
15416,Justin,Fields,Justin Fields,/football/player/justin-fields-15416,,&#9881;,open,,i,,QB,,QB,PIT,CLE,-300,44.50,-6.50,25.50,0.00,0,4900,4900,0,1.47,1.47,1.47,13.9,31.2,1.1,0,0,0,0,0.3,0.4,0.5,1.5,0.0,1.5,14
16321,Stone,Smartt,Stone Smartt,/football/player/stone-smartt-16321,,&#9881;,open,,i,,TE,,TE,LAC,KC,167,43.00,4.00,19.50,0.02,0,2500,2500,0,0.71,0.71,0.71,0.8,3.2,0.0,0,0,0,0,0.3,0.2,0.0,0.0,0.4,0.4,14
15246,Hunter,Long,Hunter Long,/football/player/hunter-long-15246,,&#9881;,open,,i,,TE,,TE,LAR,BUF,182,49.50,4.50,22.50,0.02,0,2500,2500,0,0.70,0.70,0.70,0.9,2.9,0.0,0,0,0,0,0.3,0.2,0.0,0.0,0.6,0.6,14
17048,Keilan,Robinson,Keilan Robinson,/football/player/keilan-robinson-17048,,&#9881;,open,,i,,RB,,RB,JAX,TEN,159,39.50,3.50,18.00,0.00,0,4000,4000,0,0.72,0.72,0.72,0.0,0.0,0.0,0,0,0,0,0.2,0.2,0.0,0.4,0.2,0.6,14
16337,Britain,Covey,Britain Covey,/football/player/britain-covey-16337,"&nbsp;<span class=""red upper bold sm-text"">que</span>",&#9881;,open,,i,,WR,,WR,PHI,CAR,-672,46.00,-12.50,29.25,0.00,0,3000,3000,0,0.45,0.45,0.45,2.6,7.4,0.0,0,0,0,0,0.2,0.1,0.0,0.0,0.3,0.3,14
14514,Clyde,Edwards-Helaire,Clyde Edwards-Helaire,/football/player/clyde-edwards-helaire-14514,,&#9881;,open,,i,,RB,,RB,KC,LAC,-202,43.00,-4.00,23.50,0.00,0,4000,4000,0,0.83,0.83,0.83,0.0,0.0,0.0,0,0,0,0,0.2,0.2,0.0,0.6,0.3,0.9,14
16713,Tyler,Scott,Tyler Scott,/football/player/tyler-scott-16713,,&#9881;,open,,i,,WR,,WR,CHI,SF,167,44.00,4.00,20.00,0.00,0,3000,3000,0,0.52,0.52,0.52,0.0,0.0,0.0,0,0,0,0,0.2,0.1,0.0,0.1,0.3,0.4,14
13418,KhaDarel,Hodge,KhaDarel Hodge,/football/player/khadarel-hodge-13418,,&#9881;,open,,i,,WR,,WR,ATL,MIN,201,46.00,5.50,20.25,0.00,0,3000,3000,0,0.58,0.58,0.58,1.9,10.5,0.0,0,0,0,0,0.2,0.1,0.0,0.0,0.3,0.3,14
16102,Pierre,Strong,Pierre Strong,/football/player/pierre-strong-16102,,&#9881;,open,,i,,RB,,RB,CLE,PIT,238,44.50,6.50,19.00,0.00,0,4000,4000,0,0.95,0.95,0.95,1.8,7.4,0.0,0,0,0,0,0.2,0.3,0.0,0.8,0.4,1.2,14
17972,Jha'Quan,Jackson,Jha'Quan Jackson,/football/player/jhaquan-jackson-17972,,&#9881;,open,,i,,WR,,WR,TEN,JAX,-192,39.50,-3.50,21.50,0.00,0,3000,3000,0,0.52,0.52,0.52,-0.1,0.9,0.0,0,0,0,0,0.2,0.1,0.0,0.0,0.4,0.4,14
16719,Charlie,Jones,Charlie Jones,/football/player/charlie-jones-16719,"&nbsp;<span class=""red upper bold sm-text"">que</span>",&#9881;,open,,i,,WR,,WR,CIN,DAL,-240,49.50,-5.50,27.50,0.05,0,3000,3000,0,0.56,0.56,0.56,0.9,4.6,0.0,0,0,0,0,0.2,0.1,0.0,0.0,0.3,0.3,14
13960,Craig,Reynolds,Craig Reynolds,/football/player/craig-reynolds-13960,,&#9881;,open,,i,,RB,,RB,DET,GB,-177,51.50,-3.50,27.50,0.00,0,4000,4000,0,0.91,0.91,0.91,0.5,1.7,0.0,0,0,0,0,0.2,0.2,0.0,0.3,0.5,0.8,14
15979,Ty,Chandler,Ty Chandler,/football/player/ty-chandler-15979,,&#9881;,open,,i,,RB,,RB,MIN,ATL,-247,46.00,-5.50,25.75,0.00,0,4000,4000,0,0.94,0.94,0.94,1.8,6.4,0.0,0,0,0,0,0.2,0.3,0.0,0.8,0.3,1.1,14
15701,Shane,Zylstra,Shane Zylstra,/football/player/shane-zylstra-15701,,&#9881;,open,,i,,TE,,TE,DET,GB,-177,51.50,-3.50,27.50,0.01,0,2500,2500,0,0.52,0.52,0.52,0.5,2.4,0.0,0,0,0,0,0.2,0.1,0.0,0.0,0.3,0.3,14
17802,Will,Shipley,Will Shipley,/football/player/will-shipley-17802,,&#9881;,open,,i,,RB,,RB,PHI,CAR,-672,46.00,-12.50,29.25,0.00,0,4000,4000,0,0.61,0.61,0.61,0.5,2.5,0.0,0,0,0,0,0.2,0.1,0.0,0.3,0.2,0.5,14
14410,DeeJay,Dallas,DeeJay Dallas,/football/player/deejay-dallas-14410,,&#9881;,open,,i,,RB,,RB,ARI,SEA,-143,44.50,-2.50,23.50,0.00,0,4000,4000,0,0.75,0.75,0.75,0.1,0.7,0.0,0,0,0,0,0.2,0.3,0.0,0.6,0.4,1.0,14
12820,DJ,Chark,DJ Chark,/football/player/dj-chark-12820,,&#9881;,open,,i,,WR,,WR,LAC,KC,167,43.00,4.00,19.50,0.01,0,3100,3100,0,0.48,0.48,0.48,0.0,0.0,0.0,0,0,0,0,0.2,0.1,0.0,0.0,0.3,0.3,14
17866,Tanner,McLachlan,Tanner McLachlan,/football/player/tanner-mclachlan-17866,,&#9881;,open,,i,,TE,,TE,CIN,DAL,-240,49.50,-5.50,27.50,0.00,0,2500,2500,0,0.18,0.18,0.18,0.0,0.0,0.0,0,0,0,0,0.1,0.0,0.0,0.0,0.1,0.1,14
17824,Dallin,Holker,Dallin Holker,/football/player/dallin-holker-17824,,&#9881;,open,,i,,TE,,TE,NO,NYG,-230,41.00,-4.50,22.75,0.00,0,2500,2500,0,0.17,0.17,0.17,0.0,0.0,0.0,0,0,0,0,0.1,0.0,0.0,0.0,0.1,0.1,14
17965,Devin,Culp,Devin Culp,/football/player/devin-culp-17965,,&#9881;,open,,i,,TE,,TE,TB,LV,-293,46.50,-6.50,26.50,0.00,0,2500,2500,0,0.36,0.36,0.36,0.0,0.0,0.0,0,0,0,0,0.1,0.1,0.0,0.0,0.2,0.2,14
17966,Tip,Reiman,Tip Reiman,/football/player/tip-reiman-17966,,&#9881;,open,,i,,TE,,TE,ARI,SEA,-143,44.50,-2.50,23.50,0.00,0,2500,2500,0,0.34,0.34,0.34,0.4,1.5,0.0,0,0,0,0,0.1,0.1,0.0,0.0,0.2,0.2,14
17057,Isaiah,Davis,Isaiah Davis,/football/player/isaiah-davis-17057,,&#9881;,open,,i,,RB,,RB,NYJ,MIA,217,45.00,6.50,19.25,0.00,0,4000,4000,0,0.45,0.45,0.45,1.3,8.5,0.0,0,0,0,0,0.1,0.1,0.0,0.3,0.2,0.5,14
18044,Casey,Washington,Casey Washington,/football/player/casey-washington-18044,,&#9881;,open,,i,,WR,,WR,ATL,MIN,201,46.00,5.50,20.25,0.00,0,3000,3000,0,0.32,0.32,0.32,0.3,1.8,0.0,0,0,0,0,0.1,0.1,0.0,0.0,0.2,0.2,14
17818,Dylan,Laube,Dylan Laube,/football/player/dylan-laube-17818,,&#9881;,open,,i,,RB,,RB,LV,TB,233,46.50,6.50,20.00,0.00,0,4000,4000,0,0.56,0.56,0.56,-0.2,0.1,0.0,0,0,0,0,0.1,0.2,0.0,0.3,0.3,0.6,14
17003,Deuce,Vaughn,Deuce Vaughn,/football/player/deuce-vaughn-17003,,&#9881;,open,,i,,RB,,RB,DAL,CIN,196,49.50,5.50,22.00,0.00,0,4000,4000,0,0.39,0.39,0.39,1.5,2.8,0.1,0,0,0,0,0.1,0.1,0.0,0.2,0.2,0.4,14
17002,Kenny,McIntosh,Kenny McIntosh,/football/player/kenny-mcintosh-17002,,&#9881;,open,,i,,RB,,RB,SEA,ARI,119,44.50,2.50,21.00,0.00,0,4000,4000,0,0.31,0.31,0.31,0.2,0.8,0.0,0,0,0,0,0.1,0.1,0.0,0.2,0.2,0.4,14
17467,Xavier,Smith,Xavier Smith,/football/player/xavier-smith-17467,,&#9881;,open,,i,,WR,,WR,LAR,BUF,182,49.50,4.50,22.50,0.00,0,3000,3000,0,0.25,0.25,0.25,0.6,2.4,0.0,0,0,0,0,0.1,0.1,0.0,0.0,0.2,0.2,14
17039,Jase,McClellan,Jase McClellan,/football/player/jase-mcclellan-17039,"&nbsp;<span class=""red upper bold sm-text"">que</span>",&#9881;,open,,i,,RB,,RB,ATL,MIN,201,46.00,5.50,20.25,0.00,0,4000,4000,0,0.29,0.29,0.29,1.6,1.7,1.5,0,0,0,0,0.1,0.1,0.0,0.2,0.1,0.3,14
17760,Sione,Vaki,Sione Vaki,/football/player/sione-vaki-17760,,&#9881;,open,,i,,RB,,RB,DET,GB,-177,51.50,-3.50,27.50,0.00,0,4000,4000,0,0.57,0.57,0.57,0.4,2.0,0.0,0,0,0,0,0.1,0.2,0.0,0.3,0.3,0.6,14
16108,Ronnie,Rivers,Ronnie Rivers,/football/player/ronnie-rivers-16108,,&#9881;,open,,i,,RB,,RB,LAR,BUF,182,49.50,4.50,22.50,0.00,0,4000,4000,0,0.20,0.20,0.20,0.4,1.9,0.0,0,0,0,0,0.1,0.1,0.0,0.1,0.1,0.2,14
15992,Hassan,Haskins,Hassan Haskins,/football/player/hassan-haskins-15992,,&#9881;,open,,i,,RB,,RB,LAC,KC,167,43.00,4.00,19.50,0.00,0,4300,4300,0,0.43,0.43,0.43,0.7,4.5,0.0,0,0,0,0,0.1,0.2,0.0,0.6,0.2,0.8,14
14629,Josiah,Deguara,Josiah Deguara,/football/player/josiah-deguara-14629,,&#9881;,open,,i,,TE,,TE,JAX,TEN,159,39.50,3.50,18.00,0.00,0,2500,2500,0,0.27,0.27,0.27,0.3,1.4,0.0,0,0,0,0,0.1,0.1,0.0,0.0,0.2,0.2,14
9264,Allen,Robinson,Allen Robinson,/football/player/allen-robinson-9264,,&#9881;,open,,i,,WR,,WR,DET,GB,-177,51.50,-3.50,27.50,0.00,0,3000,3000,0,0.35,0.35,0.35,0.4,1.4,0.0,0,0,0,0,0.1,0.1,0.0,0.0,0.2,0.2,14
11685,D'Onta,Foreman,D'Onta Foreman,/football/player/donta-foreman-11685,,&#9881;,open,,i,,RB,,RB,CLE,PIT,238,44.50,6.50,19.00,0.00,0,4000,4000,0,0.34,0.34,0.34,3.6,6.8,0.6,0,0,0,0,0.1,0.1,0.0,0.2,0.2,0.4,14
15287,Ihmir,Smith-Marsette,Ihmir Smith-Marsette,/football/player/ihmir-smith-marsette-15287,,&#9881;,open,,i,,WR,,WR,NYG,NO,189,41.00,4.50,18.25,0.00,0,3000,3000,0,0.29,0.29,0.29,0.0,0.0,0.0,0,0,0,0,0.1,0.1,0.0,0.0,0.2,0.2,14
11897,Eric,Saubert,Eric Saubert,/football/player/eric-saubert-11897,,&#9881;,open,,i,,TE,,TE,SF,CHI,-203,44.00,-4.00,24.00,0.01,0,2500,2500,0,0.26,0.26,0.26,1.0,4.6,0.0,0,0,0,0,0.1,0.1,0.0,0.0,0.2,0.2,14
15921,Julius,Chestnut,Julius Chestnut,/football/player/julius-chestnut-15921,,&#9881;,open,,i,,RB,,RB,TEN,JAX,-192,39.50,-3.50,21.50,0.00,0,4000,4000,0,0.24,0.24,0.24,1.0,2.9,0.0,0,0,0,0,0.1,0.1,0.0,0.3,0.1,0.4,14
15461,Dee,Eskridge,Dee Eskridge,/football/player/dee-eskridge-15461,,&#9881;,open,,i,,WR,,WR,MIA,NYJ,-265,45.00,-6.50,25.75,0.00,0,3000,3000,0,0.31,0.31,0.31,1.4,3.7,0.0,0,0,0,0,0.1,0.1,0.0,0.0,0.2,0.2,14
12932,Jeff,Wilson,Jeff Wilson,/football/player/jeff-wilson-12932,,&#9881;,open,,i,,RB,,RB,MIA,NYJ,-265,45.00,-6.50,25.75,0.00,0,4000,4000,0,0.21,0.21,0.21,1.2,2.9,0.0,0,0,0,0,0.1,0.1,0.0,0.1,0.1,0.2,14
15198,Trey,Lance,Trey Lance,/football/player/trey-lance-15198,,&#9881;,open,,i,,QB,,QB,DAL,CIN,196,49.50,5.50,22.00,0.00,0,4400,4400,0,0.42,0.42,0.42,0.6,1.7,0.0,0,0,0,0,0.1,0.2,0.3,0.5,0.0,0.5,14
13484,Travis,Homer,Travis Homer,/football/player/travis-homer-13484,,&#9881;,open,,i,,RB,,RB,CHI,SF,167,44.00,4.00,20.00,0.00,0,4000,4000,0,0.34,0.34,0.34,0.1,0.5,0.0,0,0,0,0,0.1,0.1,0.0,0.2,0.2,0.4,14
13548,Trayveon,Williams,Trayveon Williams,/football/player/trayveon-williams-13548,,&#9881;,open,,i,,RB,,RB,CIN,DAL,-240,49.50,-5.50,27.50,0.00,0,4000,4000,0,0.18,0.18,0.18,0.0,0.0,0.0,0,0,0,0,0.1,0.1,0.0,0.1,0.1,0.2,14
16282,Ko,Kieft,Ko Kieft,/football/player/ko-kieft-16282,,&#9881;,open,,i,,TE,,TE,TB,LV,-293,46.50,-6.50,26.50,0,0,2500,2500,0,0.00,0.00,0.00,0.0,0.0,0.0,0,0,0,0,0.0,0.0,0.0,0.0,0.0,0.0,14
17696,Erick,All,Erick All,/football/player/erick-all-17696,"&nbsp;<span class=""red upper bold sm-text"">IR</span>",&#9881;,open,,i,,TE,,TE,CIN,DAL,-240,49.50,-5.50,27.50,0,0,2500,2500,0,0.00,0.00,0.00,4.5,7.0,1.0,0,0,0,0,0.0,0.0,0.0,0.0,0.0,0.0,14
18301,David,Martin-Robinson,David Martin-Robinson,/football/player/david-martin-robinson-18301,,&#9881;,open,,i,,TE,,TE,TEN,JAX,-192,39.50,-3.50,21.50,0,0,2500,2500,0,0.00,0.00,0.00,0.0,0.0,0.0,0,0,0,0,0.0,0.0,0.0,0.0,0.0,0.0,14
10507,Geoff,Swaim,Geoff Swaim,/football/player/geoff-swaim-10507,"&nbsp;<span class=""red upper bold sm-text"">IR</span>",&#9881;,open,,i,,TE,,TE,CLE,PIT,238,44.50,6.50,19.00,0,0,2500,2500,0,0.00,0.00,0.00,0.2,1.3,0.0,0,0,0,0,0.0,0.0,0.0,0.0,0.0,0.0,14
4891,Marcedes,Lewis,Marcedes Lewis,/football/player/marcedes-lewis-4891,,&#9881;,open,,i,,TE,,TE,CHI,SF,167,44.00,4.00,20.00,0,0,2500,2500,0,0.00,0.00,0.00,0.1,0.8,0.0,0,0,0,0,0.0,0.0,0.0,0.0,0.0,0.0,14
18284,Cam,Grandy,Cam Grandy,/football/player/cam-grandy-18284,,&#9881;,open,,i,,TE,,TE,CIN,DAL,-240,49.50,-5.50,27.50,0,0,2500,2500,0,0.00,0.00,0.00,0.3,1.0,0.0,0,0,0,0,0.0,0.0,0.0,0.0,0.0,0.0,14
12858,Ian,Thomas,Ian Thomas,/football/player/ian-thomas-12858,"&nbsp;<span class=""red upper bold sm-text"">IR</span>",&#9881;,open,,i,,TE,,TE,CAR,PHI,483,46.00,12.50,16.75,0,0,2500,2500,0,0.00,0.00,0.00,0.7,2.1,0.0,0,0,0,0,0.0,0.0,0.0,0.0,0.0,0.0,14
13030,Ross,Dwelley,Ross Dwelley,/football/player/ross-dwelley-13030,,&#9881;,open,,i,,TE,,TE,ATL,MIN,201,46.00,5.50,20.25,0,0,2500,2500,0,0.00,0.00,0.00,0.1,1.0,0.0,0,0,0,0,0.0,0.0,0.0,0.0,0.0,0.0,14
17939,David,White,David White,/football/player/david-white-17939,"&nbsp;<span class=""red upper bold sm-text"">IR</span>",&#9881;,open,,i,,WR,,WR,JAX,TEN,159,39.50,3.50,18.00,0,0,3000,3000,0,0.00,0.00,0.00,0.0,0.0,0.0,0,0,0,0,0.0,0.0,0.0,0.0,0.0,0.0,14
14370,AJ,Dillon,AJ Dillon,/football/player/aj-dillon-14370,"&nbsp;<span class=""red upper bold sm-text"">IR</span>",&#9881;,open,,i,,RB,,RB,GB,DET,147,51.50,3.50,24.00,0,0,4000,4000,0,0.00,0.00,0.00,0.0,0.0,0.0,0,0,0,0,0.0,0.0,0.0,0.0,0.0,0.0,14
17978,Tahj,Washington,Tahj Washington,/football/player/tahj-washington-17978,"&nbsp;<span class=""red upper bold sm-text"">IR</span>",&#9881;,open,,i,,WR,,WR,MIA,NYJ,-265,45.00,-6.50,25.75,0,0,3000,3000,0,0.00,0.00,0.00,0.0,0.0,0.0,0,0,0,0,0.0,0.0,0.0,0.0,0.0,0.0,14
17782,Spencer,Rattler,Spencer Rattler,/football/player/spencer-rattler-17782,,&#9881;,open,,i,,QB,,QB,NO,NYG,-230,41.00,-4.50,22.75,0,0,4000,4000,0,0.00,0.00,0.00,9.7,14.2,5.8,0,0,0,0,0.0,0.0,0.0,0.0,0.0,0.0,14
18302,Bryce,Oliver,Bryce Oliver,/football/player/bryce-oliver-18302,,&#9881;,open,,i,,WR,,WR,TEN,JAX,-192,39.50,-3.50,21.50,0,0,3000,3000,0,0.00,0.00,0.00,1.7,4.2,0.0,0,0,0,0,0.0,0.0,0.0,0.0,0.0,0.0,14
11599,C.J.,Ham,C.J. Ham,/football/player/cj-ham-11599,,&#9881;,open,,i,,RB,,RB,MIN,ATL,-247,46.00,-5.50,25.75,0,0,4000,4000,0,0.00,0.00,0.00,0.6,4.9,0.0,0,0,0,0,0.0,0.0,0.0,0.0,0.0,0.0,14
12884,Dante,Pettis,Dante Pettis,/football/player/dante-pettis-12884,,&#9881;,open,,i,,WR,,WR,NO,NYG,-230,41.00,-4.50,22.75,0,0,3100,3100,0,0.00,0.00,0.00,1.7,1.9,1.5,0,0,0,0,0.0,0.0,0.0,0.0,0.0,0.0,14
14002,Malik,Taylor,Malik Taylor,/football/player/malik-taylor-14002,"&nbsp;<span class=""red upper bold sm-text"">IR</span>",&#9881;,open,,i,,WR,,WR,NYJ,MIA,217,45.00,6.50,19.25,0,0,3000,3000,0,0.00,0.00,0.00,0.0,0.0,0.0,0,0,0,0,0.0,0.0,0.0,0.0,0.0,0.0,14
16963,Rashee,Rice,Rashee Rice,/football/player/rashee-rice-16963,"&nbsp;<span class=""red upper bold sm-text"">IR</span>",&#9881;,open,,i,,WR,,WR,KC,LAC,-202,43.00,-4.00,23.50,0,0,3000,3000,0,0.00,0.00,0.00,16.9,32.5,0.4,0,0,0,0,0.0,0.0,0.0,0.0,0.0,0.0,14
17404,Evan,Deckers,Evan Deckers,/football/player/evan-deckers-17404,,&#9881;,open,,i,,TE,,TE,TB,LV,-293,46.50,-6.50,26.50,0,0,2500,2500,0,0.00,0.00,0.00,0.0,0.0,0.0,0,0,0,0,0.0,0.0,0.0,0.0,0.0,0.0,14
14131,Stephen,Carlson,Stephen Carlson,/football/player/stephen-carlson-14131,"&nbsp;<span class=""red upper bold sm-text"">IR</span>",&#9881;,open,,i,,TE,,TE,CHI,SF,167,44.00,4.00,20.00,0,0,2500,2500,0,0.00,0.00,0.00,0.0,0.0,0.0,0,0,0,0,0.0,0.0,0.0,0.0,0.0,0.0,14
18260,Ian,Wheeler,Ian Wheeler,/football/player/ian-wheeler-18260,"&nbsp;<span class=""red upper bold sm-text"">IR</span>",&#9881;,open,,i,,RB,,RB,CHI,SF,167,44.00,4.00,20.00,0,0,4000,4000,0,0.00,0.00,0.00,0.0,0.0,0.0,0,0,0,0,0.0,0.0,0.0,0.0,0.0,0.0,14
15106,Jonathan,Ward,Jonathan Ward,/football/player/jonathan-ward-15106,,&#9881;,open,,i,,RB,,RB,PIT,CLE,-300,44.50,-6.50,25.50,0,0,4000,4000,0,0.00,0.00,0.00,0.6,1.3,0.0,0,0,0,0,0.0,0.0,0.0,0.0,0.0,0.0,14
10033,Chris,Manhertz,Chris Manhertz,/football/player/chris-manhertz-10033,,&#9881;,open,,i,,TE,,TE,NYG,NO,189,41.00,4.50,18.25,0,0,2600,2600,0,0.00,0.00,0.00,0.7,5.0,0.0,0,0,0,0,0.0,0.0,0.0,0.0,0.0,0.0,14
17700,Michael,Penix,Michael Penix,/football/player/michael-penix-17700,,&#9881;,open,,i,,QB,,QB,ATL,MIN,201,46.00,5.50,20.25,0,0,4500,4500,0,0.00,0.00,0.00,0.8,1.0,0.5,0,0,0,0,0.0,0.0,0.0,0.0,0.0,0.0,14
18041,Xavier,Weaver,Xavier Weaver,/football/player/xavier-weaver-18041,,&#9881;,open,,i,,WR,,WR,ARI,SEA,-143,44.50,-2.50,23.50,0,0,3000,3000,0,0.00,0.00,0.00,0.0,0.0,0.0,0,0,0,0,0.0,0.0,0.0,0.0,0.0,0.0,14
11429,Kalif,Raymond,Kalif Raymond,/football/player/kalif-raymond-11429,"&nbsp;<span class=""red upper bold sm-text"">IR</span>",&#9881;,open,,i,,WR,,WR,DET,GB,-177,51.50,-3.50,27.50,0,0,3400,3400,0,0.00,0.00,0.00,5.3,13.3,0.0,0,0,0,0,0.0,0.0,0.0,0.0,0.0,0.0,14
17043,Roman,Wilson,Roman Wilson,/football/player/roman-wilson-17043,"&nbsp;<span class=""red upper bold sm-text"">IR</span>",&#9881;,open,,i,,WR,,WR,PIT,CLE,-300,44.50,-6.50,25.50,0,0,3000,3000,0,0.00,0.00,0.00,0.0,0.0,0.0,0,0,0,0,0.0,0.0,0.0,0.0,0.0,0.0,14
14844,Reggie,Gilliam,Reggie Gilliam,/football/player/reggie-gilliam-14844,,&#9881;,open,,i,,RB,,RB,BUF,LAR,-223,49.50,-4.50,27.00,0,0,4000,4000,0,0.00,0.00,0.00,0.0,0.0,0.0,0,0,0,0,0.0,0.0,0.0,0.0,0.0,0.0,14
14318,Gunner,Olszewski,Gunner Olszewski,/football/player/gunner-olszewski-14318,"&nbsp;<span class=""red upper bold sm-text"">IR</span>",&#9881;,open,,i,,WR,,WR,NYG,NO,189,41.00,4.50,18.25,0,0,3000,3000,0,0.00,0.00,0.00,0.0,0.0,0.0,0,0,0,0,0.0,0.0,0.0,0.0,0.0,0.0,14
14545,Collin,Johnson,Collin Johnson,/football/player/collin-johnson-14545,,&#9881;,open,,i,,WR,,WR,CHI,SF,167,44.00,4.00,20.00,0,0,3000,3000,0,0.00,0.00,0.00,0.0,0.0,0.0,0,0,0,0,0.0,0.0,0.0,0.0,0.0,0.0,14
11834,Joshua,Dobbs,Joshua Dobbs,/football/player/joshua-dobbs-11834,,&#9881;,open,,i,,QB,,QB,SF,CHI,-203,44.00,-4.00,24.00,0,0,4200,4200,0,0.00,0.00,0.00,0.0,0.0,0.0,0,0,0,0,0.0,0.0,0.0,0.0,0.0,0.0,14
7357,Tyrod,Taylor,Tyrod Taylor,/football/player/tyrod-taylor-7357,,&#9881;,open,,i,,QB,,QB,NYJ,MIA,217,45.00,6.50,19.25,0,0,4800,4800,0,0.00,0.00,0.00,6.1,6.1,6.1,0,0,0,0,0.0,0.0,0.0,0.0,0.0,0.0,14
12771,Braxton,Berrios,Braxton Berrios,/football/player/braxton-berrios-12771,"&nbsp;<span class=""red upper bold sm-text"">IR</span>",&#9881;,open,,i,,WR,,WR,MIA,NYJ,-265,45.00,-6.50,25.75,0,0,3000,3000,0,0.00,0.00,0.00,0.0,0.0,0.0,0,0,0,0,0.0,0.0,0.0,0.0,0.0,0.0,14
12629,Mason,Rudolph,Mason Rudolph,/football/player/mason-rudolph-12629,,&#9881;,open,,i,,QB,,QB,TEN,JAX,-192,39.50,-3.50,21.50,0,0,4500,4500,0,0.00,0.00,0.00,13.8,21.7,4.6,0,0,0,0,0.0,0.0,0.0,0.0,0.0,0.0,14
17894,Jared,Wiley,Jared Wiley,/football/player/jared-wiley-17894,"&nbsp;<span class=""red upper bold sm-text"">IR</span>",&#9881;,open,,i,,TE,,TE,KC,LAC,-202,43.00,-4.00,23.50,0,0,2500,2500,0,0.00,0.00,0.00,0.3,1.3,0.0,0,0,0,0,0.0,0.0,0.0,0.0,0.0,0.0,14
9320,Jimmy,Garoppolo,Jimmy Garoppolo,/football/player/jimmy-garoppolo-9320,,&#9881;,open,,i,,QB,,QB,LAR,BUF,182,49.50,4.50,22.50,0,0,4200,4200,0,0.00,0.00,0.00,0.0,0.0,0.0,0,0,0,0,0.0,0.0,0.0,0.0,0.0,0.0,14
12623,Kyle,Allen,Kyle Allen,/football/player/kyle-allen-12623,,&#9881;,open,,i,,QB,,QB,PIT,CLE,-300,44.50,-6.50,25.50,0,0,4000,4000,0,0.00,0.00,0.00,0.8,0.8,0.8,0,0,0,0,0.0,0.0,0.0,0.0,0.0,0.0,14
12630,Nyheim,Miller-Hines,Nyheim Miller-Hines,/football/player/nyheim-miller-hines-12630,"&nbsp;<span class=""red upper bold sm-text"">NFI</span>",&#9881;,open,,i,,RB,,RB,CLE,PIT,238,44.50,6.50,19.00,0,0,4000,4000,0,0.00,0.00,0.00,0.0,0.0,0.0,0,0,0,0,0.0,0.0,0.0,0.0,0.0,0.0,14
17809,Jordan,Travis,Jordan Travis,/football/player/jordan-travis-17809,"&nbsp;<span class=""red upper bold sm-text"">NFI</span>",&#9881;,open,,i,,QB,,QB,NYJ,MIA,217,45.00,6.50,19.25,0,0,4000,4000,0,0.00,0.00,0.00,0.0,0.0,0.0,0,0,0,0,0.0,0.0,0.0,0.0,0.0,0.0,14
12511,Nick,Mullens,Nick Mullens,/football/player/nick-mullens-12511,,&#9881;,open,,i,,QB,,QB,MIN,ATL,-247,46.00,-5.50,25.75,0,0,4000,4000,0,0.00,0.00,0.00,0.4,0.9,0.0,0,0,0,0,0.0,0.0,0.0,0.0,0.0,0.0,14
17795,MarShawn,Lloyd,MarShawn Lloyd,/football/player/marshawn-lloyd-17795,"&nbsp;<span class=""red upper bold sm-text"">NFI</span>",&#9881;,open,,i,,RB,,RB,GB,DET,147,51.50,3.50,24.00,0,0,4000,4000,0,0.00,0.00,0.00,2.8,2.8,2.8,0,0,0,0,0.0,0.0,0.0,0.0,0.0,0.0,14
13521,Miles,Sanders,Miles Sanders,/football/player/miles-sanders-13521,"&nbsp;<span class=""red upper bold sm-text"">IR</span>",&#9881;,open,,i,,RB,,RB,CAR,PHI,483,46.00,12.50,16.75,0,0,4000,4000,0,0.00,0.00,0.00,5.4,10.5,0.9,0,0,0,0,0.0,0.0,0.0,0.0,0.0,0.0,14
14386,Brandon,Aiyuk,Brandon Aiyuk,/football/player/brandon-aiyuk-14386,"&nbsp;<span class=""red upper bold sm-text"">IR</span>",&#9881;,open,,i,,WR,,WR,SF,CHI,-203,44.00,-4.00,24.00,0,0,3000,3000,0,0.00,0.00,0.00,9.3,21.3,3.1,0,0,0,0,0.0,0.0,0.0,0.0,0.0,0.0,14
17977,Isaiah,Williams,Isaiah Williams,/football/player/isaiah-williams-17977,,&#9881;,open,,i,,WR,,WR,CIN,DAL,-240,49.50,-5.50,27.50,0,0,3000,3000,0,0.00,0.00,0.00,0.9,2.5,0.0,0,0,0,0,0.0,0.0,0.0,0.0,0.0,0.0,14
18240,Jaaron,Hayek,Jaaron Hayek,/football/player/jaaron-hayek-18240,"&nbsp;<span class=""red upper bold sm-text"">IR</span>",&#9881;,open,,i,,WR,,WR,KC,LAC,-202,43.00,-4.00,23.50,0,0,3000,3000,0,0.00,0.00,0.00,0.0,0.0,0.0,0,0,0,0,0.0,0.0,0.0,0.0,0.0,0.0,14
11709,Mitchell,Trubisky,Mitchell Trubisky,/football/player/mitchell-trubisky-11709,,&#9881;,open,,i,,QB,,QB,BUF,LAR,-223,49.50,-4.50,27.00,0,0,4100,4100,0,0.00,0.00,0.00,-0.1,0.1,0.0,0,0,0,0,0.0,0.0,0.0,0.0,0.0,0.0,14
10856,Carson,Wentz,Carson Wentz,/football/player/carson-wentz-10856,,&#9881;,open,,i,,QB,,QB,KC,LAC,-202,43.00,-4.00,23.50,0,0,4300,4300,0,0.00,0.00,0.00,0.0,0.0,0.0,0,0,0,0,0.0,0.0,0.0,0.0,0.0,0.0,14
13741,Gardner,Minshew,Gardner Minshew,/football/player/gardner-minshew-13741,"&nbsp;<span class=""red upper bold sm-text"">IR</span>",&#9881;,open,,i,,QB,,QB,LV,TB,233,46.50,6.50,20.00,0,0,4000,4000,0,0.00,0.00,0.00,10.8,17.9,3.7,0,0,0,0,0.0,0.0,0.0,0.0,0.0,0.0,14
17829,Cody,Schrader,Cody Schrader,/football/player/cody-schrader-17829,,&#9881;,open,,i,,RB,,RB,LAR,BUF,182,49.50,4.50,22.50,0.00,0,4000,4000,0,0.17,0.17,0.17,0.0,0.0,0.0,0,0,0,0,0.0,0.1,0.0,0.1,0.1,0.2,14
10179,Taylor,Heinicke,Taylor Heinicke,/football/player/taylor-heinicke-10179,,&#9881;,open,,i,,QB,,QB,LAC,KC,167,43.00,4.00,19.50,0,0,4000,4000,0,0.00,0.00,0.00,1.0,1.0,1.0,0,0,0,0,0.0,0.0,0.0,0.0,0.0,0.0,14
11712,Deshaun,Watson,Deshaun Watson,/football/player/deshaun-watson-11712,"&nbsp;<span class=""red upper bold sm-text"">IR</span>",&#9881;,open,,i,,QB,,QB,CLE,PIT,238,44.50,6.50,19.00,0,0,4000,4000,0,0.00,0.00,0.00,11.7,17.5,5.9,0,0,0,0,0.0,0.0,0.0,0.0,0.0,0.0,14
10882,Brandon,Allen,Brandon Allen,/football/player/brandon-allen-10882,,&#9881;,open,,i,,QB,,QB,SF,CHI,-203,44.00,-4.00,24.00,0,0,4200,4200,0,0.00,0.00,0.00,5.2,11.6,0.0,0,0,0,0,0.0,0.0,0.0,0.0,0.0,0.0,14
10462,C.J.,Uzomah,C.J. Uzomah,/football/player/cj-uzomah-10462,,&#9881;,open,,i,,TE,,TE,PHI,CAR,-672,46.00,-12.50,29.25,0,0,2500,2500,0,0.00,0.00,0.00,0.0,0.0,0.0,0,0,0,0,0.0,0.0,0.0,0.0,0.0,0.0,14
17942,Bub,Means,Bub Means,/football/player/bub-means-17942,"&nbsp;<span class=""red upper bold sm-text"">IR</span>",&#9881;,open,,i,,WR,,WR,NO,NYG,-230,41.00,-4.50,22.75,0,0,3000,3000,0,0.00,0.00,0.00,4.5,13.0,0.0,0,0,0,0,0.0,0.0,0.0,0.0,0.0,0.0,14
11833,C.J.,Beathard,C.J. Beathard,/football/player/cj-beathard-11833,,&#9881;,open,,i,,QB,,QB,JAX,TEN,159,39.50,3.50,18.00,0,0,4000,4000,0,0.00,0.00,0.00,0.0,0.0,0.0,0,0,0,0,0.0,0.0,0.0,0.0,0.0,0.0,14
15324,Feleipe,Franks,Feleipe Franks,/football/player/feleipe-franks-15324,,&#9881;,open,,i,,TE,,TE,CAR,PHI,483,46.00,12.50,16.75,0,0,2500,2500,0,0.00,0.00,0.00,0.0,0.0,0.0,0,0,0,0,0.0,0.0,0.0,0.0,0.0,0.0,14
14494,Joshua,Kelley,Joshua Kelley,/football/player/joshua-kelley-14494,,&#9881;,open,,i,,RB,,RB,TEN,JAX,-192,39.50,-3.50,21.50,0,0,4000,4000,0,0.00,0.00,0.00,0.0,0.0,0.0,0,0,0,0,0.0,0.0,0.0,0.0,0.0,0.0,14
13620,Brett,Rypien,Brett Rypien,/football/player/brett-rypien-13620,,&#9881;,open,,i,,QB,,QB,MIN,ATL,-247,46.00,-5.50,25.75,0,0,4000,4000,0,0.00,0.00,0.00,0.0,0.0,0.0,0,0,0,0,0.0,0.0,0.0,0.0,0.0,0.0,14
17689,J.J.,McCarthy,J.J. McCarthy,/football/player/jj-mccarthy-17689,"&nbsp;<span class=""red upper bold sm-text"">IR</span>",&#9881;,open,,i,,QB,,QB,MIN,ATL,-247,46.00,-5.50,25.75,0,0,4000,4000,0,0.00,0.00,0.00,0.0,0.0,0.0,0,0,0,0,0.0,0.0,0.0,0.0,0.0,0.0,14
14564,Zack,Moss,Zack Moss,/football/player/zack-moss-14564,"&nbsp;<span class=""red upper bold sm-text"">IR</span>",&#9881;,open,,i,,RB,,RB,CIN,DAL,-240,49.50,-5.50,27.50,0,0,4000,4000,0,0.00,0.00,0.00,9.8,18.7,2.2,0,0,0,0,0.0,0.0,0.0,0.0,0.0,0.0,14
14359,Gabe,Davis,Gabe Davis,/football/player/gabe-davis-14359,"&nbsp;<span class=""red upper bold sm-text"">IR</span>",&#9881;,open,,i,,WR,,WR,JAX,TEN,159,39.50,3.50,18.00,0,0,3000,3000,0,0.00,0.00,0.00,5.1,16.6,0.0,0,0,0,0,0.0,0.0,0.0,0.0,0.0,0.0,14
17021,Theo,Johnson,Theo Johnson,/football/player/theo-johnson-17021,"&nbsp;<span class=""red upper bold sm-text"">IR</span>",&#9881;,open,,i,,TE,,TE,NYG,NO,189,41.00,4.50,18.25,0,0,2500,2500,0,0.00,0.00,0.00,5.9,12.3,0.7,0,0,0,0,0.0,0.0,0.0,0.0,0.0,0.0,14
12467,Hayden,Hurst,Hayden Hurst,/football/player/hayden-hurst-12467,"&nbsp;<span class=""red upper bold sm-text"">IR</span>",&#9881;,open,,i,,TE,,TE,LAC,KC,167,43.00,4.00,19.50,0,0,2500,2500,0,0.00,0.00,0.00,1.4,3.1,0.0,0,0,0,0,0.0,0.0,0.0,0.0,0.0,0.0,14
18307,Kameron,Johnson,Kameron Johnson,/football/player/kameron-johnson-18307,"&nbsp;<span class=""red upper bold sm-text"">IR</span>",&#9881;,open,,i,,WR,,WR,TB,LV,-293,46.50,-6.50,26.50,0,0,3000,3000,0,0.00,0.00,0.00,0.0,0.0,0.0,0,0,0,0,0.0,0.0,0.0,0.0,0.0,0.0,14
12063,Taysom,Hill,Taysom Hill,/football/player/taysom-hill-12063,"&nbsp;<span class=""red upper bold sm-text"">Out</span>",&#9881;,open,,i,,TE,,TE,NO,NYG,-230,41.00,-4.50,22.75,0,0,4700,4700,0,0.00,0.00,0.00,14.7,38.0,1.4,0,0,0,0,0.0,0.0,0.0,0.0,0.0,0.0,14
17756,Brenden,Rice,Brenden Rice,/football/player/brenden-rice-17756,"&nbsp;<span class=""red upper bold sm-text"">IR</span>",&#9881;,open,,i,,WR,,WR,LAC,KC,167,43.00,4.00,19.50,0,0,3000,3000,0,0.00,0.00,0.00,0.0,0.0,0.0,0,0,0,0,0.0,0.0,0.0,0.0,0.0,0.0,14
18084,Jeff,Foreman,Jeff Foreman,/football/player/jeff-foreman-18084,"&nbsp;<span class=""red upper bold sm-text"">IR</span>",&#9881;,open,,i,,WR,,WR,LV,TB,233,46.50,6.50,20.00,0,0,3000,3000,0,0.00,0.00,0.00,0.0,0.0,0.0,0,0,0,0,0.0,0.0,0.0,0.0,0.0,0.0,14
18085,Ramel,Keyton,Ramel Keyton,/football/player/ramel-keyton-18085,,&#9881;,open,,i,,WR,,WR,LV,TB,233,46.50,6.50,20.00,0,0,3000,3000,0,0.00,0.00,0.00,0.6,1.6,0.0,0,0,0,0,0.0,0.0,0.0,0.0,0.0,0.0,14
12667,Chase,Edmonds,Chase Edmonds,/football/player/chase-edmonds-12667,"&nbsp;<span class=""red upper bold sm-text"">IR</span>",&#9881;,open,,i,,RB,,RB,TB,LV,-293,46.50,-6.50,26.50,0,0,4000,4000,0,0.00,0.00,0.00,0.0,0.0,0.0,0,0,0,0,0.0,0.0,0.0,0.0,0.0,0.0,14
12508,Christian,Kirk,Christian Kirk,/football/player/christian-kirk-12508,"&nbsp;<span class=""red upper bold sm-text"">IR</span>",&#9881;,open,,i,,WR,,WR,JAX,TEN,159,39.50,3.50,18.00,0,0,3000,3000,0,0.00,0.00,0.00,9.6,17.7,1.9,0,0,0,0,0.0,0.0,0.0,0.0,0.0,0.0,14
12628,Allen,Lazard,Allen Lazard,/football/player/allen-lazard-12628,"&nbsp;<span class=""red upper bold sm-text"">IR-</span>",&#9881;,open,,i,,WR,,WR,NYJ,MIA,217,45.00,6.50,19.25,0,0,4400,4400,0,0.00,0.00,0.00,14.9,25.3,4.6,0,0,0,0,0.0,0.0,0.0,0.0,0.0,0.0,14
12860,Dallas,Goedert,Dallas Goedert,/football/player/dallas-goedert-12860,"&nbsp;<span class=""red upper bold sm-text"">que</span>",&#9881;,open,,i,,TE,,TE,PHI,CAR,-672,46.00,-12.50,29.25,0,0,4500,4500,0,0.00,0.00,0.00,11.3,25.0,1.3,0,0,0,0,0.0,0.0,0.0,0.0,0.0,0.0,14
17135,Princeton,Fant,Princeton Fant,/football/player/princeton-fant-17135,,&#9881;,open,,i,,TE,,TE,DAL,CIN,196,49.50,5.50,22.00,0,0,2500,2500,0,0.00,0.00,0.00,0.0,0.0,0.0,0,0,0,0,0.0,0.0,0.0,0.0,0.0,0.0,14
15304,Chris,Evans,Chris Evans,/football/player/chris-evans-15304,"&nbsp;<span class=""red upper bold sm-text"">IR</span>",&#9881;,open,,i,,RB,,RB,CIN,DAL,-240,49.50,-5.50,27.50,0,0,4000,4000,0,0.00,0.00,0.00,0.0,0.0,0.0,0,0,0,0,0.0,0.0,0.0,0.0,0.0,0.0,14
17588,John,Stephens,John Stephens,/football/player/john-stephens-17588,"&nbsp;<span class=""red upper bold sm-text"">IR</span>",&#9881;,open,,i,,TE,,TE,DAL,CIN,196,49.50,5.50,22.00,0,0,2500,2500,0,0.00,0.00,0.00,0.0,0.0,0.0,0,0,0,0,0.0,0.0,0.0,0.0,0.0,0.0,14
14012,Nsimba,Webster,Nsimba Webster,/football/player/nsimba-webster-14012,"&nbsp;<span class=""red upper bold sm-text"">IR</span>",&#9881;,open,,i,,WR,,WR,CHI,SF,167,44.00,4.00,20.00,0,0,3000,3000,0,0.00,0.00,0.00,0.0,0.0,0.0,0,0,0,0,0.0,0.0,0.0,0.0,0.0,0.0,14
15928,Desmond,Ridder,Desmond Ridder,/football/player/desmond-ridder-15928,,&#9881;,open,,i,,QB,,QB,LV,TB,233,46.50,6.50,20.00,0,0,4800,4800,0,0.00,0.00,0.00,2.7,6.0,0.0,0,0,0,0,0.0,0.0,0.0,0.0,0.0,0.0,14
17271,Ryan,Miller,Ryan Miller,/football/player/ryan-miller-17271,,&#9881;,open,,i,,WR,,WR,TB,LV,-293,46.50,-6.50,26.50,0,0,3000,3000,0,0.00,0.00,0.00,3.6,6.6,0.5,0,0,0,0,0.0,0.0,0.0,0.0,0.0,0.0,14
15294,Avery,Williams,Avery Williams,/football/player/avery-williams-15294,,&#9881;,open,,i,,RB,,RB,ATL,MIN,201,46.00,5.50,20.25,0,0,4000,4000,0,0.00,0.00,0.00,0.0,0.0,0.0,0,0,0,0,0.0,0.0,0.0,0.0,0.0,0.0,14
17012,Ben,Sims,Ben Sims,/football/player/ben-sims-17012,,&#9881;,open,,i,,TE,,TE,GB,DET,147,51.50,3.50,24.00,0,0,2500,2500,0,0.00,0.00,0.00,0.6,4.1,0.0,0,0,0,0,0.0,0.0,0.0,0.0,0.0,0.0,14
15975,Bailey,Zappe,Bailey Zappe,/football/player/bailey-zappe-15975,,&#9881;,open,,i,,QB,,QB,CLE,PIT,238,44.50,6.50,19.00,0,0,4000,4000,0,0.00,0.00,0.00,0.0,0.0,0.0,0,0,0,0,0.0,0.0,0.0,0.0,0.0,0.0,14
16912,Jake,Haener,Jake Haener,/football/player/jake-haener-16912,,&#9881;,open,,i,,QB,,QB,NO,NYG,-230,41.00,-4.50,22.75,0,0,4100,4100,0,0.00,0.00,0.00,2.5,5.7,0.0,0,0,0,0,0.0,0.0,0.0,0.0,0.0,0.0,14
16898,Kendre,Miller,Kendre Miller,/football/player/kendre-miller-16898,"&nbsp;<span class=""red upper bold sm-text"">IR</span>",&#9881;,open,,i,,RB,,RB,NO,NYG,-230,41.00,-4.50,22.75,0,0,4000,4000,0,0.00,0.00,0.00,3.7,6.1,1.2,0,0,0,0,0.0,0.0,0.0,0.0,0.0,0.0,14
16560,Rashid,Shaheed,Rashid Shaheed,/football/player/rashid-shaheed-16560,"&nbsp;<span class=""red upper bold sm-text"">IR</span>",&#9881;,open,,i,,WR,,WR,NO,NYG,-230,41.00,-4.50,22.75,0,0,3000,3000,0,0.00,0.00,0.00,12.9,21.2,2.1,0,0,0,0,0.0,0.0,0.0,0.0,0.0,0.0,14
17413,Colton,Dowell,Colton Dowell,/football/player/colton-dowell-17413,"&nbsp;<span class=""red upper bold sm-text"">PUP</span>",&#9881;,open,,i,,WR,,WR,TEN,JAX,-192,39.50,-3.50,21.50,0,0,3000,3000,0,0.00,0.00,0.00,0.0,0.0,0.0,0,0,0,0,0.0,0.0,0.0,0.0,0.0,0.0,14
15533,DJ,Turner,DJ Turner,/football/player/dj-turner-15533,"&nbsp;<span class=""red upper bold sm-text"">IR</span>",&#9881;,open,,i,,WR,,WR,LV,TB,233,46.50,6.50,20.00,0,0,3600,3600,0,0.00,0.00,0.00,4.1,10.6,0.1,0,0,0,0,0.0,0.0,0.0,0.0,0.0,0.0,14
17010,Brayden,Willis,Brayden Willis,/football/player/brayden-willis-17010,,&#9881;,open,,i,,TE,,TE,SF,CHI,-203,44.00,-4.00,24.00,0,0,2500,2500,0,0.00,0.00,0.00,0.0,0.0,0.0,0,0,0,0,0.0,0.0,0.0,0.0,0.0,0.0,14
15467,Ben,Skowronek,Ben Skowronek,/football/player/ben-skowronek-15467,,&#9881;,open,,i,,WR,,WR,PIT,CLE,-300,44.50,-6.50,25.50,0,0,3000,3000,0,0.00,0.00,0.00,0.9,2.9,0.0,0,0,0,0,0.0,0.0,0.0,0.0,0.0,0.0,14
16913,Clayton,Tune,Clayton Tune,/football/player/clayton-tune-16913,,&#9881;,open,,i,,QB,,QB,ARI,SEA,-143,44.50,-2.50,23.50,0,0,4000,4000,0,0.00,0.00,0.00,-0.4,0.3,0.0,0,0,0,0,0.0,0.0,0.0,0.0,0.0,0.0,14
13806,Alec,Ingold,Alec Ingold,/football/player/alec-ingold-13806,,&#9881;,open,,i,,RB,,RB,MIA,NYJ,-265,45.00,-6.50,25.75,0,0,4000,4000,0,0.00,0.00,0.00,2.4,5.6,0.0,0,0,0,0,0.0,0.0,0.0,0.0,0.0,0.0,14
14563,Tyler,Huntley,Tyler Huntley,/football/player/tyler-huntley-14563,,&#9881;,open,,i,,QB,,QB,MIA,NYJ,-265,45.00,-6.50,25.75,0,0,4000,4000,0,0.00,0.00,0.00,9.9,12.7,7.3,0,0,0,0,0.0,0.0,0.0,0.0,0.0,0.0,14
15895,Chris,Olave,Chris Olave,/football/player/chris-olave-15895,"&nbsp;<span class=""red upper bold sm-text"">IR</span>",&#9881;,open,,i,,WR,,WR,NO,NYG,-230,41.00,-4.50,22.75,0,0,5500,5500,0,0.00,0.00,0.00,11.1,20.9,1.3,0,0,0,0,0.0,0.0,0.0,0.0,0.0,0.0,14
16170,John,FitzPatrick,John FitzPatrick,/football/player/john-fitzpatrick-16170,,&#9881;,open,,i,,TE,,TE,GB,DET,147,51.50,3.50,24.00,0,0,2500,2500,0,0.00,0.00,0.00,0.3,1.1,0.0,0,0,0,0,0.0,0.0,0.0,0.0,0.0,0.0,14
16946,Tyson,Bagent,Tyson Bagent,/football/player/tyson-bagent-16946,,&#9881;,open,,i,,QB,,QB,CHI,SF,167,44.00,4.00,20.00,0,0,4000,4000,0,0.00,0.00,0.00,-0.4,0.0,0.0,0,0,0,0,0.0,0.0,0.0,0.0,0.0,0.0,14
15803,David,Bell,David Bell,/football/player/david-bell-15803,"&nbsp;<span class=""red upper bold sm-text"">IR</span>",&#9881;,open,,i,,WR,,WR,CLE,PIT,238,44.50,6.50,19.00,0,0,3000,3000,0,0.00,0.00,0.00,5.7,5.7,5.7,0,0,0,0,0.0,0.0,0.0,0.0,0.0,0.0,14
16355,Raheem,Blackshear,Raheem Blackshear,/football/player/raheem-blackshear-16355,,&#9881;,open,,i,,RB,,RB,CAR,PHI,483,46.00,12.50,16.75,0.00,0,4000,4000,0,0.16,0.16,0.16,0.0,0.0,0.0,0,0,0,0,0.0,0.1,0.0,0.1,0.1,0.2,14
16332,Jalen,Virgil,Jalen Virgil,/football/player/jalen-virgil-16332,,&#9881;,open,,i,,WR,,WR,BUF,LAR,-223,49.50,-4.50,27.00,0,0,3000,3000,0,0.00,0.00,0.00,0.0,0.0,0.0,0,0,0,0,0.0,0.0,0.0,0.0,0.0,0.0,14
15957,Cal,Adomitis,Cal Adomitis,/football/player/cal-adomitis-15957,,&#9881;,open,,i,,TE,,TE,CIN,DAL,-240,49.50,-5.50,27.50,0,0,2500,2500,0,0.00,0.00,0.00,0.0,0.0,0.0,0,0,0,0,0.0,0.0,0.0,0.0,0.0,0.0,14
15841,Kenny,Pickett,Kenny Pickett,/football/player/kenny-pickett-15841,,&#9881;,open,,i,,QB,,QB,PHI,CAR,-672,46.00,-12.50,29.25,0,0,4000,4000,0,0.00,0.00,0.00,0.0,0.3,0.0,0,0,0,0,0.0,0.0,0.0,0.0,0.0,0.0,14
16041,Peyton,Hendershot,Peyton Hendershot,/football/player/peyton-hendershot-16041,"&nbsp;<span class=""red upper bold sm-text"">IR</span>",&#9881;,open,,i,,TE,,TE,KC,LAC,-202,43.00,-4.00,23.50,0,0,2500,2500,0,0.00,0.00,0.00,1.1,2.1,0.0,0,0,0,0,0.0,0.0,0.0,0.0,0.0,0.0,14
16430,Irvin,Charles,Irvin Charles,/football/player/irvin-charles-16430,,&#9881;,open,,i,,WR,,WR,NYJ,MIA,217,45.00,6.50,19.25,0,0,3000,3000,0,0.00,0.00,0.00,0.0,0.0,0.0,0,0,0,0,0.0,0.0,0.0,0.0,0.0,0.0,14
16945,Dorian,Thompson-Robinson,Dorian Thompson-Robinson,/football/player/dorian-thompson-robinson-16945,,&#9881;,open,,i,,QB,,QB,CLE,PIT,238,44.50,6.50,19.00,0,0,4000,4000,0,0.00,0.00,0.00,1.9,5.4,0.0,0,0,0,0,0.0,0.0,0.0,0.0,0.0,0.0,14
16418,Jake,Tonges,Jake Tonges,/football/player/jake-tonges-16418,,&#9881;,open,,i,,TE,,TE,SF,CHI,-203,44.00,-4.00,24.00,0,0,2500,2500,0,0.00,0.00,0.00,0.0,0.0,0.0,0,0,0,0,0.0,0.0,0.0,0.0,0.0,0.0,14
15825,Sam,Howell,Sam Howell,/football/player/sam-howell-15825,,&#9881;,open,,i,,QB,,QB,SEA,ARI,119,44.50,2.50,21.00,0,0,4200,4200,0,0.00,0.00,0.00,0.0,0.0,0.0,0,0,0,0,0.0,0.0,0.0,0.0,0.0,0.0,14
16163,Jordan,Mason,Jordan Mason,/football/player/jordan-mason-16163,"&nbsp;<span class=""red upper bold sm-text"">Out</span>",&#9881;,open,,i,,RB,,RB,SF,CHI,-203,44.00,-4.00,24.00,0,0,6900,6900,0,0.00,0.00,0.00,10.4,23.3,0.9,0,0,0,0,0.0,0.0,0.0,0.0,0.0,0.0,14
16338,Tanner,Conner,Tanner Conner,/football/player/tanner-conner-16338,"&nbsp;<span class=""red upper bold sm-text"">IR</span>",&#9881;,open,,i,,TE,,TE,MIA,NYJ,-265,45.00,-6.50,25.75,0,0,2500,2500,0,0.00,0.00,0.00,0.7,2.7,0.0,0,0,0,0,0.0,0.0,0.0,0.0,0.0,0.0,14
15974,Skylar,Thompson,Skylar Thompson,/football/player/skylar-thompson-15974,,&#9881;,open,,i,,QB,,QB,MIA,NYJ,-265,45.00,-6.50,25.75,0,0,4000,4000,0,0.00,0.00,0.00,2.6,4.6,0.2,0,0,0,0,0.0,0.0,0.0,0.0,0.0,0.0,14
16005,Skyy,Moore,Skyy Moore,/football/player/skyy-moore-16005,"&nbsp;<span class=""red upper bold sm-text"">IR</span>",&#9881;,open,,i,,WR,,WR,KC,LAC,-202,43.00,-4.00,23.50,0,0,3000,3000,0,0.00,0.00,0.00,0.0,0.0,0.0,0,0,0,0,0.0,0.0,0.0,0.0,0.0,0.0,14
16746,Travis,Vokolek,Travis Vokolek,/football/player/travis-vokolek-16746,,&#9881;,open,,i,,TE,,TE,ARI,SEA,-143,44.50,-2.50,23.50,0,0,2500,2500,0,0.00,0.00,0.00,0.0,0.0,0.0,0,0,0,0,0.0,0.0,0.0,0.0,0.0,0.0,14
15896,Treylon,Burks,Treylon Burks,/football/player/treylon-burks-15896,"&nbsp;<span class=""red upper bold sm-text"">IR</span>",&#9881;,open,,i,,WR,,WR,TEN,JAX,-192,39.50,-3.50,21.50,0,0,3000,3000,0,0.00,0.00,0.00,1.6,2.5,0.3,0,0,0,0,0.0,0.0,0.0,0.0,0.0,0.0,14
15872,Malik,Willis,Malik Willis,/football/player/malik-willis-15872,,&#9881;,open,,i,,QB,,QB,GB,DET,147,51.50,3.50,24.00,0,0,4000,4000,0,0.00,0.00,0.00,11.7,23.8,0.6,0,0,0,0,0.0,0.0,0.0,0.0,0.0,0.0,14
17130,Blake,Whiteheart,Blake Whiteheart,/football/player/blake-whiteheart-17130,,&#9881;,open,,i,,TE,,TE,CLE,PIT,238,44.50,6.50,19.00,0,0,2500,2500,0,0.00,0.00,0.00,2.4,8.4,0.0,0,0,0,0,0.0,0.0,0.0,0.0,0.0,0.0,14
14418,J.K.,Dobbins,J.K. Dobbins,/football/player/jk-dobbins-14418,"&nbsp;<span class=""red upper bold sm-text"">IR</span>",&#9881;,open,,i,,RB,,RB,LAC,KC,167,43.00,4.00,19.50,0,0,6300,6300,0,0.00,0.00,0.00,14.6,22.8,8.3,0,0,0,0,0.0,0.0,0.0,0.0,0.0,0.0,14
14495,Cody,White,Cody White,/football/player/cody-white-14495,,&#9881;,open,,i,,WR,,WR,SEA,ARI,119,44.50,2.50,21.00,0,0,3000,3000,0,0.00,0.00,0.00,1.6,5.6,0.0,0,0,0,0,0.0,0.0,0.0,0.0,0.0,0.0,14
15379,Elijah,Mitchell,Elijah Mitchell,/football/player/elijah-mitchell-15379,"&nbsp;<span class=""red upper bold sm-text"">IR</span>",&#9881;,open,,i,,RB,,RB,SF,CHI,-203,44.00,-4.00,24.00,0,0,4000,4000,0,0.00,0.00,0.00,0.0,0.0,0.0,0,0,0,0,0.0,0.0,0.0,0.0,0.0,0.0,14
15357,Trevor,Lawrence,Trevor Lawrence,/football/player/trevor-lawrence-15357,"&nbsp;<span class=""red upper bold sm-text"">que</span>",&#9881;,open,,i,,QB,,QB,JAX,TEN,159,39.50,3.50,18.00,0.00,0,5500,5500,0,0.07,0.07,0.07,16.4,26.5,4.8,0,0,0,0,0.0,0.0,0.1,0.1,0.0,0.1,14
15339,Kenny,Yeboah,Kenny Yeboah,/football/player/kenny-yeboah-15339,,&#9881;,open,,i,,TE,,TE,NYJ,MIA,217,45.00,6.50,19.25,0,0,2500,2500,0,0.00,0.00,0.00,2.9,7.3,0.0,0,0,0,0,0.0,0.0,0.0,0.0,0.0,0.0,14
15214,Terrace,Marshall,Terrace Marshall,/football/player/terrace-marshall-15214,,&#9881;,open,,i,,WR,,WR,LV,TB,233,46.50,6.50,20.00,0,0,3000,3000,0,0.00,0.00,0.00,0.0,0.0,0.0,0,0,0,0,0.0,0.0,0.0,0.0,0.0,0.0,14
13627,Easton,Stick,Easton Stick,/football/player/easton-stick-13627,,&#9881;,open,,i,,QB,,QB,LAC,KC,167,43.00,4.00,19.50,0,0,4000,4000,0,0.00,0.00,0.00,0.0,0.0,0.0,0,0,0,0,0.0,0.0,0.0,0.0,0.0,0.0,14
16797,Tommy,DeVito,Tommy DeVito,/football/player/tommy-devito-16797,"&nbsp;<span class=""red upper bold sm-text"">que</span>",&#9881;,open,,i,,QB,,QB,NYG,NO,189,41.00,4.50,18.25,0,0,4200,4200,0,0.00,0.00,0.00,10.8,10.8,10.8,0,0,0,0,0.0,0.0,0.0,0.0,0.0,0.0,14
16905,Hendon,Hooker,Hendon Hooker,/football/player/hendon-hooker-16905,,&#9881;,open,,i,,QB,,QB,DET,GB,-177,51.50,-3.50,27.50,0,0,4000,4000,0,0.00,0.00,0.00,0.9,1.7,0.2,0,0,0,0,0.0,0.0,0.0,0.0,0.0,0.0,14
15514,Rondale,Moore,Rondale Moore,/football/player/rondale-moore-15514,"&nbsp;<span class=""red upper bold sm-text"">IR</span>",&#9881;,open,,i,,WR,,WR,ATL,MIN,201,46.00,5.50,20.25,0,0,3000,3000,0,0.00,0.00,0.00,0.0,0.0,0.0,0,0,0,0,0.0,0.0,0.0,0.0,0.0,0.0,14
17128,Antoine,Green,Antoine Green,/football/player/antoine-green-17128,"&nbsp;<span class=""red upper bold sm-text"">IR</span>",&#9881;,open,,i,,WR,,WR,DET,GB,-177,51.50,-3.50,27.50,0,0,3000,3000,0,0.00,0.00,0.00,0.0,0.0,0.0,0,0,0,0,0.0,0.0,0.0,0.0,0.0,0.0,14
15262,Shane,Buechele,Shane Buechele,/football/player/shane-buechele-15262,"&nbsp;<span class=""red upper bold sm-text"">IR</span>",&#9881;,open,,i,,QB,,QB,BUF,LAR,-223,49.50,-4.50,27.00,0,0,4000,4000,0,0.00,0.00,0.00,0.0,0.0,0.0,0,0,0,0,0.0,0.0,0.0,0.0,0.0,0.0,14
16743,Bryce,Ford-Wheaton,Bryce Ford-Wheaton,/football/player/bryce-ford-wheaton-16743,,&#9881;,open,,i,,WR,,WR,NYG,NO,189,41.00,4.50,18.25,0,0,3000,3000,0,0.00,0.00,0.00,0.0,0.0,0.0,0,0,0,0,0.0,0.0,0.0,0.0,0.0,0.0,14
9967,Andrew,DePaola,Andrew DePaola,/football/player/andrew-depaola-9967,"&nbsp;<span class=""red upper bold sm-text"">IR-</span>",&#9881;,open,,i,,TE,,TE,MIN,ATL,-247,46.00,-5.50,25.75,0,0,2500,2500,0,0.00,0.00,0.00,0.0,0.0,0.0,0,0,0,0,0.0,0.0,0.0,0.0,0.0,0.0,14
18069,Patrick,Murtagh,Patrick Murtagh,/football/player/patrick-murtagh-18069,"&nbsp;<span class=""red upper bold sm-text"">IR</span>",&#9881;,open,,i,,TE,,TE,JAX,TEN,159,39.50,3.50,18.00,0,0,2500,2500,0,0.00,0.00,0.00,0.0,0.0,0.0,0,0,0,0,0.0,0.0,0.0,0.0,0.0,0.0,14
16656,Justin,Shorter,Justin Shorter,/football/player/justin-shorter-16656,,&#9881;,open,,i,,TE,,TE,LV,TB,233,46.50,6.50,20.00,0,0,2500,2500,0,0.00,0.00,0.00,0.0,0.0,0.0,0,0,0,0,0.0,0.0,0.0,0.0,0.0,0.0,14
15922,Dareke,Young,Dareke Young,/football/player/dareke-young-15922,,&#9881;,open,,i,,WR,,WR,SEA,ARI,119,44.50,2.50,21.00,0,0,3000,3000,0,0.00,0.00,0.00,0.0,0.0,0.0,0,0,0,0,0.0,0.0,0.0,0.0,0.0,0.0,14
15579,Kene,Nwangwu,Kene Nwangwu,/football/player/kene-nwangwu-15579,,&#9881;,open,,i,,RB,,RB,NYJ,MIA,217,45.00,6.50,19.25,0,0,4000,4000,0,0.00,0.00,0.00,6.0,6.0,6.0,0,0,0,0,0.0,0.0,0.0,0.0,0.0,0.0,14
13504,Jake,Browning,Jake Browning,/football/player/jake-browning-13504,,&#9881;,open,,i,,QB,,QB,CIN,DAL,-240,49.50,-5.50,27.50,0,0,4300,4300,0,0.00,0.00,0.00,-0.1,0.0,0.0,0,0,0,0,0.0,0.0,0.0,0.0,0.0,0.0,14
14827,Tyler,Davis,Tyler Davis,/football/player/tyler-davis-14827,"&nbsp;<span class=""red upper bold sm-text"">IR</span>",&#9881;,open,,i,,TE,,TE,GB,DET,147,51.50,3.50,24.00,0,0,2500,2500,0,0.00,0.00,0.00,0.0,0.0,0.0,0,0,0,0,0.0,0.0,0.0,0.0,0.0,0.0,14
16871,Stetson,Bennett,Stetson Bennett,/football/player/stetson-bennett-16871,,&#9881;,open,,i,,QB,,QB,LAR,BUF,182,49.50,4.50,22.50,0,0,4000,4000,0,0.00,0.00,0.00,0.0,0.0,0.0,0,0,0,0,0.0,0.0,0.0,0.0,0.0,0.0,14
13502,Hollywood,Brown,Hollywood Brown,/football/player/hollywood-brown-13502,"&nbsp;<span class=""red upper bold sm-text"">IR</span>",&#9881;,open,,i,,WR,,WR,KC,LAC,-202,43.00,-4.00,23.50,0,0,3000,3000,0,0.00,0.00,0.00,0.0,0.0,0.0,0,0,0,0,0.0,0.0,0.0,0.0,0.0,0.0,14
15559,Simi,Fehoko,Simi Fehoko,/football/player/simi-fehoko-15559,"&nbsp;<span class=""red upper bold sm-text"">IR</span>",&#9881;,open,,i,,WR,,WR,LAC,KC,167,43.00,4.00,19.50,0,0,3000,3000,0,0.00,0.00,0.00,2.4,6.6,0.0,0,0,0,0,0.0,0.0,0.0,0.0,0.0,0.0,14
17501,Robert,Burns,Robert Burns,/football/player/robert-burns-17501,"&nbsp;<span class=""red upper bold sm-text"">PUP</span>",&#9881;,open,,i,,RB,,RB,ATL,MIN,201,46.00,5.50,20.25,0,0,4000,4000,0,0.00,0.00,0.00,0.0,0.0,0.0,0,0,0,0,0.0,0.0,0.0,0.0,0.0,0.0,14
10021,Patrick,Scales,Patrick Scales,/football/player/patrick-scales-10021,"&nbsp;<span class=""red upper bold sm-text"">IR</span>",&#9881;,open,,i,,TE,,TE,CHI,SF,167,44.00,4.00,20.00,0,0,2500,2500,0,0.00,0.00,0.00,0.0,0.0,0.0,0,0,0,0,0.0,0.0,0.0,0.0,0.0,0.0,14
7355,Andy,Dalton,Andy Dalton,/football/player/andy-dalton-7355,,&#9881;,open,,i,,QB,,QB,CAR,PHI,483,46.00,12.50,16.75,0,0,4700,4700,0,0.00,0.00,0.00,13.6,25.8,2.6,0,0,0,0,0.0,0.0,0.0,0.0,0.0,0.0,14
16852,Grant,DuBose,Grant DuBose,/football/player/grant-dubose-16852,"&nbsp;<span class=""red upper bold sm-text"">IR</span>",&#9881;,open,,i,,WR,,WR,MIA,NYJ,-265,45.00,-6.50,25.75,0,0,3000,3000,0,0.00,0.00,0.00,2.3,2.3,2.3,0,0,0,0,0.0,0.0,0.0,0.0,0.0,0.0,14
16663,Luke,Musgrave,Luke Musgrave,/football/player/luke-musgrave-16663,"&nbsp;<span class=""red upper bold sm-text"">IR</span>",&#9881;,open,,i,,TE,,TE,GB,DET,147,51.50,3.50,24.00,0,0,2500,2500,0,0.00,0.00,0.00,2.4,4.2,1.0,0,0,0,0,0.0,0.0,0.0,0.0,0.0,0.0,14
15335,Kyle,Trask,Kyle Trask,/football/player/kyle-trask-15335,,&#9881;,open,,i,,QB,,QB,TB,LV,-293,46.50,-6.50,26.50,0,0,4400,4400,0,0.00,0.00,0.00,0.2,0.2,0.2,0,0,0,0,0.0,0.0,0.0,0.0,0.0,0.0,14
11718,Chris,Godwin,Chris Godwin,/football/player/chris-godwin-11718,"&nbsp;<span class=""red upper bold sm-text"">IR</span>",&#9881;,open,,i,,WR,,WR,TB,LV,-293,46.50,-6.50,26.50,0,0,3000,3000,0,0.00,0.00,0.00,20.3,34.7,10.6,0,0,0,0,0.0,0.0,0.0,0.0,0.0,0.0,14
11008,Dak,Prescott,Dak Prescott,/football/player/dak-prescott-11008,"&nbsp;<span class=""red upper bold sm-text"">IR</span>",&#9881;,open,,i,,QB,,QB,DAL,CIN,196,49.50,5.50,22.00,0,0,4000,4000,0,0.00,0.00,0.00,17.2,29.3,6.9,0,0,0,0,0.0,0.0,0.0,0.0,0.0,0.0,14
17235,Brady,Russell,Brady Russell,/football/player/brady-russell-17235,,&#9881;,open,,i,,TE,,TE,SEA,ARI,119,44.50,2.50,21.00,0,0,2500,2500,0,0.00,0.00,0.00,0.0,0.0,0.0,0,0,0,0,0.0,0.0,0.0,0.0,0.0,0.0,14
13109,Tim,Boyle,Tim Boyle,/football/player/tim-boyle-13109,,&#9881;,open,,i,,QB,,QB,NYG,NO,189,41.00,4.50,18.25,0,0,4000,4000,0,0.00,0.00,0.00,3.6,3.8,3.3,0,0,0,0,0.0,0.0,0.0,0.0,0.0,0.0,14
15744,Adam,Prentice,Adam Prentice,/football/player/adam-prentice-15744,,&#9881;,open,,i,,RB,,RB,NO,NYG,-230,41.00,-4.50,22.75,0,0,4000,4000,0,0.00,0.00,0.00,0.0,0.0,0.0,0,0,0,0,0.0,0.0,0.0,0.0,0.0,0.0,14
11673,Zach,Wood,Zach Wood,/football/player/zach-wood-11673,,&#9881;,open,,i,,TE,,TE,NO,NYG,-230,41.00,-4.50,22.75,0,0,2500,2500,0,0.00,0.00,0.00,0.0,0.0,0.0,0,0,0,0,0.0,0.0,0.0,0.0,0.0,0.0,14
10606,James,Winchester,James Winchester,/football/player/james-winchester-10606,,&#9881;,open,,i,,TE,,TE,KC,LAC,-202,43.00,-4.00,23.50,0,0,2500,2500,0,0.00,0.00,0.00,0.0,0.0,0.0,0,0,0,0,0.0,0.0,0.0,0.0,0.0,0.0,14
15334,Anthony,Schwartz,Anthony Schwartz,/football/player/anthony-schwartz-15334,"&nbsp;<span class=""red upper bold sm-text"">IR</span>",&#9881;,open,,i,,WR,,WR,MIA,NYJ,-265,45.00,-6.50,25.75,0,0,3000,3000,0,0.00,0.00,0.00,0.0,0.0,0.0,0,0,0,0,0.0,0.0,0.0,0.0,0.0,0.0,14
14306,Jody,Fortson,Jody Fortson,/football/player/jody-fortson-14306,"&nbsp;<span class=""red upper bold sm-text"">IR</span>",&#9881;,open,,i,,TE,,TE,KC,LAC,-202,43.00,-4.00,23.50,0,0,2500,2500,0,0.00,0.00,0.00,0.5,1.4,0.0,0,0,0,0,0.0,0.0,0.0,0.0,0.0,0.0,14
16686,Tanner,McKee,Tanner McKee,/football/player/tanner-mckee-16686,,&#9881;,open,,i,,QB,,QB,PHI,CAR,-672,46.00,-12.50,29.25,0,0,4000,4000,0,0.00,0.00,0.00,0.0,0.0,0.0,0,0,0,0,0.0,0.0,0.0,0.0,0.0,0.0,14
11690,Christian,McCaffrey,Christian McCaffrey,/football/player/christian-mccaffrey-11690,"&nbsp;<span class=""red upper bold sm-text"">IR</span>",&#9881;,open,,i,,RB,,RB,SF,CHI,-203,44.00,-4.00,24.00,0,0,7900,7900,0,0.00,0.00,0.00,12.2,16.5,8.4,0,0,0,0,0.0,0.0,0.0,0.0,0.0,0.0,14
