id,first_name,last_name,player,URL,injury,actions,actions_trigger,lock,exclude,like,position,real_position,actual_position,team,opponent,money_line,over_under,point_spread,team_points,ownership,multiplier,salary,salary_original,salary_custom,proj_points,proj_rotowire,proj_original,proj_avg,proj_ceiling,proj_floor,proj_third_party_one,proj_third_party_two,proj_third_party_three,proj_custom,value,dfsopp,pa,ra,targets,touches,week
14446,Justin,Herbert,Justin Herbert,/football/player/justin-herbert-14446,,&#9881;,open,,i,,QB,,QB,LAC,CIN,-122,47.00,-1.50,24.25,24.24,0,5300,5300,0,17.58,17.58,17.58,16.0,22.6,10.0,0,0,0,0,3.3,6.8,32.7,3.2,0.0,3.2,11
15834,Brock,Purdy,Brock Purdy,/football/player/brock-purdy-15834,,&#9881;,open,,i,,QB,,QB,SF,SEA,-303,49.50,-6.50,28.00,22.60,0,6600,6600,0,19.43,19.43,19.43,20.4,26.6,12.4,0,0,0,0,2.9,4.8,29.5,2.3,0.0,2.3,11
12483,Josh,Allen,Josh Allen,/football/player/josh-allen-12483,,&#9881;,open,,i,,QB,,QB,BUF,KC,-133,46.00,-2.00,24.00,8.05,0,7800,7800,0,22.39,22.39,22.39,19.6,28.9,10.3,0,0,0,0,2.9,5.1,32.9,6.5,0.0,6.5,11
12490,Sam,Darnold,Sam Darnold,/football/player/sam-darnold-12490,,&#9881;,open,,i,,QB,,QB,MIN,TEN,-265,40.00,-6.00,23.00,0.56,0,6100,6100,0,16.88,16.88,16.88,17.5,23.5,8.7,0,0,0,0,2.8,6.1,34.4,2.7,0.0,2.7,11
12561,Lamar,Jackson,Lamar Jackson,/football/player/lamar-jackson-12561,,&#9881;,open,,i,,QB,,QB,BAL,PIT,-176,48.50,-3.00,25.75,6.07,0,8000,8000,0,22.01,22.01,22.01,26.9,35.4,19.0,0,0,0,0,2.8,4.5,27.3,8.9,0.0,8.9,11
8743,Geno,Smith,Geno Smith,/football/player/geno-smith-8743,,&#9881;,open,,i,,QB,,QB,SEA,SF,240,49.50,6.50,21.50,2.10,0,5700,5700,0,16.20,16.20,16.20,19.4,26.9,11.1,0,0,0,0,2.8,6.3,33.2,2.8,0.0,2.8,11
14416,Jalen,Hurts,Jalen Hurts,/football/player/jalen-hurts-14416,,&#9881;,open,,i,,QB,,QB,PHI,WAS,-187,48.50,-3.50,26.00,16.54,0,7900,7900,0,21.75,21.75,21.75,24.9,33.5,17.0,0,0,0,0,2.8,4.8,29.0,8.9,0.0,8.9,11
5648,Joe,Flacco,Joe Flacco,/football/player/joe-flacco-5648,,&#9881;,open,,i,,QB,,QB,IND,NYJ,154,44.00,4.00,20.00,0.36,0,5300,5300,0,14.78,14.78,14.78,13.4,27.2,1.4,0,0,0,0,2.8,6.8,34.2,1.9,0.0,1.9,11
10037,Jameis,Winston,Jameis Winston,/football/player/jameis-winston-10037,,&#9881;,open,,i,,QB,,QB,CLE,NO,-104,44.50,1.00,21.75,1.88,0,5500,5500,0,15.14,15.14,15.14,7.2,22.6,0.0,0,0,0,0,2.8,6.0,31.1,2.1,0.0,2.1,11
4307,Aaron,Rodgers,Aaron Rodgers,/football/player/aaron-rodgers-4307,,&#9881;,open,,i,,QB,,QB,NYJ,IND,-187,44.00,-4.00,24.00,1.56,0,5500,5500,0,15.29,15.29,15.29,14.9,20.5,7.5,0,0,0,0,2.8,6.2,32.1,1.9,0.0,1.9,11
14465,Tua,Tagovailoa,Tua Tagovailoa,/football/player/tua-tagovailoa-14465,,&#9881;,open,,i,,QB,,QB,MIA,LV,-392,44.50,-7.50,26.00,0.94,0,6000,6000,0,15.94,15.94,15.94,12.7,17.2,8.5,0,0,0,0,2.7,5.5,30.8,1.9,0.0,1.9,11
8043,Russell,Wilson,Russell Wilson,/football/player/russell-wilson-8043,,&#9881;,open,,i,,QB,,QB,PIT,BAL,146,48.50,3.00,22.75,3.69,0,5900,5900,0,16.08,16.08,16.08,19.6,24.8,14.7,0,0,0,0,2.7,5.4,28.7,3.2,0.0,3.2,11
5971,Matthew,Stafford,Matthew Stafford,/football/player/matthew-stafford-5971,,&#9881;,open,,i,,QB,,QB,LAR,NE,-223,43.50,-4.50,24.00,0.65,0,5800,5800,0,15.67,15.67,15.67,12.6,22.7,5.4,0,0,0,0,2.7,5.9,33.1,0.9,0.0,0.9,11
17692,Jayden,Daniels,Jayden Daniels,/football/player/jayden-daniels-17692,,&#9881;,open,,i,,QB,,QB,WAS,PHI,155,48.50,3.50,22.50,3.29,0,7500,7500,0,19.94,19.94,19.94,18.6,27.2,8.0,0,0,0,0,2.7,5.0,28.2,9.1,0.0,9.1,11
9317,Derek,Carr,Derek Carr,/football/player/derek-carr-9317,,&#9881;,open,,i,,QB,,QB,NO,CLE,-115,44.50,-1.00,22.75,0.39,0,5200,5200,0,13.52,13.52,13.52,14.7,21.7,9.0,0,0,0,0,2.6,6.3,31.2,1.8,0.0,1.8,11
14442,Joe,Burrow,Joe Burrow,/football/player/joe-burrow-14442,,&#9881;,open,,i,,QB,,QB,CIN,LAC,100,47.00,1.50,22.75,1.96,0,7200,7200,0,18.67,18.67,18.67,24.1,35.6,14.4,0,0,0,0,2.6,5.2,34.3,3.2,0.0,3.2,11
17673,Drake,Maye,Drake Maye,/football/player/drake-maye-17673,,&#9881;,open,,i,,QB,,QB,NE,LAR,182,43.50,4.50,19.50,0.49,0,5600,5600,0,14.38,14.38,14.38,14.7,22.4,4.6,0,0,0,0,2.6,6.5,30.4,5.8,0.0,5.8,11
11690,Christian,McCaffrey,Christian McCaffrey,/football/player/christian-mccaffrey-11690,,&#9881;,open,,i,,RB,,RB,SF,SEA,-303,49.50,-6.50,28.00,28.54,0,8300,8300,0,21.92,21.92,21.92,16.7,16.7,16.7,0,0,0,0,2.6,2.6,0.0,16.5,5.0,21.5,11
12986,Will,Dissly,Will Dissly,/football/player/will-dissly-12986,,&#9881;,open,,i,,TE,,TE,LAC,CIN,-122,47.00,-1.50,24.25,4.42,0,3200,3200,0,8.36,8.36,8.36,7.2,13.7,3.0,0,0,0,0,2.6,1.5,0.0,0.0,4.7,4.7,11
16665,Will,Levis,Will Levis,/football/player/will-levis-16665,,&#9881;,open,,i,,QB,,QB,TEN,MIN,213,40.00,6.00,17.00,0.09,0,5100,5100,0,13.05,13.05,13.05,11.6,19.1,2.4,0,0,0,0,2.6,6.9,32.4,2.8,0.0,2.8,11
10729,Jared,Goff,Jared Goff,/football/player/jared-goff-10729,,&#9881;,open,,i,,QB,,QB,DET,JAX,-772,47.00,-13.00,30.00,2.41,0,6300,6300,0,15.85,15.85,15.85,17.7,26.2,10.3,0,0,0,0,2.5,4.7,28.0,1.5,0.0,1.5,11
16995,Bo,Nix,Bo Nix,/football/player/bo-nix-16995,,&#9881;,open,,i,,QB,,QB,DEN,ATL,-136,44.00,-2.50,23.25,0.66,0,6200,6200,0,15.54,15.54,15.54,17.8,27.2,8.8,0,0,0,0,2.5,6.0,32.7,4.2,0.0,4.2,11
14371,Jordan,Love,Jordan Love,/football/player/jordan-love-14371,,&#9881;,open,,i,,QB,,QB,GB,CHI,-269,40.50,-6.00,23.25,0.72,0,7000,7000,0,17.61,17.61,17.61,19.2,31.6,8.0,0,0,0,0,2.5,4.9,31.9,2.6,0.0,2.6,11
17695,Caleb,Williams,Caleb Williams,/football/player/caleb-williams-17695,,&#9881;,open,,i,,QB,,QB,CHI,GB,217,40.50,6.00,17.25,0.06,0,5400,5400,0,13.51,13.51,13.51,15.9,27.3,6.5,0,0,0,0,2.5,6.7,32.1,4.0,0.0,4.0,11
20016,Miami,Dolphins,Miami Dolphins,/football/player/miami-dolphins-20016,,&#9881;,open,,i,,D," <small class=""sm-muted"">(DST)</small>",DST,MIA,LV,-392,44.50,-7.50,26.00,8.99,0,3000,3000,0,7.59,7.59,7.59,0.0,0.0,0.0,0,0,0,0,2.5,0.0,0.0,0.0,0.0,0.0,11
13741,Gardner,Minshew,Gardner Minshew,/football/player/gardner-minshew-13741,,&#9881;,open,,i,,QB,,QB,LV,MIA,307,44.50,7.50,18.50,0.07,0,5000,5000,0,12.44,12.44,12.44,9.4,15.5,3.1,0,0,0,0,2.5,6.7,31.6,2.1,0.0,2.1,11
13610,T.J.,Hockenson,T.J. Hockenson,/football/player/tj-hockenson-13610,,&#9881;,open,,i,,TE,,TE,MIN,TEN,-265,40.00,-6.00,23.00,5.30,0,4700,4700,0,11.76,11.76,11.76,10.5,16.2,4.7,0,0,0,0,2.5,1.5,0.0,0.0,6.9,6.9,11
20030,Tennessee,Titans,Tennessee Titans,/football/player/tennessee-titans-20030,,&#9881;,open,,i,,D," <small class=""sm-muted"">(DST)</small>",DST,TEN,MIN,213,40.00,6.00,17.00,13.34,0,2300,2300,0,5.77,5.77,5.77,0.0,0.0,0.0,0,0,0,0,2.5,0.0,0.0,0.0,0.0,0.0,11
16661,De'Von,Achane,De'Von Achane,/football/player/devon-achane-16661,,&#9881;,open,,i,,RB,,RB,MIA,LV,-392,44.50,-7.50,26.00,15.94,0,7200,7200,0,17.85,17.85,17.85,15.8,29.8,3.4,0,0,0,0,2.5,2.4,0.0,11.6,5.9,17.5,11
20012,Houston,Texans,Houston Texans,/football/player/houston-texans-20012,,&#9881;,open,,i,,D," <small class=""sm-muted"">(DST)</small>",DST,HOU,DAL,-378,42.00,-7.50,24.75,12.10,0,3100,3100,0,7.71,7.71,7.71,0.0,0.0,0.0,0,0,0,0,2.5,0.0,0.0,0.0,0.0,0.0,11
11841,Cooper,Rush,Cooper Rush,/football/player/cooper-rush-11841,,&#9881;,open,,i,,QB,,QB,DAL,HOU,297,42.00,7.50,17.25,0.06,0,5000,5000,0,12.50,12.50,12.50,3.1,9.7,0.0,0,0,0,0,2.5,7.0,31.7,3.1,0.0,3.1,11
20005,Chicago,Bears,Chicago Bears,/football/player/chicago-bears-20005,,&#9881;,open,,i,,D," <small class=""sm-muted"">(DST)</small>",DST,CHI,GB,217,40.50,6.00,17.25,2.39,0,2400,2400,0,5.84,5.84,5.84,0.0,0.0,0.0,0,0,0,0,2.4,0.0,0.0,0.0,0.0,0.0,11
11807,Jonnu,Smith,Jonnu Smith,/football/player/jonnu-smith-11807,,&#9881;,open,,i,,TE,,TE,MIA,LV,-392,44.50,-7.50,26.00,4.26,0,3800,3800,0,9.16,9.16,9.16,9.0,19.1,1.1,0,0,0,0,2.4,1.3,0.0,0.0,5.0,5.0,11
16795,Kayshon,Boutte,Kayshon Boutte,/football/player/kayshon-boutte-16795,,&#9881;,open,,i,,WR,,WR,NE,LAR,182,43.50,4.50,19.50,6.33,0,3500,3500,0,8.52,8.52,8.52,6.0,12.7,1.4,0,0,0,0,2.4,1.6,0.0,0.3,5.3,5.6,11
13286,Tanner,Hudson,Tanner Hudson,/football/player/tanner-hudson-13286,,&#9881;,open,,i,,TE,,TE,CIN,LAC,100,47.00,1.50,22.75,2.34,0,2800,2800,0,6.76,6.76,6.76,3.9,13.7,0.0,0,0,0,0,2.4,1.3,0.0,0.0,3.7,3.7,11
20007,Cleveland,Browns,Cleveland Browns,/football/player/cleveland-browns-20007,,&#9881;,open,,i,,D," <small class=""sm-muted"">(DST)</small>",DST,CLE,NO,-104,44.50,1.00,21.75,6.04,0,2600,2600,0,6.16,6.16,6.16,0.0,0.0,0.0,0,0,0,0,2.4,0.0,0.0,0.0,0.0,0.0,11
15402,Mac,Jones,Mac Jones,/football/player/mac-jones-15402,,&#9881;,open,,i,,QB,,QB,JAX,DET,535,47.00,13.00,17.00,0.00,0,4900,4900,0,11.66,11.66,11.66,2.8,7.9,0.0,0,0,0,0,2.4,6.5,28.2,3.6,0.0,3.6,11
16886,C.J.,Stroud,C.J. Stroud,/football/player/cj-stroud-16886,,&#9881;,open,,i,,QB,,QB,HOU,DAL,-378,42.00,-7.50,24.75,0.29,0,6700,6700,0,16.13,16.13,16.13,15.1,23.9,7.1,0,0,0,0,2.4,5.5,34.4,2.7,0.0,2.7,11
8783,Travis,Kelce,Travis Kelce,/football/player/travis-kelce-8783,,&#9881;,open,,i,,TE,,TE,KC,BUF,112,46.00,2.00,22.00,6.41,0,6300,6300,0,15.02,15.02,15.02,14.7,24.9,3.6,0,0,0,0,2.4,1.4,0.0,0.1,8.5,8.6,11
12860,Dallas,Goedert,Dallas Goedert,/football/player/dallas-goedert-12860,"&nbsp;<span class=""red upper bold sm-text"">que</span>",&#9881;,open,,i,,TE,,TE,PHI,WAS,-187,48.50,-3.50,26.00,4.18,0,4400,4400,0,10.09,10.09,10.09,12.1,26.6,0.5,0,0,0,0,2.3,1.3,0.0,0.0,5.5,5.5,11
20028,Los Angeles,Rams,Los Angeles Rams,/football/player/los-angeles-rams-20028,,&#9881;,open,,i,,D," <small class=""sm-muted"">(DST)</small>",DST,LAR,NE,-223,43.50,-4.50,24.00,11.11,0,3200,3200,0,7.51,7.51,7.51,0.0,0.0,0.0,0,0,0,0,2.3,0.0,0.0,0.0,0.0,0.0,11
20024,Pittsburgh,Steelers,Pittsburgh Steelers,/football/player/pittsburgh-steelers-20024,,&#9881;,open,,i,,D," <small class=""sm-muted"">(DST)</small>",DST,PIT,BAL,146,48.50,3.00,22.75,6.44,0,2500,2500,0,5.69,5.69,5.69,0.0,0.0,0.0,0,0,0,0,2.3,0.0,0.0,0.0,0.0,0.0,11
13517,Jakobi,Meyers,Jakobi Meyers,/football/player/jakobi-meyers-13517,,&#9881;,open,,i,,WR,,WR,LV,MIA,307,44.50,7.50,18.50,7.25,0,5600,5600,0,12.92,12.92,12.92,14.7,20.9,8.0,0,0,0,0,2.3,1.6,0.1,0.4,8.5,8.9,11
16934,Chase,Brown,Chase Brown,/football/player/chase-brown-16934,,&#9881;,open,,i,,RB,,RB,CIN,LAC,100,47.00,1.50,22.75,8.31,0,6500,6500,0,14.84,14.84,14.84,15.1,26.7,4.7,0,0,0,0,2.3,2.9,0.0,15.2,3.8,19.0,11
15868,Drake,London,Drake London,/football/player/drake-london-15868,,&#9881;,open,,i,,WR,,WR,ATL,DEN,113,44.00,2.50,20.75,10.04,0,6700,6700,0,15.42,15.42,15.42,17.6,31.1,8.4,0,0,0,0,2.3,1.3,0.0,0.1,8.5,8.6,11
20008,Dallas,Cowboys,Dallas Cowboys,/football/player/dallas-cowboys-20008,,&#9881;,open,,i,,D," <small class=""sm-muted"">(DST)</small>",DST,DAL,HOU,297,42.00,7.50,17.25,6.70,0,2500,2500,0,5.63,5.63,5.63,0.0,0.0,0.0,0,0,0,0,2.3,0.0,0.0,0.0,0.0,0.0,11
11892,George,Kittle,George Kittle,/football/player/george-kittle-11892,"&nbsp;<span class=""red upper bold sm-text"">que</span>",&#9881;,open,,i,,TE,,TE,SF,SEA,-303,49.50,-6.50,28.00,5.34,0,6000,6000,0,13.51,13.51,13.51,18.0,26.0,9.9,0,0,0,0,2.3,1.0,0.0,0.1,6.1,6.2,11
11839,Patrick,Mahomes,Patrick Mahomes,/football/player/patrick-mahomes-11839,,&#9881;,open,,i,,QB,,QB,KC,BUF,112,46.00,2.00,22.00,0.21,0,6800,6800,0,15.91,15.91,15.91,17.3,22.6,13.9,0,0,0,0,2.3,4.7,28.0,3.7,0.0,3.7,11
8057,Kirk,Cousins,Kirk Cousins,/football/player/kirk-cousins-8057,,&#9881;,open,,i,,QB,,QB,ATL,DEN,113,44.00,2.50,20.75,0.01,0,6500,6500,0,14.74,14.74,14.74,17.9,33.0,8.3,0,0,0,0,2.3,5.2,31.9,1.7,0.0,1.7,11
11732,Alvin,Kamara,Alvin Kamara,/football/player/alvin-kamara-11732,,&#9881;,open,,i,,RB,,RB,NO,CLE,-115,44.50,-1.00,22.75,12.67,0,8200,8200,0,18.78,18.78,18.78,21.2,39.9,9.0,0,0,0,0,2.3,2.7,0.0,16.6,5.7,22.3,11
8619,DeAndre,Hopkins,DeAndre Hopkins,/football/player/deandre-hopkins-8619,,&#9881;,open,,i,,WR,,WR,KC,BUF,112,46.00,2.00,22.00,7.29,0,5700,5700,0,12.43,12.43,12.43,10.0,24.0,0.6,0,0,0,0,2.2,1.2,0.0,0.2,6.9,7.1,11
15909,Kenneth,Walker,Kenneth Walker,/football/player/kenneth-walker-15909,,&#9881;,open,,i,,RB,,RB,SEA,SF,240,49.50,6.50,21.50,8.23,0,7000,7000,0,15.55,15.55,15.55,19.1,30.8,9.4,0,0,0,0,2.2,2.9,0.0,16.4,4.1,20.5,11
20021,New York,Jets,New York Jets,/football/player/new-york-jets-20021,,&#9881;,open,,i,,D," <small class=""sm-muted"">(DST)</small>",DST,NYJ,IND,-187,44.00,-4.00,24.00,3.06,0,2800,2800,0,6.21,6.21,6.21,0.0,0.0,0.0,0,0,0,0,2.2,0.0,0.0,0.0,0.0,0.0,11
14376,Jauan,Jennings,Jauan Jennings,/football/player/jauan-jennings-14376,,&#9881;,open,,i,,WR,,WR,SF,SEA,-303,49.50,-6.50,28.00,7.50,0,5300,5300,0,11.67,11.67,11.67,14.7,40.1,0.5,0,0,0,0,2.2,1.1,0.0,0.1,5.6,5.7,11
16790,Puka,Nacua,Puka Nacua,/football/player/puka-nacua-16790,,&#9881;,open,,i,,WR,,WR,LAR,NE,-223,43.50,-4.50,24.00,9.04,0,7300,7300,0,15.77,15.77,15.77,14.0,22.7,2.9,0,0,0,0,2.2,1.2,0.0,0.5,8.2,8.7,11
20013,Indianapolis,Colts,Indianapolis Colts,/football/player/indianapolis-colts-20013,,&#9881;,open,,i,,D," <small class=""sm-muted"">(DST)</small>",DST,IND,NYJ,154,44.00,4.00,20.00,2.07,0,2600,2600,0,5.78,5.78,5.78,0.0,0.0,0.0,0,0,0,0,2.2,0.0,0.0,0.0,0.0,0.0,11
16808,Jahmyr,Gibbs,Jahmyr Gibbs,/football/player/jahmyr-gibbs-16808,,&#9881;,open,,i,,RB,,RB,DET,JAX,-772,47.00,-13.00,30.00,10.38,0,7300,7300,0,16.26,16.26,16.26,18.9,30.7,11.8,0,0,0,0,2.2,2.2,0.0,11.7,4.1,15.8,11
20000,Atlanta,Falcons,Atlanta Falcons,/football/player/atlanta-falcons-20000,,&#9881;,open,,i,,D," <small class=""sm-muted"">(DST)</small>",DST,ATL,DEN,113,44.00,2.50,20.75,0.47,0,2700,2700,0,5.93,5.93,5.93,0.0,0.0,0.0,0,0,0,0,2.2,0.0,0.0,0.0,0.0,0.0,11
11707,Joe,Mixon,Joe Mixon,/football/player/joe-mixon-11707,,&#9881;,open,,i,,RB,,RB,HOU,DAL,-378,42.00,-7.50,24.75,13.65,0,7700,7700,0,17.20,17.20,17.20,21.8,30.3,10.6,0,0,0,0,2.2,2.9,0.0,18.7,3.5,22.2,11
15200,Nico,Collins,Nico Collins,/football/player/nico-collins-15200,"&nbsp;<span class=""red upper bold sm-text"">que</span>",&#9881;,open,,i,,WR,,WR,HOU,DAL,-378,42.00,-7.50,24.75,10.37,0,7900,7900,0,17.36,17.36,17.36,23.8,35.6,12.5,0,0,0,0,2.2,1.1,0.0,0.1,8.9,9.0,11
17693,Brock,Bowers,Brock Bowers,/football/player/brock-bowers-17693,,&#9881;,open,,i,,TE,,TE,LV,MIA,307,44.50,7.50,18.50,4.75,0,5800,5800,0,12.80,12.80,12.80,14.6,22.3,6.6,0,0,0,0,2.2,1.3,0.0,0.0,7.5,7.5,11
20018,New England,Patriots,New England Patriots,/football/player/new-england-patriots-20018,,&#9881;,open,,i,,D," <small class=""sm-muted"">(DST)</small>",DST,NE,LAR,182,43.50,4.50,19.50,1.83,0,2500,2500,0,5.50,5.50,5.50,0.0,0.0,0.0,0,0,0,0,2.2,0.0,0.0,0.0,0.0,0.0,11
12507,Saquon,Barkley,Saquon Barkley,/football/player/saquon-barkley-12507,,&#9881;,open,,i,,RB,,RB,PHI,WAS,-187,48.50,-3.50,26.00,16.81,0,8200,8200,0,18.04,18.04,18.04,20.2,34.4,8.0,0,0,0,0,2.2,2.6,0.0,17.9,3.3,21.2,11
20011,Green Bay,Packers,Green Bay Packers,/football/player/green-bay-packers-20011,,&#9881;,open,,i,,D," <small class=""sm-muted"">(DST)</small>",DST,GB,CHI,-269,40.50,-6.00,23.25,8.70,0,3500,3500,0,7.78,7.78,7.78,0.0,0.0,0.0,0,0,0,0,2.2,0.0,0.0,0.0,0.0,0.0,11
12586,Courtland,Sutton,Courtland Sutton,/football/player/courtland-sutton-12586,,&#9881;,open,,i,,WR,,WR,DEN,ATL,-136,44.00,-2.50,23.25,7.12,0,5900,5900,0,12.59,12.59,12.59,13.3,24.1,2.3,0,0,0,0,2.1,1.3,0.0,0.1,7.8,7.9,11
15807,Kyren,Williams,Kyren Williams,/football/player/kyren-williams-15807,,&#9881;,open,,i,,RB,,RB,LAR,NE,-223,43.50,-4.50,24.00,8.81,0,7900,7900,0,16.82,16.82,16.82,19.0,28.6,11.4,0,0,0,0,2.1,2.6,0.0,17.9,3.0,20.9,11
15459,Noah,Gray,Noah Gray,/football/player/noah-gray-15459,,&#9881;,open,,i,,TE,,TE,KC,BUF,112,46.00,2.00,22.00,2.63,0,2800,2800,0,5.89,5.89,5.89,4.4,9.3,0.3,0,0,0,0,2.1,1.2,0.0,0.0,3.3,3.3,11
16706,Cedric,Tillman,Cedric Tillman,/football/player/cedric-tillman-16706,,&#9881;,open,,i,,WR,,WR,CLE,NO,-104,44.50,1.00,21.75,5.64,0,5300,5300,0,10.86,10.86,10.86,8.3,24.4,0.0,0,0,0,0,2.1,1.3,0.0,0.2,6.8,7.0,11
11805,Evan,Engram,Evan Engram,/football/player/evan-engram-11805,,&#9881;,open,,i,,TE,,TE,JAX,DET,535,47.00,13.00,17.00,3.77,0,5200,5200,0,11.11,11.11,11.11,12.8,20.3,7.8,0,0,0,0,2.1,1.4,0.0,0.0,7.3,7.3,11
16751,DeMario,Douglas,DeMario Douglas,/football/player/demario-douglas-16751,,&#9881;,open,,i,,WR,,WR,NE,LAR,182,43.50,4.50,19.50,4.97,0,4700,4700,0,9.77,9.77,9.77,8.7,18.3,1.0,0,0,0,0,2.1,1.4,0.0,0.4,6.0,6.4,11
12514,Dalton,Schultz,Dalton Schultz,/football/player/dalton-schultz-12514,,&#9881;,open,,i,,TE,,TE,HOU,DAL,-378,42.00,-7.50,24.75,3.12,0,4000,4000,0,8.51,8.51,8.51,6.2,9.0,3.5,0,0,0,0,2.1,1.2,0.0,0.0,4.9,4.9,11
10819,Derrick,Henry,Derrick Henry,/football/player/derrick-henry-10819,,&#9881;,open,,i,,RB,,RB,BAL,PIT,-176,48.50,-3.00,25.75,8.41,0,8100,8100,0,17.32,17.32,17.32,24.4,36.2,14.7,0,0,0,0,2.1,2.3,0.0,17.4,1.4,18.8,11
16739,Bijan,Robinson,Bijan Robinson,/football/player/bijan-robinson-16739,,&#9881;,open,,i,,RB,,RB,ATL,DEN,113,44.00,2.50,20.75,9.76,0,7800,7800,0,16.52,16.52,16.52,20.1,30.0,11.6,0,0,0,0,2.1,2.5,0.0,15.1,4.5,19.6,11
11734,David,Njoku,David Njoku,/football/player/david-njoku-11734,,&#9881;,open,,i,,TE,,TE,CLE,NO,-104,44.50,1.00,21.75,4.09,0,5500,5500,0,11.40,11.40,11.40,11.8,21.9,2.9,0,0,0,0,2.1,1.2,0.0,0.0,6.6,6.6,11
10055,Amari,Cooper,Amari Cooper,/football/player/amari-cooper-10055,"&nbsp;<span class=""red upper bold sm-text"">que</span>",&#9881;,open,,i,,WR,,WR,BUF,KC,-133,46.00,-2.00,24.00,5.81,0,5700,5700,0,12.04,12.04,12.04,10.8,23.6,1.6,0,0,0,0,2.1,1.1,0.0,0.0,6.3,6.3,11
11739,Kareem,Hunt,Kareem Hunt,/football/player/kareem-hunt-11739,,&#9881;,open,,i,,RB,,RB,KC,BUF,112,46.00,2.00,22.00,6.56,0,6700,6700,0,13.76,13.76,13.76,17.8,22.5,11.6,0,0,0,0,2.1,2.9,0.0,17.1,2.4,19.5,11
20009,Denver,Broncos,Denver Broncos,/football/player/denver-broncos-20009,,&#9881;,open,,i,,D," <small class=""sm-muted"">(DST)</small>",DST,DEN,ATL,-136,44.00,-2.50,23.25,1.43,0,2900,2900,0,6.14,6.14,6.14,0.0,0.0,0.0,0,0,0,0,2.1,0.0,0.0,0.0,0.0,0.0,11
17030,Davis,Allen,Davis Allen,/football/player/davis-allen-17030,,&#9881;,open,,i,,TE,,TE,LAR,NE,-223,43.50,-4.50,24.00,2.52,0,2500,2500,0,5.27,5.27,5.27,1.7,6.7,0.0,0,0,0,0,2.1,1.2,0.0,0.0,2.9,2.9,11
20022,Las Vegas,Raiders,Las Vegas Raiders,/football/player/las-vegas-raiders-20022,,&#9881;,open,,i,,D," <small class=""sm-muted"">(DST)</small>",DST,LV,MIA,307,44.50,7.50,18.50,0.95,0,2400,2400,0,5.07,5.07,5.07,0.0,0.0,0.0,0,0,0,0,2.1,0.0,0.0,0.0,0.0,0.0,11
14506,Tee,Higgins,Tee Higgins,/football/player/tee-higgins-14506,"&nbsp;<span class=""red upper bold sm-text"">que</span>",&#9881;,open,,i,,WR,,WR,CIN,LAC,100,47.00,1.50,22.75,5.77,0,6300,6300,0,13.13,13.13,13.13,16.2,27.0,7.4,0,0,0,0,2.1,1.1,0.0,0.1,7.1,7.2,11
8781,Zach,Ertz,Zach Ertz,/football/player/zach-ertz-8781,,&#9881;,open,,i,,TE,,TE,WAS,PHI,155,48.50,3.50,22.50,3.47,0,3700,3700,0,7.87,7.87,7.87,8.4,13.8,2.6,0,0,0,0,2.1,1.4,0.0,0.0,5.1,5.1,11
16259,Lucas,Krull,Lucas Krull,/football/player/lucas-krull-16259,,&#9881;,open,,i,,TE,,TE,DEN,ATL,-136,44.00,-2.50,23.25,2.03,0,2700,2700,0,5.60,5.60,5.60,3.3,6.4,0.4,0,0,0,0,2.1,1.3,0.0,0.0,3.4,3.4,11
13536,Terry,McLaurin,Terry McLaurin,/football/player/terry-mclaurin-13536,,&#9881;,open,,i,,WR,,WR,WAS,PHI,155,48.50,3.50,22.50,7.10,0,7000,7000,0,14.58,14.58,14.58,18.0,22.9,10.8,0,0,0,0,2.1,1.1,0.0,0.1,7.9,8.0,11
13426,Noah,Fant,Noah Fant,/football/player/noah-fant-13426,"&nbsp;<span class=""red upper bold sm-text"">que</span>",&#9881;,open,,i,,TE,,TE,SEA,SF,240,49.50,6.50,21.50,2.04,0,3700,3700,0,7.59,7.59,7.59,7.5,11.9,2.9,0,0,0,0,2.1,1.2,0.0,0.0,4.4,4.4,11
20003,Buffalo,Bills,Buffalo Bills,/football/player/buffalo-bills-20003,,&#9881;,open,,i,,D," <small class=""sm-muted"">(DST)</small>",DST,BUF,KC,-133,46.00,-2.00,24.00,1.97,0,2700,2700,0,5.77,5.77,5.77,0.0,0.0,0.0,0,0,0,0,2.1,0.0,0.0,0.0,0.0,0.0,11
15829,Garrett,Wilson,Garrett Wilson,/football/player/garrett-wilson-15829,,&#9881;,open,,i,,WR,,WR,NYJ,IND,-187,44.00,-4.00,24.00,9.44,0,7100,7100,0,14.90,14.90,14.90,17.4,29.4,8.1,0,0,0,0,2.1,1.2,0.0,0.3,8.1,8.4,11
20017,Minnesota,Vikings,Minnesota Vikings,/football/player/minnesota-vikings-20017,,&#9881;,open,,i,,D," <small class=""sm-muted"">(DST)</small>",DST,MIN,TEN,-265,40.00,-6.00,23.00,6.24,0,3700,3700,0,7.93,7.93,7.93,0.0,0.0,0.0,0,0,0,0,2.1,0.0,0.0,0.0,0.0,0.0,11
11763,Aaron,Jones,Aaron Jones,/football/player/aaron-jones-11763,"&nbsp;<span class=""red upper bold sm-text"">que</span>",&#9881;,open,,i,,RB,,RB,MIN,TEN,-265,40.00,-6.00,23.00,7.29,0,6900,6900,0,14.59,14.59,14.59,15.0,25.5,7.1,0,0,0,0,2.1,2.6,0.0,14.3,3.6,17.9,11
15332,Amon-Ra,St. Brown,Amon-Ra St. Brown,/football/player/amon-ra-st-brown-15332,,&#9881;,open,,i,,WR,,WR,DET,JAX,-772,47.00,-13.00,30.00,11.23,0,8000,8000,0,16.41,16.41,16.41,19.3,26.9,10.9,0,0,0,0,2.1,1.1,0.0,0.4,8.1,8.5,11
12559,Mark,Andrews,Mark Andrews,/football/player/mark-andrews-12559,,&#9881;,open,,i,,TE,,TE,BAL,PIT,-176,48.50,-3.00,25.75,3.32,0,4600,4600,0,9.62,9.62,9.62,10.3,19.0,1.3,0,0,0,0,2.1,1.1,0.0,0.0,4.9,4.9,11
15810,Breece,Hall,Breece Hall,/football/player/breece-hall-15810,,&#9881;,open,,i,,RB,,RB,NYJ,IND,-187,44.00,-4.00,24.00,8.38,0,7500,7500,0,15.29,15.29,15.29,15.9,26.8,5.6,0,0,0,0,2.0,2.3,0.0,12.6,4.4,17.0,11
13556,David,Montgomery,David Montgomery,/football/player/david-montgomery-13556,,&#9881;,open,,i,,RB,,RB,DET,JAX,-772,47.00,-13.00,30.00,6.47,0,6500,6500,0,13.29,13.29,13.29,15.8,22.4,10.0,0,0,0,0,2.0,2.3,0.0,13.4,1.5,14.9,11
15183,Ja'Marr,Chase,Ja'Marr Chase,/football/player/jamarr-chase-15183,,&#9881;,open,,i,,WR,,WR,CIN,LAC,100,47.00,1.50,22.75,9.44,0,8800,8800,0,17.93,17.93,17.93,24.7,50.1,7.5,0,0,0,0,2.0,1.0,0.0,0.2,8.9,9.1,11
13582,Josh,Jacobs,Josh Jacobs,/football/player/josh-jacobs-13582,,&#9881;,open,,i,,RB,,RB,GB,CHI,-269,40.50,-6.00,23.25,5.79,0,7100,7100,0,13.85,13.85,13.85,15.6,25.4,7.3,0,0,0,0,2.0,2.5,0.0,14.8,3.0,17.8,11
16919,Zay,Flowers,Zay Flowers,/football/player/zay-flowers-16919,,&#9881;,open,,i,,WR,,WR,BAL,PIT,-176,48.50,-3.00,25.75,6.37,0,6900,6900,0,13.62,13.62,13.62,15.8,29.9,3.3,0,0,0,0,2.0,1.1,0.0,0.5,7.1,7.6,11
15372,Rhamondre,Stevenson,Rhamondre Stevenson,/football/player/rhamondre-stevenson-15372,,&#9881;,open,,i,,RB,,RB,NE,LAR,182,43.50,4.50,19.50,4.40,0,6100,6100,0,11.90,11.90,11.90,13.0,21.7,3.1,0,0,0,0,2.0,2.7,0.0,12.8,3.5,16.3,11
11849,Noah,Brown,Noah Brown,/football/player/noah-brown-11849,,&#9881;,open,,i,,WR,,WR,WAS,PHI,155,48.50,3.50,22.50,3.53,0,4300,4300,0,8.43,8.43,8.43,8.3,14.4,3.3,0,0,0,0,2.0,1.1,0.0,0.2,4.6,4.8,11
11863,Cooper,Kupp,Cooper Kupp,/football/player/cooper-kupp-11863,,&#9881;,open,,i,,WR,,WR,LAR,NE,-223,43.50,-4.50,24.00,7.82,0,7500,7500,0,14.99,14.99,14.99,15.8,23.5,8.3,0,0,0,0,2.0,1.1,0.0,0.2,8.1,8.3,11
12809,Tyler,Conklin,Tyler Conklin,/football/player/tyler-conklin-12809,,&#9881;,open,,i,,TE,,TE,NYJ,IND,-187,44.00,-4.00,24.00,2.80,0,3200,3200,0,6.54,6.54,6.54,6.5,13.1,0.9,0,0,0,0,2.0,1.2,0.0,0.0,3.9,3.9,11
20010,Detroit,Lions,Detroit Lions,/football/player/detroit-lions-20010,,&#9881;,open,,i,,D," <small class=""sm-muted"">(DST)</small>",DST,DET,JAX,-772,47.00,-13.00,30.00,1.90,0,3800,3800,0,7.71,7.71,7.71,0.0,0.0,0.0,0,0,0,0,2.0,0.0,0.0,0.0,0.0,0.0,11
16689,Josh,Downs,Josh Downs,/football/player/josh-downs-16689,,&#9881;,open,,i,,WR,,WR,IND,NYJ,154,44.00,4.00,20.00,6.75,0,6400,6400,0,13.03,13.03,13.03,14.4,23.9,3.8,0,0,0,0,2.0,1.3,0.0,0.2,8.0,8.2,11
13429,Deebo,Samuel,Deebo Samuel,/football/player/deebo-samuel-13429,,&#9881;,open,,i,,WR,,WR,SF,SEA,-303,49.50,-6.50,28.00,7.77,0,6800,6800,0,13.40,13.40,13.40,12.7,22.4,2.2,0,0,0,0,2.0,1.2,0.0,2.6,5.7,8.3,11
14455,Jonathan,Taylor,Jonathan Taylor,/football/player/jonathan-taylor-14455,,&#9881;,open,,i,,RB,,RB,IND,NYJ,154,44.00,4.00,20.00,6.23,0,7600,7600,0,14.96,14.96,14.96,19.3,27.7,10.7,0,0,0,0,2.0,2.6,0.0,17.2,2.5,19.7,11
16649,Tucker,Kraft,Tucker Kraft,/football/player/tucker-kraft-16649,,&#9881;,open,,i,,TE,,TE,GB,CHI,-269,40.50,-6.00,23.25,3.38,0,4400,4400,0,8.57,8.57,8.57,11.2,21.9,3.5,0,0,0,0,2.0,1.1,0.0,0.0,4.9,4.9,11
16697,Dalton,Kincaid,Dalton Kincaid,/football/player/dalton-kincaid-16697,"&nbsp;<span class=""red upper bold sm-text"">que</span>",&#9881;,open,,i,,TE,,TE,BUF,KC,-133,46.00,-2.00,24.00,2.77,0,5000,5000,0,9.79,9.79,9.79,8.8,12.5,5.0,0,0,0,0,2.0,1.1,0.0,0.0,5.5,5.5,11
14458,Jerry,Jeudy,Jerry Jeudy,/football/player/jerry-jeudy-14458,,&#9881;,open,,i,,WR,,WR,CLE,NO,-104,44.50,1.00,21.75,5.40,0,5400,5400,0,10.67,10.67,10.67,8.7,14.0,3.1,0,0,0,0,2.0,1.2,0.0,0.1,6.6,6.7,11
13424,DK,Metcalf,DK Metcalf,/football/player/dk-metcalf-13424,"&nbsp;<span class=""red upper bold sm-text"">que</span>",&#9881;,open,,i,,WR,,WR,SEA,SF,240,49.50,6.50,21.50,6.83,0,6500,6500,0,13.28,13.28,13.28,18.5,29.8,8.6,0,0,0,0,2.0,1.1,0.0,0.1,7.4,7.5,11
17724,Ladd,McConkey,Ladd McConkey,/football/player/ladd-mcconkey-17724,,&#9881;,open,,i,,WR,,WR,LAC,CIN,-122,47.00,-1.50,24.25,6.04,0,6200,6200,0,12.24,12.24,12.24,12.3,26.6,4.0,0,0,0,0,2.0,1.1,0.0,0.1,6.9,7.0,11
13432,A.J.,Brown,A.J. Brown,/football/player/aj-brown-13432,,&#9881;,open,,i,,WR,,WR,PHI,WAS,-187,48.50,-3.50,26.00,10.83,0,8100,8100,0,16.56,16.56,16.56,16.9,25.7,7.3,0,0,0,0,2.0,1.0,0.0,0.1,8.1,8.2,11
16977,Jayden,Reed,Jayden Reed,/football/player/jayden-reed-16977,,&#9881;,open,,i,,WR,,WR,GB,CHI,-269,40.50,-6.00,23.25,5.65,0,6400,6400,0,12.47,12.47,12.47,13.2,25.9,3.9,0,0,0,0,2.0,1.1,0.0,1.1,5.9,7.0,11
17975,Devaughn,Vele,Devaughn Vele,/football/player/devaughn-vele-17975,,&#9881;,open,,i,,WR,,WR,DEN,ATL,-136,44.00,-2.50,23.25,3.04,0,3900,3900,0,7.64,7.64,7.64,7.5,13.2,2.7,0,0,0,0,2.0,1.2,0.0,0.0,4.7,4.7,11
17716,Brian,Thomas,Brian Thomas,/football/player/brian-thomas-17716,,&#9881;,open,,i,,WR,,WR,JAX,DET,535,47.00,13.00,17.00,4.24,0,6100,6100,0,11.91,11.91,11.91,13.1,23.8,4.0,0,0,0,0,2.0,1.2,0.0,0.1,7.5,7.6,11
20031,Washington,Commanders,Washington Commanders,/football/player/washington-commanders-20031,,&#9881;,open,,i,,D," <small class=""sm-muted"">(DST)</small>",DST,WAS,PHI,155,48.50,3.50,22.50,0.76,0,2800,2800,0,5.54,5.54,5.54,0.0,0.0,0.0,0,0,0,0,2.0,0.0,0.0,0.0,0.0,0.0,11
17033,Sam,LaPorta,Sam LaPorta,/football/player/sam-laporta-17033,"&nbsp;<span class=""red upper bold sm-text"">que</span>",&#9881;,open,,i,,TE,,TE,DET,JAX,-772,47.00,-13.00,30.00,3.52,0,4300,4300,0,8.38,8.38,8.38,8.9,15.6,3.4,0,0,0,0,2.0,1.0,0.0,0.0,4.1,4.1,11
15876,James,Cook,James Cook,/football/player/james-cook-15876,,&#9881;,open,,i,,RB,,RB,BUF,KC,-133,46.00,-2.00,24.00,5.44,0,6800,6800,0,13.14,13.14,13.14,17.4,28.8,7.1,0,0,0,0,1.9,2.5,0.0,14.5,2.5,17.0,11
15892,Khalil,Shakir,Khalil Shakir,/football/player/khalil-shakir-15892,,&#9881;,open,,i,,WR,,WR,BUF,KC,-133,46.00,-2.00,24.00,4.51,0,6300,6300,0,12.17,12.17,12.17,12.9,20.8,5.5,0,0,0,0,1.9,1.0,0.0,0.1,6.2,6.3,11
15853,George,Pickens,George Pickens,/football/player/george-pickens-15853,,&#9881;,open,,i,,WR,,WR,PIT,BAL,146,48.50,3.00,22.75,6.28,0,7000,7000,0,13.24,13.24,13.24,13.4,23.0,5.3,0,0,0,0,1.9,1.0,0.0,0.1,7.2,7.3,11
16654,Jaxon,Smith-Njigba,Jaxon Smith-Njigba,/football/player/jaxon-smith-njigba-16654,,&#9881;,open,,i,,WR,,WR,SEA,SF,240,49.50,6.50,21.50,4.94,0,6500,6500,0,12.41,12.41,12.41,16.0,33.8,4.9,0,0,0,0,1.9,1.1,0.0,0.1,7.2,7.3,11
20025,Los Angeles,Chargers,Los Angeles Chargers,/football/player/los-angeles-chargers-20025,,&#9881;,open,,i,,D," <small class=""sm-muted"">(DST)</small>",DST,LAC,CIN,-122,47.00,-1.50,24.25,0.59,0,3000,3000,0,5.69,5.69,5.69,0.0,0.0,0.0,0,0,0,0,1.9,0.0,0.0,0.0,0.0,0.0,11
15947,Jake,Ferguson,Jake Ferguson,/football/player/jake-ferguson-15947,,&#9881;,open,,i,,TE,,TE,DAL,HOU,297,42.00,7.50,17.25,2.86,0,4900,4900,0,9.23,9.23,9.23,10.3,15.1,5.0,0,0,0,0,1.9,1.2,0.0,0.0,5.8,5.8,11
12570,Ray-Ray,McCloud,Ray-Ray McCloud,/football/player/ray-ray-mccloud-12570,,&#9881;,open,,i,,WR,,WR,ATL,DEN,113,44.00,2.50,20.75,3.82,0,4200,4200,0,8.06,8.06,8.06,7.8,11.9,3.6,0,0,0,0,1.9,1.3,0.0,0.7,4.7,5.4,11
15989,Jerome,Ford,Jerome Ford,/football/player/jerome-ford-15989,,&#9881;,open,,i,,RB,,RB,CLE,NO,-104,44.50,1.00,21.75,2.42,0,4400,4400,0,8.17,8.17,8.17,7.3,14.1,1.7,0,0,0,0,1.9,2.2,0.0,7.0,2.8,9.8,11
20006,Cincinnati,Bengals,Cincinnati Bengals,/football/player/cincinnati-bengals-20006,,&#9881;,open,,i,,D," <small class=""sm-muted"">(DST)</small>",DST,CIN,LAC,100,47.00,1.50,22.75,0.11,0,2900,2900,0,5.42,5.42,5.42,0.0,0.0,0.0,0,0,0,0,1.9,0.0,0.0,0.0,0.0,0.0,11
14418,J.K.,Dobbins,J.K. Dobbins,/football/player/jk-dobbins-14418,,&#9881;,open,,i,,RB,,RB,LAC,CIN,-122,47.00,-1.50,24.25,5.94,0,7000,7000,0,13.49,13.49,13.49,14.8,23.0,8.2,0,0,0,0,1.9,2.5,0.0,15.1,2.6,17.7,11
15907,Brian,Robinson,Brian Robinson,/football/player/brian-robinson-15907,"&nbsp;<span class=""red upper bold sm-text"">que</span>",&#9881;,open,,i,,RB,,RB,WAS,PHI,155,48.50,3.50,22.50,4.68,0,6300,6300,0,12.20,12.20,12.20,14.5,21.5,8.9,0,0,0,0,1.9,2.7,0.0,14.8,2.5,17.3,11
9455,Davante,Adams,Davante Adams,/football/player/davante-adams-9455,"&nbsp;<span class=""red upper bold sm-text"">que</span>",&#9881;,open,,i,,WR,,WR,NYJ,IND,-187,44.00,-4.00,24.00,6.96,0,7200,7200,0,13.89,13.89,13.89,13.9,26.1,5.3,0,0,0,0,1.9,1.1,0.0,0.1,7.9,8.0,11
20019,New Orleans,Saints,New Orleans Saints,/football/player/new-orleans-saints-20019,,&#9881;,open,,i,,D," <small class=""sm-muted"">(DST)</small>",DST,NO,CLE,-115,44.50,-1.00,22.75,1.32,0,3300,3300,0,6.22,6.22,6.22,0.0,0.0,0.0,0,0,0,0,1.9,0.0,0.0,0.0,0.0,0.0,11
12886,Nick,Chubb,Nick Chubb,/football/player/nick-chubb-12886,,&#9881;,open,,i,,RB,,RB,CLE,NO,-104,44.50,1.00,21.75,4.23,0,6000,6000,0,11.36,11.36,11.36,6.6,10.0,4.0,0,0,0,0,1.9,2.5,0.0,13.1,1.9,15.0,11
15280,Elijah,Moore,Elijah Moore,/football/player/elijah-moore-15280,,&#9881;,open,,i,,WR,,WR,CLE,NO,-104,44.50,1.00,21.75,4.07,0,4300,4300,0,8.33,8.33,8.33,6.8,14.2,1.4,0,0,0,0,1.9,1.3,0.0,0.3,5.3,5.6,11
10161,Tyler,Lockett,Tyler Lockett,/football/player/tyler-lockett-10161,,&#9881;,open,,i,,WR,,WR,SEA,SF,240,49.50,6.50,21.50,2.84,0,5800,5800,0,10.17,10.17,10.17,9.7,15.7,3.3,0,0,0,0,1.8,1.0,0.0,0.1,5.8,5.9,11
17788,Audric,Estime,Audric Estime,/football/player/audric-estime-17788,,&#9881;,open,,i,,RB,,RB,DEN,ATL,-136,44.00,-2.50,23.25,2.97,0,4500,4500,0,8.15,8.15,8.15,2.5,4.9,0.5,0,0,0,0,1.8,2.7,0.0,11.5,0.8,12.3,11
16027,Romeo,Doubs,Romeo Doubs,/football/player/romeo-doubs-16027,,&#9881;,open,,i,,WR,,WR,GB,CHI,-269,40.50,-6.00,23.25,3.04,0,5500,5500,0,9.61,9.61,9.61,10.6,18.3,3.7,0,0,0,0,1.8,1.0,0.0,0.1,5.6,5.7,11
15946,Christian,Watson,Christian Watson,/football/player/christian-watson-15946,,&#9881;,open,,i,,WR,,WR,GB,CHI,-269,40.50,-6.00,23.25,2.47,0,5200,5200,0,9.40,9.40,9.40,5.8,13.7,0.0,0,0,0,0,1.8,1.0,0.0,0.3,5.0,5.3,11
17761,Ricky,Pearsall,Ricky Pearsall,/football/player/ricky-pearsall-17761,,&#9881;,open,,i,,WR,,WR,SF,SEA,-303,49.50,-6.50,28.00,3.50,0,4900,4900,0,9.03,9.03,9.03,11.4,17.4,5.2,0,0,0,0,1.8,1.0,0.0,0.2,4.6,4.8,11
20023,Philadelphia,Eagles,Philadelphia Eagles,/football/player/philadelphia-eagles-20023,,&#9881;,open,,i,,D," <small class=""sm-muted"">(DST)</small>",DST,PHI,WAS,-187,48.50,-3.50,26.00,0.58,0,3300,3300,0,5.86,5.86,5.86,0.0,0.0,0.0,0,0,0,0,1.8,0.0,0.0,0.0,0.0,0.0,11
15210,Rashod,Bateman,Rashod Bateman,/football/player/rashod-bateman-15210,,&#9881;,open,,i,,WR,,WR,BAL,PIT,-176,48.50,-3.00,25.75,3.03,0,4600,4600,0,8.30,8.30,8.30,11.2,21.8,3.6,0,0,0,0,1.8,1.0,0.0,0.1,4.6,4.7,11
20015,Kansas City,Chiefs,Kansas City Chiefs,/football/player/kansas-city-chiefs-20015,,&#9881;,open,,i,,D," <small class=""sm-muted"">(DST)</small>",DST,KC,BUF,112,46.00,2.00,22.00,0.06,0,3100,3100,0,5.54,5.54,5.54,0.0,0.0,0.0,0,0,0,0,1.8,0.0,0.0,0.0,0.0,0.0,11
14411,CeeDee,Lamb,CeeDee Lamb,/football/player/ceedee-lamb-14411,,&#9881;,open,,i,,WR,,WR,DAL,HOU,297,42.00,7.50,17.25,4.47,0,8300,8300,0,14.50,14.50,14.50,18.1,35.9,7.7,0,0,0,0,1.8,1.2,0.0,0.8,9.4,10.2,11
13833,Olamide,Zaccheaus,Olamide Zaccheaus,/football/player/olamide-zaccheaus-13833,,&#9881;,open,,i,,WR,,WR,WAS,PHI,155,48.50,3.50,22.50,1.67,0,3300,3300,0,5.84,5.84,5.84,4.6,11.9,0.0,0,0,0,0,1.8,1.1,0.0,0.2,3.3,3.5,11
12616,Calvin,Ridley,Calvin Ridley,/football/player/calvin-ridley-12616,,&#9881;,open,,i,,WR,,WR,TEN,MIN,213,40.00,6.00,17.00,3.79,0,6200,6200,0,11.31,11.31,11.31,12.7,25.3,1.2,0,0,0,0,1.8,1.3,0.0,0.3,7.7,8.0,11
15406,DeVonta,Smith,DeVonta Smith,/football/player/devonta-smith-15406,"&nbsp;<span class=""red upper bold sm-text"">que</span>",&#9881;,open,,i,,WR,,WR,PHI,WAS,-187,48.50,-3.50,26.00,5.16,0,6800,6800,0,12.24,12.24,12.24,13.5,21.1,3.1,0,0,0,0,1.8,0.9,0.0,0.1,6.4,6.5,11
14509,Justin,Jefferson,Justin Jefferson,/football/player/justin-jefferson-14509,,&#9881;,open,,i,,WR,,WR,MIN,TEN,-265,40.00,-6.00,23.00,6.04,0,8600,8600,0,15.78,15.78,15.78,20.1,25.8,12.3,0,0,0,0,1.8,1.0,0.0,0.1,8.6,8.7,11
15265,Kyle,Pitts,Kyle Pitts,/football/player/kyle-pitts-15265,,&#9881;,open,,i,,TE,,TE,ATL,DEN,113,44.00,2.50,20.75,2.58,0,4800,4800,0,8.61,8.61,8.61,9.9,21.3,1.1,0,0,0,0,1.8,1.0,0.0,0.0,4.9,4.9,11
15468,Najee,Harris,Najee Harris,/football/player/najee-harris-15468,"&nbsp;<span class=""red upper bold sm-text"">que</span>",&#9881;,open,,i,,RB,,RB,PIT,BAL,146,48.50,3.00,22.75,3.54,0,6200,6200,0,10.92,10.92,10.92,14.4,21.5,8.7,0,0,0,0,1.8,2.5,0.0,13.5,2.2,15.7,11
11710,Curtis,Samuel,Curtis Samuel,/football/player/curtis-samuel-11710,,&#9881;,open,,i,,WR,,WR,BUF,KC,-133,46.00,-2.00,24.00,1.70,0,3300,3300,0,5.56,5.56,5.56,3.2,6.9,0.0,0,0,0,0,1.7,1.0,0.0,0.5,2.7,3.2,11
13590,Tony,Pollard,Tony Pollard,/football/player/tony-pollard-13590,,&#9881;,open,,i,,RB,,RB,TEN,MIN,213,40.00,6.00,17.00,2.79,0,6400,6400,0,10.83,10.83,10.83,14.1,20.4,7.3,0,0,0,0,1.7,2.6,0.0,13.6,3.0,16.6,11
11222,Tyreek,Hill,Tyreek Hill,/football/player/tyreek-hill-11222,,&#9881;,open,,i,,WR,,WR,MIA,LV,-392,44.50,-7.50,26.00,5.51,0,7400,7400,0,12.87,12.87,12.87,9.2,13.2,3.8,0,0,0,0,1.7,0.9,0.0,0.2,6.5,6.7,11
20002,Baltimore,Ravens,Baltimore Ravens,/football/player/baltimore-ravens-20002,,&#9881;,open,,i,,D," <small class=""sm-muted"">(DST)</small>",DST,BAL,PIT,-176,48.50,-3.00,25.75,0.24,0,3400,3400,0,5.73,5.73,5.73,0.0,0.0,0.0,0,0,0,0,1.7,0.0,0.0,0.0,0.0,0.0,11
14630,Juwan,Johnson,Juwan Johnson,/football/player/juwan-johnson-14630,,&#9881;,open,,i,,TE,,TE,NO,CLE,-115,44.50,-1.00,22.75,1.82,0,3400,3400,0,5.90,5.90,5.90,4.7,8.0,0.8,0,0,0,0,1.7,1.0,0.0,0.0,3.3,3.3,11
12477,DJ,Moore,DJ Moore,/football/player/dj-moore-12477,,&#9881;,open,,i,,WR,,WR,CHI,GB,217,40.50,6.00,17.25,2.99,0,6000,6000,0,10.13,10.13,10.13,11.6,25.2,4.3,0,0,0,0,1.7,1.0,0.0,0.2,5.9,6.1,11
14394,D'Andre,Swift,D'Andre Swift,/football/player/dandre-swift-14394,,&#9881;,open,,i,,RB,,RB,CHI,GB,217,40.50,6.00,17.25,3.79,0,6600,6600,0,11.38,11.38,11.38,16.2,27.1,7.0,0,0,0,0,1.7,2.6,0.0,14.1,2.9,17.0,11
17020,Rome,Odunze,Rome Odunze,/football/player/rome-odunze-17020,,&#9881;,open,,i,,WR,,WR,CHI,GB,217,40.50,6.00,17.25,2.22,0,5000,5000,0,8.37,8.37,8.37,10.1,22.3,2.0,0,0,0,0,1.7,1.0,0.0,0.0,5.1,5.1,11
14657,Rico,Dowdle,Rico Dowdle,/football/player/rico-dowdle-14657,,&#9881;,open,,i,,RB,,RB,DAL,HOU,297,42.00,7.50,17.25,2.64,0,6000,6000,0,10.12,10.12,10.12,13.1,20.1,8.2,0,0,0,0,1.7,2.4,0.0,11.7,2.8,14.5,11
8627,Keenan,Allen,Keenan Allen,/football/player/keenan-allen-8627,,&#9881;,open,,i,,WR,,WR,CHI,GB,217,40.50,6.00,17.25,2.48,0,5200,5200,0,9.03,9.03,9.03,9.2,18.2,4.0,0,0,0,0,1.7,1.1,0.0,0.1,5.6,5.7,11
16895,Jordan,Addison,Jordan Addison,/football/player/jordan-addison-16895,,&#9881;,open,,i,,WR,,WR,MIN,TEN,-265,40.00,-6.00,23.00,2.79,0,5100,5100,0,8.85,8.85,8.85,10.7,20.5,3.8,0,0,0,0,1.7,0.9,0.0,0.1,4.7,4.8,11
14359,Gabe,Davis,Gabe Davis,/football/player/gabe-davis-14359,,&#9881;,open,,i,,WR,,WR,JAX,DET,535,47.00,13.00,17.00,1.98,0,4700,4700,0,8.20,8.20,8.20,5.6,17.0,0.0,0,0,0,0,1.7,1.2,0.0,0.1,5.4,5.5,11
13565,Lil'Jordan,Humphrey,Lil'Jordan Humphrey,/football/player/liljordan-humphrey-13565,,&#9881;,open,,i,,WR,,WR,DEN,ATL,-136,44.00,-2.50,23.25,1.80,0,3200,3200,0,5.54,5.54,5.54,4.8,8.9,0.8,0,0,0,0,1.7,1.1,0.0,0.0,3.5,3.5,11
16935,Tank,Dell,Tank Dell,/football/player/tank-dell-16935,,&#9881;,open,,i,,WR,,WR,HOU,DAL,-378,42.00,-7.50,24.75,3.77,0,6900,6900,0,12.02,12.02,12.02,10.4,19.7,1.4,0,0,0,0,1.7,1.0,0.0,0.9,5.9,6.8,11
20027,San Francisco,49ers,San Francisco 49ers,/football/player/san-francisco-49ers-20027,,&#9881;,open,,i,,D," <small class=""sm-muted"">(DST)</small>",DST,SF,SEA,-303,49.50,-6.50,28.00,0.47,0,3600,3600,0,6.02,6.02,6.02,0.0,0.0,0.0,0,0,0,0,1.7,0.0,0.0,0.0,0.0,0.0,11
16694,Tre,Tucker,Tre Tucker,/football/player/tre-tucker-16694,,&#9881;,open,,i,,WR,,WR,LV,MIA,307,44.50,7.50,18.50,1.74,0,4100,4100,0,6.82,6.82,6.82,7.7,18.9,0.1,0,0,0,0,1.7,1.1,0.0,0.5,4.0,4.5,11
16899,Quentin,Johnston,Quentin Johnston,/football/player/quentin-johnston-16899,,&#9881;,open,,i,,WR,,WR,LAC,CIN,-122,47.00,-1.50,24.25,3.09,0,4900,4900,0,8.53,8.53,8.53,12.9,23.5,3.1,0,0,0,0,1.7,1.0,0.0,0.1,5.0,5.1,11
16941,Tyjae,Spears,Tyjae Spears,/football/player/tyjae-spears-16941,,&#9881;,open,,i,,RB,,RB,TEN,MIN,213,40.00,6.00,17.00,2.15,0,4700,4700,0,8.10,8.10,8.10,7.6,11.6,3.3,0,0,0,0,1.7,2.1,0.0,6.9,3.1,10.0,11
10735,Hunter,Henry,Hunter Henry,/football/player/hunter-henry-10735,,&#9881;,open,,i,,TE,,TE,NE,LAR,182,43.50,4.50,19.50,2.61,0,3900,3900,0,6.71,6.71,6.71,9.8,19.3,2.6,0,0,0,0,1.7,1.1,0.0,0.0,4.1,4.1,11
16042,Chigoziem,Okonkwo,Chigoziem Okonkwo,/football/player/chigoziem-okonkwo-16042,,&#9881;,open,,i,,TE,,TE,TEN,MIN,213,40.00,6.00,17.00,1.69,0,3000,3000,0,5.00,5.00,5.00,4.2,7.9,1.6,0,0,0,0,1.7,1.1,0.0,0.1,3.1,3.2,11
20026,Seattle,Seahawks,Seattle Seahawks,/football/player/seattle-seahawks-20026,,&#9881;,open,,i,,D," <small class=""sm-muted"">(DST)</small>",DST,SEA,SF,240,49.50,6.50,21.50,0.13,0,2300,2300,0,4.01,4.01,4.01,0.0,0.0,0.0,0,0,0,0,1.7,0.0,0.0,0.0,0.0,0.0,11
15849,Jameson,Williams,Jameson Williams,/football/player/jameson-williams-15849,,&#9881;,open,,i,,WR,,WR,DET,JAX,-772,47.00,-13.00,30.00,3.86,0,5800,5800,0,9.85,9.85,9.85,9.7,17.5,1.4,0,0,0,0,1.7,0.8,0.0,0.4,4.4,4.8,11
11163,Demarcus,Robinson,Demarcus Robinson,/football/player/demarcus-robinson-11163,,&#9881;,open,,i,,WR,,WR,LAR,NE,-223,43.50,-4.50,24.00,2.02,0,5100,5100,0,8.56,8.56,8.56,9.9,23.0,1.5,0,0,0,0,1.7,1.0,0.0,0.1,4.9,5.0,11
20014,Jacksonville,Jaguars,Jacksonville Jaguars,/football/player/jacksonville-jaguars-20014,,&#9881;,open,,i,,D," <small class=""sm-muted"">(DST)</small>",DST,JAX,DET,535,47.00,13.00,17.00,0.02,0,2200,2200,0,3.74,3.74,3.74,0.0,0.0,0.0,0,0,0,0,1.7,0.0,0.0,0.0,0.0,0.0,11
15404,Jaylen,Waddle,Jaylen Waddle,/football/player/jaylen-waddle-15404,,&#9881;,open,,i,,WR,,WR,MIA,LV,-392,44.50,-7.50,26.00,3.12,0,5900,5900,0,9.52,9.52,9.52,7.3,9.0,3.6,0,0,0,0,1.6,0.9,0.0,0.1,4.9,5.0,11
12063,Taysom,Hill,Taysom Hill,/football/player/taysom-hill-12063,,&#9881;,open,,i,,TE,,TE,NO,CLE,-115,44.50,-1.00,22.75,2.38,0,4500,4500,0,7.13,7.13,7.13,9.3,15.5,3.3,0,0,0,0,1.6,1.7,0.7,5.0,2.1,7.1,11
11885,Mike,Williams,Mike Williams,/football/player/mike-williams-11885,,&#9881;,open,,i,,WR,,WR,PIT,BAL,146,48.50,3.00,22.75,1.91,0,4100,4100,0,6.62,6.62,6.62,3.9,9.3,0.0,0,0,0,0,1.6,0.8,0.0,0.1,3.4,3.5,11
9255,Odell,Beckham,Odell Beckham,/football/player/odell-beckham-9255,,&#9881;,open,,i,,WR,,WR,MIA,LV,-392,44.50,-7.50,26.00,1.37,0,3400,3400,0,5.50,5.50,5.50,1.6,4.2,0.0,0,0,0,0,1.6,0.9,0.0,0.1,2.9,3.0,11
12934,Marquez,Valdes-Scantling,Marquez Valdes-Scantling,/football/player/marquez-valdes-scantling-12934,,&#9881;,open,,i,,WR,,WR,NO,CLE,-115,44.50,-1.00,22.75,2.29,0,4400,4400,0,7.04,7.04,7.04,4.6,22.1,0.0,0,0,0,0,1.6,1.0,0.0,0.2,4.2,4.4,11
13477,Alexander,Mattison,Alexander Mattison,/football/player/alexander-mattison-13477,,&#9881;,open,,i,,RB,,RB,LV,MIA,307,44.50,7.50,18.50,1.69,0,5500,5500,0,8.60,8.60,8.60,9.9,16.2,4.3,0,0,0,0,1.6,2.1,0.0,8.2,3.2,11.4,11
14510,Darnell,Mooney,Darnell Mooney,/football/player/darnell-mooney-14510,,&#9881;,open,,i,,WR,,WR,ATL,DEN,113,44.00,2.50,20.75,3.35,0,6600,6600,0,10.80,10.80,10.80,16.1,29.5,7.3,0,0,0,0,1.6,1.0,0.0,0.2,6.4,6.6,11
16658,Dontayvion,Wicks,Dontayvion Wicks,/football/player/dontayvion-wicks-16658,,&#9881;,open,,i,,WR,,WR,GB,CHI,-269,40.50,-6.00,23.25,1.64,0,5000,5000,0,7.95,7.95,7.95,7.4,20.5,0.0,0,0,0,0,1.6,0.9,0.0,0.2,4.1,4.3,11
12401,Austin,Ekeler,Austin Ekeler,/football/player/austin-ekeler-12401,,&#9881;,open,,i,,RB,,RB,WAS,PHI,155,48.50,3.50,22.50,1.72,0,6100,6100,0,9.41,9.41,9.41,11.9,17.3,5.6,0,0,0,0,1.5,1.6,0.0,6.1,3.7,9.8,11
16010,Jalen,Tolbert,Jalen Tolbert,/football/player/jalen-tolbert-16010,,&#9881;,open,,i,,WR,,WR,DAL,HOU,297,42.00,7.50,17.25,1.66,0,4600,4600,0,7.09,7.09,7.09,10.7,19.0,4.7,0,0,0,0,1.5,1.1,0.0,0.1,5.0,5.1,11
14436,Cole,Kmet,Cole Kmet,/football/player/cole-kmet-14436,,&#9881;,open,,i,,TE,,TE,CHI,GB,217,40.50,6.00,17.25,1.55,0,4100,4100,0,6.17,6.17,6.17,9.7,22.6,0.0,0,0,0,0,1.5,0.9,0.0,0.0,3.8,3.8,11
16022,Alec,Pierce,Alec Pierce,/football/player/alec-pierce-16022,,&#9881;,open,,i,,WR,,WR,IND,NYJ,154,44.00,4.00,20.00,1.95,0,5400,5400,0,8.32,8.32,8.32,8.9,21.6,0.0,0,0,0,0,1.5,0.9,0.0,0.1,4.9,5.0,11
14750,Nick,Westbrook-Ikhine,Nick Westbrook-Ikhine,/football/player/nick-westbrook-ikhine-14750,,&#9881;,open,,i,,WR,,WR,TEN,MIN,213,40.00,6.00,17.00,1.61,0,3600,3600,0,5.47,5.47,5.47,6.4,14.2,0.2,0,0,0,0,1.5,1.0,0.0,0.1,3.6,3.7,11
12764,Mike,Gesicki,Mike Gesicki,/football/player/mike-gesicki-12764,,&#9881;,open,,i,,TE,,TE,CIN,LAC,100,47.00,1.50,22.75,2.12,0,4100,4100,0,6.30,6.30,6.30,9.1,24.4,0.0,0,0,0,0,1.5,0.9,0.0,0.0,3.7,3.7,11
16866,Josh,Whyle,Josh Whyle,/football/player/josh-whyle-16866,,&#9881;,open,,i,,TE,,TE,TEN,MIN,213,40.00,6.00,17.00,0.94,0,2500,2500,0,3.77,3.77,3.77,3.5,7.4,0.3,0,0,0,0,1.5,0.9,0.0,0.0,2.3,2.3,11
16033,Isaiah,Likely,Isaiah Likely,/football/player/isaiah-likely-16033,"&nbsp;<span class=""red upper bold sm-text"">que</span>",&#9881;,open,,i,,TE,,TE,BAL,PIT,-176,48.50,-3.00,25.75,1.24,0,4000,4000,0,6.13,6.13,6.13,5.4,13.4,0.1,0,0,0,0,1.5,0.8,0.0,0.0,3.3,3.3,11
15447,Joshua,Palmer,Joshua Palmer,/football/player/joshua-palmer-15447,,&#9881;,open,,i,,WR,,WR,LAC,CIN,-122,47.00,-1.50,24.25,1.78,0,4700,4700,0,7.14,7.14,7.14,7.8,12.9,4.0,0,0,0,0,1.5,0.9,0.0,0.1,4.1,4.2,11
16690,Parker,Washington,Parker Washington,/football/player/parker-washington-16690,,&#9881;,open,,i,,WR,,WR,JAX,DET,535,47.00,13.00,17.00,1.52,0,4000,4000,0,6.16,6.16,6.16,2.7,6.9,0.0,0,0,0,0,1.5,1.1,0.0,0.2,4.0,4.2,11
17687,Xavier,Worthy,Xavier Worthy,/football/player/xavier-worthy-17687,,&#9881;,open,,i,,WR,,WR,KC,BUF,112,46.00,2.00,22.00,1.76,0,5600,5600,0,8.15,8.15,8.15,7.2,14.8,0.1,0,0,0,0,1.5,0.8,0.0,0.1,4.5,4.6,11
15267,Pat,Freiermuth,Pat Freiermuth,/football/player/pat-freiermuth-15267,,&#9881;,open,,i,,TE,,TE,PIT,BAL,146,48.50,3.00,22.75,2.14,0,4200,4200,0,6.38,6.38,6.38,8.4,14.7,3.9,0,0,0,0,1.5,0.9,0.0,0.0,3.6,3.6,11
14378,Michael,Pittman,Michael Pittman,/football/player/michael-pittman-14378,"&nbsp;<span class=""red upper bold sm-text"">que</span>",&#9881;,open,,i,,WR,,WR,IND,NYJ,154,44.00,4.00,20.00,0.88,0,6000,6000,0,8.63,8.63,8.63,9.3,17.9,2.7,0,0,0,0,1.4,0.9,0.0,0.0,5.3,5.3,11
16965,Andrei,Iosivas,Andrei Iosivas,/football/player/andrei-iosivas-16965,,&#9881;,open,,i,,WR,,WR,CIN,LAC,100,47.00,1.50,22.75,1.10,0,4000,4000,0,5.49,5.49,5.49,6.5,14.2,0.4,0,0,0,0,1.4,0.8,0.0,0.1,3.1,3.2,11
17702,Braelon,Allen,Braelon Allen,/football/player/braelon-allen-17702,,&#9881;,open,,i,,RB,,RB,NYJ,IND,-187,44.00,-4.00,24.00,1.31,0,5500,5500,0,7.87,7.87,7.87,5.8,15.6,0.4,0,0,0,0,1.4,1.6,0.0,7.1,1.9,9.0,11
15385,Travis,Etienne,Travis Etienne,/football/player/travis-etienne-15385,,&#9881;,open,,i,,RB,,RB,JAX,DET,535,47.00,13.00,17.00,1.18,0,6300,6300,0,8.53,8.53,8.53,8.1,14.1,1.4,0,0,0,0,1.4,1.7,0.0,7.1,3.8,10.9,11
15984,Jaylen,Warren,Jaylen Warren,/football/player/jaylen-warren-15984,,&#9881;,open,,i,,RB,,RB,PIT,BAL,146,48.50,3.00,22.75,1.71,0,5300,5300,0,7.55,7.55,7.55,6.7,10.3,2.3,0,0,0,0,1.4,1.5,0.0,5.5,2.6,8.1,11
15533,DJ,Turner,DJ Turner,/football/player/dj-turner-15533,,&#9881;,open,,i,,WR,,WR,LV,MIA,307,44.50,7.50,18.50,0.62,0,3900,3900,0,5.55,5.55,5.55,4.2,11.0,0.0,0,0,0,0,1.4,1.0,0.0,0.7,3.1,3.8,11
16069,John,Metchie,John Metchie,/football/player/john-metchie-16069,,&#9881;,open,,i,,WR,,WR,HOU,DAL,-378,42.00,-7.50,24.75,1.03,0,4400,4400,0,6.28,6.28,6.28,3.7,14.5,0.0,0,0,0,0,1.4,0.9,0.0,0.2,3.7,3.9,11
17719,Troy,Franklin,Troy Franklin,/football/player/troy-franklin-17719,,&#9881;,open,,i,,WR,,WR,DEN,ATL,-136,44.00,-2.50,23.25,0.99,0,3700,3700,0,4.78,4.78,4.78,4.0,9.8,0.0,0,0,0,0,1.3,0.9,0.0,0.1,3.1,3.2,11
15306,Javonte,Williams,Javonte Williams,/football/player/javonte-williams-15306,,&#9881;,open,,i,,RB,,RB,DEN,ATL,-136,44.00,-2.50,23.25,1.25,0,5700,5700,0,7.22,7.22,7.22,11.0,21.9,3.4,0,0,0,0,1.3,1.5,0.0,5.8,2.9,8.7,11
17738,Jermaine,Burton,Jermaine Burton,/football/player/jermaine-burton-17738,,&#9881;,open,,i,,WR,,WR,CIN,LAC,100,47.00,1.50,22.75,0.70,0,3300,3300,0,4.41,4.41,4.41,1.8,5.1,0.0,0,0,0,0,1.3,0.8,0.0,0.0,2.5,2.5,11
17017,Brenton,Strange,Brenton Strange,/football/player/brenton-strange-17017,,&#9881;,open,,i,,TE,,TE,JAX,DET,535,47.00,13.00,17.00,0.61,0,2700,2700,0,3.47,3.47,3.47,5.9,11.5,0.6,0,0,0,0,1.3,0.8,0.0,0.0,2.2,2.2,11
13123,Gus,Edwards,Gus Edwards,/football/player/gus-edwards-13123,,&#9881;,open,,i,,RB,,RB,LAC,CIN,-122,47.00,-1.50,24.25,1.15,0,4400,4400,0,5.90,5.90,5.90,3.6,6.0,1.0,0,0,0,0,1.3,1.9,0.0,8.1,0.4,8.5,11
13532,Mecole,Hardman,Mecole Hardman,/football/player/mecole-hardman-13532,,&#9881;,open,,i,,WR,,WR,KC,BUF,112,46.00,2.00,22.00,0.63,0,3300,3300,0,4.33,4.33,4.33,3.5,10.2,0.0,0,0,0,0,1.3,0.8,0.0,0.5,2.3,2.8,11
11877,JuJu,Smith-Schuster,JuJu Smith-Schuster,/football/player/juju-smith-schuster-11877,"&nbsp;<span class=""red upper bold sm-text"">que</span>",&#9881;,open,,i,,WR,,WR,KC,BUF,112,46.00,2.00,22.00,0.65,0,4500,4500,0,5.96,5.96,5.96,6.5,19.8,0.0,0,0,0,0,1.3,0.8,0.0,0.2,3.5,3.7,11
10748,Austin,Hooper,Austin Hooper,/football/player/austin-hooper-10748,,&#9881;,open,,i,,TE,,TE,NE,LAR,182,43.50,4.50,19.50,1.05,0,2900,2900,0,3.78,3.78,3.78,4.3,8.6,0.7,0,0,0,0,1.3,0.8,0.0,0.0,2.3,2.3,11
17045,Xavier,Gipson,Xavier Gipson,/football/player/xavier-gipson-17045,,&#9881;,open,,i,,WR,,WR,NYJ,IND,-187,44.00,-4.00,24.00,0.61,0,3000,3000,0,3.84,3.84,3.84,1.2,5.4,0.0,0,0,0,0,1.3,0.8,0.0,0.3,2.0,2.3,11
15976,Tyler,Allgeier,Tyler Allgeier,/football/player/tyler-allgeier-15976,,&#9881;,open,,i,,RB,,RB,ATL,DEN,113,44.00,2.50,20.75,0.93,0,5300,5300,0,6.90,6.90,6.90,7.7,16.9,2.8,0,0,0,0,1.3,1.9,0.0,8.6,1.3,9.9,11
16025,Jalen,Nailor,Jalen Nailor,/football/player/jalen-nailor-16025,,&#9881;,open,,i,,WR,,WR,MIN,TEN,-265,40.00,-6.00,23.00,0.60,0,4000,4000,0,4.77,4.77,4.77,6.8,13.3,0.6,0,0,0,0,1.2,0.8,0.0,0.0,3.0,3.0,11
15874,Calvin,Austin,Calvin Austin,/football/player/calvin-austin-15874,,&#9881;,open,,i,,WR,,WR,PIT,BAL,146,48.50,3.00,22.75,0.83,0,3600,3600,0,4.38,4.38,4.38,7.5,17.9,0.6,0,0,0,0,1.2,0.9,0.0,0.5,2.6,3.1,11
17794,Cade,Stover,Cade Stover,/football/player/cade-stover-17794,,&#9881;,open,,i,,TE,,TE,HOU,DAL,-378,42.00,-7.50,24.75,0.58,0,2500,2500,0,2.91,2.91,2.91,1.9,3.7,0.1,0,0,0,0,1.2,0.7,0.0,0.0,1.8,1.8,11
16849,Marvin,Mims,Marvin Mims,/football/player/marvin-mims-16849,,&#9881;,open,,i,,WR,,WR,DEN,ATL,-136,44.00,-2.50,23.25,0.58,0,3100,3100,0,3.58,3.58,3.58,2.4,5.8,0.1,0,0,0,0,1.2,0.7,0.0,0.1,2.1,2.2,11
13822,Foster,Moreau,Foster Moreau,/football/player/foster-moreau-13822,,&#9881;,open,,i,,TE,,TE,NO,CLE,-115,44.50,-1.00,22.75,0.82,0,3000,3000,0,3.69,3.69,3.69,3.6,8.5,0.0,0,0,0,0,1.2,0.7,0.0,0.0,2.1,2.1,11
16897,Zach,Charbonnet,Zach Charbonnet,/football/player/zach-charbonnet-16897,,&#9881;,open,,i,,RB,,RB,SEA,SF,240,49.50,6.50,21.50,0.69,0,5100,5100,0,6.22,6.22,6.22,10.4,22.0,2.2,0,0,0,0,1.2,1.3,0.0,4.1,2.6,6.7,11
13427,Justice,Hill,Justice Hill,/football/player/justice-hill-13427,,&#9881;,open,,i,,RB,,RB,BAL,PIT,-176,48.50,-3.00,25.75,0.80,0,5200,5200,0,6.28,6.28,6.28,7.4,17.8,1.1,0,0,0,0,1.2,1.1,0.0,2.4,3.1,5.5,11
15852,Zamir,White,Zamir White,/football/player/zamir-white-15852,,&#9881;,open,,i,,RB,,RB,LV,MIA,307,44.50,7.50,18.50,0.56,0,4500,4500,0,5.37,5.37,5.37,4.1,6.9,0.7,0,0,0,0,1.2,1.7,0.0,6.1,1.5,7.6,11
12061,Tim,Patrick,Tim Patrick,/football/player/tim-patrick-12061,,&#9881;,open,,i,,WR,,WR,DET,JAX,-772,47.00,-13.00,30.00,0.76,0,3400,3400,0,4.17,4.17,4.17,3.7,8.5,0.2,0,0,0,0,1.2,0.6,0.0,0.1,2.1,2.2,11
10854,Tyler,Higbee,Tyler Higbee,/football/player/tyler-higbee-10854,"&nbsp;<span class=""red upper bold sm-text"">PUP</span>",&#9881;,open,,i,,TE,,TE,LAR,NE,-223,43.50,-4.50,24.00,0.21,0,3300,3300,0,3.48,3.48,3.48,0.0,0.0,0.0,0,0,0,0,1.1,0.6,0.0,0.0,1.9,1.9,11
12773,Cedrick,Wilson,Cedrick Wilson,/football/player/cedrick-wilson-12773,"&nbsp;<span class=""red upper bold sm-text"">que</span>",&#9881;,open,,i,,WR,,WR,NO,CLE,-115,44.50,-1.00,22.75,0.56,0,4300,4300,0,4.56,4.56,4.56,4.2,14.1,0.0,0,0,0,0,1.1,0.6,0.0,0.1,2.7,2.8,11
17668,Adonai,Mitchell,Adonai Mitchell,/football/player/adonai-mitchell-17668,,&#9881;,open,,i,,WR,,WR,IND,NYJ,154,44.00,4.00,20.00,0.95,0,4400,4400,0,4.83,4.83,4.83,4.5,10.9,0.2,0,0,0,0,1.1,0.7,0.0,0.0,3.1,3.1,11
14383,Cam,Akers,Cam Akers,/football/player/cam-akers-14383,,&#9881;,open,,i,,RB,,RB,MIN,TEN,-265,40.00,-6.00,23.00,0.30,0,4600,4600,0,4.88,4.88,4.88,4.9,11.1,0.1,0,0,0,0,1.1,1.4,0.0,5.2,1.3,6.5,11
13894,KaVontae,Turpin,KaVontae Turpin,/football/player/kavontae-turpin-13894,,&#9881;,open,,i,,WR,,WR,DAL,HOU,297,42.00,7.50,17.25,0.23,0,3300,3300,0,3.69,3.69,3.69,5.2,12.1,0.2,0,0,0,0,1.1,0.6,0.0,0.5,1.5,2.0,11
15281,Khalil,Herbert,Khalil Herbert,/football/player/khalil-herbert-15281,,&#9881;,open,,i,,RB,,RB,CIN,LAC,100,47.00,1.50,22.75,0.50,0,4000,4000,0,4.26,4.26,4.26,1.6,6.9,0.0,0,0,0,0,1.1,1.3,0.0,4.5,0.6,5.1,11
13587,Ty,Johnson,Ty Johnson,/football/player/ty-johnson-13587,,&#9881;,open,,i,,RB,,RB,BUF,KC,-133,46.00,-2.00,24.00,0.18,0,4300,4300,0,4.52,4.52,4.52,5.0,11.3,0.5,0,0,0,0,1.1,0.8,0.0,1.3,2.1,3.4,11
11429,Kalif,Raymond,Kalif Raymond,/football/player/kalif-raymond-11429,"&nbsp;<span class=""red upper bold sm-text"">que</span>",&#9881;,open,,i,,WR,,WR,DET,JAX,-772,47.00,-13.00,30.00,0.68,0,3500,3500,0,3.91,3.91,3.91,6.0,13.9,0.0,0,0,0,0,1.1,0.7,0.0,0.4,1.9,2.3,11
13472,Diontae,Johnson,Diontae Johnson,/football/player/diontae-johnson-13472,,&#9881;,open,,i,,WR,,WR,BAL,PIT,-176,48.50,-3.00,25.75,0.79,0,4800,4800,0,5.29,5.29,5.29,10.6,25.5,0.0,0,0,0,0,1.1,0.6,0.0,0.0,3.0,3.0,11
14541,Adam,Trautman,Adam Trautman,/football/player/adam-trautman-14541,,&#9881;,open,,i,,TE,,TE,DEN,ATL,-136,44.00,-2.50,23.25,0.68,0,2800,2800,0,3.15,3.15,3.15,3.3,13.9,0.0,0,0,0,0,1.1,0.6,0.0,0.0,1.8,1.8,11
10822,Tyler,Boyd,Tyler Boyd,/football/player/tyler-boyd-10822,,&#9881;,open,,i,,WR,,WR,TEN,MIN,213,40.00,6.00,17.00,0.68,0,3400,3400,0,3.59,3.59,3.59,4.4,8.4,0.7,0,0,0,0,1.1,0.8,0.0,0.1,2.6,2.7,11
10604,Raheem,Mostert,Raheem Mostert,/football/player/raheem-mostert-10604,,&#9881;,open,,i,,RB,,RB,MIA,LV,-392,44.50,-7.50,26.00,0.90,0,5800,5800,0,6.62,6.62,6.62,9.4,15.1,4.3,0,0,0,0,1.1,1.3,0.0,5.9,1.4,7.3,11
11847,Kendrick,Bourne,Kendrick Bourne,/football/player/kendrick-bourne-11847,,&#9881;,open,,i,,WR,,WR,NE,LAR,182,43.50,4.50,19.50,0.62,0,3100,3100,0,3.25,3.25,3.25,3.0,7.1,0.0,0,0,0,0,1.1,0.7,0.0,0.1,2.0,2.1,11
14432,Tyler,Johnson,Tyler Johnson,/football/player/tyler-johnson-14432,,&#9881;,open,,i,,WR,,WR,LAR,NE,-223,43.50,-4.50,24.00,0.25,0,3500,3500,0,3.61,3.61,3.61,4.1,8.6,0.3,0,0,0,0,1.0,0.6,0.0,0.0,2.1,2.1,11
10949,Nick,Vannett,Nick Vannett,/football/player/nick-vannett-10949,,&#9881;,open,,i,,TE,,TE,TEN,MIN,213,40.00,6.00,17.00,0.32,0,2500,2500,0,2.40,2.40,2.40,3.3,9.7,0.0,0,0,0,0,1.0,0.7,0.0,0.0,1.7,1.7,11
15996,Jeremy,Ruckert,Jeremy Ruckert,/football/player/jeremy-ruckert-15996,,&#9881;,open,,i,,TE,,TE,NYJ,IND,-187,44.00,-4.00,24.00,0.54,0,2600,2600,0,2.69,2.69,2.69,1.9,4.0,0.0,0,0,0,0,1.0,0.6,0.0,0.0,1.6,1.6,11
15274,Dyami,Brown,Dyami Brown,/football/player/dyami-brown-15274,,&#9881;,open,,i,,WR,,WR,WAS,PHI,155,48.50,3.50,22.50,0.34,0,3200,3200,0,3.33,3.33,3.33,3.7,10.7,0.3,0,0,0,0,1.0,0.6,0.0,0.1,1.9,2.0,11
16705,Tank,Bigsby,Tank Bigsby,/football/player/tank-bigsby-16705,"&nbsp;<span class=""red upper bold sm-text"">que</span>",&#9881;,open,,i,,RB,,RB,JAX,DET,535,47.00,13.00,17.00,0.45,0,5600,5600,0,5.63,5.63,5.63,9.0,24.6,0.0,0,0,0,0,1.0,1.5,0.0,7.5,0.8,8.3,11
12316,Johnny,Mundt,Johnny Mundt,/football/player/johnny-mundt-12316,,&#9881;,open,,i,,TE,,TE,MIN,TEN,-265,40.00,-6.00,23.00,0.17,0,2600,2600,0,2.70,2.70,2.70,3.2,6.5,0.4,0,0,0,0,1.0,0.6,0.0,0.0,1.6,1.6,11
12467,Hayden,Hurst,Hayden Hurst,/football/player/hayden-hurst-12467,,&#9881;,open,,i,,TE,,TE,LAC,CIN,-122,47.00,-1.50,24.25,0.95,0,2600,2600,0,2.62,2.62,2.62,1.4,3.1,0.0,0,0,0,0,1.0,0.6,0.0,0.0,1.5,1.5,11
16666,Michael,Mayer,Michael Mayer,/football/player/michael-mayer-16666,"&nbsp;<span class=""red upper bold sm-text"">NFI</span>",&#9881;,open,,i,,TE,,TE,LV,MIA,307,44.50,7.50,18.50,0.14,0,2500,2500,0,2.51,2.51,2.51,1.9,2.1,1.7,0,0,0,0,1.0,0.6,0.0,0.0,1.6,1.6,11
10132,Nelson,Agholor,Nelson Agholor,/football/player/nelson-agholor-10132,,&#9881;,open,,i,,WR,,WR,BAL,PIT,-176,48.50,-3.00,25.75,0.41,0,3500,3500,0,3.49,3.49,3.49,4.9,10.5,1.4,0,0,0,0,1.0,0.5,0.0,0.1,1.8,1.9,11
14639,Antonio,Gibson,Antonio Gibson,/football/player/antonio-gibson-14639,,&#9881;,open,,i,,RB,,RB,NE,LAR,182,43.50,4.50,19.50,0.46,0,4800,4800,0,4.92,4.92,4.92,5.6,10.4,1.2,0,0,0,0,1.0,1.2,0.0,3.7,2.1,5.8,11
13466,Dawson,Knox,Dawson Knox,/football/player/dawson-knox-13466,,&#9881;,open,,i,,TE,,TE,BUF,KC,-133,46.00,-2.00,24.00,0.52,0,3500,3500,0,3.30,3.30,3.30,3.0,7.2,0.0,0,0,0,0,0.9,0.5,0.0,0.0,1.8,1.8,11
17185,Jalen,Brooks,Jalen Brooks,/football/player/jalen-brooks-17185,,&#9881;,open,,i,,WR,,WR,DAL,HOU,297,42.00,7.50,17.25,0.20,0,3100,3100,0,2.87,2.87,2.87,2.0,4.1,0.2,0,0,0,0,0.9,0.6,0.0,0.0,1.9,1.9,11
12196,Mo,Alie-Cox,Mo Alie-Cox,/football/player/mo-alie-cox-12196,,&#9881;,open,,i,,TE,,TE,IND,NYJ,154,44.00,4.00,20.00,0.35,0,2500,2500,0,2.36,2.36,2.36,2.6,9.3,0.0,0,0,0,0,0.9,0.6,0.0,0.0,1.4,1.4,11
16932,Xavier,Hutchinson,Xavier Hutchinson,/football/player/xavier-hutchinson-16932,,&#9881;,open,,i,,WR,,WR,HOU,DAL,-378,42.00,-7.50,24.75,0.28,0,3400,3400,0,2.99,2.99,2.99,1.4,4.2,0.0,0,0,0,0,0.9,0.5,0.0,0.2,1.6,1.8,11
11698,Samaje,Perine,Samaje Perine,/football/player/samaje-perine-11698,,&#9881;,open,,i,,RB,,RB,KC,BUF,112,46.00,2.00,22.00,0.23,0,4600,4600,0,3.96,3.96,3.96,5.9,11.5,1.8,0,0,0,0,0.9,0.7,0.0,1.3,2.1,3.4,11
17684,Ja'Lynn,Polk,Ja'Lynn Polk,/football/player/jalynn-polk-17684,,&#9881;,open,,i,,WR,,WR,NE,LAR,182,43.50,4.50,19.50,0.31,0,3400,3400,0,2.99,2.99,2.99,3.7,8.2,0.1,0,0,0,0,0.9,0.6,0.0,0.0,2.0,2.0,11
15850,Jahan,Dotson,Jahan Dotson,/football/player/jahan-dotson-15850,,&#9881;,open,,i,,WR,,WR,PHI,WAS,-187,48.50,-3.50,26.00,0.25,0,4400,4400,0,3.74,3.74,3.74,2.4,4.3,0.4,0,0,0,0,0.9,0.5,0.0,0.0,2.1,2.1,11
18107,Mason,Tipton,Mason Tipton,/football/player/mason-tipton-18107,,&#9881;,open,,i,,WR,,WR,NO,CLE,-115,44.50,-1.00,22.75,0.59,0,4600,4600,0,4.17,4.17,4.17,2.5,8.1,0.0,0,0,0,0,0.9,0.5,0.0,0.0,2.5,2.5,11
17820,Luke,McCaffrey,Luke McCaffrey,/football/player/luke-mccaffrey-17820,,&#9881;,open,,i,,WR,,WR,WAS,PHI,155,48.50,3.50,22.50,0.29,0,3100,3100,0,2.83,2.83,2.83,2.4,6.2,0.0,0,0,0,0,0.9,0.6,0.0,0.1,1.6,1.7,11
17319,Jaleel,McLaughlin,Jaleel McLaughlin,/football/player/jaleel-mclaughlin-17319,,&#9881;,open,,i,,RB,,RB,DEN,ATL,-136,44.00,-2.50,23.25,0.44,0,4700,4700,0,4.34,4.34,4.34,5.9,11.3,1.1,0,0,0,0,0.9,1.1,0.0,3.6,1.6,5.2,11
15464,Tim,Jones,Tim Jones,/football/player/tim-jones-15464,,&#9881;,open,,i,,WR,,WR,JAX,DET,535,47.00,13.00,17.00,0.13,0,3100,3100,0,2.82,2.82,2.82,0.6,2.3,0.0,0,0,0,0,0.9,0.6,0.0,0.1,1.6,1.7,11
14463,Colby,Parkinson,Colby Parkinson,/football/player/colby-parkinson-14463,,&#9881;,open,,i,,TE,,TE,LAR,NE,-223,43.50,-4.50,24.00,0.35,0,3600,3600,0,2.76,2.76,2.76,4.5,10.4,0.2,0,0,0,0,0.8,0.4,0.0,0.0,1.5,1.5,11
17011,Johnny,Wilson,Johnny Wilson,/football/player/johnny-wilson-17011,,&#9881;,open,,i,,WR,,WR,PHI,WAS,-187,48.50,-3.50,26.00,0.13,0,3000,3000,0,2.39,2.39,2.39,1.2,5.7,0.0,0,0,0,0,0.8,0.5,0.0,0.1,1.4,1.5,11
13854,Ashton,Dulin,Ashton Dulin,/football/player/ashton-dulin-13854,,&#9881;,open,,i,,WR,,WR,IND,NYJ,154,44.00,4.00,20.00,0.14,0,3000,3000,0,2.27,2.27,2.27,0.8,2.0,0.0,0,0,0,0,0.8,0.5,0.0,0.1,1.3,1.4,11
17792,Ray,Davis,Ray Davis,/football/player/ray-davis-17792,,&#9881;,open,,i,,RB,,RB,BUF,KC,-133,46.00,-2.00,24.00,0.13,0,5400,5400,0,4.11,4.11,4.11,7.3,16.2,0.5,0,0,0,0,0.8,0.9,0.0,3.5,1.2,4.7,11
12820,DJ,Chark,DJ Chark,/football/player/dj-chark-12820,,&#9881;,open,,i,,WR,,WR,LAC,CIN,-122,47.00,-1.50,24.25,0.12,0,3300,3300,0,2.54,2.54,2.54,0.0,0.0,0.0,0,0,0,0,0.8,0.5,0.0,0.0,1.5,1.5,11
17040,Jake,Bobo,Jake Bobo,/football/player/jake-bobo-17040,,&#9881;,open,,i,,WR,,WR,SEA,SF,240,49.50,6.50,21.50,0.11,0,3300,3300,0,2.52,2.52,2.52,2.1,5.2,0.0,0,0,0,0,0.8,0.4,0.0,0.0,1.4,1.4,11
16889,Darnell,Washington,Darnell Washington,/football/player/darnell-washington-16889,,&#9881;,open,,i,,TE,,TE,PIT,BAL,146,48.50,3.00,22.75,0.41,0,2700,2700,0,2.24,2.24,2.24,3.6,7.1,0.4,0,0,0,0,0.8,0.5,0.0,0.0,1.3,1.3,11
11768,Dare,Ogunbowale,Dare Ogunbowale,/football/player/dare-ogunbowale-11768,,&#9881;,open,,i,,RB,,RB,HOU,DAL,-378,42.00,-7.50,24.75,0.14,0,4000,4000,0,3.19,3.19,3.19,4.7,13.1,0.0,0,0,0,0,0.8,0.7,0.0,0.6,2.1,2.7,11
15875,Dameon,Pierce,Dameon Pierce,/football/player/dameon-pierce-15875,"&nbsp;<span class=""red upper bold sm-text"">que</span>",&#9881;,open,,i,,RB,,RB,HOU,DAL,-378,42.00,-7.50,24.75,0.05,0,4400,4400,0,3.39,3.39,3.39,5.1,14.1,0.0,0,0,0,0,0.8,1.1,0.0,4.2,0.8,5.0,11
17008,Jacob,Cowing,Jacob Cowing,/football/player/jacob-cowing-17008,,&#9881;,open,,i,,WR,,WR,SF,SEA,-303,49.50,-6.50,28.00,0.04,0,3000,3000,0,2.26,2.26,2.26,0.8,5.2,0.0,0,0,0,0,0.8,0.4,0.0,0.1,1.2,1.3,11
13809,Drew,Sample,Drew Sample,/football/player/drew-sample-13809,,&#9881;,open,,i,,TE,,TE,CIN,LAC,100,47.00,1.50,22.75,0.33,0,2700,2700,0,2.08,2.08,2.08,2.0,8.7,0.0,0,0,0,0,0.8,0.4,0.0,0.0,1.2,1.2,11
15935,Bo,Melton,Bo Melton,/football/player/bo-melton-15935,,&#9881;,open,,i,,WR,,WR,GB,CHI,-269,40.50,-6.00,23.25,0.16,0,3000,3000,0,2.51,2.51,2.51,2.0,4.0,0.2,0,0,0,0,0.8,0.5,0.0,0.0,1.4,1.4,11
8792,Cordarrelle,Patterson,Cordarrelle Patterson,/football/player/cordarrelle-patterson-8792,,&#9881;,open,,i,,RB,,RB,PIT,BAL,146,48.50,3.00,22.75,0.06,0,4000,4000,0,3.14,3.14,3.14,4.4,8.4,0.3,0,0,0,0,0.8,1.0,0.0,3.1,0.7,3.8,11
8628,Robert,Woods,Robert Woods,/football/player/robert-woods-8628,,&#9881;,open,,i,,WR,,WR,HOU,DAL,-378,42.00,-7.50,24.75,0.27,0,3800,3800,0,3.17,3.17,3.17,2.4,5.6,0.0,0,0,0,0,0.8,0.6,0.0,0.1,2.0,2.1,11
16810,Keaton,Mitchell,Keaton Mitchell,/football/player/keaton-mitchell-16810,,&#9881;,open,,i,,RB,,RB,BAL,PIT,-176,48.50,-3.00,25.75,0.05,0,4000,4000,0,2.80,2.80,2.80,0.0,0.0,0.0,0,0,0,0,0.7,0.9,0.0,2.7,0.8,3.5,11
15222,Kenneth,Gainwell,Kenneth Gainwell,/football/player/kenneth-gainwell-15222,,&#9881;,open,,i,,RB,,RB,PHI,WAS,-187,48.50,-3.50,26.00,0.15,0,4100,4100,0,2.91,2.91,2.91,2.9,6.5,0.6,0,0,0,0,0.7,0.7,0.0,1.8,1.1,2.9,11
17593,Emanuel,Wilson,Emanuel Wilson,/football/player/emanuel-wilson-17593,,&#9881;,open,,i,,RB,,RB,GB,CHI,-269,40.50,-6.00,23.25,0.20,0,4500,4500,0,3.25,3.25,3.25,5.5,13.8,0.4,0,0,0,0,0.7,0.9,0.0,3.5,0.7,4.2,11
14421,Jalen,Reagor,Jalen Reagor,/football/player/jalen-reagor-14421,,&#9881;,open,,i,,WR,,WR,LAC,CIN,-122,47.00,-1.50,24.25,0.12,0,3000,3000,0,2.16,2.16,2.16,2.6,5.4,0.0,0,0,0,0,0.7,0.4,0.0,0.1,1.2,1.3,11
13036,Brandon,Powell,Brandon Powell,/football/player/brandon-powell-13036,,&#9881;,open,,i,,WR,,WR,MIN,TEN,-265,40.00,-6.00,23.00,0.03,0,3000,3000,0,2.15,2.15,2.15,1.0,3.0,0.0,0,0,0,0,0.7,0.5,0.0,0.2,1.3,1.5,11
17335,Julian,Hill,Julian Hill,/football/player/julian-hill-17335,,&#9881;,open,,i,,TE,,TE,MIA,LV,-392,44.50,-7.50,26.00,0.28,0,2500,2500,0,1.78,1.78,1.78,1.4,3.9,0.0,0,0,0,0,0.7,0.4,0.0,0.0,1.1,1.1,11
17811,AJ,Barner,AJ Barner,/football/player/aj-barner-17811,,&#9881;,open,,i,,TE,,TE,SEA,SF,240,49.50,6.50,21.50,0.57,0,3100,3100,0,2.29,2.29,2.29,4.2,9.1,0.4,0,0,0,0,0.7,0.5,0.0,0.0,1.5,1.5,11
12746,Justin,Watson,Justin Watson,/football/player/justin-watson-12746,,&#9881;,open,,i,,WR,,WR,KC,BUF,112,46.00,2.00,22.00,0.24,0,3700,3700,0,2.74,2.74,2.74,3.7,6.7,0.6,0,0,0,0,0.7,0.4,0.0,0.0,1.6,1.6,11
17688,Jordan,Whittington,Jordan Whittington,/football/player/jordan-whittington-17688,,&#9881;,open,,i,,WR,,WR,LAR,NE,-223,43.50,-4.50,24.00,0.15,0,4500,4500,0,3.24,3.24,3.24,6.4,14.4,0.0,0,0,0,0,0.7,0.4,0.0,0.0,1.8,1.8,11
10126,Ameer,Abdullah,Ameer Abdullah,/football/player/ameer-abdullah-10126,,&#9881;,open,,i,,RB,,RB,LV,MIA,307,44.50,7.50,18.50,0.03,0,4100,4100,0,2.36,2.36,2.36,4.1,11.4,0.0,0,0,0,0,0.6,0.7,0.0,2.0,1.0,3.0,11
8930,Kyle,Juszczyk,Kyle Juszczyk,/football/player/kyle-juszczyk-8930,,&#9881;,open,,i,,RB,,RB,SF,SEA,-303,49.50,-6.50,28.00,1.51,0,4000,4000,0,2.18,2.18,2.18,3.2,8.6,0.0,0,0,0,0,0.6,0.4,0.0,0.3,1.1,1.4,11
17800,Jaylen,Wright,Jaylen Wright,/football/player/jaylen-wright-17800,,&#9881;,open,,i,,RB,,RB,MIA,LV,-392,44.50,-7.50,26.00,0.06,0,4900,4900,0,3.11,3.11,3.11,2.6,6.9,0.2,0,0,0,0,0.6,0.8,0.0,3.1,0.6,3.7,11
12568,Jordan,Akins,Jordan Akins,/football/player/jordan-akins-12568,,&#9881;,open,,i,,TE,,TE,CLE,NO,-104,44.50,1.00,21.75,0.25,0,2900,2900,0,1.62,1.62,1.62,4.6,10.0,0.2,0,0,0,0,0.6,0.3,0.0,0.0,1.0,1.0,11
10210,Chris,Conley,Chris Conley,/football/player/chris-conley-10210,"&nbsp;<span class=""red upper bold sm-text"">que</span>",&#9881;,open,,i,,WR,,WR,SF,SEA,-303,49.50,-6.50,28.00,0.01,0,3000,3000,0,1.65,1.65,1.65,0.2,1.1,0.0,0,0,0,0,0.6,0.3,0.0,0.1,0.8,0.9,11
16039,Grant,Calcaterra,Grant Calcaterra,/football/player/grant-calcaterra-16039,,&#9881;,open,,i,,TE,,TE,PHI,WAS,-187,48.50,-3.50,26.00,0.21,0,3000,3000,0,1.77,1.77,1.77,4.6,9.7,0.2,0,0,0,0,0.6,0.4,0.0,0.0,1.1,1.1,11
13061,Trent,Sherfield,Trent Sherfield,/football/player/trent-sherfield-13061,,&#9881;,open,,i,,WR,,WR,MIN,TEN,-265,40.00,-6.00,23.00,0.04,0,3000,3000,0,1.72,1.72,1.72,2.3,6.4,0.0,0,0,0,0,0.6,0.3,0.0,0.0,1.0,1.0,11
12678,D'Ernest,Johnson,D'Ernest Johnson,/football/player/dernest-johnson-12678,,&#9881;,open,,i,,RB,,RB,JAX,DET,535,47.00,13.00,17.00,0.04,0,4000,4000,0,2.54,2.54,2.54,3.0,8.2,0.0,0,0,0,0,0.6,1.0,0.0,2.4,1.4,3.8,11
11777,Jamaal,Williams,Jamaal Williams,/football/player/jamaal-williams-11777,"&nbsp;<span class=""red upper bold sm-text"">que</span>",&#9881;,open,,i,,RB,,RB,NO,CLE,-115,44.50,-1.00,22.75,0.02,0,4200,4200,0,2.60,2.60,2.60,1.8,3.6,0.3,0,0,0,0,0.6,0.9,0.0,3.0,0.7,3.7,11
15245,Kylen,Granson,Kylen Granson,/football/player/kylen-granson-15245,,&#9881;,open,,i,,TE,,TE,IND,NYJ,154,44.00,4.00,20.00,0.21,0,2600,2600,0,1.65,1.65,1.65,1.7,4.3,0.0,0,0,0,0,0.6,0.4,0.0,0.0,1.0,1.0,11
12807,Durham,Smythe,Durham Smythe,/football/player/durham-smythe-12807,,&#9881;,open,,i,,TE,,TE,MIA,LV,-392,44.50,-7.50,26.00,0.19,0,2500,2500,0,1.43,1.43,1.43,0.8,1.7,0.0,0,0,0,0,0.6,0.3,0.0,0.0,0.7,0.7,11
14430,Van,Jefferson,Van Jefferson,/football/player/van-jefferson-14430,,&#9881;,open,,i,,WR,,WR,PIT,BAL,146,48.50,3.00,22.75,0.11,0,3500,3500,0,2.06,2.06,2.06,4.1,9.2,0.0,0,0,0,0,0.6,0.4,0.0,0.1,1.2,1.3,11
17690,Blake,Corum,Blake Corum,/football/player/blake-corum-17690,,&#9881;,open,,i,,RB,,RB,LAR,NE,-223,43.50,-4.50,24.00,0.04,0,5400,5400,0,2.79,2.79,2.79,1.7,3.8,0.0,0,0,0,0,0.5,0.7,0.0,3.1,0.5,3.6,11
15566,Luke,Farrell,Luke Farrell,/football/player/luke-farrell-15566,,&#9881;,open,,i,,TE,,TE,JAX,DET,535,47.00,13.00,17.00,0.14,0,2500,2500,0,1.29,1.29,1.29,1.5,3.4,0.0,0,0,0,0,0.5,0.3,0.0,0.0,0.8,0.8,11
17184,Malik,Heath,Malik Heath,/football/player/malik-heath-17184,,&#9881;,open,,i,,WR,,WR,GB,CHI,-269,40.50,-6.00,23.25,0.07,0,3000,3000,0,1.49,1.49,1.49,0.9,3.0,0.0,0,0,0,0,0.5,0.3,0.0,0.1,0.8,0.9,11
15229,Tutu,Atwell,Tutu Atwell,/football/player/tutu-atwell-15229,,&#9881;,open,,i,,WR,,WR,LAR,NE,-223,43.50,-4.50,24.00,0.09,0,4200,4200,0,2.28,2.28,2.28,8.0,13.1,2.3,0,0,0,0,0.5,0.3,0.0,0.1,1.3,1.4,11
16772,Roschon,Johnson,Roschon Johnson,/football/player/roschon-johnson-16772,,&#9881;,open,,i,,RB,,RB,CHI,GB,217,40.50,6.00,17.25,0.09,0,4600,4600,0,2.45,2.45,2.45,6.3,12.8,0.8,0,0,0,0,0.5,0.6,0.0,1.9,0.9,2.8,11
11700,Dalvin,Cook,Dalvin Cook,/football/player/dalvin-cook-11700,,&#9881;,open,,i,,RB,,RB,DAL,HOU,297,42.00,7.50,17.25,0.02,0,4500,4500,0,2.16,2.16,2.16,2.0,3.5,0.6,0,0,0,0,0.5,0.6,0.0,1.6,1.0,2.6,11
16163,Jordan,Mason,Jordan Mason,/football/player/jordan-mason-16163,,&#9881;,open,,i,,RB,,RB,SF,SEA,-303,49.50,-6.50,28.00,0.06,0,5900,5900,0,3.03,3.03,3.03,12.6,24.6,1.8,0,0,0,0,0.5,0.5,0.0,2.1,0.8,2.9,11
15681,Brock,Wright,Brock Wright,/football/player/brock-wright-15681,,&#9881;,open,,i,,TE,,TE,DET,JAX,-772,47.00,-13.00,30.00,0.20,0,3300,3300,0,1.78,1.78,1.78,2.5,6.8,0.0,0,0,0,0,0.5,0.3,0.0,0.0,0.9,0.9,11
10251,MyCole,Pruitt,MyCole Pruitt,/football/player/mycole-pruitt-10251,,&#9881;,open,,i,,TE,,TE,PIT,BAL,146,48.50,3.00,22.75,0.05,0,2500,2500,0,1.31,1.31,1.31,0.5,1.8,0.0,0,0,0,0,0.5,0.3,0.0,0.0,0.8,0.8,11
16855,Luke,Schoonmaker,Luke Schoonmaker,/football/player/luke-schoonmaker-16855,,&#9881;,open,,i,,TE,,TE,DAL,HOU,297,42.00,7.50,17.25,0.07,0,2500,2500,0,1.23,1.23,1.23,1.7,7.8,0.0,0,0,0,0,0.5,0.3,0.0,0.0,0.7,0.7,11
15924,Charlie,Kolar,Charlie Kolar,/football/player/charlie-kolar-15924,,&#9881;,open,,i,,TE,,TE,BAL,PIT,-176,48.50,-3.00,25.75,0.14,0,2500,2500,0,1.21,1.21,1.21,3.0,11.7,0.0,0,0,0,0,0.5,0.3,0.0,0.0,0.8,0.8,11
15413,Trey,Sermon,Trey Sermon,/football/player/trey-sermon-15413,,&#9881;,open,,i,,RB,,RB,IND,NYJ,154,44.00,4.00,20.00,0.03,0,4300,4300,0,2.05,2.05,2.05,4.8,14.3,0.0,0,0,0,0,0.5,0.7,0.0,2.6,0.5,3.1,11
11887,Pharaoh,Brown,Pharaoh Brown,/football/player/pharaoh-brown-11887,,&#9881;,open,,i,,TE,,TE,SEA,SF,240,49.50,6.50,21.50,0.10,0,2500,2500,0,1.19,1.19,1.19,0.7,1.8,0.0,0,0,0,0,0.5,0.2,0.0,0.0,0.6,0.6,11
14576,Harrison,Bryant,Harrison Bryant,/football/player/harrison-bryant-14576,"&nbsp;<span class=""red upper bold sm-text"">que</span>",&#9881;,open,,i,,TE,,TE,LV,MIA,307,44.50,7.50,18.50,0.25,0,2500,2500,0,1.33,1.33,1.33,2.5,5.2,0.1,0,0,0,0,0.5,0.2,0.0,0.0,0.6,0.6,11
13786,Josh,Oliver,Josh Oliver,/football/player/josh-oliver-13786,,&#9881;,open,,i,,TE,,TE,MIN,TEN,-265,40.00,-6.00,23.00,0.24,0,3100,3100,0,1.61,1.61,1.61,5.9,14.6,0.0,0,0,0,0,0.5,0.3,0.0,0.0,0.9,0.9,11
16741,Chris,Brooks,Chris Brooks,/football/player/chris-brooks-16741,,&#9881;,open,,i,,RB,,RB,GB,CHI,-269,40.50,-6.00,23.25,0.00,0,4000,4000,0,1.80,1.80,1.80,1.7,5.7,0.0,0,0,0,0,0.4,0.6,0.0,2.1,0.4,2.5,11
11861,Mack,Hollins,Mack Hollins,/football/player/mack-hollins-11861,,&#9881;,open,,i,,WR,,WR,BUF,KC,-133,46.00,-2.00,24.00,0.15,0,3800,3800,0,1.38,1.38,1.38,4.8,12.1,0.0,0,0,0,0,0.4,0.2,0.0,0.0,0.8,0.8,11
17863,Malik,Washington,Malik Washington,/football/player/malik-washington-17863,,&#9881;,open,,i,,WR,,WR,MIA,LV,-392,44.50,-7.50,26.00,0.06,0,3100,3100,0,1.19,1.19,1.19,2.7,8.6,0.0,0,0,0,0,0.4,0.2,0.0,0.1,0.7,0.8,11
11737,Gerald,Everett,Gerald Everett,/football/player/gerald-everett-11737,,&#9881;,open,,i,,TE,,TE,CHI,GB,217,40.50,6.00,17.25,0.15,0,2500,2500,0,1.11,1.11,1.11,1.1,3.4,0.0,0,0,0,0,0.4,0.3,0.0,0.0,0.7,0.7,11
17833,Ben,Sinnott,Ben Sinnott,/football/player/ben-sinnott-17833,,&#9881;,open,,i,,TE,,TE,WAS,PHI,155,48.50,3.50,22.50,0.04,0,2500,2500,0,1.09,1.09,1.09,1.2,6.3,0.0,0,0,0,0,0.4,0.2,0.0,0.0,0.6,0.6,11
10736,Ezekiel,Elliott,Ezekiel Elliott,/football/player/ezekiel-elliott-10736,,&#9881;,open,,i,,RB,,RB,DAL,HOU,297,42.00,7.50,17.25,0.03,0,4600,4600,0,2.06,2.06,2.06,3.7,9.0,0.8,0,0,0,0,0.4,0.5,0.0,1.7,0.8,2.5,11
17014,Will,Mallory,Will Mallory,/football/player/will-mallory-17014,,&#9881;,open,,i,,TE,,TE,IND,NYJ,154,44.00,4.00,20.00,0.20,0,2500,2500,0,1.03,1.03,1.03,0.7,1.8,0.0,0,0,0,0,0.4,0.2,0.0,0.0,0.6,0.6,11
17125,Jordan,Mims,Jordan Mims,/football/player/jordan-mims-17125,,&#9881;,open,,i,,RB,,RB,NO,CLE,-115,44.50,-1.00,22.75,0.03,0,4000,4000,0,1.78,1.78,1.78,1.6,4.2,0.0,0,0,0,0,0.4,0.7,0.0,2.1,0.7,2.8,11
11685,D'Onta,Foreman,D'Onta Foreman,/football/player/donta-foreman-11685,,&#9881;,open,,i,,RB,,RB,CLE,NO,-104,44.50,1.00,21.75,0.02,0,4000,4000,0,1.68,1.68,1.68,3.6,6.8,0.6,0,0,0,0,0.4,0.6,0.0,1.8,0.5,2.3,11
17909,Carson,Steele,Carson Steele,/football/player/carson-steele-17909,,&#9881;,open,,i,,RB,,RB,KC,BUF,112,46.00,2.00,22.00,0.02,0,4000,4000,0,1.57,1.57,1.57,2.1,6.6,0.0,0,0,0,0,0.4,0.5,0.0,1.6,0.4,2.0,11
16939,Derius,Davis,Derius Davis,/football/player/derius-davis-16939,,&#9881;,open,,i,,WR,,WR,LAC,CIN,-122,47.00,-1.50,24.25,0.02,0,3000,3000,0,1.34,1.34,1.34,1.2,3.1,0.0,0,0,0,0,0.4,0.2,0.0,0.1,0.5,0.6,11
17777,Malachi,Corley,Malachi Corley,/football/player/malachi-corley-17777,,&#9881;,open,,i,,WR,,WR,NYJ,IND,-187,44.00,-4.00,24.00,0.04,0,3000,3000,0,1.32,1.32,1.32,0.6,1.3,0.0,0,0,0,0,0.4,0.2,0.0,0.0,0.7,0.7,11
17000,Hunter,Luepke,Hunter Luepke,/football/player/hunter-luepke-17000,,&#9881;,open,,i,,RB,,RB,DAL,HOU,297,42.00,7.50,17.25,1.51,0,4000,4000,0,1.46,1.46,1.46,2.1,5.3,0.0,0,0,0,0,0.4,0.4,0.0,0.3,1.1,1.4,11
15831,Tyquan,Thornton,Tyquan Thornton,/football/player/tyquan-thornton-15831,,&#9881;,open,,i,,WR,,WR,NE,LAR,182,43.50,4.50,19.50,0.04,0,3000,3000,0,1.07,1.07,1.07,0.8,3.3,0.0,0,0,0,0,0.4,0.3,0.0,0.1,0.7,0.8,11
16102,Pierre,Strong,Pierre Strong,/football/player/pierre-strong-16102,,&#9881;,open,,i,,RB,,RB,CLE,NO,-104,44.50,1.00,21.75,0.01,0,4000,4000,0,1.80,1.80,1.80,2.7,8.0,0.0,0,0,0,0,0.4,0.5,0.0,0.8,1.0,1.8,11
10234,DeAndre,Carter,DeAndre Carter,/football/player/deandre-carter-10234,,&#9881;,open,,i,,WR,,WR,CHI,GB,217,40.50,6.00,17.25,0.02,0,3000,3000,0,1.14,1.14,1.14,1.8,5.3,0.0,0,0,0,0,0.4,0.3,0.0,0.2,0.8,1.0,11
15916,Connor,Heyward,Connor Heyward,/football/player/connor-heyward-15916,,&#9881;,open,,i,,TE,,TE,PIT,BAL,146,48.50,3.00,22.75,0.01,0,2500,2500,0,0.70,0.70,0.70,1.6,7.7,0.0,0,0,0,0,0.3,0.2,0.0,0.0,0.5,0.5,11
16321,Stone,Smartt,Stone Smartt,/football/player/stone-smartt-16321,"&nbsp;<span class=""red upper bold sm-text"">que</span>",&#9881;,open,,i,,TE,,TE,LAC,CIN,-122,47.00,-1.50,24.25,0.02,0,2500,2500,0,0.76,0.76,0.76,1.0,3.4,0.0,0,0,0,0,0.3,0.2,0.0,0.0,0.4,0.4,11
16277,Drew,Ogletree,Drew Ogletree,/football/player/drew-ogletree-16277,,&#9881;,open,,i,,TE,,TE,IND,NYJ,154,44.00,4.00,20.00,0.07,0,2500,2500,0,0.86,0.86,0.86,2.0,6.7,0.0,0,0,0,0,0.3,0.2,0.0,0.0,0.5,0.5,11
15460,Quintin,Morris,Quintin Morris,/football/player/quintin-morris-15460,,&#9881;,open,,i,,TE,,TE,BUF,KC,-133,46.00,-2.00,24.00,0.04,0,2500,2500,0,0.75,0.75,0.75,0.8,5.2,0.0,0,0,0,0,0.3,0.2,0.0,0.0,0.4,0.4,11
14636,Devin,Duvernay,Devin Duvernay,/football/player/devin-duvernay-14636,,&#9881;,open,,i,,WR,,WR,JAX,DET,535,47.00,13.00,17.00,0.01,0,3000,3000,0,0.75,0.75,0.75,0.3,0.8,0.0,0,0,0,0,0.3,0.2,0.0,0.1,0.5,0.6,11
16843,Ronnie,Bell,Ronnie Bell,/football/player/ronnie-bell-16843,,&#9881;,open,,i,,WR,,WR,SF,SEA,-303,49.50,-6.50,28.00,0.00,0,3000,3000,0,0.79,0.79,0.79,0.5,1.9,0.0,0,0,0,0,0.3,0.1,0.0,0.0,0.4,0.4,11
14459,J.J.,Taylor,J.J. Taylor,/football/player/jj-taylor-14459,,&#9881;,open,,i,,RB,,RB,HOU,DAL,-378,42.00,-7.50,24.75,0.00,0,4000,4000,0,1.41,1.41,1.41,1.3,2.4,0.1,0,0,0,0,0.3,0.5,0.0,1.5,0.4,1.9,11
17848,Jaheim,Bell,Jaheim Bell,/football/player/jaheim-bell-17848,,&#9881;,open,,i,,TE,,TE,NE,LAR,182,43.50,4.50,19.50,0.00,0,2500,2500,0,0.63,0.63,0.63,0.2,0.8,0.0,0,0,0,0,0.3,0.2,0.0,0.0,0.4,0.4,11
12447,River,Cracraft,River Cracraft,/football/player/river-cracraft-12447,,&#9881;,open,,i,,WR,,WR,MIA,LV,-392,44.50,-7.50,26.00,0.00,0,3000,3000,0,0.81,0.81,0.81,0.0,0.0,0.0,0,0,0,0,0.3,0.2,0.0,0.0,0.6,0.6,11
14358,Laviska,Shenault,Laviska Shenault,/football/player/laviska-shenault-14358,,&#9881;,open,,i,,WR,,WR,SEA,SF,240,49.50,6.50,21.50,0.02,0,3100,3100,0,1.06,1.06,1.06,1.6,4.2,0.0,0,0,0,0,0.3,0.4,0.0,0.6,0.6,1.2,11
17787,Javon,Baker,Javon Baker,/football/player/javon-baker-17787,,&#9881;,open,,i,,WR,,WR,NE,LAR,182,43.50,4.50,19.50,0.01,0,3000,3000,0,0.93,0.93,0.93,0.0,0.0,0.0,0,0,0,0,0.3,0.2,0.0,0.0,0.6,0.6,11
13626,Trenton,Irwin,Trenton Irwin,/football/player/trenton-irwin-13626,,&#9881;,open,,i,,WR,,WR,CIN,LAC,100,47.00,1.50,22.75,0.01,0,3000,3000,0,0.74,0.74,0.74,0.6,1.4,0.0,0,0,0,0,0.3,0.1,0.0,0.0,0.4,0.4,11
14608,Charlie,Woerner,Charlie Woerner,/football/player/charlie-woerner-14608,,&#9881;,open,,i,,TE,,TE,ATL,DEN,113,44.00,2.50,20.75,0.06,0,2500,2500,0,0.86,0.86,0.86,0.3,1.7,0.0,0,0,0,0,0.3,0.2,0.0,0.0,0.5,0.5,11
14514,Clyde,Edwards-Helaire,Clyde Edwards-Helaire,/football/player/clyde-edwards-helaire-14514,,&#9881;,open,,i,,RB,,RB,KC,BUF,112,46.00,2.00,22.00,0.00,0,5000,5000,0,0.80,0.80,0.80,0.0,0.0,0.0,0,0,0,0,0.2,0.2,0.0,0.6,0.3,0.9,11
17971,Anthony,Gould,Anthony Gould,/football/player/anthony-gould-17971,,&#9881;,open,,i,,WR,,WR,IND,NYJ,154,44.00,4.00,20.00,0.00,0,3000,3000,0,0.46,0.46,0.46,0.0,0.0,0.0,0,0,0,0,0.2,0.1,0.0,0.0,0.3,0.3,11
13418,KhaDarel,Hodge,KhaDarel Hodge,/football/player/khadarel-hodge-13418,,&#9881;,open,,i,,WR,,WR,ATL,DEN,113,44.00,2.50,20.75,0.01,0,3000,3000,0,0.60,0.60,0.60,1.8,10.7,0.0,0,0,0,0,0.2,0.1,0.0,0.0,0.3,0.3,11
17821,Kimani,Vidal,Kimani Vidal,/football/player/kimani-vidal-17821,,&#9881;,open,,i,,RB,,RB,LAC,CIN,-122,47.00,-1.50,24.25,0.00,0,4700,4700,0,0.76,0.76,0.76,4.6,11.7,0.0,0,0,0,0,0.2,0.2,0.0,0.4,0.4,0.8,11
16937,Jonathan,Mingo,Jonathan Mingo,/football/player/jonathan-mingo-16937,,&#9881;,open,,i,,WR,,WR,DAL,HOU,297,42.00,7.50,17.25,0.01,0,3700,3700,0,0.83,0.83,0.83,2.3,5.3,0.0,0,0,0,0,0.2,0.2,0.0,0.0,0.6,0.6,11
17972,Jha'Quan,Jackson,Jha'Quan Jackson,/football/player/jhaquan-jackson-17972,,&#9881;,open,,i,,WR,,WR,TEN,MIN,213,40.00,6.00,17.00,0.01,0,3000,3000,0,0.48,0.48,0.48,0.2,1.0,0.0,0,0,0,0,0.2,0.1,0.0,0.0,0.4,0.4,11
17947,Isaac,Guerendo,Isaac Guerendo,/football/player/isaac-guerendo-17947,,&#9881;,open,,i,,RB,,RB,SF,SEA,-303,49.50,-6.50,28.00,0.00,0,5000,5000,0,1.22,1.22,1.22,3.8,14.8,0.0,0,0,0,0,0.2,0.3,0.0,1.1,0.3,1.4,11
17818,Dylan,Laube,Dylan Laube,/football/player/dylan-laube-17818,,&#9881;,open,,i,,RB,,RB,LV,MIA,307,44.50,7.50,18.50,0.00,0,4000,4000,0,0.79,0.79,0.79,-0.3,0.1,0.0,0,0,0,0,0.2,0.3,0.0,0.9,0.2,1.1,11
17686,Jamari,Thrash,Jamari Thrash,/football/player/jamari-thrash-17686,,&#9881;,open,,i,,WR,,WR,CLE,NO,-104,44.50,1.00,21.75,0.00,0,3000,3000,0,0.50,0.50,0.50,0.0,0.0,0.0,0,0,0,0,0.2,0.1,0.0,0.0,0.3,0.3,11
17015,Ainias,Smith,Ainias Smith,/football/player/ainias-smith-17015,,&#9881;,open,,i,,WR,,WR,PHI,WAS,-187,48.50,-3.50,26.00,0.04,0,3000,3000,0,0.71,0.71,0.71,1.3,2.6,0.0,0,0,0,0,0.2,0.1,0.0,0.0,0.4,0.4,11
16713,Tyler,Scott,Tyler Scott,/football/player/tyler-scott-16713,,&#9881;,open,,i,,WR,,WR,CHI,GB,217,40.50,6.00,17.25,0.00,0,3000,3000,0,0.50,0.50,0.50,0.0,0.0,0.0,0,0,0,0,0.2,0.1,0.0,0.0,0.3,0.3,11
16719,Charlie,Jones,Charlie Jones,/football/player/charlie-jones-16719,"&nbsp;<span class=""red upper bold sm-text"">que</span>",&#9881;,open,,i,,WR,,WR,CIN,LAC,100,47.00,1.50,22.75,0.00,0,3000,3000,0,0.53,0.53,0.53,0.9,4.6,0.0,0,0,0,0,0.2,0.1,0.0,0.0,0.3,0.3,11
15289,John,Bates,John Bates,/football/player/john-bates-15289,,&#9881;,open,,i,,TE,,TE,WAS,PHI,155,48.50,3.50,22.50,0.01,0,2500,2500,0,0.57,0.57,0.57,0.7,2.4,0.0,0,0,0,0,0.2,0.2,0.0,0.0,0.4,0.4,11
17760,Sione,Vaki,Sione Vaki,/football/player/sione-vaki-17760,,&#9881;,open,,i,,RB,,RB,DET,JAX,-772,47.00,-13.00,30.00,0.00,0,4000,4000,0,0.59,0.59,0.59,0.5,2.1,0.0,0,0,0,0,0.2,0.2,0.0,0.3,0.3,0.6,11
15979,Ty,Chandler,Ty Chandler,/football/player/ty-chandler-15979,,&#9881;,open,,i,,RB,,RB,MIN,TEN,-265,40.00,-6.00,23.00,0.00,0,4500,4500,0,0.90,0.90,0.90,2.5,6.8,0.0,0,0,0,0,0.2,0.2,0.0,0.8,0.3,1.1,11
13960,Craig,Reynolds,Craig Reynolds,/football/player/craig-reynolds-13960,,&#9881;,open,,i,,RB,,RB,DET,JAX,-772,47.00,-13.00,30.00,0.00,0,4000,4000,0,0.95,0.95,0.95,0.3,1.6,0.0,0,0,0,0,0.2,0.2,0.0,0.3,0.5,0.8,11
11767,Jeremy,McNichols,Jeremy McNichols,/football/player/jeremy-mcnichols-11767,,&#9881;,open,,i,,RB,,RB,WAS,PHI,155,48.50,3.50,22.50,0.00,0,4800,4800,0,0.79,0.79,0.79,5.0,16.1,0.0,0,0,0,0,0.2,0.3,0.0,1.3,0.2,1.5,11
15990,Tyler,Goodson,Tyler Goodson,/football/player/tyler-goodson-15990,,&#9881;,open,,i,,RB,,RB,IND,NYJ,154,44.00,4.00,20.00,0.00,0,4900,4900,0,0.85,0.85,0.85,4.5,10.4,0.0,0,0,0,0,0.2,0.2,0.0,0.7,0.3,1.0,11
14641,K.J.,Osborn,K.J. Osborn,/football/player/kj-osborn-14641,,&#9881;,open,,i,,WR,,WR,NE,LAR,182,43.50,4.50,19.50,0.02,0,3000,3000,0,0.66,0.66,0.66,2.3,8.5,0.0,0,0,0,0,0.2,0.1,0.0,0.0,0.4,0.4,11
13987,Scotty,Miller,Scotty Miller,/football/player/scotty-miller-13987,,&#9881;,open,,i,,WR,,WR,PIT,BAL,146,48.50,3.00,22.75,0.00,0,3000,3000,0,0.73,0.73,0.73,0.7,3.9,0.0,0,0,0,0,0.2,0.2,0.0,0.1,0.5,0.6,11
15310,Tylan,Wallace,Tylan Wallace,/football/player/tylan-wallace-15310,,&#9881;,open,,i,,WR,,WR,BAL,PIT,-176,48.50,-3.00,25.75,0.00,0,3300,3300,0,0.46,0.46,0.46,3.2,17.2,0.0,0,0,0,0,0.1,0.1,0.0,0.0,0.3,0.3,11
15461,Dee,Eskridge,Dee Eskridge,/football/player/dee-eskridge-15461,,&#9881;,open,,i,,WR,,WR,MIA,LV,-392,44.50,-7.50,26.00,0.00,0,3000,3000,0,0.31,0.31,0.31,1.4,3.7,0.0,0,0,0,0,0.1,0.1,0.0,0.0,0.2,0.2,11
15891,Greg,Dulcich,Greg Dulcich,/football/player/greg-dulcich-15891,,&#9881;,open,,i,,TE,,TE,DEN,ATL,-136,44.00,-2.50,23.25,0.00,0,2500,2500,0,0.17,0.17,0.17,1.5,4.4,0.0,0,0,0,0,0.1,0.0,0.0,0.0,0.1,0.1,11
17802,Will,Shipley,Will Shipley,/football/player/will-shipley-17802,,&#9881;,open,,i,,RB,,RB,PHI,WAS,-187,48.50,-3.50,26.00,0.00,0,4000,4000,0,0.58,0.58,0.58,0.6,2.6,0.0,0,0,0,0,0.1,0.1,0.0,0.3,0.2,0.5,11
14392,JaMycal,Hasty,JaMycal Hasty,/football/player/jamycal-hasty-14392,,&#9881;,open,,i,,RB,,RB,NE,LAR,182,43.50,4.50,19.50,0.00,0,4100,4100,0,0.48,0.48,0.48,2.8,11.8,0.0,0,0,0,0,0.1,0.1,0.0,0.4,0.2,0.6,11
17003,Deuce,Vaughn,Deuce Vaughn,/football/player/deuce-vaughn-17003,,&#9881;,open,,i,,RB,,RB,DAL,HOU,297,42.00,7.50,17.25,0.00,0,4000,4000,0,0.36,0.36,0.36,1.3,2.7,0.0,0,0,0,0,0.1,0.1,0.0,0.2,0.2,0.4,11
14629,Josiah,Deguara,Josiah Deguara,/football/player/josiah-deguara-14629,,&#9881;,open,,i,,TE,,TE,JAX,DET,535,47.00,13.00,17.00,0.00,0,2500,2500,0,0.26,0.26,0.26,0.4,1.4,0.0,0,0,0,0,0.1,0.1,0.0,0.0,0.2,0.2,11
17824,Dallin,Holker,Dallin Holker,/football/player/dallin-holker-17824,,&#9881;,open,,i,,TE,,TE,NO,CLE,-115,44.50,-1.00,22.75,0.00,0,2500,2500,0,0.17,0.17,0.17,0.0,0.0,0.0,0,0,0,0,0.1,0.0,0.0,0.0,0.1,0.1,11
11897,Eric,Saubert,Eric Saubert,/football/player/eric-saubert-11897,,&#9881;,open,,i,,TE,,TE,SF,SEA,-303,49.50,-6.50,28.00,0.04,0,2500,2500,0,0.27,0.27,0.27,1.2,4.8,0.0,0,0,0,0,0.1,0.1,0.0,0.0,0.2,0.2,11
17002,Kenny,McIntosh,Kenny McIntosh,/football/player/kenny-mcintosh-17002,,&#9881;,open,,i,,RB,,RB,SEA,SF,240,49.50,6.50,21.50,0.00,0,4000,4000,0,0.31,0.31,0.31,0.2,0.9,0.0,0,0,0,0,0.1,0.1,0.0,0.2,0.2,0.4,11
17866,Tanner,McLachlan,Tanner McLachlan,/football/player/tanner-mclachlan-17866,,&#9881;,open,,i,,TE,,TE,CIN,LAC,100,47.00,1.50,22.75,0.00,0,2500,2500,0,0.17,0.17,0.17,0.0,0.0,0.0,0,0,0,0,0.1,0.0,0.0,0.0,0.1,0.1,11
17026,Rasheen,Ali,Rasheen Ali,/football/player/rasheen-ali-17026,"&nbsp;<span class=""red upper bold sm-text"">que</span>",&#9881;,open,,i,,RB,,RB,BAL,PIT,-176,48.50,-3.00,25.75,0.00,0,4000,4000,0,0.20,0.20,0.20,0.0,0.0,0.0,0,0,0,0,0.1,0.1,0.0,0.1,0.1,0.2,11
12298,Patrick,Ricard,Patrick Ricard,/football/player/patrick-ricard-12298,,&#9881;,open,,i,,RB,,RB,BAL,PIT,-176,48.50,-3.00,25.75,1.51,0,4000,4000,0,0.54,0.54,0.54,0.8,5.3,0.0,0,0,0,0,0.1,0.1,0.0,0.1,0.3,0.4,11
15246,Hunter,Long,Hunter Long,/football/player/hunter-long-15246,,&#9881;,open,,i,,TE,,TE,LAR,NE,-223,43.50,-4.50,24.00,0.01,0,2500,2500,0,0.36,0.36,0.36,1.2,3.1,0.0,0,0,0,0,0.1,0.1,0.0,0.0,0.3,0.3,11
18044,Casey,Washington,Casey Washington,/football/player/casey-washington-18044,,&#9881;,open,,i,,WR,,WR,ATL,DEN,113,44.00,2.50,20.75,0.00,0,3000,3000,0,0.33,0.33,0.33,0.4,1.9,0.0,0,0,0,0,0.1,0.1,0.0,0.0,0.2,0.2,11
17039,Jase,McClellan,Jase McClellan,/football/player/jase-mcclellan-17039,,&#9881;,open,,i,,RB,,RB,ATL,DEN,113,44.00,2.50,20.75,0.00,0,4000,4000,0,0.30,0.30,0.30,1.7,1.7,1.7,0,0,0,0,0.1,0.1,0.0,0.2,0.1,0.3,11
17974,Ryan,Flournoy,Ryan Flournoy,/football/player/ryan-flournoy-17974,,&#9881;,open,,i,,WR,,WR,DAL,HOU,297,42.00,7.50,17.25,0.01,0,3000,3000,0,0.31,0.31,0.31,0.7,2.0,0.0,0,0,0,0,0.1,0.1,0.0,0.0,0.2,0.2,11
12932,Jeff,Wilson,Jeff Wilson,/football/player/jeff-wilson-12932,,&#9881;,open,,i,,RB,,RB,MIA,LV,-392,44.50,-7.50,26.00,0.00,0,4400,4400,0,0.29,0.29,0.29,1.5,3.2,0.0,0,0,0,0,0.1,0.1,0.0,0.2,0.1,0.3,11
17467,Xavier,Smith,Xavier Smith,/football/player/xavier-smith-17467,,&#9881;,open,,i,,WR,,WR,LAR,NE,-223,43.50,-4.50,24.00,0.00,0,3000,3000,0,0.26,0.26,0.26,0.8,2.6,0.0,0,0,0,0,0.1,0.1,0.0,0.0,0.2,0.2,11
13484,Travis,Homer,Travis Homer,/football/player/travis-homer-13484,,&#9881;,open,,i,,RB,,RB,CHI,GB,217,40.50,6.00,17.25,0.00,0,4000,4000,0,0.40,0.40,0.40,0.2,0.5,0.0,0,0,0,0,0.1,0.2,0.0,0.4,0.2,0.6,11
15992,Hassan,Haskins,Hassan Haskins,/football/player/hassan-haskins-15992,,&#9881;,open,,i,,RB,,RB,LAC,CIN,-122,47.00,-1.50,24.25,0.00,0,4000,4000,0,0.46,0.46,0.46,1.0,4.8,0.0,0,0,0,0,0.1,0.2,0.0,0.6,0.2,0.8,11
16108,Ronnie,Rivers,Ronnie Rivers,/football/player/ronnie-rivers-16108,,&#9881;,open,,i,,RB,,RB,LAR,NE,-223,43.50,-4.50,24.00,0.00,0,4000,4000,0,0.20,0.20,0.20,0.6,2.1,0.0,0,0,0,0,0.1,0.1,0.0,0.1,0.1,0.2,11
17728,Devontez,Walker,Devontez Walker,/football/player/devontez-walker-17728,,&#9881;,open,,i,,WR,,WR,BAL,PIT,-176,48.50,-3.00,25.75,0.00,0,3000,3000,0,0.35,0.35,0.35,0.0,0.0,0.0,0,0,0,0,0.1,0.1,0.0,0.0,0.2,0.2,11
17057,Isaiah,Davis,Isaiah Davis,/football/player/isaiah-davis-17057,,&#9881;,open,,i,,RB,,RB,NYJ,IND,-187,44.00,-4.00,24.00,0.00,0,4000,4000,0,0.48,0.48,0.48,0.4,1.5,0.0,0,0,0,0,0.1,0.1,0.0,0.3,0.2,0.5,11
9264,Allen,Robinson,Allen Robinson,/football/player/allen-robinson-9264,,&#9881;,open,,i,,WR,,WR,DET,JAX,-772,47.00,-13.00,30.00,0.05,0,3100,3100,0,0.36,0.36,0.36,0.2,1.0,0.0,0,0,0,0,0.1,0.1,0.0,0.0,0.2,0.2,11
15921,Julius,Chestnut,Julius Chestnut,/football/player/julius-chestnut-15921,,&#9881;,open,,i,,RB,,RB,TEN,MIN,213,40.00,6.00,17.00,0.00,0,4200,4200,0,0.23,0.23,0.23,1.1,3.0,0.0,0,0,0,0,0.1,0.1,0.0,0.3,0.1,0.4,11
17970,Kendall,Milton,Kendall Milton,/football/player/kendall-milton-17970,,&#9881;,open,,i,,RB,,RB,CIN,LAC,100,47.00,1.50,22.75,0,0,4000,4000,0,0.00,0.00,0.00,0.0,0.0,0.0,0,0,0,0,0.0,0.0,0.0,0.0,0.0,0.0,11
14563,Tyler,Huntley,Tyler Huntley,/football/player/tyler-huntley-14563,"&nbsp;<span class=""red upper bold sm-text"">IR</span>",&#9881;,open,,i,,QB,,QB,MIA,LV,-392,44.50,-7.50,26.00,0,0,4000,4000,0,0.00,0.00,0.00,9.9,12.7,7.3,0,0,0,0,0.0,0.0,0.0,0.0,0.0,0.0,11
17732,Keon,Coleman,Keon Coleman,/football/player/keon-coleman-17732,"&nbsp;<span class=""red upper bold sm-text"">Out</span>",&#9881;,open,,i,,WR,,WR,BUF,KC,-133,46.00,-2.00,24.00,0,0,5500,5500,0,0.00,0.00,0.00,9.5,17.9,1.3,0,0,0,0,0.0,0.0,0.0,0.0,0.0,0.0,11
9967,Andrew,DePaola,Andrew DePaola,/football/player/andrew-depaola-9967,"&nbsp;<span class=""red upper bold sm-text"">IR</span>",&#9881;,open,,i,,TE,,TE,MIN,TEN,-265,40.00,-6.00,23.00,0,0,2500,2500,0,0.00,0.00,0.00,0.0,0.0,0.0,0,0,0,0,0.0,0.0,0.0,0.0,0.0,0.0,11
10919,Jacoby,Brissett,Jacoby Brissett,/football/player/jacoby-brissett-10919,,&#9881;,open,,i,,QB,,QB,NE,LAR,182,43.50,4.50,19.50,0,0,4700,4700,0,0.00,0.00,0.00,7.9,10.5,4.7,0,0,0,0,0.0,0.0,0.0,0.0,0.0,0.0,11
18301,David,Martin-Robinson,David Martin-Robinson,/football/player/david-martin-robinson-18301,,&#9881;,open,,i,,TE,,TE,TEN,MIN,213,40.00,6.00,17.00,0,0,2500,2500,0,0.00,0.00,0.00,0.0,0.0,0.0,0,0,0,0,0.0,0.0,0.0,0.0,0.0,0.0,11
17894,Jared,Wiley,Jared Wiley,/football/player/jared-wiley-17894,"&nbsp;<span class=""red upper bold sm-text"">IR</span>",&#9881;,open,,i,,TE,,TE,KC,BUF,112,46.00,2.00,22.00,0,0,2500,2500,0,0.00,0.00,0.00,0.3,1.3,0.0,0,0,0,0,0.0,0.0,0.0,0.0,0.0,0.0,11
18302,Bryce,Oliver,Bryce Oliver,/football/player/bryce-oliver-18302,,&#9881;,open,,i,,WR,,WR,TEN,MIN,213,40.00,6.00,17.00,0,0,3000,3000,0,0.00,0.00,0.00,2.2,4.8,0.0,0,0,0,0,0.0,0.0,0.0,0.0,0.0,0.0,11
17043,Roman,Wilson,Roman Wilson,/football/player/roman-wilson-17043,"&nbsp;<span class=""red upper bold sm-text"">IR</span>",&#9881;,open,,i,,WR,,WR,PIT,BAL,146,48.50,3.00,22.75,0,0,3000,3000,0,0.00,0.00,0.00,0.0,0.0,0.0,0,0,0,0,0.0,0.0,0.0,0.0,0.0,0.0,11
14002,Malik,Taylor,Malik Taylor,/football/player/malik-taylor-14002,"&nbsp;<span class=""red upper bold sm-text"">IR</span>",&#9881;,open,,i,,WR,,WR,NYJ,IND,-187,44.00,-4.00,24.00,0,0,3000,3000,0,0.00,0.00,0.00,0.0,0.0,0.0,0,0,0,0,0.0,0.0,0.0,0.0,0.0,0.0,11
17830,Joe,Milton,Joe Milton,/football/player/joe-milton-17830,,&#9881;,open,,i,,QB,,QB,NE,LAR,182,43.50,4.50,19.50,0,0,4000,4000,0,0.00,0.00,0.00,0.0,0.0,0.0,0,0,0,0,0.0,0.0,0.0,0.0,0.0,0.0,11
14306,Jody,Fortson,Jody Fortson,/football/player/jody-fortson-14306,"&nbsp;<span class=""red upper bold sm-text"">IR</span>",&#9881;,open,,i,,TE,,TE,KC,BUF,112,46.00,2.00,22.00,0,0,2500,2500,0,0.00,0.00,0.00,0.5,1.4,0.0,0,0,0,0,0.0,0.0,0.0,0.0,0.0,0.0,11
11712,Deshaun,Watson,Deshaun Watson,/football/player/deshaun-watson-11712,"&nbsp;<span class=""red upper bold sm-text"">IR</span>",&#9881;,open,,i,,QB,,QB,CLE,NO,-104,44.50,1.00,21.75,0,0,4000,4000,0,0.00,0.00,0.00,11.7,17.5,5.9,0,0,0,0,0.0,0.0,0.0,0.0,0.0,0.0,11
18240,Jaaron,Hayek,Jaaron Hayek,/football/player/jaaron-hayek-18240,"&nbsp;<span class=""red upper bold sm-text"">IR</span>",&#9881;,open,,i,,WR,,WR,KC,BUF,112,46.00,2.00,22.00,0,0,3000,3000,0,0.00,0.00,0.00,0.0,0.0,0.0,0,0,0,0,0.0,0.0,0.0,0.0,0.0,0.0,11
17908,Brevyn,Spann-Ford,Brevyn Spann-Ford,/football/player/brevyn-spann-ford-17908,,&#9881;,open,,i,,TE,,TE,DAL,HOU,297,42.00,7.50,17.25,0,0,2500,2500,0,0.00,0.00,0.00,0.5,3.0,0.0,0,0,0,0,0.0,0.0,0.0,0.0,0.0,0.0,11
15240,Jaelon,Darden,Jaelon Darden,/football/player/jaelon-darden-15240,,&#9881;,open,,i,,WR,,WR,CLE,NO,-104,44.50,1.00,21.75,0,0,3000,3000,0,0.00,0.00,0.00,0.4,1.4,0.0,0,0,0,0,0.0,0.0,0.0,0.0,0.0,0.0,11
10606,James,Winchester,James Winchester,/football/player/james-winchester-10606,,&#9881;,open,,i,,TE,,TE,KC,BUF,112,46.00,2.00,22.00,0,0,2500,2500,0,0.00,0.00,0.00,0.0,0.0,0.0,0,0,0,0,0.0,0.0,0.0,0.0,0.0,0.0,11
15328,Sam,Ehlinger,Sam Ehlinger,/football/player/sam-ehlinger-15328,,&#9881;,open,,i,,QB,,QB,IND,NYJ,154,44.00,4.00,20.00,0,0,4000,4000,0,0.00,0.00,0.00,0.0,0.0,0.0,0,0,0,0,0.0,0.0,0.0,0.0,0.0,0.0,11
15559,Simi,Fehoko,Simi Fehoko,/football/player/simi-fehoko-15559,"&nbsp;<span class=""red upper bold sm-text"">IR</span>",&#9881;,open,,i,,WR,,WR,LAC,CIN,-122,47.00,-1.50,24.25,0,0,3000,3000,0,0.00,0.00,0.00,2.4,6.6,0.0,0,0,0,0,0.0,0.0,0.0,0.0,0.0,0.0,11
17829,Cody,Schrader,Cody Schrader,/football/player/cody-schrader-17829,,&#9881;,open,,i,,RB,,RB,LAR,NE,-223,43.50,-4.50,24.00,0.00,0,4000,4000,0,0.17,0.17,0.17,0.0,0.0,0.0,0,0,0,0,0.0,0.1,0.0,0.1,0.1,0.2,11
15357,Trevor,Lawrence,Trevor Lawrence,/football/player/trevor-lawrence-15357,"&nbsp;<span class=""red upper bold sm-text"">Out</span>",&#9881;,open,,i,,QB,,QB,JAX,DET,535,47.00,13.00,17.00,0,0,5400,5400,0,0.00,0.00,0.00,18.3,26.4,11.3,0,0,0,0,0.0,0.0,0.0,0.0,0.0,0.0,11
17588,John,Stephens,John Stephens,/football/player/john-stephens-17588,"&nbsp;<span class=""red upper bold sm-text"">IR</span>",&#9881;,open,,i,,TE,,TE,DAL,HOU,297,42.00,7.50,17.25,0,0,2500,2500,0,0.00,0.00,0.00,0.0,0.0,0.0,0,0,0,0,0.0,0.0,0.0,0.0,0.0,0.0,11
13806,Alec,Ingold,Alec Ingold,/football/player/alec-ingold-13806,"&nbsp;<span class=""red upper bold sm-text"">que</span>",&#9881;,open,,i,,RB,,RB,MIA,LV,-392,44.50,-7.50,26.00,0,0,4000,4000,0,0.00,0.00,0.00,2.6,5.8,0.0,0,0,0,0,0.0,0.0,0.0,0.0,0.0,0.0,11
16963,Rashee,Rice,Rashee Rice,/football/player/rashee-rice-16963,"&nbsp;<span class=""red upper bold sm-text"">IR</span>",&#9881;,open,,i,,WR,,WR,KC,BUF,112,46.00,2.00,22.00,0,0,3000,3000,0,0.00,0.00,0.00,16.9,32.5,0.4,0,0,0,0,0.0,0.0,0.0,0.0,0.0,0.0,11
15514,Rondale,Moore,Rondale Moore,/football/player/rondale-moore-15514,"&nbsp;<span class=""red upper bold sm-text"">IR</span>",&#9881;,open,,i,,WR,,WR,ATL,DEN,113,44.00,2.50,20.75,0,0,3000,3000,0,0.00,0.00,0.00,0.0,0.0,0.0,0,0,0,0,0.0,0.0,0.0,0.0,0.0,0.0,11
17700,Michael,Penix,Michael Penix,/football/player/michael-penix-17700,,&#9881;,open,,i,,QB,,QB,ATL,DEN,113,44.00,2.50,20.75,0,0,4500,4500,0,0.00,0.00,0.00,0.6,0.6,0.6,0,0,0,0,0.0,0.0,0.0,0.0,0.0,0.0,11
15542,Davis,Mills,Davis Mills,/football/player/davis-mills-15542,,&#9881;,open,,i,,QB,,QB,HOU,DAL,-378,42.00,-7.50,24.75,0,0,4700,4700,0,0.00,0.00,0.00,1.6,3.5,0.0,0,0,0,0,0.0,0.0,0.0,0.0,0.0,0.0,11
15334,Anthony,Schwartz,Anthony Schwartz,/football/player/anthony-schwartz-15334,"&nbsp;<span class=""red upper bold sm-text"">IR</span>",&#9881;,open,,i,,WR,,WR,MIA,LV,-392,44.50,-7.50,26.00,0,0,3000,3000,0,0.00,0.00,0.00,0.0,0.0,0.0,0,0,0,0,0.0,0.0,0.0,0.0,0.0,0.0,11
18260,Ian,Wheeler,Ian Wheeler,/football/player/ian-wheeler-18260,"&nbsp;<span class=""red upper bold sm-text"">IR</span>",&#9881;,open,,i,,RB,,RB,CHI,GB,217,40.50,6.00,17.25,0,0,4000,4000,0,0.00,0.00,0.00,0.0,0.0,0.0,0,0,0,0,0.0,0.0,0.0,0.0,0.0,0.0,11
18300,British,Brooks,British Brooks,/football/player/british-brooks-18300,"&nbsp;<span class=""red upper bold sm-text"">IR</span>",&#9881;,open,,i,,RB,,RB,HOU,DAL,-378,42.00,-7.50,24.75,0,0,4000,4000,0,0.00,0.00,0.00,0.1,0.2,0.0,0,0,0,0,0.0,0.0,0.0,0.0,0.0,0.0,11
15198,Trey,Lance,Trey Lance,/football/player/trey-lance-15198,,&#9881;,open,,i,,QB,,QB,DAL,HOU,297,42.00,7.50,17.25,0,0,4500,4500,0,0.00,0.00,0.00,1.5,1.5,1.5,0,0,0,0,0.0,0.0,0.0,0.0,0.0,0.0,11
8065,Case,Keenum,Case Keenum,/football/player/case-keenum-8065,"&nbsp;<span class=""red upper bold sm-text"">IR</span>",&#9881;,open,,i,,QB,,QB,HOU,DAL,-378,42.00,-7.50,24.75,0,0,4000,4000,0,0.00,0.00,0.00,0.0,0.0,0.0,0,0,0,0,0.0,0.0,0.0,0.0,0.0,0.0,11
18162,JaQuae,Jackson,JaQuae Jackson,/football/player/jaquae-jackson-18162,"&nbsp;<span class=""red upper bold sm-text"">IR</span>",&#9881;,open,,i,,WR,,WR,NE,LAR,182,43.50,4.50,19.50,0,0,3000,3000,0,0.00,0.00,0.00,0.0,0.0,0.0,0,0,0,0,0.0,0.0,0.0,0.0,0.0,0.0,11
14559,Dalton,Keene,Dalton Keene,/football/player/dalton-keene-14559,"&nbsp;<span class=""red upper bold sm-text"">IR</span>",&#9881;,open,,i,,TE,,TE,HOU,DAL,-378,42.00,-7.50,24.75,0,0,2500,2500,0,0.00,0.00,0.00,0.0,0.0,0.0,0,0,0,0,0.0,0.0,0.0,0.0,0.0,0.0,11
12511,Nick,Mullens,Nick Mullens,/football/player/nick-mullens-12511,,&#9881;,open,,i,,QB,,QB,MIN,TEN,-265,40.00,-6.00,23.00,0,0,4000,4000,0,0.00,0.00,0.00,0.3,0.9,0.0,0,0,0,0,0.0,0.0,0.0,0.0,0.0,0.0,11
13502,Hollywood,Brown,Hollywood Brown,/football/player/hollywood-brown-13502,"&nbsp;<span class=""red upper bold sm-text"">IR</span>",&#9881;,open,,i,,WR,,WR,KC,BUF,112,46.00,2.00,22.00,0,0,3000,3000,0,0.00,0.00,0.00,0.0,0.0,0.0,0,0,0,0,0.0,0.0,0.0,0.0,0.0,0.0,11
15701,Shane,Zylstra,Shane Zylstra,/football/player/shane-zylstra-15701,,&#9881;,open,,i,,TE,,TE,DET,JAX,-772,47.00,-13.00,30.00,0,0,2500,2500,0,0.00,0.00,0.00,0.0,0.0,0.0,0,0,0,0,0.0,0.0,0.0,0.0,0.0,0.0,11
18084,Jeff,Foreman,Jeff Foreman,/football/player/jeff-foreman-18084,"&nbsp;<span class=""red upper bold sm-text"">IR</span>",&#9881;,open,,i,,WR,,WR,LV,MIA,307,44.50,7.50,18.50,0,0,3000,3000,0,0.00,0.00,0.00,0.0,0.0,0.0,0,0,0,0,0.0,0.0,0.0,0.0,0.0,0.0,11
18085,Ramel,Keyton,Ramel Keyton,/football/player/ramel-keyton-18085,,&#9881;,open,,i,,WR,,WR,LV,MIA,307,44.50,7.50,18.50,0,0,3000,3000,0,0.00,0.00,0.00,1.7,1.7,1.7,0,0,0,0,0.0,0.0,0.0,0.0,0.0,0.0,11
14386,Brandon,Aiyuk,Brandon Aiyuk,/football/player/brandon-aiyuk-14386,"&nbsp;<span class=""red upper bold sm-text"">IR</span>",&#9881;,open,,i,,WR,,WR,SF,SEA,-303,49.50,-6.50,28.00,0,0,3000,3000,0,0.00,0.00,0.00,9.3,21.3,3.1,0,0,0,0,0.0,0.0,0.0,0.0,0.0,0.0,11
15369,Brevin,Jordan,Brevin Jordan,/football/player/brevin-jordan-15369,"&nbsp;<span class=""red upper bold sm-text"">IR</span>",&#9881;,open,,i,,TE,,TE,HOU,DAL,-378,42.00,-7.50,24.75,0,0,2500,2500,0,0.00,0.00,0.00,1.4,1.4,1.4,0,0,0,0,0.0,0.0,0.0,0.0,0.0,0.0,11
9260,Brandin,Cooks,Brandin Cooks,/football/player/brandin-cooks-9260,"&nbsp;<span class=""red upper bold sm-text"">IR</span>",&#9881;,open,,i,,WR,,WR,DAL,HOU,297,42.00,7.50,17.25,0,0,5000,5000,0,0.00,0.00,0.00,3.3,3.7,2.6,0,0,0,0,0.0,0.0,0.0,0.0,0.0,0.0,11
11709,Mitchell,Trubisky,Mitchell Trubisky,/football/player/mitchell-trubisky-11709,,&#9881;,open,,i,,QB,,QB,BUF,KC,-133,46.00,-2.00,24.00,0,0,4800,4800,0,0.00,0.00,0.00,-0.1,0.1,0.0,0,0,0,0,0.0,0.0,0.0,0.0,0.0,0.0,11
10856,Carson,Wentz,Carson Wentz,/football/player/carson-wentz-10856,,&#9881;,open,,i,,QB,,QB,KC,BUF,112,46.00,2.00,22.00,0,0,4800,4800,0,0.00,0.00,0.00,0.0,0.0,0.0,0,0,0,0,0.0,0.0,0.0,0.0,0.0,0.0,11
10224,Jamison,Crowder,Jamison Crowder,/football/player/jamison-crowder-10224,"&nbsp;<span class=""red upper bold sm-text"">IR</span>",&#9881;,open,,i,,WR,,WR,WAS,PHI,155,48.50,3.50,22.50,0,0,3000,3000,0,0.00,0.00,0.00,0.0,0.0,0.0,0,0,0,0,0.0,0.0,0.0,0.0,0.0,0.0,11
10021,Patrick,Scales,Patrick Scales,/football/player/patrick-scales-10021,"&nbsp;<span class=""red upper bold sm-text"">IR</span>",&#9881;,open,,i,,TE,,TE,CHI,GB,217,40.50,6.00,17.25,0,0,2500,2500,0,0.00,0.00,0.00,0.0,0.0,0.0,0,0,0,0,0.0,0.0,0.0,0.0,0.0,0.0,11
10179,Taylor,Heinicke,Taylor Heinicke,/football/player/taylor-heinicke-10179,,&#9881;,open,,i,,QB,,QB,LAC,CIN,-122,47.00,-1.50,24.25,0,0,4300,4300,0,0.00,0.00,0.00,1.0,1.0,1.0,0,0,0,0,0.0,0.0,0.0,0.0,0.0,0.0,11
14827,Tyler,Davis,Tyler Davis,/football/player/tyler-davis-14827,"&nbsp;<span class=""red upper bold sm-text"">IR</span>",&#9881;,open,,i,,TE,,TE,GB,CHI,-269,40.50,-6.00,23.25,0,0,2500,2500,0,0.00,0.00,0.00,0.0,0.0,0.0,0,0,0,0,0.0,0.0,0.0,0.0,0.0,0.0,11
15304,Chris,Evans,Chris Evans,/football/player/chris-evans-15304,"&nbsp;<span class=""red upper bold sm-text"">IR</span>",&#9881;,open,,i,,RB,,RB,CIN,LAC,100,47.00,1.50,22.75,0,0,4000,4000,0,0.00,0.00,0.00,0.0,0.0,0.0,0,0,0,0,0.0,0.0,0.0,0.0,0.0,0.0,11
18160,Colson,Yankoff,Colson Yankoff,/football/player/colson-yankoff-18160,"&nbsp;<span class=""red upper bold sm-text"">IR</span>",&#9881;,open,,i,,TE,,TE,WAS,PHI,155,48.50,3.50,22.50,0,0,2500,2500,0,0.00,0.00,0.00,0.0,0.0,0.0,0,0,0,0,0.0,0.0,0.0,0.0,0.0,0.0,11
17977,Isaiah,Williams,Isaiah Williams,/football/player/isaiah-williams-17977,,&#9881;,open,,i,,WR,,WR,CIN,LAC,100,47.00,1.50,22.75,0,0,3000,3000,0,0.00,0.00,0.00,1.3,2.9,0.0,0,0,0,0,0.0,0.0,0.0,0.0,0.0,0.0,11
17756,Brenden,Rice,Brenden Rice,/football/player/brenden-rice-17756,"&nbsp;<span class=""red upper bold sm-text"">IR</span>",&#9881;,open,,i,,WR,,WR,LAC,CIN,-122,47.00,-1.50,24.25,0,0,3000,3000,0,0.00,0.00,0.00,0.0,0.0,0.0,0,0,0,0,0.0,0.0,0.0,0.0,0.0,0.0,11
10133,Stefon,Diggs,Stefon Diggs,/football/player/stefon-diggs-10133,"&nbsp;<span class=""red upper bold sm-text"">IR</span>",&#9881;,open,,i,,WR,,WR,HOU,DAL,-378,42.00,-7.50,24.75,0,0,3000,3000,0,0.00,0.00,0.00,14.3,19.8,8.1,0,0,0,0,0.0,0.0,0.0,0.0,0.0,0.0,11
17696,Erick,All,Erick All,/football/player/erick-all-17696,"&nbsp;<span class=""red upper bold sm-text"">IR</span>",&#9881;,open,,i,,TE,,TE,CIN,LAC,100,47.00,1.50,22.75,0,0,2500,2500,0,0.00,0.00,0.00,4.5,7.0,1.0,0,0,0,0,0.0,0.0,0.0,0.0,0.0,0.0,11
17978,Tahj,Washington,Tahj Washington,/football/player/tahj-washington-17978,"&nbsp;<span class=""red upper bold sm-text"">IR</span>",&#9881;,open,,i,,WR,,WR,MIA,LV,-392,44.50,-7.50,26.00,0,0,3000,3000,0,0.00,0.00,0.00,0.0,0.0,0.0,0,0,0,0,0.0,0.0,0.0,0.0,0.0,0.0,11
17795,MarShawn,Lloyd,MarShawn Lloyd,/football/player/marshawn-lloyd-17795,"&nbsp;<span class=""red upper bold sm-text"">IR-</span>",&#9881;,open,,i,,RB,,RB,GB,CHI,-269,40.50,-6.00,23.25,0,0,4800,4800,0,0.00,0.00,0.00,2.8,2.8,2.8,0,0,0,0,0.0,0.0,0.0,0.0,0.0,0.0,11
17048,Keilan,Robinson,Keilan Robinson,/football/player/keilan-robinson-17048,"&nbsp;<span class=""red upper bold sm-text"">IR-</span>",&#9881;,open,,i,,RB,,RB,JAX,DET,535,47.00,13.00,17.00,0,0,4000,4000,0,0.00,0.00,0.00,0.0,0.0,0.0,0,0,0,0,0.0,0.0,0.0,0.0,0.0,0.0,11
14131,Stephen,Carlson,Stephen Carlson,/football/player/stephen-carlson-14131,"&nbsp;<span class=""red upper bold sm-text"">IR</span>",&#9881;,open,,i,,TE,,TE,CHI,GB,217,40.50,6.00,17.25,0,0,2500,2500,0,0.00,0.00,0.00,0.0,0.0,0.0,0,0,0,0,0.0,0.0,0.0,0.0,0.0,0.0,11
15262,Shane,Buechele,Shane Buechele,/football/player/shane-buechele-15262,"&nbsp;<span class=""red upper bold sm-text"">IR</span>",&#9881;,open,,i,,QB,,QB,BUF,KC,-133,46.00,-2.00,24.00,0,0,4000,4000,0,0.00,0.00,0.00,0.0,0.0,0.0,0,0,0,0,0.0,0.0,0.0,0.0,0.0,0.0,11
17939,David,White,David White,/football/player/david-white-17939,"&nbsp;<span class=""red upper bold sm-text"">IR</span>",&#9881;,open,,i,,WR,,WR,JAX,DET,535,47.00,13.00,17.00,0,0,3000,3000,0,0.00,0.00,0.00,0.0,0.0,0.0,0,0,0,0,0.0,0.0,0.0,0.0,0.0,0.0,11
10074,Marcus,Mariota,Marcus Mariota,/football/player/marcus-mariota-10074,,&#9881;,open,,i,,QB,,QB,WAS,PHI,155,48.50,3.50,22.50,0,0,4400,4400,0,0.00,0.00,0.00,9.9,21.6,0.0,0,0,0,0,0.0,0.0,0.0,0.0,0.0,0.0,11
17782,Spencer,Rattler,Spencer Rattler,/football/player/spencer-rattler-17782,,&#9881;,open,,i,,QB,,QB,NO,CLE,-115,44.50,-1.00,22.75,0,0,4200,4200,0,0.00,0.00,0.00,9.7,14.2,5.8,0,0,0,0,0.0,0.0,0.0,0.0,0.0,0.0,11
15416,Justin,Fields,Justin Fields,/football/player/justin-fields-15416,,&#9881;,open,,i,,QB,,QB,PIT,BAL,146,48.50,3.00,22.75,0,0,5600,5600,0,0.00,0.00,0.00,21.3,33.3,11.6,0,0,0,0,0.0,0.0,0.0,0.0,0.0,0.0,11
17942,Bub,Means,Bub Means,/football/player/bub-means-17942,"&nbsp;<span class=""red upper bold sm-text"">IR</span>",&#9881;,open,,i,,WR,,WR,NO,CLE,-115,44.50,-1.00,22.75,0,0,3000,3000,0,0.00,0.00,0.00,4.5,13.0,0.0,0,0,0,0,0.0,0.0,0.0,0.0,0.0,0.0,11
18104,Jermaine,Jackson,Jermaine Jackson,/football/player/jermaine-jackson-18104,,&#9881;,open,,i,,WR,,WR,NO,CLE,-115,44.50,-1.00,22.75,0,0,3000,3000,0,0.00,0.00,0.00,0.0,0.0,0.0,0,0,0,0,0.0,0.0,0.0,0.0,0.0,0.0,11
15780,Mitchell,Fraboni,Mitchell Fraboni,/football/player/mitchell-fraboni-15780,,&#9881;,open,,i,,TE,,TE,DEN,ATL,-136,44.00,-2.50,23.25,0,0,2500,2500,0,0.00,0.00,0.00,0.0,0.0,0.0,0,0,0,0,0.0,0.0,0.0,0.0,0.0,0.0,11
17809,Jordan,Travis,Jordan Travis,/football/player/jordan-travis-17809,"&nbsp;<span class=""red upper bold sm-text"">NFI</span>",&#9881;,open,,i,,QB,,QB,NYJ,IND,-187,44.00,-4.00,24.00,0,0,4000,4000,0,0.00,0.00,0.00,0.0,0.0,0.0,0,0,0,0,0.0,0.0,0.0,0.0,0.0,0.0,11
17689,J.J.,McCarthy,J.J. McCarthy,/football/player/jj-mccarthy-17689,"&nbsp;<span class=""red upper bold sm-text"">IR</span>",&#9881;,open,,i,,QB,,QB,MIN,TEN,-265,40.00,-6.00,23.00,0,0,4000,4000,0,0.00,0.00,0.00,0.0,0.0,0.0,0,0,0,0,0.0,0.0,0.0,0.0,0.0,0.0,11
13504,Jake,Browning,Jake Browning,/football/player/jake-browning-13504,,&#9881;,open,,i,,QB,,QB,CIN,LAC,100,47.00,1.50,22.75,0,0,4200,4200,0,0.00,0.00,0.00,-0.1,0.0,0.0,0,0,0,0,0.0,0.0,0.0,0.0,0.0,0.0,11
16656,Justin,Shorter,Justin Shorter,/football/player/justin-shorter-16656,,&#9881;,open,,i,,WR,,WR,LV,MIA,307,44.50,7.50,18.50,0,0,3000,3000,0,0.00,0.00,0.00,0.0,0.0,0.0,0,0,0,0,0.0,0.0,0.0,0.0,0.0,0.0,11
13627,Easton,Stick,Easton Stick,/football/player/easton-stick-13627,,&#9881;,open,,i,,QB,,QB,LAC,CIN,-122,47.00,-1.50,24.25,0,0,4000,4000,0,0.00,0.00,0.00,0.0,0.0,0.0,0,0,0,0,0.0,0.0,0.0,0.0,0.0,0.0,11
18069,Patrick,Murtagh,Patrick Murtagh,/football/player/patrick-murtagh-18069,"&nbsp;<span class=""red upper bold sm-text"">IR</span>",&#9881;,open,,i,,TE,,TE,JAX,DET,535,47.00,13.00,17.00,0,0,2500,2500,0,0.00,0.00,0.00,0.0,0.0,0.0,0,0,0,0,0.0,0.0,0.0,0.0,0.0,0.0,11
12629,Mason,Rudolph,Mason Rudolph,/football/player/mason-rudolph-12629,,&#9881;,open,,i,,QB,,QB,TEN,MIN,213,40.00,6.00,17.00,0,0,5100,5100,0,0.00,0.00,0.00,13.8,21.7,4.6,0,0,0,0,0.0,0.0,0.0,0.0,0.0,0.0,11
15825,Sam,Howell,Sam Howell,/football/player/sam-howell-15825,,&#9881;,open,,i,,QB,,QB,SEA,SF,240,49.50,6.50,21.50,0,0,4600,4600,0,0.00,0.00,0.00,0.0,0.0,0.0,0,0,0,0,0.0,0.0,0.0,0.0,0.0,0.0,11
16945,Dorian,Thompson-Robinson,Dorian Thompson-Robinson,/football/player/dorian-thompson-robinson-16945,,&#9881;,open,,i,,QB,,QB,CLE,NO,-104,44.50,1.00,21.75,0,0,4400,4400,0,0.00,0.00,0.00,5.7,5.7,5.7,0,0,0,0,0.0,0.0,0.0,0.0,0.0,0.0,11
16735,Israel,Abanikanda,Israel Abanikanda,/football/player/israel-abanikanda-16735,,&#9881;,open,,i,,RB,,RB,NYJ,IND,-187,44.00,-4.00,24.00,0.00,0,4000,4000,0,0.16,0.16,0.16,0.0,0.0,0.0,0,0,0,0,0.0,0.1,0.0,0.1,0.1,0.2,11
16034,Teagan,Quitoriano,Teagan Quitoriano,/football/player/teagan-quitoriano-16034,,&#9881;,open,,i,,TE,,TE,HOU,DAL,-378,42.00,-7.50,24.75,0,0,2500,2500,0,0.00,0.00,0.00,0.0,0.0,0.0,0,0,0,0,0.0,0.0,0.0,0.0,0.0,0.0,11
15821,Jelani,Woods,Jelani Woods,/football/player/jelani-woods-15821,"&nbsp;<span class=""red upper bold sm-text"">IR</span>",&#9881;,open,,i,,TE,,TE,IND,NYJ,154,44.00,4.00,20.00,0,0,2500,2500,0,0.00,0.00,0.00,0.0,0.0,0.0,0,0,0,0,0.0,0.0,0.0,0.0,0.0,0.0,11
14055,Steven,Sims,Steven Sims,/football/player/steven-sims-14055,,&#9881;,open,,i,,WR,,WR,HOU,DAL,-378,42.00,-7.50,24.75,0,0,3000,3000,0,0.00,0.00,0.00,-0.2,0.1,0.0,0,0,0,0,0.0,0.0,0.0,0.0,0.1,0.1,11
11008,Dak,Prescott,Dak Prescott,/football/player/dak-prescott-11008,"&nbsp;<span class=""red upper bold sm-text"">Out</span>",&#9881;,open,,i,,QB,,QB,DAL,HOU,297,42.00,7.50,17.25,0,0,6000,6000,0,0.00,0.00,0.00,17.2,29.3,6.9,0,0,0,0,0.0,0.0,0.0,0.0,0.0,0.0,11
13911,Alex,Bachman,Alex Bachman,/football/player/alex-bachman-13911,,&#9881;,open,,i,,WR,,WR,LV,MIA,307,44.50,7.50,18.50,0,0,3000,3000,0,0.00,0.00,0.00,1.0,4.8,0.0,0,0,0,0,0.0,0.0,0.0,0.0,0.0,0.0,11
16286,Nick,Muse,Nick Muse,/football/player/nick-muse-16286,"&nbsp;<span class=""red upper bold sm-text"">IR</span>",&#9881;,open,,i,,TE,,TE,MIN,TEN,-265,40.00,-6.00,23.00,0,0,2500,2500,0,0.00,0.00,0.00,0.0,0.0,0.0,0,0,0,0,0.0,0.0,0.0,0.0,0.0,0.0,11
10507,Geoff,Swaim,Geoff Swaim,/football/player/geoff-swaim-10507,,&#9881;,open,,i,,TE,,TE,CLE,NO,-104,44.50,1.00,21.75,0,0,2500,2500,0,0.00,0.00,0.00,0.2,1.3,0.0,0,0,0,0,0.0,0.0,0.0,0.0,0.0,0.0,11
10155,Tyler,Ott,Tyler Ott,/football/player/tyler-ott-10155,,&#9881;,open,,i,,TE,,TE,WAS,PHI,155,48.50,3.50,22.50,0,0,2500,2500,0,0.00,0.00,0.00,0.0,0.0,0.0,0,0,0,0,0.0,0.0,0.0,0.0,0.0,0.0,11
17324,Owen,Wright,Owen Wright,/football/player/owen-wright-17324,"&nbsp;<span class=""red upper bold sm-text"">IR</span>",&#9881;,open,,i,,RB,,RB,BAL,PIT,-176,48.50,-3.00,25.75,0,0,4000,4000,0,0.00,0.00,0.00,0.0,0.0,0.0,0,0,0,0,0.0,0.0,0.0,0.0,0.0,0.0,11
14191,Deonte,Harty,Deonte Harty,/football/player/deonte-harty-14191,"&nbsp;<span class=""red upper bold sm-text"">IR</span>",&#9881;,open,,i,,WR,,WR,BAL,PIT,-176,48.50,-3.00,25.75,0,0,3000,3000,0,0.00,0.00,0.00,0.0,0.0,0.0,0,0,0,0,0.0,0.0,0.0,0.0,0.0,0.0,11
12771,Braxton,Berrios,Braxton Berrios,/football/player/braxton-berrios-12771,"&nbsp;<span class=""red upper bold sm-text"">IR</span>",&#9881;,open,,i,,WR,,WR,MIA,LV,-392,44.50,-7.50,26.00,0,0,3000,3000,0,0.00,0.00,0.00,0.0,0.0,0.0,0,0,0,0,0.0,0.0,0.0,0.0,0.0,0.0,11
15744,Adam,Prentice,Adam Prentice,/football/player/adam-prentice-15744,,&#9881;,open,,i,,RB,,RB,NO,CLE,-115,44.50,-1.00,22.75,0,0,4000,4000,0,0.00,0.00,0.00,0.0,0.0,0.0,0,0,0,0,0.0,0.0,0.0,0.0,0.0,0.0,11
16653,Anthony,Richardson,Anthony Richardson,/football/player/anthony-richardson-16653,,&#9881;,open,,i,,QB,,QB,IND,NYJ,154,44.00,4.00,20.00,0,0,5300,5300,0,0.00,0.00,0.00,9.7,13.4,5.7,0,0,0,0,0.0,0.0,0.0,0.0,0.0,0.0,11
15379,Elijah,Mitchell,Elijah Mitchell,/football/player/elijah-mitchell-15379,"&nbsp;<span class=""red upper bold sm-text"">IR</span>",&#9881;,open,,i,,RB,,RB,SF,SEA,-303,49.50,-6.50,28.00,0,0,4000,4000,0,0.00,0.00,0.00,0.0,0.0,0.0,0,0,0,0,0.0,0.0,0.0,0.0,0.0,0.0,11
14494,Joshua,Kelley,Joshua Kelley,/football/player/joshua-kelley-14494,,&#9881;,open,,i,,RB,,RB,TEN,MIN,213,40.00,6.00,17.00,0,0,4000,4000,0,0.00,0.00,0.00,0.0,0.0,0.0,0,0,0,0,0.0,0.0,0.0,0.0,0.0,0.0,11
16041,Peyton,Hendershot,Peyton Hendershot,/football/player/peyton-hendershot-16041,,&#9881;,open,,i,,TE,,TE,KC,BUF,112,46.00,2.00,22.00,0,0,2500,2500,0,0.00,0.00,0.00,1.2,2.0,0.1,0,0,0,0,0.0,0.0,0.0,0.0,0.0,0.0,11
16332,Jalen,Virgil,Jalen Virgil,/football/player/jalen-virgil-16332,,&#9881;,open,,i,,WR,,WR,BUF,KC,-133,46.00,-2.00,24.00,0,0,3000,3000,0,0.00,0.00,0.00,0.0,0.0,0.0,0,0,0,0,0.0,0.0,0.0,0.0,0.0,0.0,11
13664,Juwann,Winfree,Juwann Winfree,/football/player/juwann-winfree-13664,"&nbsp;<span class=""red upper bold sm-text"">IR</span>",&#9881;,open,,i,,WR,,WR,IND,NYJ,154,44.00,4.00,20.00,0,0,3000,3000,0,0.00,0.00,0.00,0.0,0.0,0.0,0,0,0,0,0.0,0.0,0.0,0.0,0.0,0.0,11
16104,Isiah,Pacheco,Isiah Pacheco,/football/player/isiah-pacheco-16104,"&nbsp;<span class=""red upper bold sm-text"">IR</span>",&#9881;,open,,i,,RB,,RB,KC,BUF,112,46.00,2.00,22.00,0,0,6700,6700,0,0.00,0.00,0.00,16.1,16.1,16.1,0,0,0,0,0.0,0.0,0.0,0.0,0.0,0.0,11
16418,Jake,Tonges,Jake Tonges,/football/player/jake-tonges-16418,,&#9881;,open,,i,,TE,,TE,SF,SEA,-303,49.50,-6.50,28.00,0,0,2500,2500,0,0.00,0.00,0.00,0.0,0.0,0.0,0,0,0,0,0.0,0.0,0.0,0.0,0.0,0.0,11
15974,Skylar,Thompson,Skylar Thompson,/football/player/skylar-thompson-15974,,&#9881;,open,,i,,QB,,QB,MIA,LV,-392,44.50,-7.50,26.00,0,0,4000,4000,0,0.00,0.00,0.00,3.9,4.4,3.5,0,0,0,0,0.0,0.0,0.0,0.0,0.0,0.0,11
15803,David,Bell,David Bell,/football/player/david-bell-15803,"&nbsp;<span class=""red upper bold sm-text"">IR</span>",&#9881;,open,,i,,WR,,WR,CLE,NO,-104,44.50,1.00,21.75,0,0,3000,3000,0,0.00,0.00,0.00,5.7,5.7,5.7,0,0,0,0,0.0,0.0,0.0,0.0,0.0,0.0,11
15893,Tyler,Badie,Tyler Badie,/football/player/tyler-badie-15893,"&nbsp;<span class=""red upper bold sm-text"">IR</span>",&#9881;,open,,i,,RB,,RB,DEN,ATL,-136,44.00,-2.50,23.25,0,0,4000,4000,0,0.00,0.00,0.00,3.5,6.9,0.4,0,0,0,0,0.0,0.0,0.0,0.0,0.0,0.0,11
4891,Marcedes,Lewis,Marcedes Lewis,/football/player/marcedes-lewis-4891,,&#9881;,open,,i,,TE,,TE,CHI,GB,217,40.50,6.00,17.25,0,0,2500,2500,0,0.00,0.00,0.00,0.2,0.9,0.0,0,0,0,0,0.0,0.0,0.0,0.0,0.0,0.0,11
16430,Irvin,Charles,Irvin Charles,/football/player/irvin-charles-16430,,&#9881;,open,,i,,WR,,WR,NYJ,IND,-187,44.00,-4.00,24.00,0,0,3000,3000,0,0.00,0.00,0.00,0.0,0.0,0.0,0,0,0,0,0.0,0.0,0.0,0.0,0.0,0.0,11
16005,Skyy,Moore,Skyy Moore,/football/player/skyy-moore-16005,"&nbsp;<span class=""red upper bold sm-text"">IR</span>",&#9881;,open,,i,,WR,,WR,KC,BUF,112,46.00,2.00,22.00,0,0,3000,3000,0,0.00,0.00,0.00,0.0,0.0,0.0,0,0,0,0,0.0,0.0,0.0,0.0,0.0,0.0,11
13548,Trayveon,Williams,Trayveon Williams,/football/player/trayveon-williams-13548,,&#9881;,open,,i,,RB,,RB,CIN,LAC,100,47.00,1.50,22.75,0.00,0,4000,4000,0,0.17,0.17,0.17,0.0,0.0,0.0,0,0,0,0,0.0,0.1,0.0,0.1,0.1,0.2,11
15841,Kenny,Pickett,Kenny Pickett,/football/player/kenny-pickett-15841,,&#9881;,open,,i,,QB,,QB,PHI,WAS,-187,48.50,-3.50,26.00,0,0,4500,4500,0,0.00,0.00,0.00,0.2,0.3,0.0,0,0,0,0,0.0,0.0,0.0,0.0,0.0,0.0,11
15872,Malik,Willis,Malik Willis,/football/player/malik-willis-15872,,&#9881;,open,,i,,QB,,QB,GB,CHI,-269,40.50,-6.00,23.25,0,0,5000,5000,0,0.00,0.00,0.00,15.6,24.9,7.7,0,0,0,0,0.0,0.0,0.0,0.0,0.0,0.0,11
13030,Ross,Dwelley,Ross Dwelley,/football/player/ross-dwelley-13030,,&#9881;,open,,i,,TE,,TE,ATL,DEN,113,44.00,2.50,20.75,0,0,2500,2500,0,0.00,0.00,0.00,0.0,0.0,0.0,0,0,0,0,0.0,0.0,0.0,0.0,0.0,0.0,11
16337,Britain,Covey,Britain Covey,/football/player/britain-covey-16337,"&nbsp;<span class=""red upper bold sm-text"">IR</span>",&#9881;,open,,i,,WR,,WR,PHI,WAS,-187,48.50,-3.50,26.00,0,0,3000,3000,0,0.00,0.00,0.00,5.2,8.9,1.5,0,0,0,0,0.0,0.0,0.0,0.0,0.0,0.0,11
13438,Jarrett,Stidham,Jarrett Stidham,/football/player/jarrett-stidham-13438,,&#9881;,open,,i,,QB,,QB,DEN,ATL,-136,44.00,-2.50,23.25,0,0,4000,4000,0,0.00,0.00,0.00,-0.1,0.0,0.0,0,0,0,0,0.0,0.0,0.0,0.0,0.0,0.0,11
15957,Cal,Adomitis,Cal Adomitis,/football/player/cal-adomitis-15957,,&#9881;,open,,i,,TE,,TE,CIN,LAC,100,47.00,1.50,22.75,0,0,2500,2500,0,0.00,0.00,0.00,0.0,0.0,0.0,0,0,0,0,0.0,0.0,0.0,0.0,0.0,0.0,11
15896,Treylon,Burks,Treylon Burks,/football/player/treylon-burks-15896,"&nbsp;<span class=""red upper bold sm-text"">IR</span>",&#9881;,open,,i,,WR,,WR,TEN,MIN,213,40.00,6.00,17.00,0,0,3000,3000,0,0.00,0.00,0.00,1.6,2.5,0.3,0,0,0,0,0.0,0.0,0.0,0.0,0.0,0.0,11
14370,AJ,Dillon,AJ Dillon,/football/player/aj-dillon-14370,"&nbsp;<span class=""red upper bold sm-text"">IR</span>",&#9881;,open,,i,,RB,,RB,GB,CHI,-269,40.50,-6.00,23.25,0,0,4000,4000,0,0.00,0.00,0.00,0.0,0.0,0.0,0,0,0,0,0.0,0.0,0.0,0.0,0.0,0.0,11
15922,Dareke,Young,Dareke Young,/football/player/dareke-young-15922,,&#9881;,open,,i,,WR,,WR,SEA,SF,240,49.50,6.50,21.50,0,0,3000,3000,0,0.00,0.00,0.00,0.0,0.0,0.0,0,0,0,0,0.0,0.0,0.0,0.0,0.0,0.0,11
7357,Tyrod,Taylor,Tyrod Taylor,/football/player/tyrod-taylor-7357,,&#9881;,open,,i,,QB,,QB,NYJ,IND,-187,44.00,-4.00,24.00,0,0,4500,4500,0,0.00,0.00,0.00,6.1,6.1,6.1,0,0,0,0,0.0,0.0,0.0,0.0,0.0,0.0,11
16627,Tucker,Fisk,Tucker Fisk,/football/player/tucker-fisk-16627,,&#9881;,open,,i,,TE,,TE,LAC,CIN,-122,47.00,-1.50,24.25,0,0,2500,2500,0,0.00,0.00,0.00,0.0,0.0,0.0,0,0,0,0,0.0,0.0,0.0,0.0,0.0,0.0,11
17012,Ben,Sims,Ben Sims,/football/player/ben-sims-17012,,&#9881;,open,,i,,TE,,TE,GB,CHI,-269,40.50,-6.00,23.25,0,0,2500,2500,0,0.00,0.00,0.00,0.9,4.4,0.0,0,0,0,0,0.0,0.0,0.0,0.0,0.0,0.0,11
12630,Nyheim,Hines,Nyheim Hines,/football/player/nyheim-hines-12630,"&nbsp;<span class=""red upper bold sm-text"">NFI</span>",&#9881;,open,,i,,RB,,RB,CLE,NO,-104,44.50,1.00,21.75,0,0,4000,4000,0,0.00,0.00,0.00,0.0,0.0,0.0,0,0,0,0,0.0,0.0,0.0,0.0,0.0,0.0,11
17235,Brady,Russell,Brady Russell,/football/player/brady-russell-17235,,&#9881;,open,,i,,TE,,TE,SEA,SF,240,49.50,6.50,21.50,0,0,2500,2500,0,0.00,0.00,0.00,0.0,0.0,0.0,0,0,0,0,0.0,0.0,0.0,0.0,0.0,0.0,11
15339,Kenny,Yeboah,Kenny Yeboah,/football/player/kenny-yeboah-15339,,&#9881;,open,,i,,TE,,TE,NYJ,IND,-187,44.00,-4.00,24.00,0,0,2500,2500,0,0.00,0.00,0.00,1.8,2.3,1.3,0,0,0,0,0.0,0.0,0.0,0.0,0.0,0.0,11
16992,Nate,Adkins,Nate Adkins,/football/player/nate-adkins-16992,,&#9881;,open,,i,,TE,,TE,DEN,ATL,-136,44.00,-2.50,23.25,0,0,2500,2500,0,0.00,0.00,0.00,1.5,5.5,0.0,0,0,0,0,0.0,0.0,0.0,0.0,0.0,0.0,11
11026,Jeff,Driskel,Jeff Driskel,/football/player/jeff-driskel-11026,,&#9881;,open,,i,,QB,,QB,WAS,PHI,155,48.50,3.50,22.50,0,0,4000,4000,0,0.00,0.00,0.00,0.0,0.0,0.0,0,0,0,0,0.0,0.0,0.0,0.0,0.0,0.0,11
14012,Nsimba,Webster,Nsimba Webster,/football/player/nsimba-webster-14012,"&nbsp;<span class=""red upper bold sm-text"">IR</span>",&#9881;,open,,i,,WR,,WR,CHI,GB,217,40.50,6.00,17.25,0,0,3000,3000,0,0.00,0.00,0.00,0.0,0.0,0.0,0,0,0,0,0.0,0.0,0.0,0.0,0.0,0.0,11
12508,Christian,Kirk,Christian Kirk,/football/player/christian-kirk-12508,"&nbsp;<span class=""red upper bold sm-text"">IR</span>",&#9881;,open,,i,,WR,,WR,JAX,DET,535,47.00,13.00,17.00,0,0,3000,3000,0,0.00,0.00,0.00,9.6,17.7,1.9,0,0,0,0,0.0,0.0,0.0,0.0,0.0,0.0,11
5653,Josh,Johnson,Josh Johnson,/football/player/josh-johnson-5653,,&#9881;,open,,i,,QB,,QB,BAL,PIT,-176,48.50,-3.00,25.75,0,0,4500,4500,0,0.00,0.00,0.00,0.1,0.2,0.0,0,0,0,0,0.0,0.0,0.0,0.0,0.0,0.0,11
15467,Ben,Skowronek,Ben Skowronek,/football/player/ben-skowronek-15467,,&#9881;,open,,i,,WR,,WR,PIT,BAL,146,48.50,3.00,22.75,0,0,3000,3000,0,0.00,0.00,0.00,0.0,0.0,0.0,0,0,0,0,0.0,0.0,0.0,0.0,0.0,0.0,11
16686,Tanner,McKee,Tanner McKee,/football/player/tanner-mckee-16686,,&#9881;,open,,i,,QB,,QB,PHI,WAS,-187,48.50,-3.50,26.00,0,0,4000,4000,0,0.00,0.00,0.00,0.0,0.0,0.0,0,0,0,0,0.0,0.0,0.0,0.0,0.0,0.0,11
16871,Stetson,Bennett,Stetson Bennett,/football/player/stetson-bennett-16871,,&#9881;,open,,i,,QB,,QB,LAR,NE,-223,43.50,-4.50,24.00,0,0,4000,4000,0,0.00,0.00,0.00,0.0,0.0,0.0,0,0,0,0,0.0,0.0,0.0,0.0,0.0,0.0,11
11833,C.J.,Beathard,C.J. Beathard,/football/player/cj-beathard-11833,,&#9881;,open,,i,,QB,,QB,JAX,DET,535,47.00,13.00,17.00,0,0,4000,4000,0,0.00,0.00,0.00,0.0,0.0,0.0,0,0,0,0,0.0,0.0,0.0,0.0,0.0,0.0,11
12628,Allen,Lazard,Allen Lazard,/football/player/allen-lazard-12628,"&nbsp;<span class=""red upper bold sm-text"">IR</span>",&#9881;,open,,i,,WR,,WR,NYJ,IND,-187,44.00,-4.00,24.00,0,0,4800,4800,0,0.00,0.00,0.00,14.9,25.3,4.6,0,0,0,0,0.0,0.0,0.0,0.0,0.0,0.0,11
14844,Reggie,Gilliam,Reggie Gilliam,/football/player/reggie-gilliam-14844,"&nbsp;<span class=""red upper bold sm-text"">que</span>",&#9881;,open,,i,,RB,,RB,BUF,KC,-133,46.00,-2.00,24.00,0,0,4000,4000,0,0.00,0.00,0.00,0.0,0.0,0.0,0,0,0,0,0.0,0.0,0.0,0.0,0.0,0.0,11
10882,Brandon,Allen,Brandon Allen,/football/player/brandon-allen-10882,,&#9881;,open,,i,,QB,,QB,SF,SEA,-303,49.50,-6.50,28.00,0,0,4000,4000,0,0.00,0.00,0.00,-0.1,0.0,0.0,0,0,0,0,0.0,0.0,0.0,0.0,0.0,0.0,11
16338,Tanner,Conner,Tanner Conner,/football/player/tanner-conner-16338,"&nbsp;<span class=""red upper bold sm-text"">que</span>",&#9881;,open,,i,,TE,,TE,MIA,LV,-392,44.50,-7.50,26.00,0,0,2500,2500,0,0.00,0.00,0.00,0.7,2.7,0.0,0,0,0,0,0.0,0.0,0.0,0.0,0.0,0.0,11
9320,Jimmy,Garoppolo,Jimmy Garoppolo,/football/player/jimmy-garoppolo-9320,,&#9881;,open,,i,,QB,,QB,LAR,NE,-223,43.50,-4.50,24.00,0,0,4800,4800,0,0.00,0.00,0.00,0.0,0.0,0.0,0,0,0,0,0.0,0.0,0.0,0.0,0.0,0.0,11
16905,Hendon,Hooker,Hendon Hooker,/football/player/hendon-hooker-16905,,&#9881;,open,,i,,QB,,QB,DET,JAX,-772,47.00,-13.00,30.00,0,0,4000,4000,0,0.00,0.00,0.00,0.5,0.7,0.2,0,0,0,0,0.0,0.0,0.0,0.0,0.0,0.0,11
12623,Kyle,Allen,Kyle Allen,/football/player/kyle-allen-12623,,&#9881;,open,,i,,QB,,QB,PIT,BAL,146,48.50,3.00,22.75,0,0,4000,4000,0,0.00,0.00,0.00,0.8,0.8,0.8,0,0,0,0,0.0,0.0,0.0,0.0,0.0,0.0,11
17128,Antoine,Green,Antoine Green,/football/player/antoine-green-17128,"&nbsp;<span class=""red upper bold sm-text"">IR</span>",&#9881;,open,,i,,WR,,WR,DET,JAX,-772,47.00,-13.00,30.00,0,0,3000,3000,0,0.00,0.00,0.00,0.0,0.0,0.0,0,0,0,0,0.0,0.0,0.0,0.0,0.0,0.0,11
15330,Zach,Wilson,Zach Wilson,/football/player/zach-wilson-15330,,&#9881;,open,,i,,QB,,QB,DEN,ATL,-136,44.00,-2.50,23.25,0,0,4000,4000,0,0.00,0.00,0.00,0.0,0.0,0.0,0,0,0,0,0.0,0.0,0.0,0.0,0.0,0.0,11
16716,Aidan,O'Connell,Aidan O'Connell,/football/player/aidan-oconnell-16716,"&nbsp;<span class=""red upper bold sm-text"">IR</span>",&#9881;,open,,i,,QB,,QB,LV,MIA,307,44.50,7.50,18.50,0,0,4000,4000,0,0.00,0.00,0.00,6.1,11.4,1.8,0,0,0,0,0.0,0.0,0.0,0.0,0.0,0.0,11
13620,Brett,Rypien,Brett Rypien,/football/player/brett-rypien-13620,,&#9881;,open,,i,,QB,,QB,MIN,TEN,-265,40.00,-6.00,23.00,0,0,4000,4000,0,0.00,0.00,0.00,0.0,0.0,0.0,0,0,0,0,0.0,0.0,0.0,0.0,0.0,0.0,11
16933,Chris,Rodriguez,Chris Rodriguez,/football/player/chris-rodriguez-16933,,&#9881;,open,,i,,RB,,RB,WAS,PHI,155,48.50,3.50,22.50,0,0,4000,4000,0,0.00,0.00,0.00,1.4,4.6,0.0,0,0,0,0,0.0,0.0,0.0,0.0,0.0,0.0,11
16912,Jake,Haener,Jake Haener,/football/player/jake-haener-16912,,&#9881;,open,,i,,QB,,QB,NO,CLE,-115,44.50,-1.00,22.75,0,0,4200,4200,0,0.00,0.00,0.00,3.2,6.1,0.0,0,0,0,0,0.0,0.0,0.0,0.0,0.0,0.0,11
11871,Josh,Reynolds,Josh Reynolds,/football/player/josh-reynolds-11871,"&nbsp;<span class=""red upper bold sm-text"">IR</span>",&#9881;,open,,i,,WR,,WR,DEN,ATL,-136,44.00,-2.50,23.25,0,0,3000,3000,0,0.00,0.00,0.00,6.7,12.8,0.6,0,0,0,0,0.0,0.0,0.0,0.0,0.0,0.0,11
16898,Kendre,Miller,Kendre Miller,/football/player/kendre-miller-16898,"&nbsp;<span class=""red upper bold sm-text"">IR</span>",&#9881;,open,,i,,RB,,RB,NO,CLE,-115,44.50,-1.00,22.75,0,0,4000,4000,0,0.00,0.00,0.00,3.7,6.1,1.2,0,0,0,0,0.0,0.0,0.0,0.0,0.0,0.0,11
17413,Colton,Dowell,Colton Dowell,/football/player/colton-dowell-17413,"&nbsp;<span class=""red upper bold sm-text"">PUP</span>",&#9881;,open,,i,,WR,,WR,TEN,MIN,213,40.00,6.00,17.00,0,0,3000,3000,0,0.00,0.00,0.00,0.0,0.0,0.0,0,0,0,0,0.0,0.0,0.0,0.0,0.0,0.0,11
14564,Zack,Moss,Zack Moss,/football/player/zack-moss-14564,"&nbsp;<span class=""red upper bold sm-text"">IR</span>",&#9881;,open,,i,,RB,,RB,CIN,LAC,100,47.00,1.50,22.75,0,0,5500,5500,0,0.00,0.00,0.00,9.8,18.7,2.2,0,0,0,0,0.0,0.0,0.0,0.0,0.0,0.0,11
16170,John,FitzPatrick,John FitzPatrick,/football/player/john-fitzpatrick-16170,,&#9881;,open,,i,,TE,,TE,GB,CHI,-269,40.50,-6.00,23.25,0,0,2500,2500,0,0.00,0.00,0.00,0.0,0.0,0.0,0,0,0,0,0.0,0.0,0.0,0.0,0.0,0.0,11
17010,Brayden,Willis,Brayden Willis,/football/player/brayden-willis-17010,,&#9881;,open,,i,,TE,,TE,SF,SEA,-303,49.50,-6.50,28.00,0,0,2500,2500,0,0.00,0.00,0.00,0.0,0.0,0.0,0,0,0,0,0.0,0.0,0.0,0.0,0.0,0.0,11
11834,Joshua,Dobbs,Joshua Dobbs,/football/player/joshua-dobbs-11834,,&#9881;,open,,i,,QB,,QB,SF,SEA,-303,49.50,-6.50,28.00,0,0,4000,4000,0,0.00,0.00,0.00,0.0,0.0,0.0,0,0,0,0,0.0,0.0,0.0,0.0,0.0,0.0,11
16946,Tyson,Bagent,Tyson Bagent,/football/player/tyson-bagent-16946,,&#9881;,open,,i,,QB,,QB,CHI,GB,217,40.50,6.00,17.25,0,0,4400,4400,0,0.00,0.00,0.00,-0.4,0.0,0.0,0,0,0,0,0.0,0.0,0.0,0.0,0.0,0.0,11
16663,Luke,Musgrave,Luke Musgrave,/football/player/luke-musgrave-16663,"&nbsp;<span class=""red upper bold sm-text"">IR</span>",&#9881;,open,,i,,TE,,TE,GB,CHI,-269,40.50,-6.00,23.25,0,0,2500,2500,0,0.00,0.00,0.00,2.4,4.2,1.0,0,0,0,0,0.0,0.0,0.0,0.0,0.0,0.0,11
16560,Rashid,Shaheed,Rashid Shaheed,/football/player/rashid-shaheed-16560,"&nbsp;<span class=""red upper bold sm-text"">IR</span>",&#9881;,open,,i,,WR,,WR,NO,CLE,-115,44.50,-1.00,22.75,0,0,3000,3000,0,0.00,0.00,0.00,12.9,21.2,2.1,0,0,0,0,0.0,0.0,0.0,0.0,0.0,0.0,11
15895,Chris,Olave,Chris Olave,/football/player/chris-olave-15895,"&nbsp;<span class=""red upper bold sm-text"">IR</span>",&#9881;,open,,i,,WR,,WR,NO,CLE,-115,44.50,-1.00,22.75,0,0,6100,6100,0,0.00,0.00,0.00,11.1,20.9,1.3,0,0,0,0,0.0,0.0,0.0,0.0,0.0,0.0,11
17501,Robert,Burns,Robert Burns,/football/player/robert-burns-17501,"&nbsp;<span class=""red upper bold sm-text"">PUP</span>",&#9881;,open,,i,,RB,,RB,ATL,DEN,113,44.00,2.50,20.75,0,0,4000,4000,0,0.00,0.00,0.00,0.0,0.0,0.0,0,0,0,0,0.0,0.0,0.0,0.0,0.0,0.0,11
11599,C.J.,Ham,C.J. Ham,/football/player/cj-ham-11599,,&#9881;,open,,i,,RB,,RB,MIN,TEN,-265,40.00,-6.00,23.00,0,0,4000,4000,0,0.00,0.00,0.00,0.9,5.2,0.0,0,0,0,0,0.0,0.0,0.0,0.0,0.0,0.0,11
15928,Desmond,Ridder,Desmond Ridder,/football/player/desmond-ridder-15928,,&#9881;,open,,i,,QB,,QB,LV,MIA,307,44.50,7.50,18.50,0,0,5000,5000,0,0.00,0.00,0.00,3.1,6.8,0.0,0,0,0,0,0.0,0.0,0.0,0.0,0.0,0.0,11
16852,Grant,DuBose,Grant DuBose,/football/player/grant-dubose-16852,"&nbsp;<span class=""red upper bold sm-text"">IR</span>",&#9881;,open,,i,,WR,,WR,MIA,LV,-392,44.50,-7.50,26.00,0,0,3000,3000,0,0.00,0.00,0.00,2.3,2.3,2.3,0,0,0,0,0.0,0.0,0.0,0.0,0.0,0.0,11
15294,Avery,Williams,Avery Williams,/football/player/avery-williams-15294,,&#9881;,open,,i,,RB,,RB,ATL,DEN,113,44.00,2.50,20.75,0,0,4000,4000,0,0.00,0.00,0.00,0.0,0.0,0.0,0,0,0,0,0.0,0.0,0.0,0.0,0.0,0.0,11
15975,Bailey,Zappe,Bailey Zappe,/football/player/bailey-zappe-15975,,&#9881;,open,,i,,QB,,QB,CLE,NO,-104,44.50,1.00,21.75,0,0,4000,4000,0,0.00,0.00,0.00,0.0,0.0,0.0,0,0,0,0,0.0,0.0,0.0,0.0,0.0,0.0,11
11673,Zach,Wood,Zach Wood,/football/player/zach-wood-11673,,&#9881;,open,,i,,TE,,TE,NO,CLE,-115,44.50,-1.00,22.75,0,0,2500,2500,0,0.00,0.00,0.00,0.0,0.0,0.0,0,0,0,0,0.0,0.0,0.0,0.0,0.0,0.0,11
