id,first_name,last_name,player,URL,injury,actions,actions_trigger,lock,exclude,like,position,real_position,actual_position,team,opponent,money_line,over_under,point_spread,team_points,ownership,multiplier,salary,salary_original,salary_custom,proj_points,proj_rotowire,proj_original,proj_avg,proj_ceiling,proj_floor,proj_third_party_one,proj_third_party_two,proj_third_party_three,proj_custom,value,dfsopp,pa,ra,targets,touches,week
13491,Daniel,Jones,Daniel Jones,/football/player/daniel-jones-13491,,&#9881;,open,,i,,QB,,QB,NYG,CAR,-273,40.50,-6.50,23.50,15.60,0,5300,5300,0,17.30,17.30,17.30,15.4,23.8,7.2,0,0,0,0,3.3,7.5,34.1,5.6,0.0,5.6,10
14446,Justin,Herbert,Justin Herbert,/football/player/justin-herbert-14446,,&#9881;,open,,i,,QB,,QB,LAC,TEN,-376,38.50,-7.50,23.00,3.92,0,5200,5200,0,16.30,16.30,16.30,15.5,22.4,9.6,0,0,0,0,3.1,6.7,31.7,3.2,0.0,3.2,10
12483,Josh,Allen,Josh Allen,/football/player/josh-allen-12483,,&#9881;,open,,i,,QB,,QB,BUF,IND,-204,47.50,-4.00,25.75,12.17,0,7700,7700,0,22.82,22.82,22.82,19.5,29.1,10.0,0,0,0,0,3.0,5.1,32.9,6.5,0.0,6.5,10
15834,Brock,Purdy,Brock Purdy,/football/player/brock-purdy-15834,,&#9881;,open,,i,,QB,,QB,SF,TB,-245,51.00,-5.50,28.25,9.24,0,6500,6500,0,19.05,19.05,19.05,19.6,26.1,12.1,0,0,0,0,2.9,4.8,28.6,2.3,0.0,2.3,10
5971,Matthew,Stafford,Matthew Stafford,/football/player/matthew-stafford-5971,,&#9881;,open,,i,,QB,,QB,LAR,MIA,-119,50.00,-1.00,25.50,8.23,0,5600,5600,0,16.07,16.07,16.07,12.9,23.0,5.2,0,0,0,0,2.9,6.1,33.1,0.9,0.0,0.9,10
15357,Trevor,Lawrence,Trevor Lawrence,/football/player/trevor-lawrence-15357,"&nbsp;<span class=""red upper bold sm-text"">que</span>",&#9881;,open,,i,,QB,,QB,JAX,MIN,176,45.50,4.50,20.50,1.74,0,5400,5400,0,15.73,15.73,15.73,18.3,26.4,11.3,0,0,0,0,2.9,6.5,32.0,3.0,0.0,3.0,10
4307,Aaron,Rodgers,Aaron Rodgers,/football/player/aaron-rodgers-4307,,&#9881;,open,,i,,QB,,QB,NYJ,ARI,-111,46.00,0.00,23.00,3.80,0,5700,5700,0,16.68,16.68,16.68,16.0,20.4,10.9,0,0,0,0,2.9,6.0,32.1,1.9,0.0,1.9,10
12490,Sam,Darnold,Sam Darnold,/football/player/sam-darnold-12490,,&#9881;,open,,i,,QB,,QB,MIN,JAX,-214,45.50,-4.50,25.00,3.72,0,6200,6200,0,17.56,17.56,17.56,18.6,23.9,9.5,0,0,0,0,2.8,6.0,34.4,2.7,0.0,2.7,10
12561,Lamar,Jackson,Lamar Jackson,/football/player/lamar-jackson-12561,,&#9881;,open,,i,,QB,,QB,BAL,CIN,-269,53.50,-6.50,30.00,14.76,0,8000,8000,0,22.72,22.72,22.72,26.4,35.3,18.6,0,0,0,0,2.8,4.5,27.3,8.9,0.0,8.9,10
14465,Tua,Tagovailoa,Tua Tagovailoa,/football/player/tua-tagovailoa-14465,,&#9881;,open,,i,,QB,,QB,MIA,LAR,100,50.00,1.00,24.50,3.33,0,6300,6300,0,17.67,17.67,17.67,13.6,17.9,8.7,0,0,0,0,2.8,5.4,32.2,1.9,0.0,1.9,10
17695,Caleb,Williams,Caleb Williams,/football/player/caleb-williams-17695,"&nbsp;<span class=""red upper bold sm-text"">que</span>",&#9881;,open,,i,,QB,,QB,CHI,NE,-275,39.00,-6.00,22.50,1.02,0,5600,5600,0,15.91,15.91,15.91,17.2,27.9,8.7,0,0,0,0,2.8,6.4,32.1,4.0,0.0,4.0,10
13613,Kyler,Murray,Kyler Murray,/football/player/kyler-murray-13613,,&#9881;,open,,i,,QB,,QB,ARI,NYJ,-107,46.00,0.00,23.00,1.39,0,6300,6300,0,17.96,17.96,17.96,18.1,27.4,7.8,0,0,0,0,2.8,5.9,29.9,7.0,0.0,7.0,10
20020,New York,Giants,New York Giants,/football/player/new-york-giants-20020,,&#9881;,open,,i,,D," <small class=""sm-muted"">(DST)</small>",DST,NYG,CAR,-273,40.50,-6.50,23.50,25.11,0,2800,2800,0,7.41,7.41,7.41,0.0,0.0,0.0,0,0,0,0,2.7,0.0,0.0,0.0,0.0,0.0,10
17692,Jayden,Daniels,Jayden Daniels,/football/player/jayden-daniels-17692,,&#9881;,open,,i,,QB,,QB,WAS,PIT,-147,45.50,-2.50,24.00,4.01,0,7500,7500,0,20.23,20.23,20.23,19.8,27.6,8.9,0,0,0,0,2.7,5.0,28.2,9.1,0.0,9.1,10
8043,Russell,Wilson,Russell Wilson,/football/player/russell-wilson-8043,,&#9881;,open,,i,,QB,,QB,PIT,WAS,123,45.50,2.50,21.50,0.56,0,5900,5900,0,15.63,15.63,15.63,19.8,25.9,13.8,0,0,0,0,2.7,5.5,28.7,3.9,0.0,3.9,10
14442,Joe,Burrow,Joe Burrow,/football/player/joe-burrow-14442,,&#9881;,open,,i,,QB,,QB,CIN,BAL,217,53.50,6.50,23.50,4.25,0,7000,7000,0,19.06,19.06,19.06,22.6,34.4,13.9,0,0,0,0,2.7,5.5,35.3,3.2,0.0,3.2,10
5648,Joe,Flacco,Joe Flacco,/football/player/joe-flacco-5648,,&#9881;,open,,i,,QB,,QB,IND,BUF,167,47.50,4.00,21.75,0.17,0,5500,5500,0,14.93,14.93,14.93,13.1,27.7,0.7,0,0,0,0,2.7,6.6,34.2,1.9,0.0,1.9,10
17673,Drake,Maye,Drake Maye,/football/player/drake-maye-17673,,&#9881;,open,,i,,QB,,QB,NE,CHI,225,39.00,6.00,16.50,0.29,0,5800,5800,0,15.77,15.77,15.77,15.1,23.0,4.4,0,0,0,0,2.7,6.2,30.4,5.8,0.0,5.8,10
14416,Jalen,Hurts,Jalen Hurts,/football/player/jalen-hurts-14416,,&#9881;,open,,i,,QB,,QB,PHI,DAL,-356,42.00,-7.00,24.50,8.56,0,7800,7800,0,20.84,20.84,20.84,24.0,32.9,16.6,0,0,0,0,2.7,4.9,29.0,8.9,0.0,8.9,10
16807,Bryce,Young,Bryce Young,/football/player/bryce-young-16807,,&#9881;,open,,i,,QB,,QB,CAR,NYG,220,40.50,6.50,17.00,0.05,0,4800,4800,0,12.51,12.51,12.51,6.4,14.3,0.0,0,0,0,0,2.6,7.2,31.6,2.9,0.0,2.9,10
11839,Patrick,Mahomes,Patrick Mahomes,/football/player/patrick-mahomes-11839,,&#9881;,open,,i,,QB,,QB,KC,DEN,-416,41.50,-8.50,25.00,1.39,0,6600,6600,0,17.03,17.03,17.03,17.4,22.8,13.8,0,0,0,0,2.6,5.1,29.7,3.7,0.0,3.7,10
20005,Chicago,Bears,Chicago Bears,/football/player/chicago-bears-20005,,&#9881;,open,,i,,D," <small class=""sm-muted"">(DST)</small>",DST,CHI,NE,-275,39.00,-6.00,22.50,20.36,0,3000,3000,0,7.77,7.77,7.77,0.0,0.0,0.0,0,0,0,0,2.6,0.0,0.0,0.0,0.0,0.0,10
16995,Bo,Nix,Bo Nix,/football/player/bo-nix-16995,,&#9881;,open,,i,,QB,,QB,DEN,KC,318,41.50,8.50,16.50,0.16,0,6000,6000,0,15.41,15.41,15.41,18.0,27.6,8.6,0,0,0,0,2.6,6.2,32.7,4.2,0.0,4.2,10
10819,Derrick,Henry,Derrick Henry,/football/player/derrick-henry-10819,,&#9881;,open,,i,,RB,,RB,BAL,CIN,-269,53.50,-6.50,30.00,15.76,0,8200,8200,0,21.35,21.35,21.35,25.7,36.7,15.8,0,0,0,0,2.6,2.3,0.0,17.4,1.4,18.8,10
11892,George,Kittle,George Kittle,/football/player/george-kittle-11892,,&#9881;,open,,i,,TE,,TE,SF,TB,-245,51.00,-5.50,28.25,7.29,0,5800,5800,0,15.20,15.20,15.20,18.5,26.4,10.0,0,0,0,0,2.6,1.2,0.0,0.1,6.6,6.7,10
16886,C.J.,Stroud,C.J. Stroud,/football/player/cj-stroud-16886,,&#9881;,open,,i,,QB,,QB,HOU,DET,154,49.00,3.50,22.75,0.27,0,6800,6800,0,17.51,17.51,17.51,15.5,24.3,7.2,0,0,0,0,2.6,5.1,31.9,2.7,0.0,2.7,10
16665,Will,Levis,Will Levis,/football/player/will-levis-16665,"&nbsp;<span class=""red upper bold sm-text"">que</span>",&#9881;,open,,i,,QB,,QB,TEN,LAC,297,38.50,7.50,15.50,0.02,0,4900,4900,0,12.14,12.14,12.14,9.7,16.7,1.6,0,0,0,0,2.5,7.2,32.4,2.8,0.0,2.8,10
11807,Jonnu,Smith,Jonnu Smith,/football/player/jonnu-smith-11807,,&#9881;,open,,i,,TE,,TE,MIA,LAR,100,50.00,1.00,24.50,4.35,0,3700,3700,0,9.21,9.21,9.21,9.2,19.5,1.0,0,0,0,0,2.5,1.4,0.0,0.0,5.0,5.0,10
9317,Derek,Carr,Derek Carr,/football/player/derek-carr-9317,,&#9881;,open,,i,,QB,,QB,NO,ATL,163,46.50,4.00,21.25,0.07,0,5300,5300,0,13.09,13.09,13.09,13.6,21.0,8.5,0,0,0,0,2.5,6.2,31.2,1.8,0.0,1.8,10
11841,Cooper,Rush,Cooper Rush,/football/player/cooper-rush-11841,,&#9881;,open,,i,,QB,,QB,DAL,PHI,280,42.00,7.00,17.50,0.07,0,5100,5100,0,12.87,12.87,12.87,4.1,10.5,0.0,0,0,0,0,2.5,6.8,31.7,3.1,0.0,3.1,10
11690,Christian,McCaffrey,Christian McCaffrey,/football/player/christian-mccaffrey-11690,"&nbsp;<span class=""red upper bold sm-text"">IR-</span>",&#9881;,open,,i,,RB,,RB,SF,TB,-245,51.00,-5.50,28.25,18.26,0,8000,8000,0,20.30,20.30,20.30,0.0,0.0,0.0,0,0,0,0,2.5,2.5,0.0,15.5,4.5,20.0,10
8783,Travis,Kelce,Travis Kelce,/football/player/travis-kelce-8783,,&#9881;,open,,i,,TE,,TE,KC,DEN,-416,41.50,-8.50,25.00,7.14,0,6000,6000,0,14.85,14.85,14.85,13.9,24.7,3.0,0,0,0,0,2.5,1.3,0.0,0.1,7.8,7.9,10
10729,Jared,Goff,Jared Goff,/football/player/jared-goff-10729,,&#9881;,open,,i,,QB,,QB,DET,HOU,-187,49.00,-3.50,26.25,0.25,0,6200,6200,0,15.76,15.76,15.76,18.4,26.7,10.5,0,0,0,0,2.5,4.8,28.0,1.5,0.0,1.5,10
16661,De'Von,Achane,De'Von Achane,/football/player/devon-achane-16661,,&#9881;,open,,i,,RB,,RB,MIA,LAR,100,50.00,1.00,24.50,14.01,0,7100,7100,0,17.09,17.09,17.09,16.6,30.5,3.5,0,0,0,0,2.4,2.5,0.0,11.6,5.8,17.4,10
12619,Baker,Mayfield,Baker Mayfield,/football/player/baker-mayfield-12619,,&#9881;,open,,i,,QB,,QB,TB,SF,198,51.00,5.50,22.75,0.70,0,6400,6400,0,15.59,15.59,15.59,24.2,32.2,12.8,0,0,0,0,2.4,5.9,34.4,3.2,0.0,3.2,10
8619,DeAndre,Hopkins,DeAndre Hopkins,/football/player/deandre-hopkins-8619,,&#9881;,open,,i,,WR,,WR,KC,DEN,-416,41.50,-8.50,25.00,9.34,0,5300,5300,0,12.69,12.69,12.69,10.0,24.4,0.3,0,0,0,0,2.4,1.3,0.0,0.2,6.9,7.1,10
16934,Chase,Brown,Chase Brown,/football/player/chase-brown-16934,,&#9881;,open,,i,,RB,,RB,CIN,BAL,217,53.50,6.50,23.50,10.23,0,6000,6000,0,14.60,14.60,14.60,14.1,26.2,4.2,0,0,0,0,2.4,3.2,0.0,15.1,3.9,19.0,10
8057,Kirk,Cousins,Kirk Cousins,/football/player/kirk-cousins-8057,,&#9881;,open,,i,,QB,,QB,ATL,NO,-197,46.50,-4.00,25.25,0.27,0,6700,6700,0,16.03,16.03,16.03,18.3,33.5,8.3,0,0,0,0,2.4,5.0,31.9,1.7,0.0,1.7,10
10735,Hunter,Henry,Hunter Henry,/football/player/hunter-henry-10735,,&#9881;,open,,i,,TE,,TE,NE,CHI,225,39.00,6.00,16.50,3.81,0,3900,3900,0,8.95,8.95,8.95,10.7,19.7,3.4,0,0,0,0,2.3,1.5,0.0,0.0,5.8,5.8,10
16032,Cade,Otton,Cade Otton,/football/player/cade-otton-16032,,&#9881;,open,,i,,TE,,TE,TB,SF,198,51.00,5.50,22.75,4.93,0,5500,5500,0,12.62,12.62,12.62,13.8,26.2,2.0,0,0,0,0,2.3,1.4,0.0,0.0,7.7,7.7,10
14506,Tee,Higgins,Tee Higgins,/football/player/tee-higgins-14506,"&nbsp;<span class=""red upper bold sm-text"">dou</span>",&#9881;,open,,i,,WR,,WR,CIN,BAL,217,53.50,6.50,23.50,6.24,0,6400,6400,0,14.70,14.70,14.70,16.2,27.0,7.4,0,0,0,0,2.3,1.3,0.0,0.1,8.0,8.1,10
11732,Alvin,Kamara,Alvin Kamara,/football/player/alvin-kamara-11732,,&#9881;,open,,i,,RB,,RB,NO,ATL,163,46.50,4.00,21.25,12.01,0,8100,8100,0,18.72,18.72,18.72,21.8,40.6,9.0,0,0,0,0,2.3,2.8,0.0,16.5,5.9,22.4,10
11739,Kareem,Hunt,Kareem Hunt,/football/player/kareem-hunt-11739,,&#9881;,open,,i,,RB,,RB,KC,DEN,-416,41.50,-8.50,25.00,9.26,0,6600,6600,0,15.05,15.05,15.05,17.9,22.9,11.4,0,0,0,0,2.3,3.1,0.0,18.8,1.6,20.4,10
15868,Drake,London,Drake London,/football/player/drake-london-15868,"&nbsp;<span class=""red upper bold sm-text"">que</span>",&#9881;,open,,i,,WR,,WR,ATL,NO,-197,46.50,-4.00,25.25,10.57,0,6700,6700,0,15.70,15.70,15.70,17.6,31.4,8.1,0,0,0,0,2.3,1.3,0.0,0.1,8.3,8.4,10
11222,Tyreek,Hill,Tyreek Hill,/football/player/tyreek-hill-11222,,&#9881;,open,,i,,WR,,WR,MIA,LAR,100,50.00,1.00,24.50,10.38,0,7500,7500,0,16.84,16.84,16.84,8.9,13.1,3.6,0,0,0,0,2.3,1.2,0.0,0.3,8.4,8.7,10
16739,Bijan,Robinson,Bijan Robinson,/football/player/bijan-robinson-16739,,&#9881;,open,,i,,RB,,RB,ATL,NO,-197,46.50,-4.00,25.25,13.36,0,7700,7700,0,17.40,17.40,17.40,18.6,25.6,11.4,0,0,0,0,2.3,2.5,0.0,15.1,4.5,19.6,10
16790,Puka,Nacua,Puka Nacua,/football/player/puka-nacua-16790,,&#9881;,open,,i,,WR,,WR,LAR,MIA,-119,50.00,-1.00,25.50,10.30,0,7100,7100,0,16.39,16.39,16.39,11.6,23.1,0.1,0,0,0,0,2.3,1.2,0.0,0.5,8.2,8.7,10
11805,Evan,Engram,Evan Engram,/football/player/evan-engram-11805,,&#9881;,open,,i,,TE,,TE,JAX,MIN,176,45.50,4.50,20.50,4.76,0,5300,5300,0,12.26,12.26,12.26,13.5,20.9,7.9,0,0,0,0,2.3,1.4,0.0,0.0,7.2,7.2,10
11763,Aaron,Jones,Aaron Jones,/football/player/aaron-jones-11763,,&#9881;,open,,i,,RB,,RB,MIN,JAX,-214,45.50,-4.50,25.00,8.77,0,6700,6700,0,14.72,14.72,14.72,15.4,25.9,7.1,0,0,0,0,2.2,2.7,0.0,14.3,3.6,17.9,10
11707,Joe,Mixon,Joe Mixon,/football/player/joe-mixon-11707,,&#9881;,open,,i,,RB,,RB,HOU,DET,154,49.00,3.50,22.75,8.93,0,7900,7900,0,17.18,17.18,17.18,22.7,31.1,10.8,0,0,0,0,2.2,2.8,0.0,18.7,3.5,22.2,10
16697,Dalton,Kincaid,Dalton Kincaid,/football/player/dalton-kincaid-16697,,&#9881;,open,,i,,TE,,TE,BUF,IND,-204,47.50,-4.00,25.75,4.35,0,4900,4900,0,10.64,10.64,10.64,9.4,12.7,6.0,0,0,0,0,2.2,1.3,0.0,0.0,6.2,6.2,10
15332,Amon-Ra,St. Brown,Amon-Ra St. Brown,/football/player/amon-ra-st-brown-15332,,&#9881;,open,,i,,WR,,WR,DET,HOU,-187,49.00,-3.50,26.25,9.97,0,8100,8100,0,17.41,17.41,17.41,19.5,27.2,10.7,0,0,0,0,2.2,1.2,0.0,0.4,9.2,9.6,10
16751,DeMario,Douglas,DeMario Douglas,/football/player/demario-douglas-16751,,&#9881;,open,,i,,WR,,WR,NE,CHI,225,39.00,6.00,16.50,5.03,0,4400,4400,0,9.73,9.73,9.73,8.7,18.5,0.7,0,0,0,0,2.2,1.5,0.0,0.4,6.3,6.7,10
15200,Nico,Collins,Nico Collins,/football/player/nico-collins-15200,"&nbsp;<span class=""red upper bold sm-text"">IR</span>",&#9881;,open,,i,,WR,,WR,HOU,DET,154,49.00,3.50,22.75,6.91,0,7900,7900,0,17.36,17.36,17.36,23.8,35.6,12.5,0,0,0,0,2.2,1.1,0.0,0.1,8.9,9.0,10
17763,Jalen,McMillan,Jalen McMillan,/football/player/jalen-mcmillan-17763,"&nbsp;<span class=""red upper bold sm-text"">que</span>",&#9881;,open,,i,,WR,,WR,TB,SF,198,51.00,5.50,22.75,5.87,0,4200,4200,0,9.01,9.01,9.01,3.9,8.4,0.2,0,0,0,0,2.2,1.3,0.0,0.3,5.4,5.7,10
20014,Jacksonville,Jaguars,Jacksonville Jaguars,/football/player/jacksonville-jaguars-20014,,&#9881;,open,,i,,D," <small class=""sm-muted"">(DST)</small>",DST,JAX,MIN,176,45.50,4.50,20.50,3.79,0,2500,2500,0,5.37,5.37,5.37,0.0,0.0,0.0,0,0,0,0,2.2,0.0,0.0,0.0,0.0,0.0,10
9455,Davante,Adams,Davante Adams,/football/player/davante-adams-9455,,&#9881;,open,,i,,WR,,WR,NYJ,ARI,-111,46.00,0.00,23.00,7.80,0,7000,7000,0,15.05,15.05,15.05,14.9,27.0,5.4,0,0,0,0,2.2,1.1,0.0,0.1,7.9,8.0,10
20023,Philadelphia,Eagles,Philadelphia Eagles,/football/player/philadelphia-eagles-20023,,&#9881;,open,,i,,D," <small class=""sm-muted"">(DST)</small>",DST,PHI,DAL,-356,42.00,-7.00,24.50,10.69,0,3500,3500,0,7.63,7.63,7.63,0.0,0.0,0.0,0,0,0,0,2.2,0.0,0.0,0.0,0.0,0.0,10
15902,Trey,McBride,Trey McBride,/football/player/trey-mcbride-15902,,&#9881;,open,,i,,TE,,TE,ARI,NYJ,-107,46.00,0.00,23.00,4.77,0,5700,5700,0,12.71,12.71,12.71,13.5,21.9,6.5,0,0,0,0,2.2,1.3,0.0,0.0,7.4,7.4,10
20018,New England,Patriots,New England Patriots,/football/player/new-england-patriots-20018,,&#9881;,open,,i,,D," <small class=""sm-muted"">(DST)</small>",DST,NE,CHI,225,39.00,6.00,16.50,3.81,0,2500,2500,0,5.53,5.53,5.53,0.0,0.0,0.0,0,0,0,0,2.2,0.0,0.0,0.0,0.0,0.0,10
15810,Breece,Hall,Breece Hall,/football/player/breece-hall-15810,,&#9881;,open,,i,,RB,,RB,NYJ,ARI,-111,46.00,0.00,23.00,10.06,0,7600,7600,0,16.75,16.75,16.75,16.3,27.2,5.6,0,0,0,0,2.2,2.6,0.0,16.0,3.9,19.9,10
15829,Garrett,Wilson,Garrett Wilson,/football/player/garrett-wilson-15829,,&#9881;,open,,i,,WR,,WR,NYJ,ARI,-111,46.00,0.00,23.00,9.39,0,7200,7200,0,15.86,15.86,15.86,18.3,29.9,8.6,0,0,0,0,2.2,1.3,0.0,0.3,8.7,9.0,10
17704,Malik,Nabers,Malik Nabers,/football/player/malik-nabers-17704,,&#9881;,open,,i,,WR,,WR,NYG,CAR,-273,40.50,-6.50,23.50,9.82,0,7600,7600,0,16.52,16.52,16.52,20.5,30.8,9.6,0,0,0,0,2.2,1.3,0.0,0.1,9.8,9.9,10
12559,Mark,Andrews,Mark Andrews,/football/player/mark-andrews-12559,,&#9881;,open,,i,,TE,,TE,BAL,CIN,-269,53.50,-6.50,30.00,3.80,0,4100,4100,0,9.16,9.16,9.16,9.2,18.3,0.9,0,0,0,0,2.2,1.0,0.0,0.0,4.3,4.3,10
17967,Tyrone,Tracy,Tyrone Tracy,/football/player/tyrone-tracy-17967,,&#9881;,open,,i,,RB,,RB,NYG,CAR,-273,40.50,-6.50,23.50,7.25,0,6000,6000,0,13.15,13.15,13.15,11.1,23.3,0.9,0,0,0,0,2.2,3.1,0.0,15.6,2.8,18.4,10
12986,Will,Dissly,Will Dissly,/football/player/will-dissly-12986,,&#9881;,open,,i,,TE,,TE,LAC,TEN,-376,38.50,-7.50,23.00,2.89,0,3100,3100,0,6.90,6.90,6.90,7.1,13.8,2.8,0,0,0,0,2.2,1.2,0.0,0.0,3.7,3.7,10
17761,Ricky,Pearsall,Ricky Pearsall,/football/player/ricky-pearsall-17761,,&#9881;,open,,i,,WR,,WR,SF,TB,-245,51.00,-5.50,28.25,4.85,0,4400,4400,0,9.61,9.61,9.61,8.4,12.4,4.4,0,0,0,0,2.2,1.2,0.0,0.3,4.9,5.2,10
20009,Denver,Broncos,Denver Broncos,/football/player/denver-broncos-20009,,&#9881;,open,,i,,D," <small class=""sm-muted"">(DST)</small>",DST,DEN,KC,318,41.50,8.50,16.50,3.33,0,2400,2400,0,5.33,5.33,5.33,0.0,0.0,0.0,0,0,0,0,2.2,0.0,0.0,0.0,0.0,0.0,10
12507,Saquon,Barkley,Saquon Barkley,/football/player/saquon-barkley-12507,"&nbsp;<span class=""red upper bold sm-text"">que</span>",&#9881;,open,,i,,RB,,RB,PHI,DAL,-356,42.00,-7.00,24.50,15.59,0,8300,8300,0,18.05,18.05,18.05,21.8,35.2,8.8,0,0,0,0,2.2,2.7,0.0,18.6,3.6,22.2,10
16808,Jahmyr,Gibbs,Jahmyr Gibbs,/football/player/jahmyr-gibbs-16808,,&#9881;,open,,i,,RB,,RB,DET,HOU,-187,49.00,-3.50,26.25,7.29,0,7300,7300,0,15.13,15.13,15.13,19.8,31.2,12.2,0,0,0,0,2.1,2.2,0.0,11.7,4.1,15.8,10
8781,Zach,Ertz,Zach Ertz,/football/player/zach-ertz-8781,,&#9881;,open,,i,,TE,,TE,WAS,PIT,-147,45.50,-2.50,24.00,3.77,0,3800,3800,0,8.06,8.06,8.06,8.5,14.1,2.6,0,0,0,0,2.1,1.3,0.0,0.0,5.1,5.1,10
20016,Miami,Dolphins,Miami Dolphins,/football/player/miami-dolphins-20016,,&#9881;,open,,i,,D," <small class=""sm-muted"">(DST)</small>",DST,MIA,LAR,100,50.00,1.00,24.50,0.98,0,2500,2500,0,5.29,5.29,5.29,0.0,0.0,0.0,0,0,0,0,2.1,0.0,0.0,0.0,0.0,0.0,10
15267,Pat,Freiermuth,Pat Freiermuth,/football/player/pat-freiermuth-15267,,&#9881;,open,,i,,TE,,TE,PIT,WAS,123,45.50,2.50,21.50,3.45,0,4200,4200,0,8.89,8.89,8.89,8.1,14.6,3.6,0,0,0,0,2.1,1.3,0.0,0.0,5.5,5.5,10
11847,Kendrick,Bourne,Kendrick Bourne,/football/player/kendrick-bourne-11847,,&#9881;,open,,i,,WR,,WR,NE,CHI,225,39.00,6.00,16.50,2.18,0,3200,3200,0,6.66,6.66,6.66,3.0,7.1,0.0,0,0,0,0,2.1,1.4,0.0,0.1,4.3,4.4,10
20025,Los Angeles,Chargers,Los Angeles Chargers,/football/player/los-angeles-chargers-20025,,&#9881;,open,,i,,D," <small class=""sm-muted"">(DST)</small>",DST,LAC,TEN,-376,38.50,-7.50,23.00,5.99,0,3800,3800,0,7.92,7.92,7.92,0.0,0.0,0.0,0,0,0,0,2.1,0.0,0.0,0.0,0.0,0.0,10
17724,Ladd,McConkey,Ladd McConkey,/football/player/ladd-mcconkey-17724,,&#9881;,open,,i,,WR,,WR,LAC,TEN,-376,38.50,-7.50,23.00,5.54,0,5900,5900,0,12.14,12.14,12.14,13.0,27.2,4.1,0,0,0,0,2.1,1.2,0.0,0.1,6.9,7.0,10
17748,Ja'Tavion,Sanders,Ja'Tavion Sanders,/football/player/jatavion-sanders-17748,,&#9881;,open,,i,,TE,,TE,CAR,NYG,220,40.50,6.50,17.00,2.09,0,3400,3400,0,6.99,6.99,6.99,5.9,11.8,0.5,0,0,0,0,2.1,1.3,0.0,0.0,4.3,4.3,10
20015,Kansas City,Chiefs,Kansas City Chiefs,/football/player/kansas-city-chiefs-20015,,&#9881;,open,,i,,D," <small class=""sm-muted"">(DST)</small>",DST,KC,DEN,-416,41.50,-8.50,25.00,3.46,0,3600,3600,0,7.51,7.51,7.51,0.0,0.0,0.0,0,0,0,0,2.1,0.0,0.0,0.0,0.0,0.0,10
12586,Courtland,Sutton,Courtland Sutton,/football/player/courtland-sutton-12586,,&#9881;,open,,i,,WR,,WR,DEN,KC,318,41.50,8.50,16.50,4.89,0,5600,5600,0,11.47,11.47,11.47,12.5,23.9,1.8,0,0,0,0,2.1,1.4,0.0,0.1,7.8,7.9,10
20008,Dallas,Cowboys,Dallas Cowboys,/football/player/dallas-cowboys-20008,,&#9881;,open,,i,,D," <small class=""sm-muted"">(DST)</small>",DST,DAL,PHI,280,42.00,7.00,17.50,0.91,0,2400,2400,0,5.00,5.00,5.00,0.0,0.0,0.0,0,0,0,0,2.1,0.0,0.0,0.0,0.0,0.0,10
15838,Wan'Dale,Robinson,Wan'Dale Robinson,/football/player/wandale-robinson-15838,,&#9881;,open,,i,,WR,,WR,NYG,CAR,-273,40.50,-6.50,23.50,5.10,0,5500,5500,0,11.49,11.49,11.49,10.9,16.8,5.2,0,0,0,0,2.1,1.4,0.0,0.8,6.7,7.5,10
14394,D'Andre,Swift,D'Andre Swift,/football/player/dandre-swift-14394,,&#9881;,open,,i,,RB,,RB,CHI,NE,-275,39.00,-6.00,22.50,7.61,0,6500,6500,0,13.89,13.89,13.89,17.4,27.6,7.7,0,0,0,0,2.1,3.0,0.0,16.6,2.9,19.5,10
15892,Khalil,Shakir,Khalil Shakir,/football/player/khalil-shakir-15892,,&#9881;,open,,i,,WR,,WR,BUF,IND,-204,47.50,-4.00,25.75,5.49,0,6000,6000,0,12.43,12.43,12.43,13.0,21.1,5.3,0,0,0,0,2.1,1.0,0.0,0.1,6.2,6.3,10
11691,James,Conner,James Conner,/football/player/james-conner-11691,,&#9881;,open,,i,,RB,,RB,ARI,NYJ,-107,46.00,0.00,23.00,6.13,0,6500,6500,0,13.32,13.32,13.32,15.0,22.1,5.8,0,0,0,0,2.1,2.7,0.0,14.9,2.6,17.5,10
10988,Sterling,Shepard,Sterling Shepard,/football/player/sterling-shepard-10988,,&#9881;,open,,i,,WR,,WR,TB,SF,198,51.00,5.50,22.75,5.04,0,4100,4100,0,8.74,8.74,8.74,6.0,10.4,1.1,0,0,0,0,2.1,1.1,0.0,0.0,4.6,4.6,10
13429,Deebo,Samuel,Deebo Samuel,/football/player/deebo-samuel-13429,"&nbsp;<span class=""red upper bold sm-text"">que</span>",&#9881;,open,,i,,WR,,WR,SF,TB,-245,51.00,-5.50,28.25,8.36,0,6900,6900,0,14.38,14.38,14.38,12.7,22.7,1.9,0,0,0,0,2.1,1.2,0.0,2.6,5.7,8.3,10
15807,Kyren,Williams,Kyren Williams,/football/player/kyren-williams-15807,,&#9881;,open,,i,,RB,,RB,LAR,MIA,-119,50.00,-1.00,25.50,8.76,0,7800,7800,0,16.48,16.48,16.48,19.9,29.0,12.0,0,0,0,0,2.1,2.5,0.0,16.8,3.0,19.8,10
12514,Dalton,Schultz,Dalton Schultz,/football/player/dalton-schultz-12514,,&#9881;,open,,i,,TE,,TE,HOU,DET,154,49.00,3.50,22.75,3.22,0,4100,4100,0,8.63,8.63,8.63,5.7,8.5,3.4,0,0,0,0,2.1,1.3,0.0,0.0,5.3,5.3,10
10055,Amari,Cooper,Amari Cooper,/football/player/amari-cooper-10055,"&nbsp;<span class=""red upper bold sm-text"">que</span>",&#9881;,open,,i,,WR,,WR,BUF,IND,-204,47.50,-4.00,25.75,5.77,0,5800,5800,0,12.06,12.06,12.06,10.8,23.6,1.6,0,0,0,0,2.1,1.1,0.0,0.0,6.2,6.2,10
16690,Parker,Washington,Parker Washington,/football/player/parker-washington-16690,,&#9881;,open,,i,,WR,,WR,JAX,MIN,176,45.50,4.50,20.50,4.09,0,3900,3900,0,8.21,8.21,8.21,3.1,7.1,0.0,0,0,0,0,2.1,1.3,0.0,0.3,4.9,5.2,10
15459,Noah,Gray,Noah Gray,/football/player/noah-gray-15459,,&#9881;,open,,i,,TE,,TE,KC,DEN,-416,41.50,-8.50,25.00,2.53,0,2900,2900,0,6.20,6.20,6.20,4.4,9.5,0.2,0,0,0,0,2.1,1.1,0.0,0.0,3.3,3.3,10
16689,Josh,Downs,Josh Downs,/football/player/josh-downs-16689,,&#9881;,open,,i,,WR,,WR,IND,BUF,167,47.50,4.00,21.75,6.14,0,6200,6200,0,12.80,12.80,12.80,14.5,24.3,3.5,0,0,0,0,2.1,1.3,0.0,0.2,7.6,7.8,10
12860,Dallas,Goedert,Dallas Goedert,/football/player/dallas-goedert-12860,"&nbsp;<span class=""red upper bold sm-text"">que</span>",&#9881;,open,,i,,TE,,TE,PHI,DAL,-356,42.00,-7.00,24.50,2.66,0,4500,4500,0,9.47,9.47,9.47,12.5,27.7,0.0,0,0,0,0,2.1,1.2,0.0,0.0,5.4,5.4,10
16259,Lucas,Krull,Lucas Krull,/football/player/lucas-krull-16259,,&#9881;,open,,i,,TE,,TE,DEN,KC,318,41.50,8.50,16.50,1.56,0,2600,2600,0,5.10,5.10,5.10,3.1,6.4,0.2,0,0,0,0,2.0,1.3,0.0,0.0,3.4,3.4,10
20004,Carolina,Panthers,Carolina Panthers,/football/player/carolina-panthers-20004,,&#9881;,open,,i,,D," <small class=""sm-muted"">(DST)</small>",DST,CAR,NYG,220,40.50,6.50,17.00,1.51,0,2700,2700,0,5.37,5.37,5.37,0.0,0.0,0.0,0,0,0,0,2.0,0.0,0.0,0.0,0.0,0.0,10
14418,J.K.,Dobbins,J.K. Dobbins,/football/player/jk-dobbins-14418,,&#9881;,open,,i,,RB,,RB,LAC,TEN,-376,38.50,-7.50,23.00,6.06,0,7200,7200,0,14.04,14.04,14.04,15.7,23.5,8.7,0,0,0,0,2.0,2.7,0.0,16.6,2.6,19.2,10
11863,Cooper,Kupp,Cooper Kupp,/football/player/cooper-kupp-11863,,&#9881;,open,,i,,WR,,WR,LAR,MIA,-119,50.00,-1.00,25.50,7.24,0,7700,7700,0,15.38,15.38,15.38,16.1,24.4,7.7,0,0,0,0,2.0,1.1,0.0,0.3,8.1,8.4,10
12809,Tyler,Conklin,Tyler Conklin,/football/player/tyler-conklin-12809,,&#9881;,open,,i,,TE,,TE,NYJ,ARI,-111,46.00,0.00,23.00,2.27,0,3400,3400,0,6.66,6.66,6.66,7.0,13.4,1.1,0,0,0,0,2.0,1.1,0.0,0.0,3.9,3.9,10
16919,Zay,Flowers,Zay Flowers,/football/player/zay-flowers-16919,,&#9881;,open,,i,,WR,,WR,BAL,CIN,-269,53.50,-6.50,30.00,7.56,0,7200,7200,0,14.54,14.54,14.54,16.9,30.5,3.7,0,0,0,0,2.0,1.1,0.0,0.5,7.1,7.6,10
13432,A.J.,Brown,A.J. Brown,/football/player/aj-brown-13432,"&nbsp;<span class=""red upper bold sm-text"">que</span>",&#9881;,open,,i,,WR,,WR,PHI,DAL,-356,42.00,-7.00,24.50,7.18,0,8200,8200,0,16.41,16.41,16.41,16.4,26.0,6.5,0,0,0,0,2.0,1.0,0.0,0.1,8.4,8.5,10
14509,Justin,Jefferson,Justin Jefferson,/football/player/justin-jefferson-14509,,&#9881;,open,,i,,WR,,WR,MIN,JAX,-214,45.50,-4.50,25.00,10.18,0,8800,8800,0,17.65,17.65,17.65,21.5,25.7,16.6,0,0,0,0,2.0,1.0,0.0,0.1,8.8,8.9,10
20021,New York,Jets,New York Jets,/football/player/new-york-jets-20021,,&#9881;,open,,i,,D," <small class=""sm-muted"">(DST)</small>",DST,NYJ,ARI,-111,46.00,0.00,23.00,1.99,0,2900,2900,0,5.68,5.68,5.68,0.0,0.0,0.0,0,0,0,0,2.0,0.0,0.0,0.0,0.0,0.0,10
17716,Brian,Thomas,Brian Thomas,/football/player/brian-thomas-17716,,&#9881;,open,,i,,WR,,WR,JAX,MIN,176,45.50,4.50,20.50,5.71,0,6600,6600,0,13.39,13.39,13.39,14.3,24.2,5.3,0,0,0,0,2.0,1.2,0.0,0.1,7.6,7.7,10
15947,Jake,Ferguson,Jake Ferguson,/football/player/jake-ferguson-15947,,&#9881;,open,,i,,TE,,TE,DAL,PHI,280,42.00,7.00,17.50,3.32,0,5000,5000,0,9.94,9.94,9.94,11.2,15.4,5.5,0,0,0,0,2.0,1.2,0.0,0.0,6.2,6.2,10
15183,Ja'Marr,Chase,Ja'Marr Chase,/football/player/jamarr-chase-15183,,&#9881;,open,,i,,WR,,WR,CIN,BAL,217,53.50,6.50,23.50,9.41,0,8400,8400,0,17.05,17.05,17.05,20.5,38.5,7.8,0,0,0,0,2.0,1.0,0.0,0.2,8.6,8.8,10
20012,Houston,Texans,Houston Texans,/football/player/houston-texans-20012,,&#9881;,open,,i,,D," <small class=""sm-muted"">(DST)</small>",DST,HOU,DET,154,49.00,3.50,22.75,0.73,0,2600,2600,0,5.25,5.25,5.25,0.0,0.0,0.0,0,0,0,0,2.0,0.0,0.0,0.0,0.0,0.0,10
17033,Sam,LaPorta,Sam LaPorta,/football/player/sam-laporta-17033,,&#9881;,open,,i,,TE,,TE,DET,HOU,-187,49.00,-3.50,26.25,3.38,0,4600,4600,0,9.01,9.01,9.01,7.9,14.9,3.1,0,0,0,0,2.0,1.0,0.0,0.0,4.7,4.7,10
17674,Marvin,Harrison,Marvin Harrison,/football/player/marvin-harrison-17674,,&#9881;,open,,i,,WR,,WR,ARI,NYJ,-107,46.00,0.00,23.00,5.40,0,6400,6400,0,13.05,13.05,13.05,13.3,28.4,0.9,0,0,0,0,2.0,1.1,0.0,0.1,7.1,7.2,10
12570,Ray-Ray,McCloud,Ray-Ray McCloud,/football/player/ray-ray-mccloud-12570,,&#9881;,open,,i,,WR,,WR,ATL,NO,-197,46.50,-4.00,25.25,4.01,0,4300,4300,0,8.46,8.46,8.46,7.9,12.1,3.6,0,0,0,0,2.0,1.3,0.0,0.8,4.7,5.5,10
11849,Noah,Brown,Noah Brown,/football/player/noah-brown-11849,,&#9881;,open,,i,,WR,,WR,WAS,PIT,-147,45.50,-2.50,24.00,3.11,0,4300,4300,0,8.45,8.45,8.45,8.5,14.7,3.4,0,0,0,0,2.0,1.1,0.0,0.2,4.6,4.8,10
20028,Los Angeles,Rams,Los Angeles Rams,/football/player/los-angeles-rams-20028,,&#9881;,open,,i,,D," <small class=""sm-muted"">(DST)</small>",DST,LAR,MIA,-119,50.00,-1.00,25.50,2.75,0,2700,2700,0,5.49,5.49,5.49,0.0,0.0,0.0,0,0,0,0,2.0,0.0,0.0,0.0,0.0,0.0,10
14630,Juwan,Johnson,Juwan Johnson,/football/player/juwan-johnson-14630,,&#9881;,open,,i,,TE,,TE,NO,ATL,163,46.50,4.00,21.25,2.36,0,3300,3300,0,6.74,6.74,6.74,4.7,8.1,0.7,0,0,0,0,2.0,1.1,0.0,0.0,3.7,3.7,10
13610,T.J.,Hockenson,T.J. Hockenson,/football/player/tj-hockenson-13610,,&#9881;,open,,i,,TE,,TE,MIN,JAX,-214,45.50,-4.50,25.00,3.14,0,4700,4700,0,9.27,9.27,9.27,5.7,5.7,5.7,0,0,0,0,2.0,1.1,0.0,0.0,5.3,5.3,10
20003,Buffalo,Bills,Buffalo Bills,/football/player/buffalo-bills-20003,,&#9881;,open,,i,,D," <small class=""sm-muted"">(DST)</small>",DST,BUF,IND,-204,47.50,-4.00,25.75,4.25,0,3200,3200,0,6.54,6.54,6.54,0.0,0.0,0.0,0,0,0,0,2.0,0.0,0.0,0.0,0.0,0.0,10
20001,Arizona,Cardinals,Arizona Cardinals,/football/player/arizona-cardinals-20001,,&#9881;,open,,i,,D," <small class=""sm-muted"">(DST)</small>",DST,ARI,NYJ,-107,46.00,0.00,23.00,0.19,0,2900,2900,0,5.72,5.72,5.72,0.0,0.0,0.0,0,0,0,0,2.0,0.0,0.0,0.0,0.0,0.0,10
13536,Terry,McLaurin,Terry McLaurin,/football/player/terry-mclaurin-13536,,&#9881;,open,,i,,WR,,WR,WAS,PIT,-147,45.50,-2.50,24.00,6.10,0,7300,7300,0,14.83,14.83,14.83,17.8,23.0,10.6,0,0,0,0,2.0,1.1,0.0,0.1,7.9,8.0,10
14455,Jonathan,Taylor,Jonathan Taylor,/football/player/jonathan-taylor-14455,,&#9881;,open,,i,,RB,,RB,IND,BUF,167,47.50,4.00,21.75,7.45,0,7500,7500,0,15.31,15.31,15.31,19.7,28.3,10.6,0,0,0,0,2.0,2.6,0.0,17.2,2.5,19.7,10
12477,DJ,Moore,DJ Moore,/football/player/dj-moore-12477,,&#9881;,open,,i,,WR,,WR,CHI,NE,-275,39.00,-6.00,22.50,5.05,0,6300,6300,0,12.40,12.40,12.40,12.4,25.8,4.6,0,0,0,0,2.0,1.1,0.0,0.2,6.5,6.7,10
14376,Jauan,Jennings,Jauan Jennings,/football/player/jauan-jennings-14376,"&nbsp;<span class=""red upper bold sm-text"">que</span>",&#9881;,open,,i,,WR,,WR,SF,TB,-245,51.00,-5.50,28.25,4.82,0,5200,5200,0,10.03,10.03,10.03,14.4,40.7,0.0,0,0,0,0,1.9,1.0,0.0,0.1,4.9,5.0,10
20031,Washington,Commanders,Washington Commanders,/football/player/washington-commanders-20031,,&#9881;,open,,i,,D," <small class=""sm-muted"">(DST)</small>",DST,WAS,PIT,-147,45.50,-2.50,24.00,1.47,0,3100,3100,0,5.90,5.90,5.90,0.0,0.0,0.0,0,0,0,0,1.9,0.0,0.0,0.0,0.0,0.0,10
20013,Indianapolis,Colts,Indianapolis Colts,/football/player/indianapolis-colts-20013,,&#9881;,open,,i,,D," <small class=""sm-muted"">(DST)</small>",DST,IND,BUF,167,47.50,4.00,21.75,0.30,0,2600,2600,0,4.96,4.96,4.96,0.0,0.0,0.0,0,0,0,0,1.9,0.0,0.0,0.0,0.0,0.0,10
15468,Najee,Harris,Najee Harris,/football/player/najee-harris-15468,,&#9881;,open,,i,,RB,,RB,PIT,WAS,123,45.50,2.50,21.50,5.10,0,6200,6200,0,11.69,11.69,11.69,14.8,21.9,8.7,0,0,0,0,1.9,2.8,0.0,14.9,2.2,17.1,10
14411,CeeDee,Lamb,CeeDee Lamb,/football/player/ceedee-lamb-14411,"&nbsp;<span class=""red upper bold sm-text"">que</span>",&#9881;,open,,i,,WR,,WR,DAL,PHI,280,42.00,7.00,17.50,5.06,0,8600,8600,0,16.00,16.00,16.00,19.5,36.7,9.0,0,0,0,0,1.9,1.2,0.0,0.8,9.4,10.2,10
15372,Rhamondre,Stevenson,Rhamondre Stevenson,/football/player/rhamondre-stevenson-15372,,&#9881;,open,,i,,RB,,RB,NE,CHI,225,39.00,6.00,16.50,3.39,0,6400,6400,0,11.92,11.92,11.92,13.6,22.3,3.2,0,0,0,0,1.9,2.8,0.0,14.1,3.5,17.6,10
15404,Jaylen,Waddle,Jaylen Waddle,/football/player/jaylen-waddle-15404,,&#9881;,open,,i,,WR,,WR,MIA,LAR,100,50.00,1.00,24.50,5.17,0,5600,5600,0,10.51,10.51,10.51,7.1,9.0,3.4,0,0,0,0,1.9,1.0,0.0,0.1,5.6,5.7,10
17732,Keon,Coleman,Keon Coleman,/football/player/keon-coleman-17732,"&nbsp;<span class=""red upper bold sm-text"">que</span>",&#9881;,open,,i,,WR,,WR,BUF,IND,-204,47.50,-4.00,25.75,2.89,0,5500,5500,0,10.35,10.35,10.35,9.5,17.9,1.3,0,0,0,0,1.9,1.0,0.0,0.1,5.5,5.6,10
20024,Pittsburgh,Steelers,Pittsburgh Steelers,/football/player/pittsburgh-steelers-20024,,&#9881;,open,,i,,D," <small class=""sm-muted"">(DST)</small>",DST,PIT,WAS,123,45.50,2.50,21.50,1.93,0,3000,3000,0,5.65,5.65,5.65,0.0,0.0,0.0,0,0,0,0,1.9,0.0,0.0,0.0,0.0,0.0,10
16895,Jordan,Addison,Jordan Addison,/football/player/jordan-addison-16895,,&#9881;,open,,i,,WR,,WR,MIN,JAX,-214,45.50,-4.50,25.00,4.86,0,5300,5300,0,10.23,10.23,10.23,11.9,21.2,4.2,0,0,0,0,1.9,1.0,0.0,0.2,5.4,5.6,10
14359,Gabe,Davis,Gabe Davis,/football/player/gabe-davis-14359,"&nbsp;<span class=""red upper bold sm-text"">que</span>",&#9881;,open,,i,,WR,,WR,JAX,MIN,176,45.50,4.50,20.50,2.48,0,5000,5000,0,9.59,9.59,9.59,5.9,17.4,0.0,0,0,0,0,1.9,1.1,0.0,0.1,5.6,5.7,10
16899,Quentin,Johnston,Quentin Johnston,/football/player/quentin-johnston-16899,,&#9881;,open,,i,,WR,,WR,LAC,TEN,-376,38.50,-7.50,23.00,2.53,0,4900,4900,0,9.10,9.10,9.10,13.4,24.2,2.8,0,0,0,0,1.9,1.1,0.0,0.1,5.4,5.5,10
12063,Taysom,Hill,Taysom Hill,/football/player/taysom-hill-12063,,&#9881;,open,,i,,TE,,TE,NO,ATL,163,46.50,4.00,21.25,2.89,0,4000,4000,0,7.52,7.52,7.52,9.9,16.1,3.2,0,0,0,0,1.9,2.1,0.7,5.4,2.3,7.7,10
20010,Detroit,Lions,Detroit Lions,/football/player/detroit-lions-20010,,&#9881;,open,,i,,D," <small class=""sm-muted"">(DST)</small>",DST,DET,HOU,-187,49.00,-3.50,26.25,1.51,0,3100,3100,0,5.79,5.79,5.79,0.0,0.0,0.0,0,0,0,0,1.9,0.0,0.0,0.0,0.0,0.0,10
20030,Tennessee,Titans,Tennessee Titans,/football/player/tennessee-titans-20030,,&#9881;,open,,i,,D," <small class=""sm-muted"">(DST)</small>",DST,TEN,LAC,297,38.50,7.50,15.50,0.31,0,2700,2700,0,5.06,5.06,5.06,0.0,0.0,0.0,0,0,0,0,1.9,0.0,0.0,0.0,0.0,0.0,10
13556,David,Montgomery,David Montgomery,/football/player/david-montgomery-13556,,&#9881;,open,,i,,RB,,RB,DET,HOU,-187,49.00,-3.50,26.25,4.01,0,6600,6600,0,12.36,12.36,12.36,16.3,22.8,10.1,0,0,0,0,1.9,2.3,0.0,13.4,1.5,14.9,10
15265,Kyle,Pitts,Kyle Pitts,/football/player/kyle-pitts-15265,,&#9881;,open,,i,,TE,,TE,ATL,NO,-197,46.50,-4.00,25.25,3.12,0,4800,4800,0,9.07,9.07,9.07,9.9,21.6,0.9,0,0,0,0,1.9,1.0,0.0,0.0,4.9,4.9,10
15853,George,Pickens,George Pickens,/football/player/george-pickens-15853,,&#9881;,open,,i,,WR,,WR,PIT,WAS,123,45.50,2.50,21.50,5.97,0,6800,6800,0,13.12,13.12,13.12,12.3,22.5,4.8,0,0,0,0,1.9,1.1,0.0,0.1,7.2,7.3,10
20019,New Orleans,Saints,New Orleans Saints,/football/player/new-orleans-saints-20019,,&#9881;,open,,i,,D," <small class=""sm-muted"">(DST)</small>",DST,NO,ATL,163,46.50,4.00,21.25,0.45,0,2800,2800,0,5.17,5.17,5.17,0.0,0.0,0.0,0,0,0,0,1.9,0.0,0.0,0.0,0.0,0.0,10
12616,Calvin,Ridley,Calvin Ridley,/football/player/calvin-ridley-12616,,&#9881;,open,,i,,WR,,WR,TEN,LAC,297,38.50,7.50,15.50,3.88,0,5700,5700,0,10.81,10.81,10.81,10.9,24.2,0.5,0,0,0,0,1.9,1.4,0.0,0.3,7.6,7.9,10
14436,Cole,Kmet,Cole Kmet,/football/player/cole-kmet-14436,,&#9881;,open,,i,,TE,,TE,CHI,NE,-275,39.00,-6.00,22.50,2.44,0,4300,4300,0,7.98,7.98,7.98,10.6,23.2,0.2,0,0,0,0,1.9,1.0,0.0,0.0,4.5,4.5,10
20027,San Francisco,49ers,San Francisco 49ers,/football/player/san-francisco-49ers-20027,,&#9881;,open,,i,,D," <small class=""sm-muted"">(DST)</small>",DST,SF,TB,-245,51.00,-5.50,28.25,1.72,0,3300,3300,0,6.14,6.14,6.14,0.0,0.0,0.0,0,0,0,0,1.9,0.0,0.0,0.0,0.0,0.0,10
20000,Atlanta,Falcons,Atlanta Falcons,/football/player/atlanta-falcons-20000,,&#9881;,open,,i,,D," <small class=""sm-muted"">(DST)</small>",DST,ATL,NO,-197,46.50,-4.00,25.25,0.59,0,3400,3400,0,6.41,6.41,6.41,0.0,0.0,0.0,0,0,0,0,1.9,0.0,0.0,0.0,0.0,0.0,10
15876,James,Cook,James Cook,/football/player/james-cook-15876,,&#9881;,open,,i,,RB,,RB,BUF,IND,-204,47.50,-4.00,25.75,5.75,0,7000,7000,0,13.42,13.42,13.42,17.6,29.2,6.9,0,0,0,0,1.9,2.4,0.0,14.5,2.5,17.0,10
17020,Rome,Odunze,Rome Odunze,/football/player/rome-odunze-17020,,&#9881;,open,,i,,WR,,WR,CHI,NE,-275,39.00,-6.00,22.50,3.56,0,5200,5200,0,9.88,9.88,9.88,10.8,22.9,2.1,0,0,0,0,1.9,1.0,0.0,0.1,5.4,5.5,10
11163,Demarcus,Robinson,Demarcus Robinson,/football/player/demarcus-robinson-11163,,&#9881;,open,,i,,WR,,WR,LAR,MIA,-119,50.00,-1.00,25.50,2.06,0,5100,5100,0,8.99,8.99,8.99,10.8,23.6,1.9,0,0,0,0,1.8,1.0,0.0,0.1,4.9,5.0,10
15849,Jameson,Williams,Jameson Williams,/football/player/jameson-williams-15849,"&nbsp;<span class=""red upper bold sm-text"">Res</span>",&#9881;,open,,i,,WR,,WR,DET,HOU,-187,49.00,-3.50,26.25,3.49,0,5900,5900,0,10.54,10.54,10.54,10.0,18.0,1.1,0,0,0,0,1.8,1.0,0.0,0.4,5.2,5.6,10
15242,Chuba,Hubbard,Chuba Hubbard,/football/player/chuba-hubbard-15242,,&#9881;,open,,i,,RB,,RB,CAR,NYG,220,40.50,6.50,17.00,3.54,0,6700,6700,0,12.13,12.13,12.13,17.9,28.2,9.7,0,0,0,0,1.8,2.7,0.0,15.1,2.8,17.9,10
13833,Olamide,Zaccheaus,Olamide Zaccheaus,/football/player/olamide-zaccheaus-13833,,&#9881;,open,,i,,WR,,WR,WAS,PIT,-147,45.50,-2.50,24.00,1.38,0,3400,3400,0,5.94,5.94,5.94,5.1,12.2,0.2,0,0,0,0,1.8,1.0,0.0,0.2,3.3,3.5,10
13522,Darius,Slayton,Darius Slayton,/football/player/darius-slayton-13522,"&nbsp;<span class=""red upper bold sm-text"">que</span>",&#9881;,open,,i,,WR,,WR,NYG,CAR,-273,40.50,-6.50,23.50,2.31,0,4800,4800,0,8.65,8.65,8.65,10.8,24.5,1.7,0,0,0,0,1.8,1.0,0.0,0.1,4.9,5.0,10
15210,Rashod,Bateman,Rashod Bateman,/football/player/rashod-bateman-15210,,&#9881;,open,,i,,WR,,WR,BAL,CIN,-269,53.50,-6.50,30.00,2.69,0,4300,4300,0,7.78,7.78,7.78,10.4,21.4,3.2,0,0,0,0,1.8,0.9,0.0,0.1,4.0,4.1,10
12061,Tim,Patrick,Tim Patrick,/football/player/tim-patrick-12061,,&#9881;,open,,i,,WR,,WR,DET,HOU,-187,49.00,-3.50,26.25,1.68,0,3400,3400,0,6.09,6.09,6.09,4.2,8.7,0.5,0,0,0,0,1.8,1.0,0.0,0.1,3.3,3.4,10
15306,Javonte,Williams,Javonte Williams,/football/player/javonte-williams-15306,,&#9881;,open,,i,,RB,,RB,DEN,KC,318,41.50,8.50,16.50,3.05,0,6000,6000,0,10.86,10.86,10.86,12.0,22.3,5.6,0,0,0,0,1.8,2.6,0.0,11.3,4.0,15.3,10
17976,Jalen,Coker,Jalen Coker,/football/player/jalen-coker-17976,,&#9881;,open,,i,,WR,,WR,CAR,NYG,220,40.50,6.50,17.00,2.22,0,3800,3800,0,6.68,6.68,6.68,7.0,15.6,0.3,0,0,0,0,1.8,1.2,0.0,0.0,4.7,4.7,10
13590,Tony,Pollard,Tony Pollard,/football/player/tony-pollard-13590,"&nbsp;<span class=""red upper bold sm-text"">que</span>",&#9881;,open,,i,,RB,,RB,TEN,LAC,297,38.50,7.50,15.50,3.25,0,6900,6900,0,12.24,12.24,12.24,14.6,20.8,7.5,0,0,0,0,1.8,2.8,0.0,16.2,3.4,19.6,10
15802,Rachaad,White,Rachaad White,/football/player/rachaad-white-15802,,&#9881;,open,,i,,RB,,RB,TB,SF,198,51.00,5.50,22.75,2.94,0,5900,5900,0,10.39,10.39,10.39,12.9,25.1,4.0,0,0,0,0,1.8,2.0,0.0,8.1,3.6,11.7,10
8627,Keenan,Allen,Keenan Allen,/football/player/keenan-allen-8627,,&#9881;,open,,i,,WR,,WR,CHI,NE,-275,39.00,-6.00,22.50,2.91,0,5400,5400,0,9.83,9.83,9.83,9.2,18.5,3.7,0,0,0,0,1.8,1.1,0.0,0.1,5.6,5.7,10
16795,Kayshon,Boutte,Kayshon Boutte,/football/player/kayshon-boutte-16795,,&#9881;,open,,i,,WR,,WR,NE,CHI,225,39.00,6.00,16.50,2.14,0,3500,3500,0,6.25,6.25,6.25,5.6,12.6,1.1,0,0,0,0,1.8,1.2,0.0,0.2,4.1,4.3,10
14510,Darnell,Mooney,Darnell Mooney,/football/player/darnell-mooney-14510,,&#9881;,open,,i,,WR,,WR,ATL,NO,-197,46.50,-4.00,25.25,4.21,0,6500,6500,0,11.86,11.86,11.86,16.3,29.8,7.1,0,0,0,0,1.8,1.1,0.0,0.2,6.7,6.9,10
14750,Nick,Westbrook-Ikhine,Nick Westbrook-Ikhine,/football/player/nick-westbrook-ikhine-14750,,&#9881;,open,,i,,WR,,WR,TEN,LAC,297,38.50,7.50,15.50,2.29,0,3800,3800,0,6.64,6.64,6.64,6.4,14.5,0.0,0,0,0,0,1.8,1.2,0.0,0.2,4.5,4.7,10
15406,DeVonta,Smith,DeVonta Smith,/football/player/devonta-smith-15406,,&#9881;,open,,i,,WR,,WR,PHI,DAL,-356,42.00,-7.00,24.50,4.21,0,7800,7800,0,13.48,13.48,13.48,15.2,21.6,4.3,0,0,0,0,1.7,1.0,0.0,0.1,7.4,7.5,10
17021,Theo,Johnson,Theo Johnson,/football/player/theo-johnson-17021,,&#9881;,open,,i,,TE,,TE,NYG,CAR,-273,40.50,-6.50,23.50,1.54,0,3000,3000,0,5.18,5.18,5.18,5.0,12.1,0.0,0,0,0,0,1.7,1.0,0.0,0.0,3.0,3.0,10
16941,Tyjae,Spears,Tyjae Spears,/football/player/tyjae-spears-16941,"&nbsp;<span class=""red upper bold sm-text"">que</span>",&#9881;,open,,i,,RB,,RB,TEN,LAC,297,38.50,7.50,15.50,1.54,0,4700,4700,0,7.86,7.86,7.86,7.5,11.8,2.9,0,0,0,0,1.7,2.1,0.0,6.9,3.1,10.0,10
16936,Trey,Palmer,Trey Palmer,/football/player/trey-palmer-16936,,&#9881;,open,,i,,WR,,WR,TB,SF,198,51.00,5.50,22.75,2.26,0,4000,4000,0,6.96,6.96,6.96,4.1,10.0,0.0,0,0,0,0,1.7,1.1,0.0,0.4,4.2,4.6,10
12764,Mike,Gesicki,Mike Gesicki,/football/player/mike-gesicki-12764,,&#9881;,open,,i,,TE,,TE,CIN,BAL,217,53.50,6.50,23.50,3.03,0,3600,3600,0,6.25,6.25,6.25,9.3,24.8,0.0,0,0,0,0,1.7,1.0,0.0,0.0,3.7,3.7,10
12773,Cedrick,Wilson,Cedrick Wilson,/football/player/cedrick-wilson-12773,,&#9881;,open,,i,,WR,,WR,NO,ATL,163,46.50,4.00,21.25,1.92,0,4600,4600,0,7.63,7.63,7.63,4.2,14.1,0.0,0,0,0,0,1.7,1.0,0.0,0.1,4.6,4.7,10
10604,Raheem,Mostert,Raheem Mostert,/football/player/raheem-mostert-10604,,&#9881;,open,,i,,RB,,RB,MIA,LAR,100,50.00,1.00,24.50,2.52,0,5900,5900,0,9.79,9.79,9.79,10.4,15.7,4.7,0,0,0,0,1.7,2.0,0.0,9.8,1.8,11.6,10
16010,Jalen,Tolbert,Jalen Tolbert,/football/player/jalen-tolbert-16010,,&#9881;,open,,i,,WR,,WR,DAL,PHI,280,42.00,7.00,17.50,2.15,0,5100,5100,0,8.61,8.61,8.61,11.6,19.4,5.8,0,0,0,0,1.7,1.1,0.0,0.1,5.6,5.7,10
20002,Baltimore,Ravens,Baltimore Ravens,/football/player/baltimore-ravens-20002,,&#9881;,open,,i,,D," <small class=""sm-muted"">(DST)</small>",DST,BAL,CIN,-269,53.50,-6.50,30.00,0.36,0,3300,3300,0,5.65,5.65,5.65,0.0,0.0,0.0,0,0,0,0,1.7,0.0,0.0,0.0,0.0,0.0,10
14657,Rico,Dowdle,Rico Dowdle,/football/player/rico-dowdle-14657,,&#9881;,open,,i,,RB,,RB,DAL,PHI,280,42.00,7.00,17.50,2.50,0,6100,6100,0,10.63,10.63,10.63,13.9,20.5,8.5,0,0,0,0,1.7,2.5,0.0,12.7,2.8,15.5,10
17784,Bucky,Irving,Bucky Irving,/football/player/bucky-irving-17784,,&#9881;,open,,i,,RB,,RB,TB,SF,198,51.00,5.50,22.75,2.29,0,5700,5700,0,9.57,9.57,9.57,11.2,17.7,3.9,0,0,0,0,1.7,2.0,0.0,9.3,2.3,11.6,10
14378,Michael,Pittman,Michael Pittman,/football/player/michael-pittman-14378,"&nbsp;<span class=""red upper bold sm-text"">que</span>",&#9881;,open,,i,,WR,,WR,IND,BUF,167,47.50,4.00,21.75,3.55,0,6000,6000,0,9.89,9.89,9.89,9.3,17.9,2.7,0,0,0,0,1.7,1.0,0.0,0.1,6.0,6.1,10
20017,Minnesota,Vikings,Minnesota Vikings,/football/player/minnesota-vikings-20017,,&#9881;,open,,i,,D," <small class=""sm-muted"">(DST)</small>",DST,MIN,JAX,-214,45.50,-4.50,25.00,1.39,0,3700,3700,0,6.38,6.38,6.38,0.0,0.0,0.0,0,0,0,0,1.7,0.0,0.0,0.0,0.0,0.0,10
20029,Tampa Bay,Buccaneers,Tampa Bay Buccaneers,/football/player/tampa-bay-buccaneers-20029,,&#9881;,open,,i,,D," <small class=""sm-muted"">(DST)</small>",DST,TB,SF,198,51.00,5.50,22.75,0.10,0,2600,2600,0,4.14,4.14,4.14,0.0,0.0,0.0,0,0,0,0,1.6,0.0,0.0,0.0,0.0,0.0,10
9255,Odell,Beckham,Odell Beckham,/football/player/odell-beckham-9255,,&#9881;,open,,i,,WR,,WR,MIA,LAR,100,50.00,1.00,24.50,0.85,0,3400,3400,0,5.31,5.31,5.31,1.1,3.9,0.0,0,0,0,0,1.6,0.9,0.0,0.1,2.9,3.0,10
17734,Xavier,Legette,Xavier Legette,/football/player/xavier-legette-17734,,&#9881;,open,,i,,WR,,WR,CAR,NYG,220,40.50,6.50,17.00,1.86,0,5700,5700,0,8.95,8.95,8.95,8.6,17.6,0.9,0,0,0,0,1.6,1.1,0.0,0.2,6.1,6.3,10
10822,Tyler,Boyd,Tyler Boyd,/football/player/tyler-boyd-10822,,&#9881;,open,,i,,WR,,WR,TEN,LAC,297,38.50,7.50,15.50,1.66,0,3500,3500,0,5.62,5.62,5.62,5.0,8.5,1.3,0,0,0,0,1.6,1.2,0.0,0.1,4.1,4.2,10
17687,Xavier,Worthy,Xavier Worthy,/football/player/xavier-worthy-17687,,&#9881;,open,,i,,WR,,WR,KC,DEN,-416,41.50,-8.50,25.00,2.28,0,6100,6100,0,9.92,9.92,9.92,7.9,15.2,0.4,0,0,0,0,1.6,0.9,0.0,0.2,5.2,5.4,10
12401,Austin,Ekeler,Austin Ekeler,/football/player/austin-ekeler-12401,,&#9881;,open,,i,,RB,,RB,WAS,PIT,-147,45.50,-2.50,24.00,1.84,0,5800,5800,0,9.11,9.11,9.11,11.0,16.3,5.4,0,0,0,0,1.6,1.6,0.0,6.1,3.4,9.5,10
13565,Lil'Jordan,Humphrey,Lil'Jordan Humphrey,/football/player/liljordan-humphrey-13565,,&#9881;,open,,i,,WR,,WR,DEN,KC,318,41.50,8.50,16.50,0.97,0,3200,3200,0,5.03,5.03,5.03,4.9,9.0,0.7,0,0,0,0,1.6,1.1,0.0,0.0,3.5,3.5,10
15984,Jaylen,Warren,Jaylen Warren,/football/player/jaylen-warren-15984,,&#9881;,open,,i,,RB,,RB,PIT,WAS,123,45.50,2.50,21.50,2.37,0,5300,5300,0,8.26,8.26,8.26,6.0,8.6,2.0,0,0,0,0,1.6,1.7,0.0,6.4,2.7,9.1,10
12467,Hayden,Hurst,Hayden Hurst,/football/player/hayden-hurst-12467,,&#9881;,open,,i,,TE,,TE,LAC,TEN,-376,38.50,-7.50,23.00,1.47,0,2700,2700,0,4.29,4.29,4.29,1.6,3.2,0.2,0,0,0,0,1.6,0.9,0.0,0.0,2.5,2.5,10
16033,Isaiah,Likely,Isaiah Likely,/football/player/isaiah-likely-16033,"&nbsp;<span class=""red upper bold sm-text"">Out</span>",&#9881;,open,,i,,TE,,TE,BAL,CIN,-269,53.50,-6.50,30.00,1.59,0,4000,4000,0,6.55,6.55,6.55,5.4,13.4,0.1,0,0,0,0,1.6,0.8,0.0,0.0,3.3,3.3,10
17820,Luke,McCaffrey,Luke McCaffrey,/football/player/luke-mccaffrey-17820,,&#9881;,open,,i,,WR,,WR,WAS,PIT,-147,45.50,-2.50,24.00,1.27,0,3100,3100,0,4.81,4.81,4.81,2.3,6.2,0.0,0,0,0,0,1.6,0.9,0.0,0.2,2.7,2.9,10
16042,Chigoziem,Okonkwo,Chigoziem Okonkwo,/football/player/chigoziem-okonkwo-16042,,&#9881;,open,,i,,TE,,TE,TEN,LAC,297,38.50,7.50,15.50,1.48,0,3000,3000,0,4.86,4.86,4.86,4.5,8.1,1.7,0,0,0,0,1.6,1.1,0.0,0.1,3.1,3.2,10
15907,Brian,Robinson,Brian Robinson,/football/player/brian-robinson-15907,"&nbsp;<span class=""red upper bold sm-text"">que</span>",&#9881;,open,,i,,RB,,RB,WAS,PIT,-147,45.50,-2.50,24.00,2.84,0,6300,6300,0,10.26,10.26,10.26,14.5,21.5,8.9,0,0,0,0,1.6,2.2,0.0,11.9,2.2,14.1,10
11885,Mike,Williams,Mike Williams,/football/player/mike-williams-11885,,&#9881;,open,,i,,WR,,WR,PIT,WAS,123,45.50,2.50,21.50,0.88,0,4100,4100,0,6.47,6.47,6.47,3.2,8.7,0.0,0,0,0,0,1.6,0.8,0.0,0.1,3.4,3.5,10
16705,Tank,Bigsby,Tank Bigsby,/football/player/tank-bigsby-16705,,&#9881;,open,,i,,RB,,RB,JAX,MIN,176,45.50,4.50,20.50,1.42,0,5700,5700,0,8.50,8.50,8.50,10.1,25.3,0.0,0,0,0,0,1.5,1.9,0.0,9.5,1.4,10.9,10
15385,Travis,Etienne,Travis Etienne,/football/player/travis-etienne-15385,,&#9881;,open,,i,,RB,,RB,JAX,MIN,176,45.50,4.50,20.50,1.52,0,5800,5800,0,8.68,8.68,8.68,8.5,14.5,1.4,0,0,0,0,1.5,1.8,0.0,7.1,3.1,10.2,10
16957,Michael,Wilson,Michael Wilson,/football/player/michael-wilson-16957,,&#9881;,open,,i,,WR,,WR,ARI,NYJ,-107,46.00,0.00,23.00,1.34,0,4600,4600,0,6.78,6.78,6.78,8.1,14.0,1.3,0,0,0,0,1.5,0.9,0.0,0.0,4.1,4.1,10
17719,Troy,Franklin,Troy Franklin,/football/player/troy-franklin-17719,,&#9881;,open,,i,,WR,,WR,DEN,KC,318,41.50,8.50,16.50,0.93,0,4000,4000,0,5.88,5.88,5.88,4.3,10.0,0.1,0,0,0,0,1.5,1.1,0.0,0.1,4.1,4.2,10
17668,Adonai,Mitchell,Adonai Mitchell,/football/player/adonai-mitchell-17668,,&#9881;,open,,i,,WR,,WR,IND,BUF,167,47.50,4.00,21.75,0.87,0,3400,3400,0,4.93,4.93,4.93,3.4,7.7,0.3,0,0,0,0,1.5,0.9,0.0,0.0,3.1,3.1,10
16935,Tank,Dell,Tank Dell,/football/player/tank-dell-16935,,&#9881;,open,,i,,WR,,WR,HOU,DET,154,49.00,3.50,22.75,2.75,0,7400,7400,0,11.33,11.33,11.33,10.7,20.2,1.3,0,0,0,0,1.5,1.0,0.0,1.0,6.4,7.4,10
16866,Josh,Whyle,Josh Whyle,/football/player/josh-whyle-16866,,&#9881;,open,,i,,TE,,TE,TEN,LAC,297,38.50,7.50,15.50,0.71,0,2500,2500,0,3.65,3.65,3.65,4.0,7.5,1.3,0,0,0,0,1.5,0.9,0.0,0.0,2.3,2.3,10
18107,Mason,Tipton,Mason Tipton,/football/player/mason-tipton-18107,,&#9881;,open,,i,,WR,,WR,NO,ATL,163,46.50,4.00,21.25,1.58,0,4500,4500,0,6.58,6.58,6.58,2.8,8.3,0.0,0,0,0,0,1.5,0.9,0.0,0.0,4.2,4.2,10
15976,Tyler,Allgeier,Tyler Allgeier,/football/player/tyler-allgeier-15976,,&#9881;,open,,i,,RB,,RB,ATL,NO,-197,46.50,-4.00,25.25,1.47,0,5200,5200,0,7.78,7.78,7.78,8.0,17.2,2.7,0,0,0,0,1.5,1.9,0.0,8.6,1.3,9.9,10
15447,Joshua,Palmer,Joshua Palmer,/football/player/joshua-palmer-15447,,&#9881;,open,,i,,WR,,WR,LAC,TEN,-376,38.50,-7.50,23.00,1.27,0,4800,4800,0,7.14,7.14,7.14,8.4,13.2,4.3,0,0,0,0,1.5,0.9,0.0,0.1,4.1,4.2,10
17975,Devaughn,Vele,Devaughn Vele,/football/player/devaughn-vele-17975,,&#9881;,open,,i,,WR,,WR,DEN,KC,318,41.50,8.50,16.50,0.91,0,3400,3400,0,4.77,4.77,4.77,5.9,10.9,2.4,0,0,0,0,1.4,0.9,0.0,0.0,3.2,3.2,10
14463,Colby,Parkinson,Colby Parkinson,/football/player/colby-parkinson-14463,,&#9881;,open,,i,,TE,,TE,LAR,MIA,-119,50.00,-1.00,25.50,1.01,0,3500,3500,0,4.94,4.94,4.94,5.1,10.6,0.6,0,0,0,0,1.4,0.7,0.0,0.0,2.6,2.6,10
16965,Andrei,Iosivas,Andrei Iosivas,/football/player/andrei-iosivas-16965,,&#9881;,open,,i,,WR,,WR,CIN,BAL,217,53.50,6.50,23.50,1.35,0,3900,3900,0,5.46,5.46,5.46,6.7,14.5,0.3,0,0,0,0,1.4,0.8,0.0,0.1,3.1,3.2,10
11429,Kalif,Raymond,Kalif Raymond,/football/player/kalif-raymond-11429,,&#9881;,open,,i,,WR,,WR,DET,HOU,-187,49.00,-3.50,26.25,0.80,0,3700,3700,0,5.07,5.07,5.07,6.9,14.3,0.3,0,0,0,0,1.4,0.8,0.0,0.5,2.6,3.1,10
17017,Brenton,Strange,Brenton Strange,/football/player/brenton-strange-17017,,&#9881;,open,,i,,TE,,TE,JAX,MIN,176,45.50,4.50,20.50,0.53,0,2800,2800,0,3.84,3.84,3.84,6.1,11.8,0.6,0,0,0,0,1.4,0.8,0.0,0.0,2.2,2.2,10
13532,Mecole,Hardman,Mecole Hardman,/football/player/mecole-hardman-13532,,&#9881;,open,,i,,WR,,WR,KC,DEN,-416,41.50,-8.50,25.00,0.66,0,3400,3400,0,4.61,4.61,4.61,3.8,10.5,0.0,0,0,0,0,1.4,0.8,0.0,0.5,2.3,2.8,10
15371,Tommy,Tremble,Tommy Tremble,/football/player/tommy-tremble-15371,,&#9881;,open,,i,,TE,,TE,CAR,NYG,220,40.50,6.50,17.00,0.56,0,2700,2700,0,3.67,3.67,3.67,3.0,5.8,0.2,0,0,0,0,1.4,0.9,0.0,0.0,2.4,2.4,10
20006,Cincinnati,Bengals,Cincinnati Bengals,/football/player/cincinnati-bengals-20006,,&#9881;,open,,i,,D," <small class=""sm-muted"">(DST)</small>",DST,CIN,BAL,217,53.50,6.50,23.50,0.00,0,2800,2800,0,3.83,3.83,3.83,0.0,0.0,0.0,0,0,0,0,1.4,0.0,0.0,0.0,0.0,0.0,10
11877,JuJu,Smith-Schuster,JuJu Smith-Schuster,/football/player/juju-smith-schuster-11877,"&nbsp;<span class=""red upper bold sm-text"">que</span>",&#9881;,open,,i,,WR,,WR,KC,DEN,-416,41.50,-8.50,25.00,0.77,0,4500,4500,0,6.26,6.26,6.26,6.5,19.8,0.0,0,0,0,0,1.4,0.8,0.0,0.2,3.4,3.6,10
13427,Justice,Hill,Justice Hill,/football/player/justice-hill-13427,,&#9881;,open,,i,,RB,,RB,BAL,CIN,-269,53.50,-6.50,30.00,1.22,0,5200,5200,0,6.71,6.71,6.71,8.1,18.2,1.4,0,0,0,0,1.3,1.1,0.0,2.4,3.1,5.5,10
13472,Diontae,Johnson,Diontae Johnson,/football/player/diontae-johnson-13472,,&#9881;,open,,i,,WR,,WR,BAL,CIN,-269,53.50,-6.50,30.00,1.29,0,5800,5800,0,7.24,7.24,7.24,11.9,26.2,0.3,0,0,0,0,1.3,0.7,0.0,0.1,4.0,4.1,10
16022,Alec,Pierce,Alec Pierce,/football/player/alec-pierce-16022,,&#9881;,open,,i,,WR,,WR,IND,BUF,167,47.50,4.00,21.75,0.86,0,4900,4900,0,6.57,6.57,6.57,7.8,21.0,0.0,0,0,0,0,1.3,0.8,0.0,0.1,3.8,3.9,10
10748,Austin,Hooper,Austin Hooper,/football/player/austin-hooper-10748,,&#9881;,open,,i,,TE,,TE,NE,CHI,225,39.00,6.00,16.50,0.82,0,2700,2700,0,3.56,3.56,3.56,3.7,8.0,0.6,0,0,0,0,1.3,0.9,0.0,0.0,2.3,2.3,10
13822,Foster,Moreau,Foster Moreau,/football/player/foster-moreau-13822,,&#9881;,open,,i,,TE,,TE,NO,ATL,163,46.50,4.00,21.25,0.66,0,3000,3000,0,3.64,3.64,3.64,4.1,8.8,0.0,0,0,0,0,1.2,0.7,0.0,0.0,2.1,2.1,10
17702,Braelon,Allen,Braelon Allen,/football/player/braelon-allen-17702,,&#9881;,open,,i,,RB,,RB,NYJ,ARI,-111,46.00,0.00,23.00,0.76,0,5500,5500,0,6.60,6.60,6.60,6.0,15.9,0.4,0,0,0,0,1.2,1.4,0.0,6.2,1.5,7.7,10
13466,Dawson,Knox,Dawson Knox,/football/player/dawson-knox-13466,,&#9881;,open,,i,,TE,,TE,BUF,IND,-204,47.50,-4.00,25.75,0.51,0,2900,2900,0,3.37,3.37,3.37,2.6,7.0,0.0,0,0,0,0,1.2,0.6,0.0,0.0,1.8,1.8,10
15874,Calvin,Austin,Calvin Austin,/football/player/calvin-austin-15874,,&#9881;,open,,i,,WR,,WR,PIT,WAS,123,45.50,2.50,21.50,0.78,0,3500,3500,0,4.34,4.34,4.34,8.0,18.4,0.7,0,0,0,0,1.2,0.9,0.0,0.5,2.6,3.1,10
8628,Robert,Woods,Robert Woods,/football/player/robert-woods-8628,,&#9881;,open,,i,,WR,,WR,HOU,DET,154,49.00,3.50,22.75,0.51,0,4100,4100,0,4.79,4.79,4.79,2.7,5.8,0.1,0,0,0,0,1.2,0.8,0.0,0.1,3.1,3.2,10
16025,Jalen,Nailor,Jalen Nailor,/football/player/jalen-nailor-16025,,&#9881;,open,,i,,WR,,WR,MIN,JAX,-214,45.50,-4.50,25.00,0.56,0,4200,4200,0,4.90,4.90,4.90,7.5,13.7,1.0,0,0,0,0,1.2,0.7,0.0,0.0,3.0,3.0,10
12934,Marquez,Valdes-Scantling,Marquez Valdes-Scantling,/football/player/marquez-valdes-scantling-12934,,&#9881;,open,,i,,WR,,WR,NO,ATL,163,46.50,4.00,21.25,0.69,0,3900,3900,0,4.79,4.79,4.79,0.5,1.5,0.0,0,0,0,0,1.2,0.8,0.0,0.2,3.0,3.2,10
15996,Jeremy,Ruckert,Jeremy Ruckert,/football/player/jeremy-ruckert-15996,,&#9881;,open,,i,,TE,,TE,NYJ,ARI,-111,46.00,0.00,23.00,0.43,0,2500,2500,0,2.72,2.72,2.72,1.7,3.9,0.0,0,0,0,0,1.1,0.6,0.0,0.0,1.6,1.6,10
14383,Cam,Akers,Cam Akers,/football/player/cam-akers-14383,,&#9881;,open,,i,,RB,,RB,MIN,JAX,-214,45.50,-4.50,25.00,0.25,0,4700,4700,0,5.02,5.02,5.02,4.8,11.2,0.0,0,0,0,0,1.1,1.4,0.0,5.2,1.3,6.5,10
14430,Van,Jefferson,Van Jefferson,/football/player/van-jefferson-14430,,&#9881;,open,,i,,WR,,WR,PIT,WAS,123,45.50,2.50,21.50,0.24,0,3600,3600,0,3.98,3.98,3.98,4.7,9.5,0.3,0,0,0,0,1.1,0.7,0.0,0.1,2.3,2.4,10
17747,Jonathon,Brooks,Jonathon Brooks,/football/player/jonathon-brooks-17747,,&#9881;,open,,i,,RB,,RB,CAR,NYG,220,40.50,6.50,17.00,0.36,0,5000,5000,0,5.38,5.38,5.38,0.0,0.0,0.0,0,0,0,0,1.1,1.4,0.0,5.1,1.8,6.9,10
13469,Greg,Dortch,Greg Dortch,/football/player/greg-dortch-13469,,&#9881;,open,,i,,WR,,WR,ARI,NYJ,-107,46.00,0.00,23.00,0.58,0,3800,3800,0,4.19,4.19,4.19,4.3,7.5,0.7,0,0,0,0,1.1,0.7,0.0,0.2,2.6,2.8,10
16849,Marvin,Mims,Marvin Mims,/football/player/marvin-mims-16849,,&#9881;,open,,i,,WR,,WR,DEN,KC,318,41.50,8.50,16.50,0.26,0,3000,3000,0,3.20,3.20,3.20,1.8,3.5,0.2,0,0,0,0,1.1,0.7,0.0,0.1,2.1,2.2,10
10854,Tyler,Higbee,Tyler Higbee,/football/player/tyler-higbee-10854,"&nbsp;<span class=""red upper bold sm-text"">PUP</span>",&#9881;,open,,i,,TE,,TE,LAR,MIA,-119,50.00,-1.00,25.50,0.35,0,3300,3300,0,3.56,3.56,3.56,0.0,0.0,0.0,0,0,0,0,1.1,0.6,0.0,0.0,1.9,1.9,10
17794,Cade,Stover,Cade Stover,/football/player/cade-stover-17794,,&#9881;,open,,i,,TE,,TE,HOU,DET,154,49.00,3.50,22.75,0.39,0,2600,2600,0,2.90,2.90,2.90,1.9,3.8,0.1,0,0,0,0,1.1,0.7,0.0,0.0,1.8,1.8,10
17319,Jaleel,McLaughlin,Jaleel McLaughlin,/football/player/jaleel-mclaughlin-17319,,&#9881;,open,,i,,RB,,RB,DEN,KC,318,41.50,8.50,16.50,0.63,0,4500,4500,0,5.06,5.06,5.06,6.5,11.6,1.5,0,0,0,0,1.1,1.6,0.0,5.6,1.6,7.2,10
13894,KaVontae,Turpin,KaVontae Turpin,/football/player/kavontae-turpin-13894,,&#9881;,open,,i,,WR,,WR,DAL,PHI,280,42.00,7.00,17.50,0.15,0,3500,3500,0,3.66,3.66,3.66,5.9,12.4,0.7,0,0,0,0,1.1,0.6,0.0,0.5,1.5,2.0,10
15281,Khalil,Herbert,Khalil Herbert,/football/player/khalil-herbert-15281,,&#9881;,open,,i,,RB,,RB,CIN,BAL,217,53.50,6.50,23.50,0.19,0,4000,4000,0,4.42,4.42,4.42,1.9,7.2,0.0,0,0,0,0,1.1,1.3,0.0,4.5,0.6,5.1,10
10132,Nelson,Agholor,Nelson Agholor,/football/player/nelson-agholor-10132,,&#9881;,open,,i,,WR,,WR,BAL,CIN,-269,53.50,-6.50,30.00,0.38,0,3500,3500,0,3.72,3.72,3.72,4.5,10.4,1.2,0,0,0,0,1.1,0.6,0.0,0.1,1.8,1.9,10
12196,Mo,Alie-Cox,Mo Alie-Cox,/football/player/mo-alie-cox-12196,,&#9881;,open,,i,,TE,,TE,IND,BUF,167,47.50,4.00,21.75,0.26,0,2500,2500,0,2.42,2.42,2.42,2.9,9.6,0.0,0,0,0,0,1.0,0.6,0.0,0.0,1.4,1.4,10
13587,Ty,Johnson,Ty Johnson,/football/player/ty-johnson-13587,,&#9881;,open,,i,,RB,,RB,BUF,IND,-204,47.50,-4.00,25.75,0.19,0,4500,4500,0,4.32,4.32,4.32,4.8,11.4,0.3,0,0,0,0,1.0,0.7,0.0,1.3,1.9,3.2,10
15274,Dyami,Brown,Dyami Brown,/football/player/dyami-brown-15274,,&#9881;,open,,i,,WR,,WR,WAS,PIT,-147,45.50,-2.50,24.00,0.27,0,3300,3300,0,3.38,3.38,3.38,4.1,10.9,0.8,0,0,0,0,1.0,0.6,0.0,0.1,1.9,2.0,10
14639,Antonio,Gibson,Antonio Gibson,/football/player/antonio-gibson-14639,,&#9881;,open,,i,,RB,,RB,NE,CHI,225,39.00,6.00,16.50,0.45,0,4900,4900,0,4.99,4.99,4.99,6.0,10.6,1.4,0,0,0,0,1.0,1.3,0.0,4.2,2.1,6.3,10
13449,Devin,Singletary,Devin Singletary,/football/player/devin-singletary-13449,,&#9881;,open,,i,,RB,,RB,NYG,CAR,-273,40.50,-6.50,23.50,0.48,0,5600,5600,0,5.45,5.45,5.45,8.5,17.8,2.2,0,0,0,0,1.0,1.3,0.0,6.1,1.4,7.5,10
12316,Johnny,Mundt,Johnny Mundt,/football/player/johnny-mundt-12316,,&#9881;,open,,i,,TE,,TE,MIN,JAX,-214,45.50,-4.50,25.00,0.43,0,2700,2700,0,2.71,2.71,2.71,3.7,6.6,0.7,0,0,0,0,1.0,0.6,0.0,0.0,1.6,1.6,10
14541,Adam,Trautman,Adam Trautman,/football/player/adam-trautman-14541,,&#9881;,open,,i,,TE,,TE,DEN,KC,318,41.50,8.50,16.50,0.35,0,2800,2800,0,2.86,2.86,2.86,3.1,14.0,0.0,0,0,0,0,1.0,0.6,0.0,0.0,1.8,1.8,10
13286,Tanner,Hudson,Tanner Hudson,/football/player/tanner-hudson-13286,,&#9881;,open,,i,,TE,,TE,CIN,BAL,217,53.50,6.50,23.50,0.28,0,2500,2500,0,2.34,2.34,2.34,0.9,3.0,0.0,0,0,0,0,0.9,0.8,0.0,0.0,2.1,2.1,10
11698,Samaje,Perine,Samaje Perine,/football/player/samaje-perine-11698,,&#9881;,open,,i,,RB,,RB,KC,DEN,-416,41.50,-8.50,25.00,0.27,0,4800,4800,0,4.17,4.17,4.17,5.9,11.7,1.6,0,0,0,0,0.9,0.7,0.0,1.3,2.1,3.4,10
17792,Ray,Davis,Ray Davis,/football/player/ray-davis-17792,,&#9881;,open,,i,,RB,,RB,BUF,IND,-204,47.50,-4.00,25.75,0.31,0,5500,5500,0,5.02,5.02,5.02,8.2,16.7,1.2,0,0,0,0,0.9,1.1,0.0,4.7,1.2,5.9,10
15229,Tutu,Atwell,Tutu Atwell,/football/player/tutu-atwell-15229,,&#9881;,open,,i,,WR,,WR,LAR,MIA,-119,50.00,-1.00,25.50,0.25,0,4200,4200,0,3.84,3.84,3.84,8.9,13.4,3.5,0,0,0,0,0.9,0.5,0.0,0.2,2.1,2.3,10
16772,Roschon,Johnson,Roschon Johnson,/football/player/roschon-johnson-16772,,&#9881;,open,,i,,RB,,RB,CHI,NE,-275,39.00,-6.00,22.50,0.36,0,4600,4600,0,4.14,4.14,4.14,7.0,13.1,1.2,0,0,0,0,0.9,1.0,0.0,3.4,1.2,4.6,10
10949,Nick,Vannett,Nick Vannett,/football/player/nick-vannett-10949,,&#9881;,open,,i,,TE,,TE,TEN,LAC,297,38.50,7.50,15.50,0.17,0,2600,2600,0,2.32,2.32,2.32,3.8,10.0,0.0,0,0,0,0,0.9,0.7,0.0,0.0,1.7,1.7,10
17045,Xavier,Gipson,Xavier Gipson,/football/player/xavier-gipson-17045,,&#9881;,open,,i,,WR,,WR,NYJ,ARI,-111,46.00,0.00,23.00,0.26,0,3000,3000,0,2.82,2.82,2.82,1.4,5.5,0.0,0,0,0,0,0.9,0.5,0.0,0.2,1.4,1.6,10
17684,Ja'Lynn,Polk,Ja'Lynn Polk,/football/player/jalynn-polk-17684,,&#9881;,open,,i,,WR,,WR,NE,CHI,225,39.00,6.00,16.50,0.15,0,3300,3300,0,2.83,2.83,2.83,3.2,7.9,0.0,0,0,0,0,0.9,0.6,0.0,0.0,2.0,2.0,10
15464,Tim,Jones,Tim Jones,/football/player/tim-jones-15464,,&#9881;,open,,i,,WR,,WR,JAX,MIN,176,45.50,4.50,20.50,0.15,0,3600,3600,0,3.12,3.12,3.12,0.6,2.4,0.0,0,0,0,0,0.9,0.5,0.0,0.1,1.6,1.7,10
17185,Jalen,Brooks,Jalen Brooks,/football/player/jalen-brooks-17185,,&#9881;,open,,i,,WR,,WR,DAL,PHI,280,42.00,7.00,17.50,0.13,0,3300,3300,0,2.85,2.85,2.85,2.1,4.2,0.2,0,0,0,0,0.9,0.6,0.0,0.0,1.9,1.9,10
8792,Cordarrelle,Patterson,Cordarrelle Patterson,/football/player/cordarrelle-patterson-8792,,&#9881;,open,,i,,RB,,RB,PIT,WAS,123,45.50,2.50,21.50,0.04,0,4000,4000,0,3.11,3.11,3.11,5.4,9.0,0.6,0,0,0,0,0.8,1.0,0.0,3.1,0.7,3.8,10
13854,Ashton,Dulin,Ashton Dulin,/football/player/ashton-dulin-13854,,&#9881;,open,,i,,WR,,WR,IND,BUF,167,47.50,4.00,21.75,0.05,0,3000,3000,0,2.32,2.32,2.32,0.8,2.0,0.0,0,0,0,0,0.8,0.5,0.0,0.1,1.3,1.4,10
15875,Dameon,Pierce,Dameon Pierce,/football/player/dameon-pierce-15875,"&nbsp;<span class=""red upper bold sm-text"">que</span>",&#9881;,open,,i,,RB,,RB,HOU,DET,154,49.00,3.50,22.75,0.06,0,4400,4400,0,3.39,3.39,3.39,5.1,14.1,0.0,0,0,0,0,0.8,1.1,0.0,4.2,0.8,5.0,10
17011,Johnny,Wilson,Johnny Wilson,/football/player/johnny-wilson-17011,,&#9881;,open,,i,,WR,,WR,PHI,DAL,-356,42.00,-7.00,24.50,0.06,0,3000,3000,0,2.29,2.29,2.29,0.3,1.4,0.0,0,0,0,0,0.8,0.5,0.0,0.1,1.4,1.5,10
16810,Keaton,Mitchell,Keaton Mitchell,/football/player/keaton-mitchell-16810,"&nbsp;<span class=""red upper bold sm-text"">PUP</span>",&#9881;,open,,i,,RB,,RB,BAL,CIN,-269,53.50,-6.50,30.00,0.07,0,4000,4000,0,2.98,2.98,2.98,0.0,0.0,0.0,0,0,0,0,0.8,0.9,0.0,2.7,0.8,3.5,10
11710,Curtis,Samuel,Curtis Samuel,/football/player/curtis-samuel-11710,"&nbsp;<span class=""red upper bold sm-text"">que</span>",&#9881;,open,,i,,WR,,WR,BUF,IND,-204,47.50,-4.00,25.75,0.11,0,3300,3300,0,2.74,2.74,2.74,2.6,6.4,0.0,0,0,0,0,0.8,0.5,0.0,0.3,1.3,1.6,10
17030,Davis,Allen,Davis Allen,/football/player/davis-allen-17030,,&#9881;,open,,i,,TE,,TE,LAR,MIA,-119,50.00,-1.00,25.50,0.41,0,2500,2500,0,2.06,2.06,2.06,0.3,1.2,0.0,0,0,0,0,0.8,0.4,0.0,0.0,1.1,1.1,10
15850,Jahan,Dotson,Jahan Dotson,/football/player/jahan-dotson-15850,,&#9881;,open,,i,,WR,,WR,PHI,DAL,-356,42.00,-7.00,24.50,0.13,0,4700,4700,0,3.61,3.61,3.61,2.2,4.3,0.2,0,0,0,0,0.8,0.5,0.0,0.0,2.1,2.1,10
11768,Dare,Ogunbowale,Dare Ogunbowale,/football/player/dare-ogunbowale-11768,,&#9881;,open,,i,,RB,,RB,HOU,DET,154,49.00,3.50,22.75,0.10,0,4000,4000,0,3.16,3.16,3.16,5.1,13.5,0.0,0,0,0,0,0.8,0.7,0.0,0.6,2.1,2.7,10
16889,Darnell,Washington,Darnell Washington,/football/player/darnell-washington-16889,,&#9881;,open,,i,,TE,,TE,PIT,WAS,123,45.50,2.50,21.50,0.27,0,2800,2800,0,2.22,2.22,2.22,3.9,7.3,0.5,0,0,0,0,0.8,0.5,0.0,0.0,1.3,1.3,10
12746,Justin,Watson,Justin Watson,/football/player/justin-watson-12746,,&#9881;,open,,i,,WR,,WR,KC,DEN,-416,41.50,-8.50,25.00,0.15,0,3700,3700,0,2.88,2.88,2.88,3.8,6.8,0.6,0,0,0,0,0.8,0.4,0.0,0.0,1.6,1.6,10
13521,Miles,Sanders,Miles Sanders,/football/player/miles-sanders-13521,,&#9881;,open,,i,,RB,,RB,CAR,NYG,220,40.50,6.50,17.00,0.11,0,4300,4300,0,2.87,2.87,2.87,6.0,10.7,1.6,0,0,0,0,0.7,1.0,0.0,2.9,1.3,4.2,10
15222,Kenneth,Gainwell,Kenneth Gainwell,/football/player/kenneth-gainwell-15222,,&#9881;,open,,i,,RB,,RB,PHI,DAL,-356,42.00,-7.00,24.50,0.11,0,4100,4100,0,2.79,2.79,2.79,2.7,6.4,0.4,0,0,0,0,0.7,0.7,0.0,1.8,1.1,2.9,10
16937,Jonathan,Mingo,Jonathan Mingo,/football/player/jonathan-mingo-16937,,&#9881;,open,,i,,WR,,WR,DAL,PHI,280,42.00,7.00,17.50,0.13,0,3200,3200,0,2.25,2.25,2.25,2.3,5.3,0.0,0,0,0,0,0.7,0.5,0.0,0.0,1.6,1.6,10
10210,Chris,Conley,Chris Conley,/football/player/chris-conley-10210,"&nbsp;<span class=""red upper bold sm-text"">que</span>",&#9881;,open,,i,,WR,,WR,SF,TB,-245,51.00,-5.50,28.25,0.08,0,3000,3000,0,2.16,2.16,2.16,0.2,1.1,0.0,0,0,0,0,0.7,0.4,0.0,0.1,1.1,1.2,10
12820,DJ,Chark,DJ Chark,/football/player/dj-chark-12820,"&nbsp;<span class=""red upper bold sm-text"">que</span>",&#9881;,open,,i,,WR,,WR,LAC,TEN,-376,38.50,-7.50,23.00,0.07,0,3400,3400,0,2.52,2.52,2.52,0.0,0.0,0.0,0,0,0,0,0.7,0.4,0.0,0.0,1.5,1.5,10
17690,Blake,Corum,Blake Corum,/football/player/blake-corum-17690,,&#9881;,open,,i,,RB,,RB,LAR,MIA,-119,50.00,-1.00,25.50,0.10,0,4200,4200,0,2.86,2.86,2.86,1.6,3.8,0.0,0,0,0,0,0.7,0.9,0.0,3.1,0.5,3.6,10
13036,Brandon,Powell,Brandon Powell,/football/player/brandon-powell-13036,,&#9881;,open,,i,,WR,,WR,MIN,JAX,-214,45.50,-4.50,25.00,0.09,0,3000,3000,0,2.17,2.17,2.17,1.1,3.1,0.0,0,0,0,0,0.7,0.5,0.0,0.2,1.3,1.5,10
17335,Julian,Hill,Julian Hill,/football/player/julian-hill-17335,"&nbsp;<span class=""red upper bold sm-text"">que</span>",&#9881;,open,,i,,TE,,TE,MIA,LAR,100,50.00,1.00,24.50,0.20,0,2500,2500,0,1.74,1.74,1.74,1.7,4.1,0.0,0,0,0,0,0.7,0.4,0.0,0.0,1.1,1.1,10
16959,Elijah,Higgins,Elijah Higgins,/football/player/elijah-higgins-16959,,&#9881;,open,,i,,TE,,TE,ARI,NYJ,-107,46.00,0.00,23.00,0.16,0,2900,2900,0,2.04,2.04,2.04,3.9,7.9,0.4,0,0,0,0,0.7,0.4,0.0,0.0,1.2,1.2,10
12678,D'Ernest,Johnson,D'Ernest Johnson,/football/player/dernest-johnson-12678,,&#9881;,open,,i,,RB,,RB,JAX,MIN,176,45.50,4.50,20.50,0.06,0,4200,4200,0,2.83,2.83,2.83,3.4,8.4,0.0,0,0,0,0,0.7,0.9,0.0,2.4,1.4,3.8,10
15681,Brock,Wright,Brock Wright,/football/player/brock-wright-15681,,&#9881;,open,,i,,TE,,TE,DET,HOU,-187,49.00,-3.50,26.25,0.19,0,2500,2500,0,1.65,1.65,1.65,2.8,7.0,0.0,0,0,0,0,0.7,0.4,0.0,0.0,0.9,0.9,10
17008,Jacob,Cowing,Jacob Cowing,/football/player/jacob-cowing-17008,,&#9881;,open,,i,,WR,,WR,SF,TB,-245,51.00,-5.50,28.25,0.04,0,3100,3100,0,2.16,2.16,2.16,1.0,5.3,0.0,0,0,0,0,0.7,0.4,0.0,0.1,1.2,1.3,10
13061,Trent,Sherfield,Trent Sherfield,/football/player/trent-sherfield-13061,,&#9881;,open,,i,,WR,,WR,MIN,JAX,-214,45.50,-4.50,25.00,0.03,0,3000,3000,0,1.73,1.73,1.73,2.3,6.5,0.0,0,0,0,0,0.6,0.3,0.0,0.0,1.0,1.0,10
11777,Jamaal,Williams,Jamaal Williams,/football/player/jamaal-williams-11777,"&nbsp;<span class=""red upper bold sm-text"">que</span>",&#9881;,open,,i,,RB,,RB,NO,ATL,163,46.50,4.00,21.25,0.05,0,4100,4100,0,2.58,2.58,2.58,1.8,3.6,0.3,0,0,0,0,0.6,0.9,0.0,3.0,0.7,3.7,10
8930,Kyle,Juszczyk,Kyle Juszczyk,/football/player/kyle-juszczyk-8930,,&#9881;,open,,i,,RB,,RB,SF,TB,-245,51.00,-5.50,28.25,1.59,0,4000,4000,0,2.19,2.19,2.19,3.6,8.8,0.1,0,0,0,0,0.6,0.4,0.0,0.3,1.1,1.4,10
17767,Trey,Benson,Trey Benson,/football/player/trey-benson-17767,,&#9881;,open,,i,,RB,,RB,ARI,NYJ,-107,46.00,0.00,23.00,0.11,0,4800,4800,0,3.09,3.09,3.09,3.5,10.2,0.0,0,0,0,0,0.6,0.8,0.0,3.1,0.8,3.9,10
16163,Jordan,Mason,Jordan Mason,/football/player/jordan-mason-16163,"&nbsp;<span class=""red upper bold sm-text"">que</span>",&#9881;,open,,i,,RB,,RB,SF,TB,-245,51.00,-5.50,28.25,0.10,0,7400,7400,0,4.84,4.84,4.84,14.1,25.0,3.5,0,0,0,0,0.6,0.7,0.0,4.4,0.8,5.2,10
14432,Tyler,Johnson,Tyler Johnson,/football/player/tyler-johnson-14432,,&#9881;,open,,i,,WR,,WR,LAR,MIA,-119,50.00,-1.00,25.50,0.04,0,3500,3500,0,2.10,2.10,2.10,3.9,8.6,0.1,0,0,0,0,0.6,0.3,0.0,0.0,1.2,1.2,10
15566,Luke,Farrell,Luke Farrell,/football/player/luke-farrell-15566,,&#9881;,open,,i,,TE,,TE,JAX,MIN,176,45.50,4.50,20.50,0.09,0,2500,2500,0,1.43,1.43,1.43,1.2,3.2,0.0,0,0,0,0,0.6,0.3,0.0,0.0,0.8,0.8,10
17800,Jaylen,Wright,Jaylen Wright,/football/player/jaylen-wright-17800,,&#9881;,open,,i,,RB,,RB,MIA,LAR,100,50.00,1.00,24.50,0.05,0,4000,4000,0,2.46,2.46,2.46,3.0,7.1,0.4,0,0,0,0,0.6,0.7,0.0,2.2,0.6,2.8,10
17788,Audric,Estime,Audric Estime,/football/player/audric-estime-17788,,&#9881;,open,,i,,RB,,RB,DEN,KC,318,41.50,8.50,16.50,0.05,0,4000,4000,0,2.45,2.45,2.45,1.8,3.3,0.4,0,0,0,0,0.6,0.9,0.0,3.2,0.5,3.7,10
16709,Rakim,Jarrett,Rakim Jarrett,/football/player/rakim-jarrett-16709,,&#9881;,open,,i,,WR,,WR,TB,SF,198,51.00,5.50,22.75,0.22,0,3600,3600,0,2.27,2.27,2.27,5.4,9.5,1.2,0,0,0,0,0.6,0.4,0.0,0.1,1.3,1.4,10
16728,Sean,Tucker,Sean Tucker,/football/player/sean-tucker-16728,,&#9881;,open,,i,,RB,,RB,TB,SF,198,51.00,5.50,22.75,0.05,0,4700,4700,0,2.65,2.65,2.65,6.3,28.0,0.0,0,0,0,0,0.6,0.9,0.0,3.9,0.2,4.1,10
11700,Dalvin,Cook,Dalvin Cook,/football/player/dalvin-cook-11700,,&#9881;,open,,i,,RB,,RB,DAL,PHI,280,42.00,7.00,17.50,0.03,0,5000,5000,0,2.78,2.78,2.78,2.0,3.5,0.6,0,0,0,0,0.6,0.8,0.0,2.8,1.0,3.8,10
12807,Durham,Smythe,Durham Smythe,/football/player/durham-smythe-12807,,&#9881;,open,,i,,TE,,TE,MIA,LAR,100,50.00,1.00,24.50,0.08,0,2500,2500,0,1.39,1.39,1.39,0.6,1.6,0.0,0,0,0,0,0.6,0.3,0.0,0.0,0.7,0.7,10
15245,Kylen,Granson,Kylen Granson,/football/player/kylen-granson-15245,,&#9881;,open,,i,,TE,,TE,IND,BUF,167,47.50,4.00,21.75,0.14,0,2600,2600,0,1.68,1.68,1.68,1.4,4.2,0.0,0,0,0,0,0.6,0.4,0.0,0.0,1.0,1.0,10
12216,David,Moore,David Moore,/football/player/david-moore-12216,,&#9881;,open,,i,,WR,,WR,CAR,NYG,220,40.50,6.50,17.00,0.19,0,3000,3000,0,1.89,1.89,1.89,2.4,6.6,0.0,0,0,0,0,0.6,0.4,0.0,0.1,1.1,1.2,10
17091,Emari,Demercado,Emari Demercado,/football/player/emari-demercado-17091,,&#9881;,open,,i,,RB,,RB,ARI,NYJ,-107,46.00,0.00,23.00,0.06,0,4600,4600,0,2.81,2.81,2.81,4.8,13.3,0.0,0,0,0,0,0.6,0.7,0.0,2.4,0.9,3.3,10
12858,Ian,Thomas,Ian Thomas,/football/player/ian-thomas-12858,,&#9881;,open,,i,,TE,,TE,CAR,NYG,220,40.50,6.50,17.00,0.10,0,2500,2500,0,1.39,1.39,1.39,0.6,2.1,0.0,0,0,0,0,0.6,0.4,0.0,0.0,1.1,1.1,10
15924,Charlie,Kolar,Charlie Kolar,/football/player/charlie-kolar-15924,,&#9881;,open,,i,,TE,,TE,BAL,CIN,-269,53.50,-6.50,30.00,0.07,0,2500,2500,0,1.29,1.29,1.29,3.2,12.0,0.0,0,0,0,0,0.5,0.3,0.0,0.0,0.8,0.8,10
17821,Kimani,Vidal,Kimani Vidal,/football/player/kimani-vidal-17821,,&#9881;,open,,i,,RB,,RB,LAC,TEN,-376,38.50,-7.50,23.00,0.09,0,5200,5200,0,2.77,2.77,2.77,4.6,11.7,0.0,0,0,0,0,0.5,0.7,0.0,2.6,0.9,3.5,10
13786,Josh,Oliver,Josh Oliver,/football/player/josh-oliver-13786,,&#9881;,open,,i,,TE,,TE,MIN,JAX,-214,45.50,-4.50,25.00,0.08,0,3200,3200,0,1.62,1.62,1.62,5.5,14.5,0.0,0,0,0,0,0.5,0.3,0.0,0.0,0.9,0.9,10
15413,Trey,Sermon,Trey Sermon,/football/player/trey-sermon-15413,,&#9881;,open,,i,,RB,,RB,IND,BUF,167,47.50,4.00,21.75,0.03,0,4500,4500,0,2.10,2.10,2.10,5.2,14.6,0.2,0,0,0,0,0.5,0.7,0.0,2.6,0.5,3.1,10
16714,Jalin,Hyatt,Jalin Hyatt,/football/player/jalin-hyatt-16714,,&#9881;,open,,i,,WR,,WR,NYG,CAR,-273,40.50,-6.50,23.50,0.02,0,3100,3100,0,1.47,1.47,1.47,0.2,1.2,0.0,0,0,0,0,0.5,0.3,0.0,0.0,0.9,0.9,10
17688,Jordan,Whittington,Jordan Whittington,/football/player/jordan-whittington-17688,"&nbsp;<span class=""red upper bold sm-text"">que</span>",&#9881;,open,,i,,WR,,WR,LAR,MIA,-119,50.00,-1.00,25.50,0.03,0,4500,4500,0,2.05,2.05,2.05,7.6,15.0,0.6,0,0,0,0,0.5,0.2,0.0,0.0,1.1,1.1,10
11737,Gerald,Everett,Gerald Everett,/football/player/gerald-everett-11737,,&#9881;,open,,i,,TE,,TE,CHI,NE,-275,39.00,-6.00,22.50,0.10,0,2500,2500,0,1.21,1.21,1.21,1.3,3.5,0.0,0,0,0,0,0.5,0.3,0.0,0.0,0.7,0.7,10
11868,Zach,Pascal,Zach Pascal,/football/player/zach-pascal-11868,,&#9881;,open,,i,,WR,,WR,ARI,NYJ,-107,46.00,0.00,23.00,0.01,0,3000,3000,0,1.61,1.61,1.61,0.0,0.0,0.0,0,0,0,0,0.5,0.3,0.0,0.1,0.9,1.0,10
16036,Daniel,Bellinger,Daniel Bellinger,/football/player/daniel-bellinger-16036,,&#9881;,open,,i,,TE,,TE,NYG,CAR,-273,40.50,-6.50,23.50,0.06,0,2500,2500,0,1.15,1.15,1.15,0.6,2.2,0.0,0,0,0,0,0.5,0.3,0.0,0.0,0.7,0.7,10
16855,Luke,Schoonmaker,Luke Schoonmaker,/football/player/luke-schoonmaker-16855,,&#9881;,open,,i,,TE,,TE,DAL,PHI,280,42.00,7.00,17.50,0.06,0,2500,2500,0,1.23,1.23,1.23,1.9,8.0,0.0,0,0,0,0,0.5,0.3,0.0,0.0,0.7,0.7,10
17777,Malachi,Corley,Malachi Corley,/football/player/malachi-corley-17777,,&#9881;,open,,i,,WR,,WR,NYJ,ARI,-111,46.00,0.00,23.00,0.03,0,3000,3000,0,1.45,1.45,1.45,0.4,1.2,0.0,0,0,0,0,0.5,0.2,0.0,0.0,0.7,0.7,10
16970,Eric,Gray,Eric Gray,/football/player/eric-gray-16970,,&#9881;,open,,i,,RB,,RB,NYG,CAR,-273,40.50,-6.50,23.50,0.03,0,4000,4000,0,1.89,1.89,1.89,1.4,5.7,0.0,0,0,0,0,0.5,0.4,0.0,0.7,0.8,1.5,10
10251,MyCole,Pruitt,MyCole Pruitt,/football/player/mycole-pruitt-10251,,&#9881;,open,,i,,TE,,TE,PIT,WAS,123,45.50,2.50,21.50,0.05,0,2500,2500,0,1.30,1.30,1.30,0.7,1.9,0.0,0,0,0,0,0.5,0.3,0.0,0.0,0.8,0.8,10
16039,Grant,Calcaterra,Grant Calcaterra,/football/player/grant-calcaterra-16039,,&#9881;,open,,i,,TE,,TE,PHI,DAL,-356,42.00,-7.00,24.50,0.09,0,3500,3500,0,1.69,1.69,1.69,5.2,10.0,0.6,0,0,0,0,0.5,0.3,0.0,0.0,1.1,1.1,10
11751,Zay,Jones,Zay Jones,/football/player/zay-jones-11751,,&#9881;,open,,i,,WR,,WR,ARI,NYJ,-107,46.00,0.00,23.00,0.02,0,3700,3700,0,1.80,1.80,1.80,0.4,1.2,0.0,0,0,0,0,0.5,0.3,0.0,0.0,1.1,1.1,10
17000,Hunter,Luepke,Hunter Luepke,/football/player/hunter-luepke-17000,,&#9881;,open,,i,,RB,,RB,DAL,PHI,280,42.00,7.00,17.50,1.59,0,4000,4000,0,1.46,1.46,1.46,2.4,5.5,0.0,0,0,0,0,0.4,0.4,0.0,0.3,1.1,1.4,10
14608,Charlie,Woerner,Charlie Woerner,/football/player/charlie-woerner-14608,,&#9881;,open,,i,,TE,,TE,ATL,NO,-197,46.50,-4.00,25.25,0.02,0,2500,2500,0,0.91,0.91,0.91,0.3,1.7,0.0,0,0,0,0,0.4,0.2,0.0,0.0,0.5,0.5,10
17909,Carson,Steele,Carson Steele,/football/player/carson-steele-17909,,&#9881;,open,,i,,RB,,RB,KC,DEN,-416,41.50,-8.50,25.00,0.02,0,4000,4000,0,1.65,1.65,1.65,2.4,6.8,0.1,0,0,0,0,0.4,0.5,0.0,1.6,0.4,2.0,10
10234,DeAndre,Carter,DeAndre Carter,/football/player/deandre-carter-10234,,&#9881;,open,,i,,WR,,WR,CHI,NE,-275,39.00,-6.00,22.50,0.01,0,3000,3000,0,1.25,1.25,1.25,1.9,5.4,0.0,0,0,0,0,0.4,0.4,0.0,0.3,0.8,1.1,10
13809,Drew,Sample,Drew Sample,/football/player/drew-sample-13809,,&#9881;,open,,i,,TE,,TE,CIN,BAL,217,53.50,6.50,23.50,0.12,0,2700,2700,0,1.21,1.21,1.21,2.3,8.9,0.0,0,0,0,0,0.4,0.3,0.0,0.0,0.7,0.7,10
10736,Ezekiel,Elliott,Ezekiel Elliott,/football/player/ezekiel-elliott-10736,,&#9881;,open,,i,,RB,,RB,DAL,PHI,280,42.00,7.00,17.50,0.02,0,5100,5100,0,2.22,2.22,2.22,4.2,9.2,1.2,0,0,0,0,0.4,0.5,0.0,1.7,0.8,2.5,10
16939,Derius,Davis,Derius Davis,/football/player/derius-davis-16939,,&#9881;,open,,i,,WR,,WR,LAC,TEN,-376,38.50,-7.50,23.00,0.01,0,3000,3000,0,1.33,1.33,1.33,0.8,2.7,0.0,0,0,0,0,0.4,0.2,0.0,0.1,0.5,0.6,10
11861,Mack,Hollins,Mack Hollins,/football/player/mack-hollins-11861,,&#9881;,open,,i,,WR,,WR,BUF,IND,-204,47.50,-4.00,25.75,0.05,0,3300,3300,0,1.41,1.41,1.41,3.8,11.4,0.0,0,0,0,0,0.4,0.2,0.0,0.0,0.8,0.8,10
17833,Ben,Sinnott,Ben Sinnott,/football/player/ben-sinnott-17833,,&#9881;,open,,i,,TE,,TE,WAS,PIT,-147,45.50,-2.50,24.00,0.05,0,2500,2500,0,1.11,1.11,1.11,1.4,6.5,0.0,0,0,0,0,0.4,0.2,0.0,0.0,0.6,0.6,10
17014,Will,Mallory,Will Mallory,/football/player/will-mallory-17014,,&#9881;,open,,i,,TE,,TE,IND,BUF,167,47.50,4.00,21.75,0.14,0,2500,2500,0,1.06,1.06,1.06,0.5,1.5,0.0,0,0,0,0,0.4,0.2,0.0,0.0,0.6,0.6,10
16720,Payne,Durham,Payne Durham,/football/player/payne-durham-16720,,&#9881;,open,,i,,TE,,TE,TB,SF,198,51.00,5.50,22.75,0.03,0,2500,2500,0,1.07,1.07,1.07,0.3,1.4,0.0,0,0,0,0,0.4,0.2,0.0,0.0,0.6,0.6,10
15916,Connor,Heyward,Connor Heyward,/football/player/connor-heyward-15916,,&#9881;,open,,i,,TE,,TE,PIT,WAS,123,45.50,2.50,21.50,0.11,0,2500,2500,0,0.69,0.69,0.69,1.8,8.0,0.0,0,0,0,0,0.3,0.2,0.0,0.0,0.5,0.5,10
17787,Javon,Baker,Javon Baker,/football/player/javon-baker-17787,,&#9881;,open,,i,,WR,,WR,NE,CHI,225,39.00,6.00,16.50,0.00,0,3000,3000,0,0.88,0.88,0.88,0.0,0.0,0.0,0,0,0,0,0.3,0.2,0.0,0.0,0.6,0.6,10
17738,Jermaine,Burton,Jermaine Burton,/football/player/jermaine-burton-17738,,&#9881;,open,,i,,WR,,WR,CIN,BAL,217,53.50,6.50,23.50,0.04,0,3100,3100,0,0.86,0.86,0.86,1.8,5.2,0.0,0,0,0,0,0.3,0.2,0.0,0.0,0.5,0.5,10
16277,Drew,Ogletree,Drew Ogletree,/football/player/drew-ogletree-16277,,&#9881;,open,,i,,TE,,TE,IND,BUF,167,47.50,4.00,21.75,0.03,0,2500,2500,0,0.88,0.88,0.88,2.1,6.8,0.0,0,0,0,0,0.3,0.2,0.0,0.0,0.5,0.5,10
16843,Ronnie,Bell,Ronnie Bell,/football/player/ronnie-bell-16843,,&#9881;,open,,i,,WR,,WR,SF,TB,-245,51.00,-5.50,28.25,0.00,0,3000,3000,0,0.79,0.79,0.79,0.6,1.9,0.0,0,0,0,0,0.3,0.1,0.0,0.0,0.4,0.4,10
17760,Sione,Vaki,Sione Vaki,/football/player/sione-vaki-17760,,&#9881;,open,,i,,RB,,RB,DET,HOU,-187,49.00,-3.50,26.25,0.00,0,4000,4000,0,1.05,1.05,1.05,0.5,2.2,0.0,0,0,0,0,0.3,0.3,0.0,0.8,0.5,1.3,10
15831,Tyquan,Thornton,Tyquan Thornton,/football/player/tyquan-thornton-15831,,&#9881;,open,,i,,WR,,WR,NE,CHI,225,39.00,6.00,16.50,0.02,0,3000,3000,0,1.01,1.01,1.01,0.8,3.3,0.0,0,0,0,0,0.3,0.3,0.0,0.1,0.7,0.8,10
13626,Trenton,Irwin,Trenton Irwin,/football/player/trenton-irwin-13626,,&#9881;,open,,i,,WR,,WR,CIN,BAL,217,53.50,6.50,23.50,0.03,0,3000,3000,0,0.74,0.74,0.74,0.7,1.5,0.0,0,0,0,0,0.3,0.1,0.0,0.0,0.4,0.4,10
14421,Jalen,Reagor,Jalen Reagor,/football/player/jalen-reagor-14421,,&#9881;,open,,i,,WR,,WR,LAC,TEN,-376,38.50,-7.50,23.00,0.00,0,3000,3000,0,0.89,0.89,0.89,3.5,5.7,1.1,0,0,0,0,0.3,0.2,0.0,0.0,0.5,0.5,10
16321,Stone,Smartt,Stone Smartt,/football/player/stone-smartt-16321,"&nbsp;<span class=""red upper bold sm-text"">que</span>",&#9881;,open,,i,,TE,,TE,LAC,TEN,-376,38.50,-7.50,23.00,0.07,0,2500,2500,0,0.76,0.76,0.76,1.0,3.4,0.0,0,0,0,0,0.3,0.2,0.0,0.0,0.4,0.4,10
14459,J.J.,Taylor,J.J. Taylor,/football/player/jj-taylor-14459,,&#9881;,open,,i,,RB,,RB,HOU,DET,154,49.00,3.50,22.75,0.00,0,4000,4000,0,1.41,1.41,1.41,1.6,2.5,0.3,0,0,0,0,0.3,0.5,0.0,1.5,0.4,1.9,10
15460,Quintin,Morris,Quintin Morris,/football/player/quintin-morris-15460,,&#9881;,open,,i,,TE,,TE,BUF,IND,-204,47.50,-4.00,25.75,0.01,0,2500,2500,0,0.77,0.77,0.77,0.9,5.3,0.0,0,0,0,0,0.3,0.2,0.0,0.0,0.4,0.4,10
15289,John,Bates,John Bates,/football/player/john-bates-15289,,&#9881;,open,,i,,TE,,TE,WAS,PIT,-147,45.50,-2.50,24.00,0.02,0,2500,2500,0,0.58,0.58,0.58,0.8,2.5,0.0,0,0,0,0,0.2,0.2,0.0,0.0,0.4,0.4,10
13960,Craig,Reynolds,Craig Reynolds,/football/player/craig-reynolds-13960,,&#9881;,open,,i,,RB,,RB,DET,HOU,-187,49.00,-3.50,26.25,0.00,0,4000,4000,0,0.88,0.88,0.88,0.3,1.6,0.0,0,0,0,0,0.2,0.2,0.0,0.3,0.5,0.8,10
17015,Ainias,Smith,Ainias Smith,/football/player/ainias-smith-17015,,&#9881;,open,,i,,WR,,WR,PHI,DAL,-356,42.00,-7.00,24.50,0.02,0,3200,3200,0,0.68,0.68,0.68,0.6,1.3,0.0,0,0,0,0,0.2,0.1,0.0,0.0,0.4,0.4,10
11767,Jeremy,McNichols,Jeremy McNichols,/football/player/jeremy-mcnichols-11767,,&#9881;,open,,i,,RB,,RB,WAS,PIT,-147,45.50,-2.50,24.00,0.00,0,4400,4400,0,0.81,0.81,0.81,4.7,16.2,0.0,0,0,0,0,0.2,0.3,0.0,1.3,0.2,1.5,10
15310,Tylan,Wallace,Tylan Wallace,/football/player/tylan-wallace-15310,,&#9881;,open,,i,,WR,,WR,BAL,CIN,-269,53.50,-6.50,30.00,0.00,0,3000,3000,0,0.50,0.50,0.50,0.6,3.8,0.0,0,0,0,0,0.2,0.1,0.0,0.0,0.3,0.3,10
16069,John,Metchie,John Metchie,/football/player/john-metchie-16069,,&#9881;,open,,i,,WR,,WR,HOU,DET,154,49.00,3.50,22.75,0.03,0,3900,3900,0,0.65,0.65,0.65,1.3,4.8,0.0,0,0,0,0,0.2,0.6,0.0,0.1,2.4,2.5,10
17848,Jaheim,Bell,Jaheim Bell,/football/player/jaheim-bell-17848,,&#9881;,open,,i,,TE,,TE,NE,CHI,225,39.00,6.00,16.50,0.05,0,2500,2500,0,0.60,0.60,0.60,0.2,0.9,0.0,0,0,0,0,0.2,0.2,0.0,0.0,0.4,0.4,10
13418,KhaDarel,Hodge,KhaDarel Hodge,/football/player/khadarel-hodge-13418,,&#9881;,open,,i,,WR,,WR,ATL,NO,-197,46.50,-4.00,25.25,0.01,0,3200,3200,0,0.63,0.63,0.63,2.1,11.0,0.0,0,0,0,0,0.2,0.1,0.0,0.0,0.3,0.3,10
15246,Hunter,Long,Hunter Long,/football/player/hunter-long-15246,,&#9881;,open,,i,,TE,,TE,LAR,MIA,-119,50.00,-1.00,25.50,0.02,0,2500,2500,0,0.37,0.37,0.37,1.3,3.2,0.0,0,0,0,0,0.2,0.1,0.0,0.0,0.3,0.3,10
16719,Charlie,Jones,Charlie Jones,/football/player/charlie-jones-16719,"&nbsp;<span class=""red upper bold sm-text"">dou</span>",&#9881;,open,,i,,WR,,WR,CIN,BAL,217,53.50,6.50,23.50,0.00,0,3000,3000,0,0.52,0.52,0.52,0.9,4.6,0.0,0,0,0,0,0.2,0.1,0.0,0.0,0.3,0.3,10
13987,Scotty,Miller,Scotty Miller,/football/player/scotty-miller-13987,,&#9881;,open,,i,,WR,,WR,PIT,WAS,123,45.50,2.50,21.50,0.00,0,3000,3000,0,0.73,0.73,0.73,0.7,3.9,0.0,0,0,0,0,0.2,0.2,0.0,0.1,0.5,0.6,10
17971,Anthony,Gould,Anthony Gould,/football/player/anthony-gould-17971,,&#9881;,open,,i,,WR,,WR,IND,BUF,167,47.50,4.00,21.75,0.00,0,3000,3000,0,0.47,0.47,0.47,0.0,0.0,0.0,0,0,0,0,0.2,0.1,0.0,0.0,0.3,0.3,10
17972,Jha'Quan,Jackson,Jha'Quan Jackson,/football/player/jhaquan-jackson-17972,,&#9881;,open,,i,,WR,,WR,TEN,LAC,297,38.50,7.50,15.50,0.00,0,3000,3000,0,0.47,0.47,0.47,0.2,1.0,0.0,0,0,0,0,0.2,0.1,0.0,0.0,0.4,0.4,10
16713,Tyler,Scott,Tyler Scott,/football/player/tyler-scott-16713,,&#9881;,open,,i,,WR,,WR,CHI,NE,-275,39.00,-6.00,22.50,0.00,0,3000,3000,0,0.54,0.54,0.54,0.0,0.0,0.0,0,0,0,0,0.2,0.1,0.0,0.1,0.3,0.4,10
14641,K.J.,Osborn,K.J. Osborn,/football/player/kj-osborn-14641,,&#9881;,open,,i,,WR,,WR,NE,CHI,225,39.00,6.00,16.50,0.01,0,3000,3000,0,0.63,0.63,0.63,2.7,8.9,0.0,0,0,0,0,0.2,0.1,0.0,0.0,0.4,0.4,10
15990,Tyler,Goodson,Tyler Goodson,/football/player/tyler-goodson-15990,,&#9881;,open,,i,,RB,,RB,IND,BUF,167,47.50,4.00,21.75,0.00,0,4900,4900,0,0.87,0.87,0.87,3.9,10.1,0.0,0,0,0,0,0.2,0.2,0.0,0.7,0.3,1.0,10
15979,Ty,Chandler,Ty Chandler,/football/player/ty-chandler-15979,,&#9881;,open,,i,,RB,,RB,MIN,JAX,-214,45.50,-4.50,25.00,0.00,0,4200,4200,0,0.92,0.92,0.92,2.6,7.0,0.0,0,0,0,0,0.2,0.3,0.0,0.8,0.3,1.1,10
14514,Clyde,Edwards-Helaire,Clyde Edwards-Helaire,/football/player/clyde-edwards-helaire-14514,,&#9881;,open,,i,,RB,,RB,KC,DEN,-416,41.50,-8.50,25.00,0.01,0,5000,5000,0,1.12,1.12,1.12,0.0,0.0,0.0,0,0,0,0,0.2,0.2,0.0,0.8,0.4,1.2,10
17947,Isaac,Guerendo,Isaac Guerendo,/football/player/isaac-guerendo-17947,,&#9881;,open,,i,,RB,,RB,SF,TB,-245,51.00,-5.50,28.25,0.00,0,6400,6400,0,1.22,1.22,1.22,4.2,15.2,0.0,0,0,0,0,0.2,0.2,0.0,1.1,0.3,1.4,10
15510,Jack,Stoll,Jack Stoll,/football/player/jack-stoll-15510,,&#9881;,open,,i,,TE,,TE,PHI,DAL,-356,42.00,-7.00,24.50,0.07,0,2500,2500,0,0.57,0.57,0.57,0.5,1.4,0.0,0,0,0,0,0.2,0.1,0.0,0.0,0.3,0.3,10
14410,DeeJay,Dallas,DeeJay Dallas,/football/player/deejay-dallas-14410,"&nbsp;<span class=""red upper bold sm-text"">que</span>",&#9881;,open,,i,,RB,,RB,ARI,NYJ,-107,46.00,0.00,23.00,0.00,0,4000,4000,0,0.73,0.73,0.73,0.0,0.2,0.0,0,0,0,0,0.2,0.3,0.0,0.6,0.4,1.0,10
9264,Allen,Robinson,Allen Robinson,/football/player/allen-robinson-9264,,&#9881;,open,,i,,WR,,WR,DET,HOU,-187,49.00,-3.50,26.25,0.01,0,3100,3100,0,0.34,0.34,0.34,0.3,1.1,0.0,0,0,0,0,0.1,0.1,0.0,0.0,0.2,0.2,10
11897,Eric,Saubert,Eric Saubert,/football/player/eric-saubert-11897,,&#9881;,open,,i,,TE,,TE,SF,TB,-245,51.00,-5.50,28.25,0.03,0,2500,2500,0,0.28,0.28,0.28,1.3,5.0,0.0,0,0,0,0,0.1,0.1,0.0,0.0,0.2,0.2,10
16932,Xavier,Hutchinson,Xavier Hutchinson,/football/player/xavier-hutchinson-16932,,&#9881;,open,,i,,WR,,WR,HOU,DET,154,49.00,3.50,22.75,0.01,0,3600,3600,0,0.49,0.49,0.49,1.3,4.2,0.0,0,0,0,0,0.1,0.5,0.0,0.2,1.6,1.8,10
17974,Ryan,Flournoy,Ryan Flournoy,/football/player/ryan-flournoy-17974,,&#9881;,open,,i,,WR,,WR,DAL,PHI,280,42.00,7.00,17.50,0.00,0,3000,3000,0,0.30,0.30,0.30,0.9,2.1,0.0,0,0,0,0,0.1,0.1,0.0,0.0,0.2,0.2,10
17824,Dallin,Holker,Dallin Holker,/football/player/dallin-holker-17824,,&#9881;,open,,i,,TE,,TE,NO,ATL,163,46.50,4.00,21.25,0.03,0,2500,2500,0,0.17,0.17,0.17,0.0,0.0,0.0,0,0,0,0,0.1,0.0,0.0,0.0,0.1,0.1,10
14392,JaMycal,Hasty,JaMycal Hasty,/football/player/jamycal-hasty-14392,,&#9881;,open,,i,,RB,,RB,NE,CHI,225,39.00,6.00,16.50,0.00,0,4100,4100,0,0.45,0.45,0.45,2.7,11.9,0.0,0,0,0,0,0.1,0.1,0.0,0.4,0.2,0.6,10
14573,Patrick,Taylor,Patrick Taylor,/football/player/patrick-taylor-14573,,&#9881;,open,,i,,RB,,RB,SF,TB,-245,51.00,-5.50,28.25,0.00,0,4400,4400,0,0.35,0.35,0.35,0.6,2.9,0.0,0,0,0,0,0.1,0.1,0.0,0.2,0.2,0.4,10
17966,Tip,Reiman,Tip Reiman,/football/player/tip-reiman-17966,,&#9881;,open,,i,,TE,,TE,ARI,NYJ,-107,46.00,0.00,23.00,0.04,0,2500,2500,0,0.33,0.33,0.33,0.3,1.2,0.0,0,0,0,0,0.1,0.1,0.0,0.0,0.2,0.2,10
14629,Josiah,Deguara,Josiah Deguara,/football/player/josiah-deguara-14629,,&#9881;,open,,i,,TE,,TE,JAX,MIN,176,45.50,4.50,20.50,0.04,0,2500,2500,0,0.28,0.28,0.28,0.4,1.5,0.0,0,0,0,0,0.1,0.1,0.0,0.0,0.2,0.2,10
13484,Travis,Homer,Travis Homer,/football/player/travis-homer-13484,,&#9881;,open,,i,,RB,,RB,CHI,NE,-275,39.00,-6.00,22.50,0.00,0,4000,4000,0,0.44,0.44,0.44,0.2,0.6,0.0,0,0,0,0,0.1,0.2,0.0,0.4,0.2,0.6,10
17467,Xavier,Smith,Xavier Smith,/football/player/xavier-smith-17467,,&#9881;,open,,i,,WR,,WR,LAR,MIA,-119,50.00,-1.00,25.50,0.00,0,3000,3000,0,0.26,0.26,0.26,0.9,2.7,0.0,0,0,0,0,0.1,0.1,0.0,0.0,0.2,0.2,10
13548,Trayveon,Williams,Trayveon Williams,/football/player/trayveon-williams-13548,,&#9881;,open,,i,,RB,,RB,CIN,BAL,217,53.50,6.50,23.50,0.00,0,4000,4000,0,0.21,0.21,0.21,0.0,0.0,0.0,0,0,0,0,0.1,0.1,0.0,0.2,0.1,0.3,10
18044,Casey,Washington,Casey Washington,/football/player/casey-washington-18044,,&#9881;,open,,i,,WR,,WR,ATL,NO,-197,46.50,-4.00,25.25,0.01,0,3000,3000,0,0.35,0.35,0.35,0.5,2.0,0.0,0,0,0,0,0.1,0.1,0.0,0.0,0.2,0.2,10
17866,Tanner,McLachlan,Tanner McLachlan,/football/player/tanner-mclachlan-17866,,&#9881;,open,,i,,TE,,TE,CIN,BAL,217,53.50,6.50,23.50,0.00,0,2500,2500,0,0.17,0.17,0.17,0.0,0.0,0.0,0,0,0,0,0.1,0.0,0.0,0.0,0.1,0.1,10
15461,Dee,Eskridge,Dee Eskridge,/football/player/dee-eskridge-15461,,&#9881;,open,,i,,WR,,WR,MIA,LAR,100,50.00,1.00,24.50,0.00,0,3000,3000,0,0.30,0.30,0.30,1.4,3.7,0.0,0,0,0,0,0.1,0.1,0.0,0.0,0.2,0.2,10
17039,Jase,McClellan,Jase McClellan,/football/player/jase-mcclellan-17039,,&#9881;,open,,i,,RB,,RB,ATL,NO,-197,46.50,-4.00,25.25,0.00,0,4000,4000,0,0.32,0.32,0.32,1.7,1.7,1.7,0,0,0,0,0.1,0.1,0.0,0.2,0.1,0.3,10
15287,Ihmir,Smith-Marsette,Ihmir Smith-Marsette,/football/player/ihmir-smith-marsette-15287,,&#9881;,open,,i,,WR,,WR,NYG,CAR,-273,40.50,-6.50,23.50,0.00,0,3000,3000,0,0.32,0.32,0.32,0.0,0.0,0.0,0,0,0,0,0.1,0.1,0.0,0.1,0.2,0.3,10
17863,Malik,Washington,Malik Washington,/football/player/malik-washington-17863,,&#9881;,open,,i,,WR,,WR,MIA,LAR,100,50.00,1.00,24.50,0.01,0,3000,3000,0,0.33,0.33,0.33,1.1,2.6,0.0,0,0,0,0,0.1,0.1,0.0,0.0,0.2,0.2,10
17003,Deuce,Vaughn,Deuce Vaughn,/football/player/deuce-vaughn-17003,,&#9881;,open,,i,,RB,,RB,DAL,PHI,280,42.00,7.00,17.50,0.00,0,4000,4000,0,0.36,0.36,0.36,1.3,2.7,0.0,0,0,0,0,0.1,0.1,0.0,0.2,0.2,0.4,10
16108,Ronnie,Rivers,Ronnie Rivers,/football/player/ronnie-rivers-16108,,&#9881;,open,,i,,RB,,RB,LAR,MIA,-119,50.00,-1.00,25.50,0.00,0,4000,4000,0,0.19,0.19,0.19,0.6,2.1,0.0,0,0,0,0,0.1,0.1,0.0,0.1,0.1,0.2,10
15992,Hassan,Haskins,Hassan Haskins,/football/player/hassan-haskins-15992,,&#9881;,open,,i,,RB,,RB,LAC,TEN,-376,38.50,-7.50,23.00,0.00,0,4000,4000,0,0.46,0.46,0.46,0.3,0.9,0.0,0,0,0,0,0.1,0.2,0.0,0.6,0.2,0.8,10
17728,Devontez,Walker,Devontez Walker,/football/player/devontez-walker-17728,,&#9881;,open,,i,,WR,,WR,BAL,CIN,-269,53.50,-6.50,30.00,0.00,0,3000,3000,0,0.37,0.37,0.37,0.0,0.0,0.0,0,0,0,0,0.1,0.1,0.0,0.0,0.2,0.2,10
15891,Greg,Dulcich,Greg Dulcich,/football/player/greg-dulcich-15891,,&#9881;,open,,i,,TE,,TE,DEN,KC,318,41.50,8.50,16.50,0.03,0,2500,2500,0,0.31,0.31,0.31,1.5,4.4,0.0,0,0,0,0,0.1,0.1,0.0,0.0,0.2,0.2,10
16355,Raheem,Blackshear,Raheem Blackshear,/football/player/raheem-blackshear-16355,,&#9881;,open,,i,,RB,,RB,CAR,NYG,220,40.50,6.50,17.00,0.00,0,4000,4000,0,0.47,0.47,0.47,0.0,0.0,0.0,0,0,0,0,0.1,0.2,0.0,0.3,0.3,0.6,10
17026,Rasheen,Ali,Rasheen Ali,/football/player/rasheen-ali-17026,"&nbsp;<span class=""red upper bold sm-text"">que</span>",&#9881;,open,,i,,RB,,RB,BAL,CIN,-269,53.50,-6.50,30.00,0.00,0,4000,4000,0,0.20,0.20,0.20,0.0,0.0,0.0,0,0,0,0,0.1,0.1,0.0,0.1,0.1,0.2,10
17802,Will,Shipley,Will Shipley,/football/player/will-shipley-17802,,&#9881;,open,,i,,RB,,RB,PHI,DAL,-356,42.00,-7.00,24.50,0.00,0,4000,4000,0,0.55,0.55,0.55,0.2,1.1,0.0,0,0,0,0,0.1,0.1,0.0,0.3,0.2,0.5,10
15921,Julius,Chestnut,Julius Chestnut,/football/player/julius-chestnut-15921,,&#9881;,open,,i,,RB,,RB,TEN,LAC,297,38.50,7.50,15.50,0.00,0,4300,4300,0,0.22,0.22,0.22,1.3,3.1,0.0,0,0,0,0,0.1,0.1,0.0,0.3,0.1,0.4,10
12932,Jeff,Wilson,Jeff Wilson,/football/player/jeff-wilson-12932,,&#9881;,open,,i,,RB,,RB,MIA,LAR,100,50.00,1.00,24.50,0.00,0,4400,4400,0,0.29,0.29,0.29,1.5,3.2,0.0,0,0,0,0,0.1,0.1,0.0,0.2,0.1,0.3,10
17965,Devin,Culp,Devin Culp,/football/player/devin-culp-17965,,&#9881;,open,,i,,TE,,TE,TB,SF,198,51.00,5.50,22.75,0.03,0,2500,2500,0,0.34,0.34,0.34,0.0,0.0,0.0,0,0,0,0,0.1,0.1,0.0,0.0,0.2,0.2,10
17057,Isaiah,Davis,Isaiah Davis,/football/player/isaiah-davis-17057,,&#9881;,open,,i,,RB,,RB,NYJ,ARI,-111,46.00,0.00,23.00,0.00,0,4000,4000,0,0.49,0.49,0.49,0.2,0.9,0.0,0,0,0,0,0.1,0.1,0.0,0.3,0.2,0.5,10
17894,Jared,Wiley,Jared Wiley,/football/player/jared-wiley-17894,"&nbsp;<span class=""red upper bold sm-text"">IR</span>",&#9881;,open,,i,,TE,,TE,KC,DEN,-416,41.50,-8.50,25.00,0,0,2500,2500,0,0.00,0.00,0.00,0.3,1.3,0.0,0,0,0,0,0.0,0.0,0.0,0.0,0.0,0.0,10
12447,River,Cracraft,River Cracraft,/football/player/river-cracraft-12447,"&nbsp;<span class=""red upper bold sm-text"">IR-</span>",&#9881;,open,,i,,WR,,WR,MIA,LAR,100,50.00,1.00,24.50,0,0,3000,3000,0,0.00,0.00,0.00,0.0,0.0,0.0,0,0,0,0,0.0,0.0,0.0,0.0,0.0,0.0,10
13620,Brett,Rypien,Brett Rypien,/football/player/brett-rypien-13620,,&#9881;,open,,i,,QB,,QB,MIN,JAX,-214,45.50,-4.50,25.00,0,0,4000,4000,0,0.00,0.00,0.00,0.0,0.0,0.0,0,0,0,0,0.0,0.0,0.0,0.0,0.0,0.0,10
12623,Kyle,Allen,Kyle Allen,/football/player/kyle-allen-12623,,&#9881;,open,,i,,QB,,QB,PIT,WAS,123,45.50,2.50,21.50,0,0,4000,4000,0,0.00,0.00,0.00,0.8,0.8,0.8,0,0,0,0,0.0,0.0,0.0,0.0,0.0,0.0,10
11834,Joshua,Dobbs,Joshua Dobbs,/football/player/joshua-dobbs-11834,,&#9881;,open,,i,,QB,,QB,SF,TB,-245,51.00,-5.50,28.25,0,0,4000,4000,0,0.00,0.00,0.00,0.0,0.0,0.0,0,0,0,0,0.0,0.0,0.0,0.0,0.0,0.0,10
18041,Xavier,Weaver,Xavier Weaver,/football/player/xavier-weaver-18041,,&#9881;,open,,i,,WR,,WR,ARI,NYJ,-107,46.00,0.00,23.00,0,0,3000,3000,0,0.00,0.00,0.00,0.0,0.0,0.0,0,0,0,0,0.0,0.0,0.0,0.0,0.0,0.0,10
17809,Jordan,Travis,Jordan Travis,/football/player/jordan-travis-17809,"&nbsp;<span class=""red upper bold sm-text"">NFI</span>",&#9881;,open,,i,,QB,,QB,NYJ,ARI,-111,46.00,0.00,23.00,0,0,4000,4000,0,0.00,0.00,0.00,0.0,0.0,0.0,0,0,0,0,0.0,0.0,0.0,0.0,0.0,0.0,10
9320,Jimmy,Garoppolo,Jimmy Garoppolo,/football/player/jimmy-garoppolo-9320,,&#9881;,open,,i,,QB,,QB,LAR,MIA,-119,50.00,-1.00,25.50,0,0,4600,4600,0,0.00,0.00,0.00,0.0,0.0,0.0,0,0,0,0,0.0,0.0,0.0,0.0,0.0,0.0,10
18302,Bryce,Oliver,Bryce Oliver,/football/player/bryce-oliver-18302,,&#9881;,open,,i,,WR,,WR,TEN,LAC,297,38.50,7.50,15.50,0,0,3000,3000,0,0.00,0.00,0.00,0.0,0.0,0.0,0,0,0,0,0.0,0.0,0.0,0.0,0.0,0.0,10
11599,C.J.,Ham,C.J. Ham,/football/player/cj-ham-11599,,&#9881;,open,,i,,RB,,RB,MIN,JAX,-214,45.50,-4.50,25.00,0,0,4000,4000,0,0.00,0.00,0.00,1.0,5.3,0.0,0,0,0,0,0.0,0.0,0.0,0.0,0.0,0.0,10
17700,Michael,Penix,Michael Penix,/football/player/michael-penix-17700,,&#9881;,open,,i,,QB,,QB,ATL,NO,-197,46.50,-4.00,25.25,0,0,4700,4700,0,0.00,0.00,0.00,0.6,0.6,0.6,0,0,0,0,0.0,0.0,0.0,0.0,0.0,0.0,10
17043,Roman,Wilson,Roman Wilson,/football/player/roman-wilson-17043,"&nbsp;<span class=""red upper bold sm-text"">IR</span>",&#9881;,open,,i,,WR,,WR,PIT,WAS,123,45.50,2.50,21.50,0,0,3000,3000,0,0.00,0.00,0.00,0.0,0.0,0.0,0,0,0,0,0.0,0.0,0.0,0.0,0.0,0.0,10
14318,Gunner,Olszewski,Gunner Olszewski,/football/player/gunner-olszewski-14318,"&nbsp;<span class=""red upper bold sm-text"">IR</span>",&#9881;,open,,i,,WR,,WR,NYG,CAR,-273,40.50,-6.50,23.50,0,0,3000,3000,0,0.00,0.00,0.00,0.0,0.0,0.0,0,0,0,0,0.0,0.0,0.0,0.0,0.0,0.0,10
14386,Brandon,Aiyuk,Brandon Aiyuk,/football/player/brandon-aiyuk-14386,"&nbsp;<span class=""red upper bold sm-text"">IR</span>",&#9881;,open,,i,,WR,,WR,SF,TB,-245,51.00,-5.50,28.25,0,0,3000,3000,0,0.00,0.00,0.00,9.3,21.3,3.1,0,0,0,0,0.0,0.0,0.0,0.0,0.0,0.0,10
10919,Jacoby,Brissett,Jacoby Brissett,/football/player/jacoby-brissett-10919,,&#9881;,open,,i,,QB,,QB,NE,CHI,225,39.00,6.00,16.50,0,0,4800,4800,0,0.00,0.00,0.00,7.9,10.5,4.7,0,0,0,0,0.0,0.0,0.0,0.0,0.0,0.0,10
16963,Rashee,Rice,Rashee Rice,/football/player/rashee-rice-16963,"&nbsp;<span class=""red upper bold sm-text"">IR</span>",&#9881;,open,,i,,WR,,WR,KC,DEN,-416,41.50,-8.50,25.00,0,0,3000,3000,0,0.00,0.00,0.00,16.9,32.5,0.4,0,0,0,0,0.0,0.0,0.0,0.0,0.0,0.0,10
17404,Evan,Deckers,Evan Deckers,/football/player/evan-deckers-17404,"&nbsp;<span class=""red upper bold sm-text"">IR-</span>",&#9881;,open,,i,,TE,,TE,TB,SF,198,51.00,5.50,22.75,0,0,2500,2500,0,0.00,0.00,0.00,0.0,0.0,0.0,0,0,0,0,0.0,0.0,0.0,0.0,0.0,0.0,10
8065,Case,Keenum,Case Keenum,/football/player/case-keenum-8065,"&nbsp;<span class=""red upper bold sm-text"">IR</span>",&#9881;,open,,i,,QB,,QB,HOU,DET,154,49.00,3.50,22.75,0,0,4000,4000,0,0.00,0.00,0.00,0.0,0.0,0.0,0,0,0,0,0.0,0.0,0.0,0.0,0.0,0.0,10
14844,Reggie,Gilliam,Reggie Gilliam,/football/player/reggie-gilliam-14844,"&nbsp;<span class=""red upper bold sm-text"">que</span>",&#9881;,open,,i,,RB,,RB,BUF,IND,-204,47.50,-4.00,25.75,0,0,4000,4000,0,0.00,0.00,0.00,0.0,0.0,0.0,0,0,0,0,0.0,0.0,0.0,0.0,0.0,0.0,10
13736,Drew,Lock,Drew Lock,/football/player/drew-lock-13736,,&#9881;,open,,i,,QB,,QB,NYG,CAR,-273,40.50,-6.50,23.50,0,0,4400,4400,0,0.00,0.00,0.00,0.8,1.7,0.0,0,0,0,0,0.0,0.0,0.0,0.0,0.0,0.0,10
18240,Jaaron,Hayek,Jaaron Hayek,/football/player/jaaron-hayek-18240,"&nbsp;<span class=""red upper bold sm-text"">IR</span>",&#9881;,open,,i,,WR,,WR,KC,DEN,-416,41.50,-8.50,25.00,0,0,3000,3000,0,0.00,0.00,0.00,0.0,0.0,0.0,0,0,0,0,0.0,0.0,0.0,0.0,0.0,0.0,10
18260,Ian,Wheeler,Ian Wheeler,/football/player/ian-wheeler-18260,"&nbsp;<span class=""red upper bold sm-text"">IR</span>",&#9881;,open,,i,,RB,,RB,CHI,NE,-275,39.00,-6.00,22.50,0,0,4000,4000,0,0.00,0.00,0.00,0.0,0.0,0.0,0,0,0,0,0.0,0.0,0.0,0.0,0.0,0.0,10
18300,British,Brooks,British Brooks,/football/player/british-brooks-18300,"&nbsp;<span class=""red upper bold sm-text"">IR</span>",&#9881;,open,,i,,RB,,RB,HOU,DET,154,49.00,3.50,22.75,0,0,4000,4000,0,0.00,0.00,0.00,0.1,0.2,0.0,0,0,0,0,0.0,0.0,0.0,0.0,0.0,0.0,10
17829,Cody,Schrader,Cody Schrader,/football/player/cody-schrader-17829,,&#9881;,open,,i,,RB,,RB,LAR,MIA,-119,50.00,-1.00,25.50,0.00,0,4000,4000,0,0.17,0.17,0.17,0.0,0.0,0.0,0,0,0,0,0.0,0.1,0.0,0.1,0.1,0.2,10
10224,Jamison,Crowder,Jamison Crowder,/football/player/jamison-crowder-10224,"&nbsp;<span class=""red upper bold sm-text"">IR</span>",&#9881;,open,,i,,WR,,WR,WAS,PIT,-147,45.50,-2.50,24.00,0,0,3000,3000,0,0.00,0.00,0.00,0.0,0.0,0.0,0,0,0,0,0.0,0.0,0.0,0.0,0.0,0.0,10
17908,Brevyn,Spann-Ford,Brevyn Spann-Ford,/football/player/brevyn-spann-ford-17908,,&#9881;,open,,i,,TE,,TE,DAL,PHI,280,42.00,7.00,17.50,0,0,2500,2500,0,0.00,0.00,0.00,0.6,3.0,0.0,0,0,0,0,0.0,0.0,0.0,0.0,0.0,0.0,10
12511,Nick,Mullens,Nick Mullens,/football/player/nick-mullens-12511,,&#9881;,open,,i,,QB,,QB,MIN,JAX,-214,45.50,-4.50,25.00,0,0,4000,4000,0,0.00,0.00,0.00,0.3,0.9,0.0,0,0,0,0,0.0,0.0,0.0,0.0,0.0,0.0,10
18301,David,Martin-Robinson,David Martin-Robinson,/football/player/david-martin-robinson-18301,,&#9881;,open,,i,,TE,,TE,TEN,LAC,297,38.50,7.50,15.50,0,0,2500,2500,0,0.00,0.00,0.00,0.0,0.0,0.0,0,0,0,0,0.0,0.0,0.0,0.0,0.0,0.0,10
17970,Kendall,Milton,Kendall Milton,/football/player/kendall-milton-17970,,&#9881;,open,,i,,RB,,RB,CIN,BAL,217,53.50,6.50,23.50,0,0,4000,4000,0,0.00,0.00,0.00,0.0,0.0,0.0,0,0,0,0,0.0,0.0,0.0,0.0,0.0,0.0,10
10882,Brandon,Allen,Brandon Allen,/football/player/brandon-allen-10882,,&#9881;,open,,i,,QB,,QB,SF,TB,-245,51.00,-5.50,28.25,0,0,4000,4000,0,0.00,0.00,0.00,-0.1,0.0,0.0,0,0,0,0,0.0,0.0,0.0,0.0,0.0,0.0,10
11026,Jeff,Driskel,Jeff Driskel,/football/player/jeff-driskel-11026,,&#9881;,open,,i,,QB,,QB,WAS,PIT,-147,45.50,-2.50,24.00,0,0,4000,4000,0,0.00,0.00,0.00,0.0,0.0,0.0,0,0,0,0,0.0,0.0,0.0,0.0,0.0,0.0,10
14494,Joshua,Kelley,Joshua Kelley,/football/player/joshua-kelley-14494,,&#9881;,open,,i,,RB,,RB,TEN,LAC,297,38.50,7.50,15.50,0,0,4000,4000,0,0.00,0.00,0.00,0.0,0.0,0.0,0,0,0,0,0.0,0.0,0.0,0.0,0.0,0.0,10
11871,Josh,Reynolds,Josh Reynolds,/football/player/josh-reynolds-11871,"&nbsp;<span class=""red upper bold sm-text"">IR</span>",&#9881;,open,,i,,WR,,WR,DEN,KC,318,41.50,8.50,16.50,0,0,3000,3000,0,0.00,0.00,0.00,6.7,12.8,0.6,0,0,0,0,0.0,0.0,0.0,0.0,0.0,0.0,10
12771,Braxton,Berrios,Braxton Berrios,/football/player/braxton-berrios-12771,"&nbsp;<span class=""red upper bold sm-text"">IR</span>",&#9881;,open,,i,,WR,,WR,MIA,LAR,100,50.00,1.00,24.50,0,0,3000,3000,0,0.00,0.00,0.00,0.0,0.0,0.0,0,0,0,0,0.0,0.0,0.0,0.0,0.0,0.0,10
14191,Deonte,Harty,Deonte Harty,/football/player/deonte-harty-14191,"&nbsp;<span class=""red upper bold sm-text"">IR</span>",&#9881;,open,,i,,WR,,WR,BAL,CIN,-269,53.50,-6.50,30.00,0,0,3000,3000,0,0.00,0.00,0.00,0.0,0.0,0.0,0,0,0,0,0.0,0.0,0.0,0.0,0.0,0.0,10
17689,J.J.,McCarthy,J.J. McCarthy,/football/player/jj-mccarthy-17689,"&nbsp;<span class=""red upper bold sm-text"">IR</span>",&#9881;,open,,i,,QB,,QB,MIN,JAX,-214,45.50,-4.50,25.00,0,0,4000,4000,0,0.00,0.00,0.00,0.0,0.0,0.0,0,0,0,0,0.0,0.0,0.0,0.0,0.0,0.0,10
14564,Zack,Moss,Zack Moss,/football/player/zack-moss-14564,"&nbsp;<span class=""red upper bold sm-text"">IR</span>",&#9881;,open,,i,,RB,,RB,CIN,BAL,217,53.50,6.50,23.50,0,0,5600,5600,0,0.00,0.00,0.00,9.8,18.7,2.2,0,0,0,0,0.0,0.0,0.0,0.0,0.0,0.0,10
11833,C.J.,Beathard,C.J. Beathard,/football/player/cj-beathard-11833,,&#9881;,open,,i,,QB,,QB,JAX,MIN,176,45.50,4.50,20.50,0,0,4000,4000,0,0.00,0.00,0.00,0.0,0.0,0.0,0,0,0,0,0.0,0.0,0.0,0.0,0.0,0.0,10
12629,Mason,Rudolph,Mason Rudolph,/football/player/mason-rudolph-12629,,&#9881;,open,,i,,QB,,QB,TEN,LAC,297,38.50,7.50,15.50,0,0,4900,4900,0,0.00,0.00,0.00,13.8,21.7,4.6,0,0,0,0,0.0,0.0,0.0,0.0,0.0,0.0,10
14055,Steven,Sims,Steven Sims,/football/player/steven-sims-14055,,&#9881;,open,,i,,WR,,WR,HOU,DET,154,49.00,3.50,22.75,0,0,3000,3000,0,0.00,0.00,0.00,-0.2,0.1,0.0,0,0,0,0,0.0,0.1,0.0,0.0,0.2,0.2,10
18104,Jermaine,Jackson,Jermaine Jackson,/football/player/jermaine-jackson-18104,,&#9881;,open,,i,,WR,,WR,NO,ATL,163,46.50,4.00,21.25,0,0,3100,3100,0,0.00,0.00,0.00,0.0,0.0,0.0,0,0,0,0,0.0,0.0,0.0,0.0,0.0,0.0,10
17588,John,Stephens,John Stephens,/football/player/john-stephens-17588,"&nbsp;<span class=""red upper bold sm-text"">IR</span>",&#9881;,open,,i,,TE,,TE,DAL,PHI,280,42.00,7.00,17.50,0,0,2500,2500,0,0.00,0.00,0.00,0.0,0.0,0.0,0,0,0,0,0.0,0.0,0.0,0.0,0.0,0.0,10
8986,Adam,Thielen,Adam Thielen,/football/player/adam-thielen-8986,"&nbsp;<span class=""red upper bold sm-text"">IR-</span>",&#9881;,open,,i,,WR,,WR,CAR,NYG,220,40.50,6.50,17.00,0,0,4700,4700,0,0.00,0.00,0.00,8.5,13.9,3.1,0,0,0,0,0.0,0.0,0.0,0.0,0.0,0.0,10
7357,Tyrod,Taylor,Tyrod Taylor,/football/player/tyrod-taylor-7357,,&#9881;,open,,i,,QB,,QB,NYJ,ARI,-111,46.00,0.00,23.00,0,0,4700,4700,0,0.00,0.00,0.00,6.1,6.1,6.1,0,0,0,0,0.0,0.0,0.0,0.0,0.0,0.0,10
12667,Chase,Edmonds,Chase Edmonds,/football/player/chase-edmonds-12667,"&nbsp;<span class=""red upper bold sm-text"">IR</span>",&#9881;,open,,i,,RB,,RB,TB,SF,198,51.00,5.50,22.75,0,0,4000,4000,0,0.00,0.00,0.00,0.0,0.0,0.0,0,0,0,0,0.0,0.0,0.0,0.0,0.0,0.0,10
13030,Ross,Dwelley,Ross Dwelley,/football/player/ross-dwelley-13030,,&#9881;,open,,i,,TE,,TE,ATL,NO,-197,46.50,-4.00,25.25,0,0,2500,2500,0,0.00,0.00,0.00,0.0,0.0,0.0,0,0,0,0,0.0,0.0,0.0,0.0,0.0,0.0,10
17830,Joe,Milton,Joe Milton,/football/player/joe-milton-17830,,&#9881;,open,,i,,QB,,QB,NE,CHI,225,39.00,6.00,16.50,0,0,4000,4000,0,0.00,0.00,0.00,0.0,0.0,0.0,0,0,0,0,0.0,0.0,0.0,0.0,0.0,0.0,10
17782,Spencer,Rattler,Spencer Rattler,/football/player/spencer-rattler-17782,,&#9881;,open,,i,,QB,,QB,NO,ATL,163,46.50,4.00,21.25,0,0,4300,4300,0,0.00,0.00,0.00,9.7,14.2,5.8,0,0,0,0,0.0,0.0,0.0,0.0,0.0,0.0,10
17978,Tahj,Washington,Tahj Washington,/football/player/tahj-washington-17978,"&nbsp;<span class=""red upper bold sm-text"">IR</span>",&#9881;,open,,i,,WR,,WR,MIA,LAR,100,50.00,1.00,24.50,0,0,3000,3000,0,0.00,0.00,0.00,0.0,0.0,0.0,0,0,0,0,0.0,0.0,0.0,0.0,0.0,0.0,10
12508,Christian,Kirk,Christian Kirk,/football/player/christian-kirk-12508,"&nbsp;<span class=""red upper bold sm-text"">IR</span>",&#9881;,open,,i,,WR,,WR,JAX,MIN,176,45.50,4.50,20.50,0,0,3000,3000,0,0.00,0.00,0.00,9.6,17.7,1.9,0,0,0,0,0.0,0.0,0.0,0.0,0.0,0.0,10
17939,David,White,David White,/football/player/david-white-17939,"&nbsp;<span class=""red upper bold sm-text"">IR</span>",&#9881;,open,,i,,WR,,WR,JAX,MIN,176,45.50,4.50,20.50,0,0,3000,3000,0,0.00,0.00,0.00,0.0,0.0,0.0,0,0,0,0,0.0,0.0,0.0,0.0,0.0,0.0,10
18307,Kameron,Johnson,Kameron Johnson,/football/player/kameron-johnson-18307,"&nbsp;<span class=""red upper bold sm-text"">IR</span>",&#9881;,open,,i,,WR,,WR,TB,SF,198,51.00,5.50,22.75,0,0,3000,3000,0,0.00,0.00,0.00,0.0,0.0,0.0,0,0,0,0,0.0,0.0,0.0,0.0,0.0,0.0,10
12628,Allen,Lazard,Allen Lazard,/football/player/allen-lazard-12628,"&nbsp;<span class=""red upper bold sm-text"">IR</span>",&#9881;,open,,i,,WR,,WR,NYJ,ARI,-111,46.00,0.00,23.00,0,0,4800,4800,0,0.00,0.00,0.00,14.9,25.3,4.6,0,0,0,0,0.0,0.0,0.0,0.0,0.0,0.0,10
17048,Keilan,Robinson,Keilan Robinson,/football/player/keilan-robinson-17048,"&nbsp;<span class=""red upper bold sm-text"">IR-</span>",&#9881;,open,,i,,RB,,RB,JAX,MIN,176,45.50,4.50,20.50,0,0,4000,4000,0,0.00,0.00,0.00,0.0,0.0,0.0,0,0,0,0,0.0,0.0,0.0,0.0,0.0,0.0,10
18160,Colson,Yankoff,Colson Yankoff,/football/player/colson-yankoff-18160,,&#9881;,open,,i,,TE,,TE,WAS,PIT,-147,45.50,-2.50,24.00,0,0,2500,2500,0,0.00,0.00,0.00,0.0,0.0,0.0,0,0,0,0,0.0,0.0,0.0,0.0,0.0,0.0,10
4891,Marcedes,Lewis,Marcedes Lewis,/football/player/marcedes-lewis-4891,,&#9881;,open,,i,,TE,,TE,CHI,NE,-275,39.00,-6.00,22.50,0,0,2500,2500,0,0.00,0.00,0.00,0.2,0.9,0.0,0,0,0,0,0.0,0.0,0.0,0.0,0.0,0.0,10
17696,Erick,All,Erick All,/football/player/erick-all-17696,"&nbsp;<span class=""red upper bold sm-text"">IR</span>",&#9881;,open,,i,,TE,,TE,CIN,BAL,217,53.50,6.50,23.50,0,0,2800,2800,0,0.00,0.00,0.00,4.5,7.0,1.0,0,0,0,0,0.0,0.0,0.0,0.0,0.0,0.0,10
17977,Isaiah,Williams,Isaiah Williams,/football/player/isaiah-williams-17977,,&#9881;,open,,i,,WR,,WR,DET,HOU,-187,49.00,-3.50,26.25,0,0,3000,3000,0,0.00,0.00,0.00,1.3,2.9,0.0,0,0,0,0,0.0,0.0,0.0,0.0,0.0,0.0,10
18162,JaQuae,Jackson,JaQuae Jackson,/football/player/jaquae-jackson-18162,"&nbsp;<span class=""red upper bold sm-text"">IR</span>",&#9881;,open,,i,,WR,,WR,NE,CHI,225,39.00,6.00,16.50,0,0,3000,3000,0,0.00,0.00,0.00,0.0,0.0,0.0,0,0,0,0,0.0,0.0,0.0,0.0,0.0,0.0,10
13438,Jarrett,Stidham,Jarrett Stidham,/football/player/jarrett-stidham-13438,,&#9881;,open,,i,,QB,,QB,DEN,KC,318,41.50,8.50,16.50,0,0,4000,4000,0,0.00,0.00,0.00,-0.1,0.0,0.0,0,0,0,0,0.0,0.0,0.0,0.0,0.0,0.0,10
17756,Brenden,Rice,Brenden Rice,/football/player/brenden-rice-17756,"&nbsp;<span class=""red upper bold sm-text"">IR</span>",&#9881;,open,,i,,WR,,WR,LAC,TEN,-376,38.50,-7.50,23.00,0,0,3000,3000,0,0.00,0.00,0.00,0.0,0.0,0.0,0,0,0,0,0.0,0.0,0.0,0.0,0.0,0.0,10
17942,Bub,Means,Bub Means,/football/player/bub-means-17942,"&nbsp;<span class=""red upper bold sm-text"">IR</span>",&#9881;,open,,i,,WR,,WR,NO,ATL,163,46.50,4.00,21.25,0,0,3000,3000,0,0.00,0.00,0.00,4.5,13.0,0.0,0,0,0,0,0.0,0.0,0.0,0.0,0.0,0.0,10
15324,Feleipe,Franks,Feleipe Franks,/football/player/feleipe-franks-15324,"&nbsp;<span class=""red upper bold sm-text"">que</span>",&#9881;,open,,i,,TE,,TE,CAR,NYG,220,40.50,6.50,17.00,0,0,2500,2500,0,0.00,0.00,0.00,0.0,0.0,0.0,0,0,0,0,0.0,0.0,0.0,0.0,0.0,0.0,10
14002,Malik,Taylor,Malik Taylor,/football/player/malik-taylor-14002,"&nbsp;<span class=""red upper bold sm-text"">IR</span>",&#9881;,open,,i,,WR,,WR,NYJ,ARI,-111,46.00,0.00,23.00,0,0,3000,3000,0,0.00,0.00,0.00,0.0,0.0,0.0,0,0,0,0,0.0,0.0,0.0,0.0,0.0,0.0,10
15416,Justin,Fields,Justin Fields,/football/player/justin-fields-15416,,&#9881;,open,,i,,QB,,QB,PIT,WAS,123,45.50,2.50,21.50,0,0,5900,5900,0,0.00,0.00,0.00,21.3,33.3,11.6,0,0,0,0,0.0,0.0,0.0,0.0,0.0,0.0,10
14636,Devin,Duvernay,Devin Duvernay,/football/player/devin-duvernay-14636,"&nbsp;<span class=""red upper bold sm-text"">IR-</span>",&#9881;,open,,i,,WR,,WR,JAX,MIN,176,45.50,4.50,20.50,0,0,3200,3200,0,0.00,0.00,0.00,0.4,0.8,0.0,0,0,0,0,0.0,0.0,0.0,0.0,0.0,0.0,10
13123,Gus,Edwards,Gus Edwards,/football/player/gus-edwards-13123,"&nbsp;<span class=""red upper bold sm-text"">IR-</span>",&#9881;,open,,i,,RB,,RB,LAC,TEN,-376,38.50,-7.50,23.00,0,0,4000,4000,0,0.00,0.00,0.00,2.9,5.7,0.6,0,0,0,0,0.0,0.0,0.0,0.0,0.0,0.0,10
15957,Cal,Adomitis,Cal Adomitis,/football/player/cal-adomitis-15957,,&#9881;,open,,i,,TE,,TE,CIN,BAL,217,53.50,6.50,23.50,0,0,2500,2500,0,0.00,0.00,0.00,0.0,0.0,0.0,0,0,0,0,0.0,0.0,0.0,0.0,0.0,0.0,10
9260,Brandin,Cooks,Brandin Cooks,/football/player/brandin-cooks-9260,"&nbsp;<span class=""red upper bold sm-text"">IR</span>",&#9881;,open,,i,,WR,,WR,DAL,PHI,280,42.00,7.00,17.50,0,0,5000,5000,0,0.00,0.00,0.00,3.3,3.7,2.6,0,0,0,0,0.0,0.0,0.0,0.0,0.0,0.0,10
13502,Hollywood,Brown,Hollywood Brown,/football/player/hollywood-brown-13502,"&nbsp;<span class=""red upper bold sm-text"">IR</span>",&#9881;,open,,i,,WR,,WR,KC,DEN,-416,41.50,-8.50,25.00,0,0,3000,3000,0,0.00,0.00,0.00,0.0,0.0,0.0,0,0,0,0,0.0,0.0,0.0,0.0,0.0,0.0,10
10179,Taylor,Heinicke,Taylor Heinicke,/football/player/taylor-heinicke-10179,,&#9881;,open,,i,,QB,,QB,LAC,TEN,-376,38.50,-7.50,23.00,0,0,4200,4200,0,0.00,0.00,0.00,1.0,1.0,1.0,0,0,0,0,0.0,0.0,0.0,0.0,0.0,0.0,10
10074,Marcus,Mariota,Marcus Mariota,/football/player/marcus-mariota-10074,,&#9881;,open,,i,,QB,,QB,WAS,PIT,-147,45.50,-2.50,24.00,0,0,4500,4500,0,0.00,0.00,0.00,9.9,21.6,0.0,0,0,0,0,0.0,0.0,0.0,0.0,0.0,0.0,10
16282,Ko,Kieft,Ko Kieft,/football/player/ko-kieft-16282,,&#9881;,open,,i,,TE,,TE,TB,SF,198,51.00,5.50,22.75,0,0,2500,2500,0,0.00,0.00,0.00,0.0,0.0,0.0,0,0,0,0,0.0,0.0,0.0,0.0,0.0,0.0,10
10021,Patrick,Scales,Patrick Scales,/football/player/patrick-scales-10021,"&nbsp;<span class=""red upper bold sm-text"">IR</span>",&#9881;,open,,i,,TE,,TE,CHI,NE,-275,39.00,-6.00,22.50,0,0,2500,2500,0,0.00,0.00,0.00,0.0,0.0,0.0,0,0,0,0,0.0,0.0,0.0,0.0,0.0,0.0,10
13806,Alec,Ingold,Alec Ingold,/football/player/alec-ingold-13806,"&nbsp;<span class=""red upper bold sm-text"">que</span>",&#9881;,open,,i,,RB,,RB,MIA,LAR,100,50.00,1.00,24.50,0,0,4000,4000,0,0.00,0.00,0.00,2.6,5.8,0.0,0,0,0,0,0.0,0.0,0.0,0.0,0.0,0.0,10
7355,Andy,Dalton,Andy Dalton,/football/player/andy-dalton-7355,,&#9881;,open,,i,,QB,,QB,CAR,NYG,220,40.50,6.50,17.00,0,0,4800,4800,0,0.00,0.00,0.00,13.6,25.8,2.6,0,0,0,0,0.0,0.0,0.0,0.0,0.0,0.0,10
16041,Peyton,Hendershot,Peyton Hendershot,/football/player/peyton-hendershot-16041,,&#9881;,open,,i,,TE,,TE,KC,DEN,-416,41.50,-8.50,25.00,0,0,2500,2500,0,0.00,0.00,0.00,1.0,2.1,0.0,0,0,0,0,0.0,0.0,0.0,0.0,0.0,0.0,10
16735,Israel,Abanikanda,Israel Abanikanda,/football/player/israel-abanikanda-16735,,&#9881;,open,,i,,RB,,RB,NYJ,ARI,-111,46.00,0.00,23.00,0.00,0,4000,4000,0,0.16,0.16,0.16,0.0,0.0,0.0,0,0,0,0,0.0,0.1,0.0,0.1,0.1,0.2,10
15335,Kyle,Trask,Kyle Trask,/football/player/kyle-trask-15335,,&#9881;,open,,i,,QB,,QB,TB,SF,198,51.00,5.50,22.75,0,0,4400,4400,0,0.00,0.00,0.00,0.0,0.0,0.0,0,0,0,0,0.0,0.0,0.0,0.0,0.0,0.0,10
11718,Chris,Godwin,Chris Godwin,/football/player/chris-godwin-11718,"&nbsp;<span class=""red upper bold sm-text"">IR</span>",&#9881;,open,,i,,WR,,WR,TB,SF,198,51.00,5.50,22.75,0,0,3000,3000,0,0.00,0.00,0.00,20.3,34.7,10.6,0,0,0,0,0.0,0.0,0.0,0.0,0.0,0.0,10
9253,Mike,Evans,Mike Evans,/football/player/mike-evans-9253,"&nbsp;<span class=""red upper bold sm-text"">Out</span>",&#9881;,open,,i,,WR,,WR,TB,SF,198,51.00,5.50,22.75,0,0,7100,7100,0,0.00,0.00,0.00,12.1,22.2,3.4,0,0,0,0,0.0,0.0,0.0,0.0,0.0,0.0,10
15559,Simi,Fehoko,Simi Fehoko,/football/player/simi-fehoko-15559,"&nbsp;<span class=""red upper bold sm-text"">IR</span>",&#9881;,open,,i,,WR,,WR,LAC,TEN,-376,38.50,-7.50,23.00,0,0,3100,3100,0,0.00,0.00,0.00,2.4,6.6,0.0,0,0,0,0,0.0,0.0,0.0,0.0,0.0,0.0,10
10133,Stefon,Diggs,Stefon Diggs,/football/player/stefon-diggs-10133,"&nbsp;<span class=""red upper bold sm-text"">IR</span>",&#9881;,open,,i,,WR,,WR,HOU,DET,154,49.00,3.50,22.75,0,0,3000,3000,0,0.00,0.00,0.00,14.3,19.8,8.1,0,0,0,0,0.0,0.0,0.0,0.0,0.0,0.0,10
11008,Dak,Prescott,Dak Prescott,/football/player/dak-prescott-11008,"&nbsp;<span class=""red upper bold sm-text"">Out</span>",&#9881;,open,,i,,QB,,QB,DAL,PHI,280,42.00,7.00,17.50,0,0,6100,6100,0,0.00,0.00,0.00,17.2,29.3,6.9,0,0,0,0,0.0,0.0,0.0,0.0,0.0,0.0,10
14563,Tyler,Huntley,Tyler Huntley,/football/player/tyler-huntley-14563,"&nbsp;<span class=""red upper bold sm-text"">IR</span>",&#9881;,open,,i,,QB,,QB,MIA,LAR,100,50.00,1.00,24.50,0,0,4200,4200,0,0.00,0.00,0.00,9.9,12.7,7.3,0,0,0,0,0.0,0.0,0.0,0.0,0.0,0.0,10
15841,Kenny,Pickett,Kenny Pickett,/football/player/kenny-pickett-15841,,&#9881;,open,,i,,QB,,QB,PHI,DAL,-356,42.00,-7.00,24.50,0,0,4800,4800,0,0.00,0.00,0.00,0.0,0.0,0.0,0,0,0,0,0.0,0.0,0.0,0.0,0.0,0.0,10
11673,Zach,Wood,Zach Wood,/football/player/zach-wood-11673,,&#9881;,open,,i,,TE,,TE,NO,ATL,163,46.50,4.00,21.25,0,0,2500,2500,0,0.00,0.00,0.00,0.0,0.0,0.0,0,0,0,0,0.0,0.0,0.0,0.0,0.0,0.0,10
16104,Isiah,Pacheco,Isiah Pacheco,/football/player/isiah-pacheco-16104,"&nbsp;<span class=""red upper bold sm-text"">IR</span>",&#9881;,open,,i,,RB,,RB,KC,DEN,-416,41.50,-8.50,25.00,0,0,6800,6800,0,0.00,0.00,0.00,16.1,16.1,16.1,0,0,0,0,0.0,0.0,0.0,0.0,0.0,0.0,10
15821,Jelani,Woods,Jelani Woods,/football/player/jelani-woods-15821,"&nbsp;<span class=""red upper bold sm-text"">IR</span>",&#9881;,open,,i,,TE,,TE,IND,BUF,167,47.50,4.00,21.75,0,0,2500,2500,0,0.00,0.00,0.00,0.0,0.0,0.0,0,0,0,0,0.0,0.0,0.0,0.0,0.0,0.0,10
16286,Nick,Muse,Nick Muse,/football/player/nick-muse-16286,"&nbsp;<span class=""red upper bold sm-text"">IR</span>",&#9881;,open,,i,,TE,,TE,MIN,JAX,-214,45.50,-4.50,25.00,0,0,2500,2500,0,0.00,0.00,0.00,0.0,0.0,0.0,0,0,0,0,0.0,0.0,0.0,0.0,0.0,0.0,10
16034,Teagan,Quitoriano,Teagan Quitoriano,/football/player/teagan-quitoriano-16034,,&#9881;,open,,i,,TE,,TE,HOU,DET,154,49.00,3.50,22.75,0,0,2500,2500,0,0.00,0.00,0.00,0.0,0.0,0.0,0,0,0,0,0.0,0.0,0.0,0.0,0.0,0.0,10
15896,Treylon,Burks,Treylon Burks,/football/player/treylon-burks-15896,"&nbsp;<span class=""red upper bold sm-text"">IR</span>",&#9881;,open,,i,,WR,,WR,TEN,LAC,297,38.50,7.50,15.50,0,0,3000,3000,0,0.00,0.00,0.00,1.6,2.5,0.3,0,0,0,0,0.0,0.0,0.0,0.0,0.0,0.0,10
16560,Rashid,Shaheed,Rashid Shaheed,/football/player/rashid-shaheed-16560,"&nbsp;<span class=""red upper bold sm-text"">IR</span>",&#9881;,open,,i,,WR,,WR,NO,ATL,163,46.50,4.00,21.25,0,0,3000,3000,0,0.00,0.00,0.00,12.9,21.2,2.1,0,0,0,0,0.0,0.0,0.0,0.0,0.0,0.0,10
15895,Chris,Olave,Chris Olave,/football/player/chris-olave-15895,"&nbsp;<span class=""red upper bold sm-text"">que</span>",&#9881;,open,,i,,WR,,WR,NO,ATL,163,46.50,4.00,21.25,0,0,6100,6100,0,0.00,0.00,0.00,11.1,20.9,1.3,0,0,0,0,0.0,0.0,0.0,0.0,0.0,0.0,10
16337,Britain,Covey,Britain Covey,/football/player/britain-covey-16337,"&nbsp;<span class=""red upper bold sm-text"">IR</span>",&#9881;,open,,i,,WR,,WR,PHI,DAL,-356,42.00,-7.00,24.50,0,0,3000,3000,0,0.00,0.00,0.00,5.2,8.9,1.5,0,0,0,0,0.0,0.0,0.0,0.0,0.0,0.0,10
15294,Avery,Williams,Avery Williams,/football/player/avery-williams-15294,,&#9881;,open,,i,,RB,,RB,ATL,NO,-197,46.50,-4.00,25.25,0,0,4000,4000,0,0.00,0.00,0.00,0.0,0.0,0.0,0,0,0,0,0.0,0.0,0.0,0.0,0.0,0.0,10
16005,Skyy,Moore,Skyy Moore,/football/player/skyy-moore-16005,"&nbsp;<span class=""red upper bold sm-text"">IR</span>",&#9881;,open,,i,,WR,,WR,KC,DEN,-416,41.50,-8.50,25.00,0,0,3000,3000,0,0.00,0.00,0.00,0.0,0.0,0.0,0,0,0,0,0.0,0.0,0.0,0.0,0.0,0.0,10
12298,Patrick,Ricard,Patrick Ricard,/football/player/patrick-ricard-12298,,&#9881;,open,,i,,RB,,RB,BAL,CIN,-269,53.50,-6.50,30.00,0,0,4000,4000,0,0.00,0.00,0.00,0.9,5.4,0.0,0,0,0,0,0.0,0.0,0.0,0.0,0.0,0.0,10
15974,Skylar,Thompson,Skylar Thompson,/football/player/skylar-thompson-15974,,&#9881;,open,,i,,QB,,QB,MIA,LAR,100,50.00,1.00,24.50,0,0,4200,4200,0,0.00,0.00,0.00,3.9,4.4,3.5,0,0,0,0,0.0,0.0,0.0,0.0,0.0,0.0,10
16338,Tanner,Conner,Tanner Conner,/football/player/tanner-conner-16338,,&#9881;,open,,i,,TE,,TE,MIA,LAR,100,50.00,1.00,24.50,0,0,2500,2500,0,0.00,0.00,0.00,0.8,2.8,0.0,0,0,0,0,0.0,0.0,0.0,0.0,0.0,0.0,10
14012,Nsimba,Webster,Nsimba Webster,/football/player/nsimba-webster-14012,"&nbsp;<span class=""red upper bold sm-text"">IR</span>",&#9881;,open,,i,,WR,,WR,CHI,NE,-275,39.00,-6.00,22.50,0,0,3000,3000,0,0.00,0.00,0.00,0.0,0.0,0.0,0,0,0,0,0.0,0.0,0.0,0.0,0.0,0.0,10
16418,Jake,Tonges,Jake Tonges,/football/player/jake-tonges-16418,,&#9881;,open,,i,,TE,,TE,SF,TB,-245,51.00,-5.50,28.25,0,0,2500,2500,0,0.00,0.00,0.00,0.0,0.0,0.0,0,0,0,0,0.0,0.0,0.0,0.0,0.0,0.0,10
5653,Josh,Johnson,Josh Johnson,/football/player/josh-johnson-5653,,&#9881;,open,,i,,QB,,QB,BAL,CIN,-269,53.50,-6.50,30.00,0,0,5000,5000,0,0.00,0.00,0.00,0.1,0.2,0.0,0,0,0,0,0.0,0.0,0.0,0.0,0.0,0.0,10
15893,Tyler,Badie,Tyler Badie,/football/player/tyler-badie-15893,"&nbsp;<span class=""red upper bold sm-text"">IR</span>",&#9881;,open,,i,,RB,,RB,DEN,KC,318,41.50,8.50,16.50,0,0,4000,4000,0,0.00,0.00,0.00,3.5,6.9,0.4,0,0,0,0,0.0,0.0,0.0,0.0,0.0,0.0,10
9273,Jordan,Matthews,Jordan Matthews,/football/player/jordan-matthews-9273,,&#9881;,open,,i,,TE,,TE,CAR,NYG,220,40.50,6.50,17.00,0,0,2500,2500,0,0.00,0.00,0.00,0.0,0.0,0.0,0,0,0,0,0.0,0.0,0.0,0.0,0.0,0.0,10
16430,Irvin,Charles,Irvin Charles,/football/player/irvin-charles-16430,,&#9881;,open,,i,,WR,,WR,NYJ,ARI,-111,46.00,0.00,23.00,0,0,3000,3000,0,0.00,0.00,0.00,0.0,0.0,0.0,0,0,0,0,0.0,0.0,0.0,0.0,0.0,0.0,10
15467,Ben,Skowronek,Ben Skowronek,/football/player/ben-skowronek-15467,"&nbsp;<span class=""red upper bold sm-text"">IR-</span>",&#9881;,open,,i,,WR,,WR,PIT,WAS,123,45.50,2.50,21.50,0,0,3000,3000,0,0.00,0.00,0.00,0.0,0.0,0.0,0,0,0,0,0.0,0.0,0.0,0.0,0.0,0.0,10
15744,Adam,Prentice,Adam Prentice,/football/player/adam-prentice-15744,,&#9881;,open,,i,,RB,,RB,NO,ATL,163,46.50,4.00,21.25,0,0,4000,4000,0,0.00,0.00,0.00,0.0,0.0,0.0,0,0,0,0,0.0,0.0,0.0,0.0,0.0,0.0,10
17324,Owen,Wright,Owen Wright,/football/player/owen-wright-17324,"&nbsp;<span class=""red upper bold sm-text"">IR</span>",&#9881;,open,,i,,RB,,RB,BAL,CIN,-269,53.50,-6.50,30.00,0,0,4000,4000,0,0.00,0.00,0.00,0.0,0.0,0.0,0,0,0,0,0.0,0.0,0.0,0.0,0.0,0.0,10
10033,Chris,Manhertz,Chris Manhertz,/football/player/chris-manhertz-10033,,&#9881;,open,,i,,TE,,TE,NYG,CAR,-273,40.50,-6.50,23.50,0,0,2500,2500,0,0.00,0.00,0.00,0.9,5.3,0.0,0,0,0,0,0.0,0.0,0.0,0.0,0.0,0.0,10
16686,Tanner,McKee,Tanner McKee,/football/player/tanner-mckee-16686,,&#9881;,open,,i,,QB,,QB,PHI,DAL,-356,42.00,-7.00,24.50,0,0,4000,4000,0,0.00,0.00,0.00,0.0,0.0,0.0,0,0,0,0,0.0,0.0,0.0,0.0,0.0,0.0,10
15379,Elijah,Mitchell,Elijah Mitchell,/football/player/elijah-mitchell-15379,"&nbsp;<span class=""red upper bold sm-text"">IR</span>",&#9881;,open,,i,,RB,,RB,SF,TB,-245,51.00,-5.50,28.25,0,0,4000,4000,0,0.00,0.00,0.00,0.0,0.0,0.0,0,0,0,0,0.0,0.0,0.0,0.0,0.0,0.0,10
17501,Robert,Burns,Robert Burns,/football/player/robert-burns-17501,"&nbsp;<span class=""red upper bold sm-text"">PUP</span>",&#9881;,open,,i,,RB,,RB,ATL,NO,-197,46.50,-4.00,25.25,0,0,4000,4000,0,0.00,0.00,0.00,0.0,0.0,0.0,0,0,0,0,0.0,0.0,0.0,0.0,0.0,0.0,10
16852,Grant,DuBose,Grant DuBose,/football/player/grant-dubose-16852,"&nbsp;<span class=""red upper bold sm-text"">IR</span>",&#9881;,open,,i,,WR,,WR,MIA,LAR,100,50.00,1.00,24.50,0,0,3000,3000,0,0.00,0.00,0.00,2.3,2.3,2.3,0,0,0,0,0.0,0.0,0.0,0.0,0.0,0.0,10
15198,Trey,Lance,Trey Lance,/football/player/trey-lance-15198,,&#9881;,open,,i,,QB,,QB,DAL,PHI,280,42.00,7.00,17.50,0,0,4000,4000,0,0.00,0.00,0.00,0.0,0.0,0.0,0,0,0,0,0.0,0.0,0.0,0.0,0.0,0.0,10
9967,Andrew,DePaola,Andrew DePaola,/football/player/andrew-depaola-9967,"&nbsp;<span class=""red upper bold sm-text"">IR</span>",&#9881;,open,,i,,TE,,TE,MIN,JAX,-214,45.50,-4.50,25.00,0,0,2500,2500,0,0.00,0.00,0.00,0.0,0.0,0.0,0,0,0,0,0.0,0.0,0.0,0.0,0.0,0.0,10
16992,Nate,Adkins,Nate Adkins,/football/player/nate-adkins-16992,,&#9881;,open,,i,,TE,,TE,DEN,KC,318,41.50,8.50,16.50,0,0,2500,2500,0,0.00,0.00,0.00,1.7,5.7,0.0,0,0,0,0,0.0,0.0,0.0,0.0,0.0,0.0,10
15304,Chris,Evans,Chris Evans,/football/player/chris-evans-15304,"&nbsp;<span class=""red upper bold sm-text"">IR</span>",&#9881;,open,,i,,RB,,RB,CIN,BAL,217,53.50,6.50,23.50,0,0,4000,4000,0,0.00,0.00,0.00,0.0,0.0,0.0,0,0,0,0,0.0,0.0,0.0,0.0,0.0,0.0,10
13504,Jake,Browning,Jake Browning,/football/player/jake-browning-13504,,&#9881;,open,,i,,QB,,QB,CIN,BAL,217,53.50,6.50,23.50,0,0,4500,4500,0,0.00,0.00,0.00,-0.1,0.0,0.0,0,0,0,0,0.0,0.0,0.0,0.0,0.0,0.0,10
16871,Stetson,Bennett,Stetson Bennett,/football/player/stetson-bennett-16871,,&#9881;,open,,i,,QB,,QB,LAR,MIA,-119,50.00,-1.00,25.50,0,0,4000,4000,0,0.00,0.00,0.00,0.0,0.0,0.0,0,0,0,0,0.0,0.0,0.0,0.0,0.0,0.0,10
15514,Rondale,Moore,Rondale Moore,/football/player/rondale-moore-15514,"&nbsp;<span class=""red upper bold sm-text"">IR</span>",&#9881;,open,,i,,WR,,WR,ATL,NO,-197,46.50,-4.00,25.25,0,0,3000,3000,0,0.00,0.00,0.00,0.0,0.0,0.0,0,0,0,0,0.0,0.0,0.0,0.0,0.0,0.0,10
16797,Tommy,DeVito,Tommy DeVito,/football/player/tommy-devito-16797,,&#9881;,open,,i,,QB,,QB,NYG,CAR,-273,40.50,-6.50,23.50,0,0,4000,4000,0,0.00,0.00,0.00,0.0,0.0,0.0,0,0,0,0,0.0,0.0,0.0,0.0,0.0,0.0,10
16905,Hendon,Hooker,Hendon Hooker,/football/player/hendon-hooker-16905,,&#9881;,open,,i,,QB,,QB,DET,HOU,-187,49.00,-3.50,26.25,0,0,4000,4000,0,0.00,0.00,0.00,0.5,0.7,0.2,0,0,0,0,0.0,0.0,0.0,0.0,0.0,0.0,10
14131,Stephen,Carlson,Stephen Carlson,/football/player/stephen-carlson-14131,"&nbsp;<span class=""red upper bold sm-text"">IR</span>",&#9881;,open,,i,,TE,,TE,CHI,NE,-275,39.00,-6.00,22.50,0,0,2500,2500,0,0.00,0.00,0.00,0.0,0.0,0.0,0,0,0,0,0.0,0.0,0.0,0.0,0.0,0.0,10
15106,Jonathan,Ward,Jonathan Ward,/football/player/jonathan-ward-15106,,&#9881;,open,,i,,RB,,RB,PIT,WAS,123,45.50,2.50,21.50,0,0,4000,4000,0,0.00,0.00,0.00,0.6,1.3,0.0,0,0,0,0,0.0,0.0,0.0,0.0,0.0,0.0,10
17128,Antoine,Green,Antoine Green,/football/player/antoine-green-17128,"&nbsp;<span class=""red upper bold sm-text"">IR</span>",&#9881;,open,,i,,WR,,WR,DET,HOU,-187,49.00,-3.50,26.25,0,0,3000,3000,0,0.00,0.00,0.00,0.0,0.0,0.0,0,0,0,0,0.0,0.0,0.0,0.0,0.0,0.0,10
16743,Bryce,Ford-Wheaton,Bryce Ford-Wheaton,/football/player/bryce-ford-wheaton-16743,"&nbsp;<span class=""red upper bold sm-text"">que</span>",&#9881;,open,,i,,WR,,WR,NYG,CAR,-273,40.50,-6.50,23.50,0,0,3000,3000,0,0.00,0.00,0.00,0.0,0.0,0.0,0,0,0,0,0.0,0.0,0.0,0.0,0.0,0.0,10
14559,Dalton,Keene,Dalton Keene,/football/player/dalton-keene-14559,"&nbsp;<span class=""red upper bold sm-text"">IR</span>",&#9881;,open,,i,,TE,,TE,HOU,DET,154,49.00,3.50,22.75,0,0,2500,2500,0,0.00,0.00,0.00,0.0,0.0,0.0,0,0,0,0,0.0,0.0,0.0,0.0,0.0,0.0,10
18069,Patrick,Murtagh,Patrick Murtagh,/football/player/patrick-murtagh-18069,"&nbsp;<span class=""red upper bold sm-text"">IR</span>",&#9881;,open,,i,,TE,,TE,JAX,MIN,176,45.50,4.50,20.50,0,0,2500,2500,0,0.00,0.00,0.00,0.0,0.0,0.0,0,0,0,0,0.0,0.0,0.0,0.0,0.0,0.0,10
17125,Jordan,Mims,Jordan Mims,/football/player/jordan-mims-17125,,&#9881;,open,,i,,RB,,RB,NO,ATL,163,46.50,4.00,21.25,0,0,4000,4000,0,0.00,0.00,0.00,1.4,4.2,0.0,0,0,0,0,0.0,0.0,0.0,0.0,0.0,0.0,10
16946,Tyson,Bagent,Tyson Bagent,/football/player/tyson-bagent-16946,,&#9881;,open,,i,,QB,,QB,CHI,NE,-275,39.00,-6.00,22.50,0,0,5000,5000,0,0.00,0.00,0.00,-0.4,0.0,0.0,0,0,0,0,0.0,0.0,0.0,0.0,0.0,0.0,10
15328,Sam,Ehlinger,Sam Ehlinger,/football/player/sam-ehlinger-15328,,&#9881;,open,,i,,QB,,QB,IND,BUF,167,47.50,4.00,21.75,0,0,4000,4000,0,0.00,0.00,0.00,0.0,0.0,0.0,0,0,0,0,0.0,0.0,0.0,0.0,0.0,0.0,10
13664,Juwann,Winfree,Juwann Winfree,/football/player/juwann-winfree-13664,"&nbsp;<span class=""red upper bold sm-text"">IR</span>",&#9881;,open,,i,,WR,,WR,IND,BUF,167,47.50,4.00,21.75,0,0,3000,3000,0,0.00,0.00,0.00,0.0,0.0,0.0,0,0,0,0,0.0,0.0,0.0,0.0,0.0,0.0,10
15542,Davis,Mills,Davis Mills,/football/player/davis-mills-15542,,&#9881;,open,,i,,QB,,QB,HOU,DET,154,49.00,3.50,22.75,0,0,4800,4800,0,0.00,0.00,0.00,1.6,3.5,0.0,0,0,0,0,0.0,0.0,0.0,0.0,0.0,0.0,10
16746,Travis,Vokolek,Travis Vokolek,/football/player/travis-vokolek-16746,,&#9881;,open,,i,,TE,,TE,ARI,NYJ,-107,46.00,0.00,23.00,0,0,2500,2500,0,0.00,0.00,0.00,0.0,0.0,0.0,0,0,0,0,0.0,0.0,0.0,0.0,0.0,0.0,10
16653,Anthony,Richardson,Anthony Richardson,/football/player/anthony-richardson-16653,,&#9881;,open,,i,,QB,,QB,IND,BUF,167,47.50,4.00,21.75,0,0,5500,5500,0,0.00,0.00,0.00,9.7,13.4,5.7,0,0,0,0,0.0,0.0,0.0,0.0,0.0,0.0,10
15402,Mac,Jones,Mac Jones,/football/player/mac-jones-15402,,&#9881;,open,,i,,QB,,QB,JAX,MIN,176,45.50,4.50,20.50,0,0,4400,4400,0,0.00,0.00,0.00,0.1,0.3,0.0,0,0,0,0,0.0,0.0,0.0,0.0,0.0,0.0,10
10606,James,Winchester,James Winchester,/football/player/james-winchester-10606,,&#9881;,open,,i,,TE,,TE,KC,DEN,-416,41.50,-8.50,25.00,0,0,2500,2500,0,0.00,0.00,0.00,0.0,0.0,0.0,0,0,0,0,0.0,0.0,0.0,0.0,0.0,0.0,10
15334,Anthony,Schwartz,Anthony Schwartz,/football/player/anthony-schwartz-15334,"&nbsp;<span class=""red upper bold sm-text"">IR</span>",&#9881;,open,,i,,WR,,WR,MIA,LAR,100,50.00,1.00,24.50,0,0,3000,3000,0,0.00,0.00,0.00,0.0,0.0,0.0,0,0,0,0,0.0,0.0,0.0,0.0,0.0,0.0,10
14306,Jody,Fortson,Jody Fortson,/football/player/jody-fortson-14306,"&nbsp;<span class=""red upper bold sm-text"">IR</span>",&#9881;,open,,i,,TE,,TE,KC,DEN,-416,41.50,-8.50,25.00,0,0,2500,2500,0,0.00,0.00,0.00,0.5,1.4,0.0,0,0,0,0,0.0,0.0,0.0,0.0,0.0,0.0,10
15262,Shane,Buechele,Shane Buechele,/football/player/shane-buechele-15262,"&nbsp;<span class=""red upper bold sm-text"">IR</span>",&#9881;,open,,i,,QB,,QB,BUF,IND,-204,47.50,-4.00,25.75,0,0,4000,4000,0,0.00,0.00,0.00,0.0,0.0,0.0,0,0,0,0,0.0,0.0,0.0,0.0,0.0,0.0,10
15780,Mitchell,Fraboni,Mitchell Fraboni,/football/player/mitchell-fraboni-15780,,&#9881;,open,,i,,TE,,TE,DEN,KC,318,41.50,8.50,16.50,0,0,2500,2500,0,0.00,0.00,0.00,0.0,0.0,0.0,0,0,0,0,0.0,0.0,0.0,0.0,0.0,0.0,10
15369,Brevin,Jordan,Brevin Jordan,/football/player/brevin-jordan-15369,"&nbsp;<span class=""red upper bold sm-text"">IR</span>",&#9881;,open,,i,,TE,,TE,HOU,DET,154,49.00,3.50,22.75,0,0,2500,2500,0,0.00,0.00,0.00,1.4,1.4,1.4,0,0,0,0,0.0,0.0,0.0,0.0,0.0,0.0,10
10856,Carson,Wentz,Carson Wentz,/football/player/carson-wentz-10856,,&#9881;,open,,i,,QB,,QB,KC,DEN,-416,41.50,-8.50,25.00,0,0,4600,4600,0,0.00,0.00,0.00,0.0,0.0,0.0,0,0,0,0,0.0,0.0,0.0,0.0,0.0,0.0,10
16913,Clayton,Tune,Clayton Tune,/football/player/clayton-tune-16913,,&#9881;,open,,i,,QB,,QB,ARI,NYJ,-107,46.00,0.00,23.00,0,0,4300,4300,0,0.00,0.00,0.00,-0.5,0.4,0.0,0,0,0,0,0.0,0.0,0.0,0.0,0.0,0.0,10
17271,Ryan,Miller,Ryan Miller,/football/player/ryan-miller-17271,,&#9881;,open,,i,,WR,,WR,TB,SF,198,51.00,5.50,22.75,0,0,3500,3500,0,0.00,0.00,0.00,5.6,7.0,4.6,0,0,0,0,0.0,0.0,0.0,0.0,0.0,0.0,10
15339,Kenny,Yeboah,Kenny Yeboah,/football/player/kenny-yeboah-15339,,&#9881;,open,,i,,TE,,TE,NYJ,ARI,-111,46.00,0.00,23.00,0,0,2500,2500,0,0.00,0.00,0.00,2.2,2.2,2.2,0,0,0,0,0.0,0.0,0.0,0.0,0.0,0.0,10
15330,Zach,Wilson,Zach Wilson,/football/player/zach-wilson-15330,,&#9881;,open,,i,,QB,,QB,DEN,KC,318,41.50,8.50,16.50,0,0,4000,4000,0,0.00,0.00,0.00,0.0,0.0,0.0,0,0,0,0,0.0,0.0,0.0,0.0,0.0,0.0,10
16912,Jake,Haener,Jake Haener,/football/player/jake-haener-16912,,&#9881;,open,,i,,QB,,QB,NO,ATL,163,46.50,4.00,21.25,0,0,4300,4300,0,0.00,0.00,0.00,3.2,6.1,0.0,0,0,0,0,0.0,0.0,0.0,0.0,0.0,0.0,10
16898,Kendre,Miller,Kendre Miller,/football/player/kendre-miller-16898,"&nbsp;<span class=""red upper bold sm-text"">IR</span>",&#9881;,open,,i,,RB,,RB,NO,ATL,163,46.50,4.00,21.25,0,0,4000,4000,0,0.00,0.00,0.00,3.7,6.1,1.2,0,0,0,0,0.0,0.0,0.0,0.0,0.0,0.0,10
17413,Colton,Dowell,Colton Dowell,/football/player/colton-dowell-17413,"&nbsp;<span class=""red upper bold sm-text"">PUP</span>",&#9881;,open,,i,,WR,,WR,TEN,LAC,297,38.50,7.50,15.50,0,0,3000,3000,0,0.00,0.00,0.00,0.0,0.0,0.0,0,0,0,0,0.0,0.0,0.0,0.0,0.0,0.0,10
13627,Easton,Stick,Easton Stick,/football/player/easton-stick-13627,,&#9881;,open,,i,,QB,,QB,LAC,TEN,-376,38.50,-7.50,23.00,0,0,4000,4000,0,0.00,0.00,0.00,0.0,0.0,0.0,0,0,0,0,0.0,0.0,0.0,0.0,0.0,0.0,10
10155,Tyler,Ott,Tyler Ott,/football/player/tyler-ott-10155,,&#9881;,open,,i,,TE,,TE,WAS,PIT,-147,45.50,-2.50,24.00,0,0,2500,2500,0,0.00,0.00,0.00,0.0,0.0,0.0,0,0,0,0,0.0,0.0,0.0,0.0,0.0,0.0,10
17010,Brayden,Willis,Brayden Willis,/football/player/brayden-willis-17010,,&#9881;,open,,i,,TE,,TE,SF,TB,-245,51.00,-5.50,28.25,0,0,2500,2500,0,0.00,0.00,0.00,0.0,0.0,0.0,0,0,0,0,0.0,0.0,0.0,0.0,0.0,0.0,10
11709,Mitchell,Trubisky,Mitchell Trubisky,/football/player/mitchell-trubisky-11709,,&#9881;,open,,i,,QB,,QB,BUF,IND,-204,47.50,-4.00,25.75,0,0,4700,4700,0,0.00,0.00,0.00,-0.1,0.1,0.0,0,0,0,0,0.0,0.0,0.0,0.0,0.0,0.0,10
