id,first_name,last_name,player,URL,injury,actions,actions_trigger,lock,exclude,like,position,real_position,actual_position,team,opponent,money_line,over_under,point_spread,team_points,ownership,multiplier,salary,salary_original,salary_custom,proj_points,proj_rotowire,proj_original,proj_avg,proj_ceiling,proj_floor,proj_third_party_one,proj_third_party_two,proj_third_party_three,proj_custom,value,dfsopp,pa,ra,targets,touches,week
11834,Joshua,Dobbs,Joshua Dobbs,/football/player/joshua-dobbs-11834,,&#9881;,open,,i,,QB,,QB,SF,ARI,173,42.5,4.5,19,7.95,0,4000,4000,0,15.93,15.93,15.93,8.1,8.1,8.1,0,0,0,0,4,9.7,32.5,6.1,0,6.1,18
14563,Tyler,Huntley,Tyler Huntley,/football/player/tyler-huntley-14563,,&#9881;,open,,i,,QB,,QB,MIA,NYJ,-118,39,-1,20,1.53,0,4800,4800,0,15.66,15.66,15.66,13.5,22.6,6.7,0,0,0,0,3.3,7.1,27.6,6.5,0,6.5,18
8043,Russell,Wilson,Russell Wilson,/football/player/russell-wilson-8043,,&#9881;,open,,i,,QB,,QB,PIT,CIN,108,48,2,23,5.86,0,5300,5300,0,16.98,16.98,16.98,17.3,27.5,8.9,0,0,0,0,3.2,6.5,29.9,4.3,0,4.3,18
13613,Kyler,Murray,Kyler Murray,/football/player/kyler-murray-13613,,&#9881;,open,,i,,QB,,QB,ARI,SF,-210,42.5,-4.5,23.5,5.75,0,6000,6000,0,18.58,18.58,18.58,18.2,27.1,8.4,0,0,0,0,3.1,6.2,29.9,7,0,7,18
12490,Sam,Darnold,Sam Darnold,/football/player/sam-darnold-12490,,&#9881;,open,,i,,QB,,QB,MIN,DET,126,56.5,3,26.75,7.57,0,6500,6500,0,20.17,20.17,20.17,20.7,32.9,9.6,0,0,0,0,3.1,6,36.4,2.7,0,2.7,18
14371,Jordan,Love,Jordan Love,/football/player/jordan-love-14371,,&#9881;,open,,i,,QB,,QB,GB,CHI,-498,41,-10,25.5,5.21,0,6100,6100,0,18.46,18.46,18.46,17.5,29.4,8.6,0,0,0,0,3,5.7,31.9,2.6,0,2.6,18
8743,Geno,Smith,Geno Smith,/football/player/geno-smith-8743,,&#9881;,open,,i,,QB,,QB,SEA,LAR,-269,39,-6.5,22.75,3.88,0,5500,5500,0,16.46,16.46,16.46,16.7,25.9,7.7,0,0,0,0,3,6.5,33.2,2.8,0,2.8,18
13736,Drew,Lock,Drew Lock,/football/player/drew-lock-13736,,&#9881;,open,,i,,QB,,QB,NYG,PHI,125,37.5,3,17.25,2.57,0,5100,5100,0,14.9,14.9,14.9,11.6,31.2,0,0,0,0,0,2.9,7.7,34.5,4.8,0,4.8,18
15273,Michael,Carter,Michael Carter,/football/player/michael-carter-15273,,&#9881;,open,,i,,RB,,RB,ARI,SF,-210,42.5,-4.5,23.5,18.54,0,4700,4700,0,13.69,13.69,13.69,10,10.1,9.8,0,0,0,0,2.9,4,0,14.9,3.7,18.6,18
17700,Michael,Penix,Michael Penix,/football/player/michael-penix-17700,,&#9881;,open,,i,,QB,,QB,ATL,CAR,-428,48,-8,28,4.15,0,5400,5400,0,15.76,15.76,15.76,5.3,11.5,0.1,0,0,0,0,2.9,6.4,31.8,3,0,3,18
16653,Anthony,Richardson,Anthony Richardson,/football/player/anthony-richardson-16653,"&nbsp;<span class=""red upper bold sm-text"">que</span>",&#9881;,open,,i,,QB,,QB,IND,JAX,-222,44,-4.5,24.25,0.76,0,5900,5900,0,17.07,17.07,17.07,14.9,25.6,6.5,0,0,0,0,2.9,5.9,27.5,7.2,0,7.2,18
14446,Justin,Herbert,Justin Herbert,/football/player/justin-herbert-14446,,&#9881;,open,,i,,QB,,QB,LAC,LV,-213,41,-4.5,22.75,4.53,0,5900,5900,0,17.12,17.12,17.12,17,24,9.7,0,0,0,0,2.9,6.1,32.7,3.2,0,3.2,18
13894,KaVontae,Turpin,KaVontae Turpin,/football/player/kavontae-turpin-13894,,&#9881;,open,,i,,WR,,WR,DAL,WAS,221,44,6.5,18.75,4.83,0,3400,3400,0,9.42,9.42,9.42,6,14.3,0.6,0,0,0,0,2.8,1.6,0,1.5,4,5.5,18
17033,Sam,LaPorta,Sam LaPorta,/football/player/sam-laporta-17033,,&#9881;,open,,i,,TE,,TE,DET,MIN,-151,56.5,-3,29.75,6.77,0,4700,4700,0,13.01,13.01,13.01,11.1,19.1,4.2,0,0,0,0,2.8,1.4,0,0,6.4,6.4,18
12619,Baker,Mayfield,Baker Mayfield,/football/player/baker-mayfield-12619,,&#9881;,open,,i,,QB,,QB,TB,NO,-902,43.5,-14,28.75,6.03,0,7000,7000,0,19.65,19.65,19.65,23.3,34.8,11.8,0,0,0,0,2.8,5.4,34.4,3.2,0,3.2,18
10729,Jared,Goff,Jared Goff,/football/player/jared-goff-10729,,&#9881;,open,,i,,QB,,QB,DET,MIN,-151,56.5,-3,29.75,6.63,0,6800,6800,0,18.79,18.79,18.79,22.1,38.1,10.8,0,0,0,0,2.8,4.8,31.4,1.5,0,1.5,18
16744,Nikko,Remigio,Nikko Remigio,/football/player/nikko-remigio-16744,,&#9881;,open,,i,,WR,,WR,KC,DEN,417,40,10.5,14.75,2.45,0,3000,3000,0,8.35,8.35,8.35,0,0,0,0,0,0,0,2.8,1.7,0,0,5,5,18
4307,Aaron,Rodgers,Aaron Rodgers,/football/player/aaron-rodgers-4307,,&#9881;,open,,i,,QB,,QB,NYJ,MIA,100,39,1,19,2.99,0,5600,5600,0,15.75,15.75,15.75,15.4,26,5.7,0,0,0,0,2.8,6.2,33.1,1.6,0,1.6,18
14442,Joe,Burrow,Joe Burrow,/football/player/joe-burrow-14442,,&#9881;,open,,i,,QB,,QB,CIN,PIT,-130,48,-2,25,5.89,0,7500,7500,0,20.38,20.38,20.38,25.7,37.1,15.6,0,0,0,0,2.7,5.3,36.9,3.2,0,3.2,18
16995,Bo,Nix,Bo Nix,/football/player/bo-nix-16995,,&#9881;,open,,i,,QB,,QB,DEN,KC,-575,40,-10.5,25.25,4.14,0,6400,6400,0,17.54,17.54,17.54,19,28.7,9.6,0,0,0,0,2.7,5.8,32.7,4.2,0,4.2,18
11841,Cooper,Rush,Cooper Rush,/football/player/cooper-rush-11841,,&#9881;,open,,i,,QB,,QB,DAL,WAS,221,44,6.5,18.75,2.21,0,5200,5200,0,13.62,13.62,13.62,11,19.5,1.6,0,0,0,0,2.6,7.1,33.4,3.3,0,3.3,18
17695,Caleb,Williams,Caleb Williams,/football/player/caleb-williams-17695,,&#9881;,open,,i,,QB,,QB,CHI,GB,373,41,10,15.5,1.94,0,5600,5600,0,14.45,14.45,14.45,17.3,28,7.4,0,0,0,0,2.6,6.4,32.1,4,0,4,18
15838,Wan'Dale,Robinson,Wan'Dale Robinson,/football/player/wandale-robinson-15838,,&#9881;,open,,i,,WR,,WR,NYG,PHI,125,37.5,3,17.25,7.02,0,4600,4600,0,11.87,11.87,11.87,10.4,16.6,4.2,0,0,0,0,2.6,1.9,0,0.8,7.9,8.7,18
20018,New England,Patriots,New England Patriots,/football/player/new-england-patriots-20018,,&#9881;,open,,i,,D," <small class=""sm-muted"">(DST)</small>",DST,NE,BUF,116,36.5,2.5,17,3.13,0,2600,2600,0,6.77,6.77,6.77,0,0,0,0,0,0,0,2.6,0,0,0,0,0,18
9320,Jimmy,Garoppolo,Jimmy Garoppolo,/football/player/jimmy-garoppolo-9320,,&#9881;,open,,i,,QB,,QB,LAR,SEA,217,39,6.5,16.25,1.68,0,5200,5200,0,13.26,13.26,13.26,0,0,0,0,0,0,0,2.6,5.7,27.6,2.2,0,2.2,18
11847,Kendrick,Bourne,Kendrick Bourne,/football/player/kendrick-bourne-11847,,&#9881;,open,,i,,WR,,WR,NE,BUF,116,36.5,2.5,17,3.86,0,3200,3200,0,8.1,8.1,8.1,5.6,14.3,0.4,0,0,0,0,2.5,1.7,0,0.2,5.2,5.4,18
12809,Tyler,Conklin,Tyler Conklin,/football/player/tyler-conklin-12809,"&nbsp;<span class=""red upper bold sm-text"">que</span>",&#9881;,open,,i,,TE,,TE,NYJ,MIA,100,39,1,19,3.59,0,3400,3400,0,8.61,8.61,8.61,7.4,16.4,1.1,0,0,0,0,2.5,1.5,0,0,5.1,5.1,18
20009,Denver,Broncos,Denver Broncos,/football/player/denver-broncos-20009,,&#9881;,open,,i,,D," <small class=""sm-muted"">(DST)</small>",DST,DEN,KC,-575,40,-10.5,25.25,15.21,0,3000,3000,0,7.54,7.54,7.54,0,0,0,0,0,0,0,2.5,0,0,0,0,0,18
9260,Brandin,Cooks,Brandin Cooks,/football/player/brandin-cooks-9260,,&#9881;,open,,i,,WR,,WR,DAL,WAS,221,44,6.5,18.75,6.03,0,4700,4700,0,11.64,11.64,11.64,6.4,9.9,3.1,0,0,0,0,2.5,1.5,0,0.2,6.6,6.8,18
17692,Jayden,Daniels,Jayden Daniels,/football/player/jayden-daniels-17692,,&#9881;,open,,i,,QB,,QB,WAS,DAL,-271,44,-6.5,25.25,5.63,0,7800,7800,0,19.85,19.85,19.85,22.4,34,9.3,0,0,0,0,2.5,4.8,28.2,9.1,0,9.1,18
20012,Houston,Texans,Houston Texans,/football/player/houston-texans-20012,,&#9881;,open,,i,,D," <small class=""sm-muted"">(DST)</small>",DST,HOU,TEN,102,37,1.5,17.75,3.99,0,2800,2800,0,6.92,6.92,6.92,0,0,0,0,0,0,0,2.5,0,0,0,0,0,18
17782,Spencer,Rattler,Spencer Rattler,/football/player/spencer-rattler-17782,,&#9881;,open,,i,,QB,,QB,NO,TB,596,43.5,14,14.75,1.74,0,4800,4800,0,12.11,12.11,12.11,10.1,14.6,6.2,0,0,0,0,2.5,7.9,33.6,4.2,0,4.2,18
15868,Drake,London,Drake London,/football/player/drake-london-15868,"&nbsp;<span class=""red upper bold sm-text"">que</span>",&#9881;,open,,i,,WR,,WR,ATL,CAR,-428,48,-8,28,8.65,0,6500,6500,0,15.5,15.5,15.5,16.2,29.8,8.3,0,0,0,0,2.4,1.3,0,0.1,8.3,8.4,18
16808,Jahmyr,Gibbs,Jahmyr Gibbs,/football/player/jahmyr-gibbs-16808,,&#9881;,open,,i,,RB,,RB,DET,MIN,-151,56.5,-3,29.75,18.41,0,8700,8700,0,21.16,21.16,21.16,20.8,31.5,12.5,0,0,0,0,2.4,2.5,0,17.4,4.5,21.9,18
16739,Bijan,Robinson,Bijan Robinson,/football/player/bijan-robinson-16739,,&#9881;,open,,i,,RB,,RB,ATL,CAR,-428,48,-8,28,19.54,0,8500,8500,0,20.36,20.36,20.36,20.3,29.8,11.8,0,0,0,0,2.4,2.8,0,19.9,3.8,23.7,18
17673,Drake,Maye,Drake Maye,/football/player/drake-maye-17673,"&nbsp;<span class=""red upper bold sm-text"">que</span>",&#9881;,open,,i,,QB,,QB,NE,BUF,116,36.5,2.5,17,1.87,0,5700,5700,0,13.71,13.71,13.71,16.1,22.2,6.2,0,0,0,0,2.4,6.4,30.4,5.8,0,5.8,18
16751,DeMario,Douglas,DeMario Douglas,/football/player/demario-douglas-16751,,&#9881;,open,,i,,WR,,WR,NE,BUF,116,36.5,2.5,17,4.95,0,4300,4300,0,10.37,10.37,10.37,9.2,17.9,1.9,0,0,0,0,2.4,1.5,0,0.4,6,6.4,18
11763,Aaron,Jones,Aaron Jones,/football/player/aaron-jones-11763,"&nbsp;<span class=""red upper bold sm-text"">que</span>",&#9881;,open,,i,,RB,,RB,MIN,DET,126,56.5,3,26.75,11.4,0,6400,6400,0,15.55,15.55,15.55,14.6,24.9,6.8,0,0,0,0,2.4,2.8,0,14.3,3.6,17.9,18
16716,Aidan,O'Connell,Aidan O'Connell,/football/player/aidan-oconnell-16716,,&#9881;,open,,i,,QB,,QB,LV,LAC,174,41,4.5,18.25,1.61,0,5100,5100,0,12.23,12.23,12.23,10.7,20.8,2.8,0,0,0,0,2.4,6.5,31.7,1.5,0,1.5,18
16649,Tucker,Kraft,Tucker Kraft,/football/player/tucker-kraft-16649,,&#9881;,open,,i,,TE,,TE,GB,CHI,-498,41,-10,25.5,4.17,0,3700,3700,0,8.77,8.77,8.77,9.9,20.6,1.7,0,0,0,0,2.4,1.2,0,0,4.6,4.6,18
10126,Ameer,Abdullah,Ameer Abdullah,/football/player/ameer-abdullah-10126,"&nbsp;<span class=""red upper bold sm-text"">que</span>",&#9881;,open,,i,,RB,,RB,LV,LAC,174,41,4.5,18.25,8.31,0,5100,5100,0,12.1,12.1,12.1,8.6,18.5,0.4,0,0,0,0,2.4,3.3,0,12.2,4.6,16.8,18
16654,Jaxon,Smith-Njigba,Jaxon Smith-Njigba,/football/player/jaxon-smith-njigba-16654,,&#9881;,open,,i,,WR,,WR,SEA,LAR,-269,39,-6.5,22.75,7.65,0,6100,6100,0,14.82,14.82,14.82,16.9,33.1,6.4,0,0,0,0,2.4,1.5,0,0.2,9.1,9.3,18
13426,Noah,Fant,Noah Fant,/football/player/noah-fant-13426,,&#9881;,open,,i,,TE,,TE,SEA,LAR,-269,39,-6.5,22.75,3.52,0,3700,3700,0,9,9,9,7,11.2,3.1,0,0,0,0,2.4,1.4,0,0,5.3,5.3,18
14657,Rico,Dowdle,Rico Dowdle,/football/player/rico-dowdle-14657,,&#9881;,open,,i,,RB,,RB,DAL,WAS,221,44,6.5,18.75,10.03,0,5800,5800,0,14.01,14.01,14.01,13.7,21.8,6.7,0,0,0,0,2.4,3.4,0,16.2,3.3,19.5,18
17688,Jordan,Whittington,Jordan Whittington,/football/player/jordan-whittington-17688,"&nbsp;<span class=""red upper bold sm-text"">que</span>",&#9881;,open,,i,,WR,,WR,LAR,SEA,217,39,6.5,16.25,3.51,0,3300,3300,0,8,8,8,3.1,12.1,0,0,0,0,0,2.4,1.5,0,0,5,5,18
13517,Jakobi,Meyers,Jakobi Meyers,/football/player/jakobi-meyers-13517,,&#9881;,open,,i,,WR,,WR,LV,LAC,174,41,4.5,18.25,6.87,0,5700,5700,0,13.7,13.7,13.7,14.3,22.6,7.3,0,0,0,0,2.4,1.7,0.1,0.4,9.1,9.5,18
20030,Tennessee,Titans,Tennessee Titans,/football/player/tennessee-titans-20030,,&#9881;,open,,i,,D," <small class=""sm-muted"">(DST)</small>",DST,TEN,HOU,-122,37,-1.5,19.25,6.04,0,3000,3000,0,7.12,7.12,7.12,0,0,0,0,0,0,0,2.4,0,0,0,0,0,18
12764,Mike,Gesicki,Mike Gesicki,/football/player/mike-gesicki-12764,,&#9881;,open,,i,,TE,,TE,CIN,PIT,-130,48,-2,25,4.17,0,3600,3600,0,8.52,8.52,8.52,8.4,23.4,0,0,0,0,0,2.4,1.4,0,0,5.1,5.1,18
10988,Sterling,Shepard,Sterling Shepard,/football/player/sterling-shepard-10988,"&nbsp;<span class=""red upper bold sm-text"">que</span>",&#9881;,open,,i,,WR,,WR,TB,NO,-902,43.5,-14,28.75,3.72,0,3600,3600,0,8.67,8.67,8.67,5.9,10.1,1.2,0,0,0,0,2.4,1.3,0,0,4.6,4.6,18
20020,New York,Giants,New York Giants,/football/player/new-york-giants-20020,,&#9881;,open,,i,,D," <small class=""sm-muted"">(DST)</small>",DST,NYG,PHI,125,37.5,3,17.25,2.35,0,2400,2400,0,5.84,5.84,5.84,0,0,0,0,0,0,0,2.4,0,0,0,0,0,18
15183,Ja'Marr,Chase,Ja'Marr Chase,/football/player/jamarr-chase-15183,,&#9881;,open,,i,,WR,,WR,CIN,PIT,-130,48,-2,25,11.7,0,8600,8600,0,20.76,20.76,20.76,25.4,49.1,9.2,0,0,0,0,2.4,1.1,0,0.2,9.5,9.7,18
17015,Ainias,Smith,Ainias Smith,/football/player/ainias-smith-17015,,&#9881;,open,,i,,WR,,WR,PHI,NYG,-150,37.5,-3,20.25,2.89,0,3000,3000,0,7.32,7.32,7.32,0.6,2.2,0,0,0,0,0,2.4,1.6,0,0.2,4.5,4.7,18
17763,Jalen,McMillan,Jalen McMillan,/football/player/jalen-mcmillan-17763,,&#9881;,open,,i,,WR,,WR,TB,NO,-902,43.5,-14,28.75,7.19,0,5100,5100,0,12.37,12.37,12.37,9.7,20.7,0.5,0,0,0,0,2.4,1.5,0,0.4,7.1,7.5,18
17784,Bucky,Irving,Bucky Irving,/football/player/bucky-irving-17784,"&nbsp;<span class=""red upper bold sm-text"">que</span>",&#9881;,open,,i,,RB,,RB,TB,NO,-902,43.5,-14,28.75,11.38,0,7700,7700,0,17.74,17.74,17.74,15.2,27.1,4.4,0,0,0,0,2.3,2.8,0,17.7,3.7,21.4,18
20011,Green Bay,Packers,Green Bay Packers,/football/player/green-bay-packers-20011,,&#9881;,open,,i,,D," <small class=""sm-muted"">(DST)</small>",DST,GB,CHI,-498,41,-10,25.5,9.34,0,3400,3400,0,7.77,7.77,7.77,0,0,0,0,0,0,0,2.3,0,0,0,0,0,18
8781,Zach,Ertz,Zach Ertz,/football/player/zach-ertz-8781,,&#9881;,open,,i,,TE,,TE,WAS,DAL,-271,44,-6.5,25.25,4.77,0,4000,4000,0,9.41,9.41,9.41,10.2,21,2.6,0,0,0,0,2.3,1.5,0,0,6.1,6.1,18
14378,Michael,Pittman,Michael Pittman,/football/player/michael-pittman-14378,,&#9881;,open,,i,,WR,,WR,IND,JAX,-222,44,-4.5,24.25,5.92,0,5200,5200,0,11.81,11.81,11.81,10.9,23.6,3,0,0,0,0,2.3,1.3,0,0.1,6.8,6.9,18
15402,Mac,Jones,Mac Jones,/football/player/mac-jones-15402,,&#9881;,open,,i,,QB,,QB,JAX,IND,182,44,4.5,19.75,1.61,0,5200,5200,0,11.72,11.72,11.72,10.3,19.5,1.1,0,0,0,0,2.3,6.5,31.7,2.1,0,2.1,18
17011,Johnny,Wilson,Johnny Wilson,/football/player/johnny-wilson-17011,,&#9881;,open,,i,,WR,,WR,PHI,NYG,-150,37.5,-3,20.25,2.96,0,3000,3000,0,6.94,6.94,6.94,0.7,5.1,0,0,0,0,0,2.3,1.6,0,0.2,4.5,4.7,18
15267,Pat,Freiermuth,Pat Freiermuth,/football/player/pat-freiermuth-15267,,&#9881;,open,,i,,TE,,TE,PIT,CIN,108,48,2,23,4.05,0,3900,3900,0,8.94,8.94,8.94,9.4,16.5,4.1,0,0,0,0,2.3,1.3,0,0,5.1,5.1,18
16895,Jordan,Addison,Jordan Addison,/football/player/jordan-addison-16895,,&#9881;,open,,i,,WR,,WR,MIN,DET,126,56.5,3,26.75,6.88,0,6400,6400,0,14.39,14.39,14.39,16.2,34.8,4.7,0,0,0,0,2.3,1.2,0,0.2,7.4,7.6,18
14376,Jauan,Jennings,Jauan Jennings,/football/player/jauan-jennings-14376,,&#9881;,open,,i,,WR,,WR,SF,ARI,173,42.5,4.5,19,5.72,0,5800,5800,0,13.29,13.29,13.29,14.4,38.2,2.1,0,0,0,0,2.3,1.2,0,0.1,7.1,7.2,18
13610,T.J.,Hockenson,T.J. Hockenson,/football/player/tj-hockenson-13610,,&#9881;,open,,i,,TE,,TE,MIN,DET,126,56.5,3,26.75,5.4,0,4400,4400,0,9.97,9.97,9.97,9.6,18.4,3.6,0,0,0,0,2.3,1.4,0,0,6.1,6.1,18
17976,Jalen,Coker,Jalen Coker,/football/player/jalen-coker-17976,,&#9881;,open,,i,,WR,,WR,CAR,ATL,332,48,8,20,4.48,0,4100,4100,0,9.31,9.31,9.31,8.2,19.8,0.3,0,0,0,0,2.3,1.5,0,0,6.2,6.2,18
20022,Las Vegas,Raiders,Las Vegas Raiders,/football/player/las-vegas-raiders-20022,,&#9881;,open,,i,,D," <small class=""sm-muted"">(DST)</small>",DST,LV,LAC,174,41,4.5,18.25,1.55,0,2300,2300,0,5.19,5.19,5.19,0,0,0,0,0,0,0,2.3,0,0,0,0,0,18
12586,Courtland,Sutton,Courtland Sutton,/football/player/courtland-sutton-12586,,&#9881;,open,,i,,WR,,WR,DEN,KC,-575,40,-10.5,25.25,7.36,0,6400,6400,0,15.05,15.05,15.05,14.8,26.3,3.4,0,0,0,0,2.3,1.3,0,0.1,8.2,8.3,18
16807,Bryce,Young,Bryce Young,/football/player/bryce-young-16807,,&#9881;,open,,i,,QB,,QB,CAR,ATL,332,48,8,20,1.8,0,5800,5800,0,13.39,13.39,13.39,13.2,24.2,2.4,0,0,0,0,2.3,5.9,31.6,2.9,0,2.9,18
12616,Calvin,Ridley,Calvin Ridley,/football/player/calvin-ridley-12616,,&#9881;,open,,i,,WR,,WR,TEN,HOU,-122,37,-1.5,19.25,5.08,0,5400,5400,0,12.15,12.15,12.15,12.3,23.6,2.5,0,0,0,0,2.3,1.5,0,0.4,7.7,8.1,18
16661,De'Von,Achane,De'Von Achane,/football/player/devon-achane-16661,,&#9881;,open,,i,,RB,,RB,MIA,NYJ,-118,39,-1,20,11.07,0,7200,7200,0,16.3,16.3,16.3,17.5,30.8,5,0,0,0,0,2.3,2.6,0,12.5,6,18.5,18
13424,DK,Metcalf,DK Metcalf,/football/player/dk-metcalf-13424,,&#9881;,open,,i,,WR,,WR,SEA,LAR,-269,39,-6.5,22.75,6.38,0,5600,5600,0,12.79,12.79,12.79,14,26.8,6.1,0,0,0,0,2.3,1.3,0,0.1,7.2,7.3,18
15829,Garrett,Wilson,Garrett Wilson,/football/player/garrett-wilson-15829,,&#9881;,open,,i,,WR,,WR,NYJ,MIA,100,39,1,19,6.56,0,6000,6000,0,13.73,13.73,13.73,15.9,28.1,6.8,0,0,0,0,2.3,1.4,0,0.3,8.1,8.4,18
17761,Ricky,Pearsall,Ricky Pearsall,/football/player/ricky-pearsall-17761,"&nbsp;<span class=""red upper bold sm-text"">que</span>",&#9881;,open,,i,,WR,,WR,SF,ARI,173,42.5,4.5,19,3.2,0,4100,4100,0,9.53,9.53,9.53,7.8,24.8,0,0,0,0,0,2.3,1.4,0,0.3,5.5,5.8,18
8986,Adam,Thielen,Adam Thielen,/football/player/adam-thielen-8986,,&#9881;,open,,i,,WR,,WR,CAR,ATL,332,48,8,20,5.58,0,6200,6200,0,14.09,14.09,14.09,16,28,5.5,0,0,0,0,2.3,1.4,0,0.1,8.3,8.4,18
17704,Malik,Nabers,Malik Nabers,/football/player/malik-nabers-17704,"&nbsp;<span class=""red upper bold sm-text"">que</span>",&#9881;,open,,i,,WR,,WR,NYG,PHI,125,37.5,3,17.25,7.09,0,7100,7100,0,16.14,16.14,16.14,19.4,34,9,0,0,0,0,2.3,1.5,0,0.1,10.2,10.3,18
17967,Tyrone,Tracy,Tyrone Tracy,/football/player/tyrone-tracy-17967,,&#9881;,open,,i,,RB,,RB,NYG,PHI,125,37.5,3,17.25,7.1,0,5800,5800,0,13.41,13.41,13.41,12.2,23,2.3,0,0,0,0,2.3,3.2,0,15.1,3.6,18.7,18
20003,Buffalo,Bills,Buffalo Bills,/football/player/buffalo-bills-20003,,&#9881;,open,,i,,D," <small class=""sm-muted"">(DST)</small>",DST,BUF,NE,-139,36.5,-2.5,19.5,6.09,0,3100,3100,0,7.24,7.24,7.24,0,0,0,0,0,0,0,2.3,0,0,0,0,0,18
20026,Seattle,Seahawks,Seattle Seahawks,/football/player/seattle-seahawks-20026,,&#9881;,open,,i,,D," <small class=""sm-muted"">(DST)</small>",DST,SEA,LAR,-269,39,-6.5,22.75,7.13,0,2900,2900,0,6.82,6.82,6.82,0,0,0,0,0,0,0,2.3,0,0,0,0,0,18
15810,Breece,Hall,Breece Hall,/football/player/breece-hall-15810,,&#9881;,open,,i,,RB,,RB,NYJ,MIA,100,39,1,19,8.82,0,6500,6500,0,14.79,14.79,14.79,15.3,27.6,5.1,0,0,0,0,2.3,2.8,0,14.2,4.1,18.3,18
14510,Darnell,Mooney,Darnell Mooney,/football/player/darnell-mooney-14510,"&nbsp;<span class=""red upper bold sm-text"">que</span>",&#9881;,open,,i,,WR,,WR,ATL,CAR,-428,48,-8,28,6.35,0,5100,5100,0,11.9,11.9,11.9,13.1,28.2,2.1,0,0,0,0,2.3,1.3,0,0.2,6.4,6.6,18
14394,D'Andre,Swift,D'Andre Swift,/football/player/dandre-swift-14394,,&#9881;,open,,i,,RB,,RB,CHI,GB,373,41,10,15.5,7.1,0,5400,5400,0,11.74,11.74,11.74,13.3,25,5.6,0,0,0,0,2.2,3.2,0,14.1,3.4,17.5,18
12477,DJ,Moore,DJ Moore,/football/player/dj-moore-12477,,&#9881;,open,,i,,WR,,WR,CHI,GB,373,41,10,15.5,5.29,0,5900,5900,0,13.18,13.18,13.18,14,26.1,5.8,0,0,0,0,2.2,1.4,0,0.2,8,8.2,18
20005,Chicago,Bears,Chicago Bears,/football/player/chicago-bears-20005,,&#9881;,open,,i,,D," <small class=""sm-muted"">(DST)</small>",DST,CHI,GB,373,41,10,15.5,0.24,0,2300,2300,0,5.1,5.1,5.1,0,0,0,0,0,0,0,2.2,0,0,0,0,0,18
14630,Juwan,Johnson,Juwan Johnson,/football/player/juwan-johnson-14630,"&nbsp;<span class=""red upper bold sm-text"">que</span>",&#9881;,open,,i,,TE,,TE,NO,TB,596,43.5,14,14.75,3.02,0,3600,3600,0,7.75,7.75,7.75,6.6,13,1.1,0,0,0,0,2.2,1.2,0,0,4.4,4.4,18
20029,Tampa Bay,Buccaneers,Tampa Bay Buccaneers,/football/player/tampa-bay-buccaneers-20029,,&#9881;,open,,i,,D," <small class=""sm-muted"">(DST)</small>",DST,TB,NO,-902,43.5,-14,28.75,6.23,0,3600,3600,0,7.77,7.77,7.77,0,0,0,0,0,0,0,2.2,0,0,0,0,0,18
20021,New York,Jets,New York Jets,/football/player/new-york-jets-20021,,&#9881;,open,,i,,D," <small class=""sm-muted"">(DST)</small>",DST,NYJ,MIA,100,39,1,19,1.46,0,2600,2600,0,5.73,5.73,5.73,0,0,0,0,0,0,0,2.2,0,0,0,0,0,18
20008,Dallas,Cowboys,Dallas Cowboys,/football/player/dallas-cowboys-20008,,&#9881;,open,,i,,D," <small class=""sm-muted"">(DST)</small>",DST,DAL,WAS,221,44,6.5,18.75,2.81,0,2500,2500,0,5.46,5.46,5.46,0,0,0,0,0,0,0,2.2,0,0,0,0,0,18
9455,Davante,Adams,Davante Adams,/football/player/davante-adams-9455,,&#9881;,open,,i,,WR,,WR,NYJ,MIA,100,39,1,19,5.91,0,7000,7000,0,15.34,15.34,15.34,18.1,36.6,6.4,0,0,0,0,2.2,1.3,0,0.1,8.8,8.9,18
14455,Jonathan,Taylor,Jonathan Taylor,/football/player/jonathan-taylor-14455,,&#9881;,open,,i,,RB,,RB,IND,JAX,-222,44,-4.5,24.25,10.95,0,8200,8200,0,18.35,18.35,18.35,19.2,36.5,5.9,0,0,0,0,2.2,2.8,0,20.1,2.5,22.6,18
15849,Jameson,Williams,Jameson Williams,/football/player/jameson-williams-15849,,&#9881;,open,,i,,WR,,WR,DET,MIN,-151,56.5,-3,29.75,6.75,0,6200,6200,0,13.57,13.57,13.57,14.2,25.9,3.1,0,0,0,0,2.2,1.1,0,0.5,6.2,6.7,18
20014,Jacksonville,Jaguars,Jacksonville Jaguars,/football/player/jacksonville-jaguars-20014,,&#9881;,open,,i,,D," <small class=""sm-muted"">(DST)</small>",DST,JAX,IND,182,44,4.5,19.75,1.93,0,2500,2500,0,5.54,5.54,5.54,0,0,0,0,0,0,0,2.2,0,0,0,0,0,18
15332,Amon-Ra,St. Brown,Amon-Ra St. Brown,/football/player/amon-ra-st-brown-15332,,&#9881;,open,,i,,WR,,WR,DET,MIN,-151,56.5,-3,29.75,10.86,0,7700,7700,0,17.24,17.24,17.24,20.8,36.2,9.7,0,0,0,0,2.2,1.2,0,0.4,8.8,9.2,18
11892,George,Kittle,George Kittle,/football/player/george-kittle-11892,"&nbsp;<span class=""red upper bold sm-text"">que</span>",&#9881;,open,,i,,TE,,TE,SF,ARI,173,42.5,4.5,19,4.35,0,6000,6000,0,13.46,13.46,13.46,17.4,26.2,6,0,0,0,0,2.2,1.1,0,0.1,6.6,6.7,18
15841,Kenny,Pickett,Kenny Pickett,/football/player/kenny-pickett-15841,"&nbsp;<span class=""red upper bold sm-text"">que</span>",&#9881;,open,,i,,QB,,QB,PHI,NYG,-150,37.5,-3,20.25,1.39,0,5500,5500,0,11.89,11.89,11.89,5.2,14.3,0,0,0,0,0,2.2,5.9,29.9,2.5,0,2.5,18
17734,Xavier,Legette,Xavier Legette,/football/player/xavier-legette-17734,"&nbsp;<span class=""red upper bold sm-text"">que</span>",&#9881;,open,,i,,WR,,WR,CAR,ATL,332,48,8,20,3.22,0,4200,4200,0,9.3,9.3,9.3,8,16.5,1.3,0,0,0,0,2.2,1.5,0,0.2,6.3,6.5,18
16897,Zach,Charbonnet,Zach Charbonnet,/football/player/zach-charbonnet-16897,,&#9881;,open,,i,,RB,,RB,SEA,LAR,-269,39,-6.5,22.75,10.46,0,6700,6700,0,14.96,14.96,14.96,11.3,31.6,1.3,0,0,0,0,2.2,3.1,0,16.9,4,20.9,18
20023,Philadelphia,Eagles,Philadelphia Eagles,/football/player/philadelphia-eagles-20023,,&#9881;,open,,i,,D," <small class=""sm-muted"">(DST)</small>",DST,PHI,NYG,-150,37.5,-3,20.25,7.55,0,3300,3300,0,7.13,7.13,7.13,0,0,0,0,0,0,0,2.2,0,0,0,0,0,18
17693,Brock,Bowers,Brock Bowers,/football/player/brock-bowers-17693,,&#9881;,open,,i,,TE,,TE,LV,LAC,174,41,4.5,18.25,5.08,0,6600,6600,0,14.67,14.67,14.67,16.1,29.8,6,0,0,0,0,2.2,1.3,0,0,8.6,8.6,18
14506,Tee,Higgins,Tee Higgins,/football/player/tee-higgins-14506,"&nbsp;<span class=""red upper bold sm-text"">que</span>",&#9881;,open,,i,,WR,,WR,CIN,PIT,-130,48,-2,25,7.77,0,7100,7100,0,15.88,15.88,15.88,20,37.9,6.3,0,0,0,0,2.2,1.2,0,0.1,8.6,8.7,18
10735,Hunter,Henry,Hunter Henry,/football/player/hunter-henry-10735,"&nbsp;<span class=""red upper bold sm-text"">que</span>",&#9881;,open,,i,,TE,,TE,NE,BUF,116,36.5,2.5,17,3.75,0,4300,4300,0,9.4,9.4,9.4,9.6,18.9,1.7,0,0,0,0,2.2,1.4,0,0,6,6,18
15371,Tommy,Tremble,Tommy Tremble,/football/player/tommy-tremble-15371,,&#9881;,open,,i,,TE,,TE,CAR,ATL,332,48,8,20,1.6,0,2900,2900,0,6.27,6.27,6.27,4.2,10.4,0.2,0,0,0,0,2.2,1.3,0,0,3.9,3.9,18
20016,Miami,Dolphins,Miami Dolphins,/football/player/miami-dolphins-20016,,&#9881;,open,,i,,D," <small class=""sm-muted"">(DST)</small>",DST,MIA,NYJ,-118,39,-1,20,3.66,0,3200,3200,0,6.87,6.87,6.87,0,0,0,0,0,0,0,2.2,0,0,0,0,0,18
20000,Atlanta,Falcons,Atlanta Falcons,/football/player/atlanta-falcons-20000,,&#9881;,open,,i,,D," <small class=""sm-muted"">(DST)</small>",DST,ATL,CAR,-428,48,-8,28,3.71,0,3200,3200,0,7.09,7.09,7.09,0,0,0,0,0,0,0,2.2,0,0,0,0,0,18
15874,Calvin,Austin,Calvin Austin,/football/player/calvin-austin-15874,,&#9881;,open,,i,,WR,,WR,PIT,CIN,108,48,2,23,3.38,0,4100,4100,0,9.09,9.09,9.09,7.9,17.5,1.1,0,0,0,0,2.2,1.6,0,1.1,5.5,6.6,18
14418,J.K.,Dobbins,J.K. Dobbins,/football/player/jk-dobbins-14418,,&#9881;,open,,i,,RB,,RB,LAC,LV,-213,41,-4.5,22.75,7.18,0,6300,6300,0,13.82,13.82,13.82,14.7,22.6,8.5,0,0,0,0,2.2,2.8,0,14.9,2.9,17.8,18
12986,Will,Dissly,Will Dissly,/football/player/will-dissly-12986,,&#9881;,open,,i,,TE,,TE,LAC,LV,-213,41,-4.5,22.75,2.2,0,3600,3600,0,7.89,7.89,7.89,7.1,15.1,1,0,0,0,0,2.2,1.2,0,0,4.2,4.2,18
16032,Cade,Otton,Cade Otton,/football/player/cade-otton-16032,"&nbsp;<span class=""red upper bold sm-text"">que</span>",&#9881;,open,,i,,TE,,TE,TB,NO,-902,43.5,-14,28.75,2.89,0,4200,4200,0,9.06,9.06,9.06,11,24.2,1.2,0,0,0,0,2.2,1.1,0,0,4.7,4.7,18
10856,Carson,Wentz,Carson Wentz,/football/player/carson-wentz-10856,,&#9881;,open,,i,,QB,,QB,KC,DEN,417,40,10.5,14.75,1.25,0,5600,5600,0,11.59,11.59,11.59,0.4,0.9,0,0,0,0,0,2.1,5.7,28.6,3.5,0,3.5,18
16042,Chig,Okonkwo,Chig Okonkwo,/football/player/chig-okonkwo-16042,"&nbsp;<span class=""red upper bold sm-text"">que</span>",&#9881;,open,,i,,TE,,TE,TEN,HOU,-122,37,-1.5,19.25,3.36,0,3800,3800,0,8,8,8,6.9,14.5,1.7,0,0,0,0,2.1,1.3,0,0.1,4.9,5,18
16932,Xavier,Hutchinson,Xavier Hutchinson,/football/player/xavier-hutchinson-16932,,&#9881;,open,,i,,WR,,WR,HOU,TEN,102,37,1.5,17.75,2.02,0,3300,3300,0,7.03,7.03,7.03,1.5,4.2,0,0,0,0,0,2.1,1.3,0,0.4,4,4.4,18
15853,George,Pickens,George Pickens,/football/player/george-pickens-15853,,&#9881;,open,,i,,WR,,WR,PIT,CIN,108,48,2,23,5.84,0,6600,6600,0,13.99,13.99,13.99,13.1,22.4,5.7,0,0,0,0,2.1,1.1,0,0.1,7.4,7.5,18
13786,Josh,Oliver,Josh Oliver,/football/player/josh-oliver-13786,,&#9881;,open,,i,,TE,,TE,MIN,DET,126,56.5,3,26.75,1.95,0,2500,2500,0,5.34,5.34,5.34,4.4,13.4,0,0,0,0,0,2.1,1.1,0,0,2.8,2.8,18
14509,Justin,Jefferson,Justin Jefferson,/football/player/justin-jefferson-14509,,&#9881;,open,,i,,WR,,WR,MIN,DET,126,56.5,3,26.75,11.12,0,8400,8400,0,17.43,17.43,17.43,20.6,34.4,8.2,0,0,0,0,2.1,1.1,0,0.1,9,9.1,18
8627,Keenan,Allen,Keenan Allen,/football/player/keenan-allen-8627,,&#9881;,open,,i,,WR,,WR,CHI,GB,373,41,10,15.5,3.52,0,6000,6000,0,12.51,12.51,12.51,13.6,27.5,4.6,0,0,0,0,2.1,1.4,0,0.1,8.1,8.2,18
20024,Pittsburgh,Steelers,Pittsburgh Steelers,/football/player/pittsburgh-steelers-20024,,&#9881;,open,,i,,D," <small class=""sm-muted"">(DST)</small>",DST,PIT,CIN,108,48,2,23,4.22,0,2700,2700,0,5.65,5.65,5.65,0,0,0,0,0,0,0,2.1,0,0,0,0,0,18
15984,Jaylen,Warren,Jaylen Warren,/football/player/jaylen-warren-15984,,&#9881;,open,,i,,RB,,RB,PIT,CIN,108,48,2,23,5.74,0,5800,5800,0,12.18,12.18,12.18,9.2,15,2.8,0,0,0,0,2.1,2.3,0,9.3,3.9,13.2,18
20013,Indianapolis,Colts,Indianapolis Colts,/football/player/indianapolis-colts-20013,,&#9881;,open,,i,,D," <small class=""sm-muted"">(DST)</small>",DST,IND,JAX,-222,44,-4.5,24.25,2.69,0,3300,3300,0,6.91,6.91,6.91,0,0,0,0,0,0,0,2.1,0,0,0,0,0,18
17716,Brian,Thomas,Brian Thomas,/football/player/brian-thomas-17716,,&#9881;,open,,i,,WR,,WR,JAX,IND,182,44,4.5,19.75,5.72,0,7300,7300,0,15.59,15.59,15.59,17.1,31.1,5.4,0,0,0,0,2.1,1.3,0,0.1,9.6,9.7,18
17724,Ladd,McConkey,Ladd McConkey,/football/player/ladd-mcconkey-17724,"&nbsp;<span class=""red upper bold sm-text"">que</span>",&#9881;,open,,i,,WR,,WR,LAC,LV,-213,41,-4.5,22.75,5.6,0,6900,6900,0,14.7,14.7,14.7,15.6,28.1,5.9,0,0,0,0,2.1,1.1,0,0.1,7.5,7.6,18
15229,Tutu,Atwell,Tutu Atwell,/football/player/tutu-atwell-15229,,&#9881;,open,,i,,WR,,WR,LAR,SEA,217,39,6.5,16.25,3.92,0,3800,3800,0,8.06,8.06,8.06,6,11.9,0.8,0,0,0,0,2.1,1.4,0,0.4,5,5.4,18
11709,Mitchell,Trubisky,Mitchell Trubisky,/football/player/mitchell-trubisky-11709,,&#9881;,open,,i,,QB,,QB,BUF,NE,-139,36.5,-2.5,19.5,1.1,0,5500,5500,0,11.51,11.51,11.51,0.8,4.9,0,0,0,0,0,2.1,4.6,22.2,3.1,0,3.1,18
16795,Kayshon,Boutte,Kayshon Boutte,/football/player/kayshon-boutte-16795,,&#9881;,open,,i,,WR,,WR,NE,BUF,116,36.5,2.5,17,2.49,0,4200,4200,0,8.63,8.63,8.63,6.8,16.3,1.4,0,0,0,0,2.1,1.4,0,0.3,5.6,5.9,18
15460,Quintin,Morris,Quintin Morris,/football/player/quintin-morris-15460,,&#9881;,open,,i,,TE,,TE,BUF,NE,-139,36.5,-2.5,19.5,1.69,0,2500,2500,0,5.2,5.2,5.2,0.7,4.9,0,0,0,0,0,2.1,1.2,0,0,3,3,18
20025,Los Angeles,Chargers,Los Angeles Chargers,/football/player/los-angeles-chargers-20025,,&#9881;,open,,i,,D," <small class=""sm-muted"">(DST)</small>",DST,LAC,LV,-213,41,-4.5,22.75,3.8,0,3500,3500,0,7.24,7.24,7.24,0,0,0,0,0,0,0,2.1,0,0,0,0,0,18
13833,Olamide,Zaccheaus,Olamide Zaccheaus,/football/player/olamide-zaccheaus-13833,,&#9881;,open,,i,,WR,,WR,WAS,DAL,-271,44,-6.5,25.25,3.69,0,4500,4500,0,9.35,9.35,9.35,6.9,19.3,0,0,0,0,0,2.1,1.3,0,0.3,5.4,5.7,18
17748,Ja'Tavion,Sanders,Ja'Tavion Sanders,/football/player/jatavion-sanders-17748,,&#9881;,open,,i,,TE,,TE,CAR,ATL,332,48,8,20,2.46,0,2600,2600,0,5.48,5.48,5.48,4.7,11,0,0,0,0,0,2.1,1.3,0,0,3.3,3.3,18
12570,Ray-Ray,McCloud,Ray-Ray McCloud,/football/player/ray-ray-mccloud-12570,,&#9881;,open,,i,,WR,,WR,ATL,CAR,-428,48,-8,28,4.06,0,4100,4100,0,8.74,8.74,8.74,8.2,14.8,3.1,0,0,0,0,2.1,1.4,0,0.8,4.8,5.6,18
17674,Marvin,Harrison,Marvin Harrison,/football/player/marvin-harrison-17674,,&#9881;,open,,i,,WR,,WR,ARI,SF,-210,42.5,-4.5,23.5,4.85,0,5500,5500,0,11.6,11.6,11.6,12.3,26.6,1.8,0,0,0,0,2.1,1.2,0,0.1,6.8,6.9,18
17947,Isaac,Guerendo,Isaac Guerendo,/football/player/isaac-guerendo-17947,,&#9881;,open,,i,,RB,,RB,SF,ARI,173,42.5,4.5,19,7.82,0,5900,5900,0,12.4,12.4,12.4,6.3,20.8,0,0,0,0,0,2.1,3,0,15.5,2.4,17.9,18
13536,Terry,McLaurin,Terry McLaurin,/football/player/terry-mclaurin-13536,,&#9881;,open,,i,,WR,,WR,WAS,DAL,-271,44,-6.5,25.25,5.73,0,6800,6800,0,14.34,14.34,14.34,17.3,26.3,5.4,0,0,0,0,2.1,1.1,0,0.1,7.1,7.2,18
15902,Trey,McBride,Trey McBride,/football/player/trey-mcbride-15902,,&#9881;,open,,i,,TE,,TE,ARI,SF,-210,42.5,-4.5,23.5,4.85,0,6500,6500,0,13.55,13.55,13.55,16.1,28.9,6.4,0,0,0,0,2.1,1.3,0,0,8.2,8.2,18
12934,Marquez,Valdes-Scantling,Marquez Valdes-Scantling,/football/player/marquez-valdes-scantling-12934,,&#9881;,open,,i,,WR,,WR,NO,TB,596,43.5,14,14.75,1.82,0,4000,4000,0,7.9,7.9,7.9,6.5,22.2,0,0,0,0,0,2,1.4,0,0.3,5.4,5.7,18
20001,Arizona,Cardinals,Arizona Cardinals,/football/player/arizona-cardinals-20001,,&#9881;,open,,i,,D," <small class=""sm-muted"">(DST)</small>",DST,ARI,SF,-210,42.5,-4.5,23.5,0.5,0,2700,2700,0,5.47,5.47,5.47,0,0,0,0,0,0,0,2,0,0,0,0,0,18
16899,Quentin,Johnston,Quentin Johnston,/football/player/quentin-johnston-16899,,&#9881;,open,,i,,WR,,WR,LAC,LV,-213,41,-4.5,22.75,3.17,0,4800,4800,0,9.34,9.34,9.34,10.7,21.7,1.5,0,0,0,0,2,1.2,0,0.1,5.5,5.6,18
15895,Chris,Olave,Chris Olave,/football/player/chris-olave-15895,"&nbsp;<span class=""red upper bold sm-text"">IR-</span>",&#9881;,open,,i,,WR,,WR,NO,TB,596,43.5,14,14.75,1.96,0,5200,5200,0,10.13,10.13,10.13,11.1,20.9,1.3,0,0,0,0,2,1.3,0,0,6.5,6.5,18
20027,San Francisco,49ers,San Francisco 49ers,/football/player/san-francisco-49ers-20027,,&#9881;,open,,i,,D," <small class=""sm-muted"">(DST)</small>",DST,SF,ARI,173,42.5,4.5,19,0.87,0,2800,2800,0,5.55,5.55,5.55,0,0,0,0,0,0,0,2,0,0,0,0,0,18
15274,Dyami,Brown,Dyami Brown,/football/player/dyami-brown-15274,"&nbsp;<span class=""red upper bold sm-text"">que</span>",&#9881;,open,,i,,WR,,WR,WAS,DAL,-271,44,-6.5,25.25,1.4,0,3600,3600,0,7.16,7.16,7.16,4.5,10.9,0.8,0,0,0,0,2,1.2,0,0.2,4.1,4.3,18
14432,Tyler,Johnson,Tyler Johnson,/football/player/tyler-johnson-14432,,&#9881;,open,,i,,WR,,WR,LAR,SEA,217,39,6.5,16.25,2.41,0,3000,3000,0,6.04,6.04,6.04,2.7,7.8,0,0,0,0,0,2,1.3,0,0,4,4,18
9253,Mike,Evans,Mike Evans,/football/player/mike-evans-9253,,&#9881;,open,,i,,WR,,WR,TB,NO,-902,43.5,-14,28.75,5.77,0,8000,8000,0,16.06,16.06,16.06,17.1,34.3,4.7,0,0,0,0,2,1,0,0.1,8,8.1,18
17690,Blake,Corum,Blake Corum,/football/player/blake-corum-17690,,&#9881;,open,,i,,RB,,RB,LAR,SEA,217,39,6.5,16.25,5.84,0,5600,5600,0,11.21,11.21,11.21,2,4,0,0,0,0,0,2,2.6,0,11.8,2.8,14.6,18
16069,John,Metchie,John Metchie,/football/player/john-metchie-16069,,&#9881;,open,,i,,WR,,WR,HOU,TEN,102,37,1.5,17.75,2.22,0,4000,4000,0,7.98,7.98,7.98,4.3,14,0,0,0,0,0,2,1.3,0,0.2,5,5.2,18
20017,Minnesota,Vikings,Minnesota Vikings,/football/player/minnesota-vikings-20017,,&#9881;,open,,i,,D," <small class=""sm-muted"">(DST)</small>",DST,MIN,DET,126,56.5,3,26.75,0.45,0,2800,2800,0,5.53,5.53,5.53,0,0,0,0,0,0,0,2,0,0,0,0,0,18
11222,Tyreek,Hill,Tyreek Hill,/football/player/tyreek-hill-11222,,&#9881;,open,,i,,WR,,WR,MIA,NYJ,-118,39,-1,20,4.78,0,6700,6700,0,13.22,13.22,13.22,13,25.8,3.9,0,0,0,0,2,1.1,0,0.2,7.3,7.5,18
13429,Deebo,Samuel,Deebo Samuel,/football/player/deebo-samuel-13429,"&nbsp;<span class=""red upper bold sm-text"">que</span>",&#9881;,open,,i,,WR,,WR,SF,ARI,173,42.5,4.5,19,3.4,0,5700,5700,0,11.23,11.23,11.23,10.7,21.9,1.3,0,0,0,0,2,1.3,0,2,5.1,7.1,18
14750,Nick,Westbrook-Ikhine,Nick Westbrook-Ikhine,/football/player/nick-westbrook-ikhine-14750,,&#9881;,open,,i,,WR,,WR,TEN,HOU,-122,37,-1.5,19.25,2.92,0,4400,4400,0,8.76,8.76,8.76,8.7,19.3,0.7,0,0,0,0,2,1.2,0,0.2,4.9,5.1,18
15404,Jaylen,Waddle,Jaylen Waddle,/football/player/jaylen-waddle-15404,"&nbsp;<span class=""red upper bold sm-text"">que</span>",&#9881;,open,,i,,WR,,WR,MIA,NYJ,-118,39,-1,20,2.31,0,5400,5400,0,10.53,10.53,10.53,9.5,24.4,0.8,0,0,0,0,2,1.2,0,0.1,6.2,6.3,18
15265,Kyle,Pitts,Kyle Pitts,/football/player/kyle-pitts-15265,,&#9881;,open,,i,,TE,,TE,ATL,CAR,-428,48,-8,28,2.83,0,4000,4000,0,7.94,7.94,7.94,7.7,20,0.3,0,0,0,0,2,1,0,0,4.1,4.1,18
20028,Los Angeles,Rams,Los Angeles Rams,/football/player/los-angeles-rams-20028,,&#9881;,open,,i,,D," <small class=""sm-muted"">(DST)</small>",DST,LAR,SEA,217,39,6.5,16.25,1.53,0,2900,2900,0,5.71,5.71,5.71,0,0,0,0,0,0,0,2,0,0,0,0,0,18
16690,Parker,Washington,Parker Washington,/football/player/parker-washington-16690,,&#9881;,open,,i,,WR,,WR,JAX,IND,182,44,4.5,19.75,2.79,0,4300,4300,0,8.35,8.35,8.35,5.8,19,0,0,0,0,0,1.9,1.3,0,0.3,5.2,5.5,18
20031,Washington,Commanders,Washington Commanders,/football/player/washington-commanders-20031,,&#9881;,open,,i,,D," <small class=""sm-muted"">(DST)</small>",DST,WAS,DAL,-271,44,-6.5,25.25,0.76,0,3100,3100,0,5.91,5.91,5.91,0,0,0,0,0,0,0,1.9,0,0,0,0,0,18
15947,Jake,Ferguson,Jake Ferguson,/football/player/jake-ferguson-15947,,&#9881;,open,,i,,TE,,TE,DAL,WAS,221,44,6.5,18.75,3.14,0,3900,3900,0,7.56,7.56,7.56,8.2,14.1,2.9,0,0,0,0,1.9,1.1,0,0,4.1,4.1,18
15385,Travis,Etienne,Travis Etienne,/football/player/travis-etienne-15385,,&#9881;,open,,i,,RB,,RB,JAX,IND,182,44,4.5,19.75,3.84,0,5200,5200,0,10.04,10.04,10.04,8.4,13.7,2.1,0,0,0,0,1.9,2.5,0,9.8,3.4,13.2,18
17017,Brenton,Strange,Brenton Strange,/football/player/brenton-strange-17017,,&#9881;,open,,i,,TE,,TE,JAX,IND,182,44,4.5,19.75,2.59,0,3500,3500,0,6.72,6.72,6.72,5.5,14.6,0,0,0,0,0,1.9,1.1,0,0,3.8,3.8,18
16705,Tank,Bigsby,Tank Bigsby,/football/player/tank-bigsby-16705,,&#9881;,open,,i,,RB,,RB,JAX,IND,182,44,4.5,19.75,2.88,0,5100,5100,0,9.65,9.65,9.65,8.4,23.3,0,0,0,0,0,1.9,2.6,0,11.5,1.7,13.2,18
16689,Josh,Downs,Josh Downs,/football/player/josh-downs-16689,,&#9881;,open,,i,,WR,,WR,IND,JAX,-222,44,-4.5,24.25,4.57,0,5300,5300,0,10.19,10.19,10.19,12.9,22.8,3.3,0,0,0,0,1.9,1.1,0,0.2,5.9,6.1,18
16022,Alec,Pierce,Alec Pierce,/football/player/alec-pierce-16022,,&#9881;,open,,i,,WR,,WR,IND,JAX,-222,44,-4.5,24.25,2.34,0,5000,5000,0,9.25,9.25,9.25,9.4,22.8,0.2,0,0,0,0,1.9,1,0,0.1,5,5.1,18
13582,Josh,Jacobs,Josh Jacobs,/football/player/josh-jacobs-13582,"&nbsp;<span class=""red upper bold sm-text"">que</span>",&#9881;,open,,i,,RB,,RB,GB,CHI,-498,41,-10,25.5,7.01,0,8100,8100,0,15.25,15.25,15.25,18.7,28.7,8.7,0,0,0,0,1.9,2.4,0,15.8,3.3,19.1,18
17020,Rome,Odunze,Rome Odunze,/football/player/rome-odunze-17020,"&nbsp;<span class=""red upper bold sm-text"">que</span>",&#9881;,open,,i,,WR,,WR,CHI,GB,373,41,10,15.5,2.57,0,4900,4900,0,9.5,9.5,9.5,9.7,21.6,2.4,0,0,0,0,1.9,1.3,0,0.1,6.3,6.4,18
12061,Tim,Patrick,Tim Patrick,/football/player/tim-patrick-12061,,&#9881;,open,,i,,WR,,WR,DET,MIN,-151,56.5,-3,29.75,2.28,0,4200,4200,0,7.85,7.85,7.85,5.8,17.1,0,0,0,0,0,1.9,1,0,0.2,4.2,4.4,18
13286,Tanner,Hudson,Tanner Hudson,/football/player/tanner-hudson-13286,,&#9881;,open,,i,,TE,,TE,CIN,PIT,-130,48,-2,25,1.46,0,2500,2500,0,4.7,4.7,4.7,3.8,12.7,0,0,0,0,0,1.9,1,0,0,2.5,2.5,18
13590,Tony,Pollard,Tony Pollard,/football/player/tony-pollard-13590,"&nbsp;<span class=""red upper bold sm-text"">que</span>",&#9881;,open,,i,,RB,,RB,TEN,HOU,-122,37,-1.5,19.25,3.32,0,6200,6200,0,11.91,11.91,11.91,13.2,22.2,5.9,0,0,0,0,1.9,2.9,0,15.1,2.7,17.8,18
11732,Alvin,Kamara,Alvin Kamara,/football/player/alvin-kamara-11732,"&nbsp;<span class=""red upper bold sm-text"">que</span>",&#9881;,open,,i,,RB,,RB,NO,TB,596,43.5,14,14.75,6.11,0,7300,7300,0,13.97,13.97,13.97,19.4,38.2,8.9,0,0,0,0,1.9,2.5,0,13.2,5.1,18.3,18
20006,Cincinnati,Bengals,Cincinnati Bengals,/football/player/cincinnati-bengals-20006,,&#9881;,open,,i,,D," <small class=""sm-muted"">(DST)</small>",DST,CIN,PIT,-130,48,-2,25,0.99,0,3000,3000,0,5.71,5.71,5.71,0,0,0,0,0,0,0,1.9,0,0,0,0,0,18
15468,Najee,Harris,Najee Harris,/football/player/najee-harris-15468,,&#9881;,open,,i,,RB,,RB,PIT,CIN,108,48,2,23,5.74,0,5300,5300,0,9.97,9.97,9.97,12.6,22,4.6,0,0,0,0,1.9,2.7,0,12.1,2,14.1,18
16041,Peyton,Hendershot,Peyton Hendershot,/football/player/peyton-hendershot-16041,,&#9881;,open,,i,,TE,,TE,KC,DEN,417,40,10.5,14.75,2.02,0,2500,2500,0,4.7,4.7,4.7,0.9,2,0,0,0,0,0,1.9,1.2,0,0,3,3,18
16965,Andrei,Iosivas,Andrei Iosivas,/football/player/andrei-iosivas-16965,,&#9881;,open,,i,,WR,,WR,CIN,PIT,-130,48,-2,25,2.14,0,4000,4000,0,7.6,7.6,7.6,7.4,14.4,1.1,0,0,0,0,1.9,1.1,0,0.1,4.2,4.3,18
11807,Jonnu,Smith,Jonnu Smith,/football/player/jonnu-smith-11807,,&#9881;,open,,i,,TE,,TE,MIA,NYJ,-118,39,-1,20,3.06,0,5800,5800,0,11.04,11.04,11.04,13.9,26.8,2.6,0,0,0,0,1.9,1.1,0,0,6.6,6.6,18
16849,Marvin,Mims,Marvin Mims,/football/player/marvin-mims-16849,,&#9881;,open,,i,,WR,,WR,DEN,KC,-575,40,-10.5,25.25,2.48,0,4600,4600,0,8.64,8.64,8.64,7.6,25,0,0,0,0,0,1.9,1.1,0,0.2,4.7,4.9,18
20015,Kansas City,Chiefs,Kansas City Chiefs,/football/player/kansas-city-chiefs-20015,,&#9881;,open,,i,,D," <small class=""sm-muted"">(DST)</small>",DST,KC,DEN,417,40,10.5,14.75,0.29,0,2700,2700,0,5.08,5.08,5.08,0,0,0,0,0,0,0,1.9,0,0,0,0,0,18
16934,Chase,Brown,Chase Brown,/football/player/chase-brown-16934,"&nbsp;<span class=""red upper bold sm-text"">que</span>",&#9881;,open,,i,,RB,,RB,CIN,PIT,-130,48,-2,25,5.07,0,7600,7600,0,14.13,14.13,14.13,16.8,27.1,6.1,0,0,0,0,1.9,3,0,17.9,4.9,22.8,18
13822,Foster,Moreau,Foster Moreau,/football/player/foster-moreau-13822,,&#9881;,open,,i,,TE,,TE,NO,TB,596,43.5,14,14.75,1.78,0,3200,3200,0,6.18,6.18,6.18,5.5,12.1,0.3,0,0,0,0,1.9,1.1,0,0,3.6,3.6,18
16027,Romeo,Doubs,Romeo Doubs,/football/player/romeo-doubs-16027,,&#9881;,open,,i,,WR,,WR,GB,CHI,-498,41,-10,25.5,2.61,0,5500,5500,0,10.08,10.08,10.08,10.1,18,3.4,0,0,0,0,1.8,1,0,0.1,5.6,5.7,18
17732,Keon,Coleman,Keon Coleman,/football/player/keon-coleman-17732,,&#9881;,open,,i,,WR,,WR,BUF,NE,-139,36.5,-2.5,19.5,1.43,0,4800,4800,0,8.42,8.42,8.42,8.9,17.3,1.4,0,0,0,0,1.8,1,0,0.1,4.9,5,18
16694,Tre,Tucker,Tre Tucker,/football/player/tre-tucker-16694,,&#9881;,open,,i,,WR,,WR,LV,LAC,174,41,4.5,18.25,2.22,0,3800,3800,0,6.93,6.93,6.93,8,18.4,0.9,0,0,0,0,1.8,1.2,0,0.5,4.1,4.6,18
17975,Devaughn,Vele,Devaughn Vele,/football/player/devaughn-vele-17975,,&#9881;,open,,i,,WR,,WR,DEN,KC,-575,40,-10.5,25.25,1.75,0,3900,3900,0,6.93,6.93,6.93,7.2,13.1,1.1,0,0,0,0,1.8,1.1,0,0,4.1,4.1,18
12628,Allen,Lazard,Allen Lazard,/football/player/allen-lazard-12628,,&#9881;,open,,i,,WR,,WR,NYJ,MIA,100,39,1,19,1.09,0,3500,3500,0,6.43,6.43,6.43,10.3,23.3,0.4,0,0,0,0,1.8,1.1,0,0.2,3.7,3.9,18
16957,Michael,Wilson,Michael Wilson,/football/player/michael-wilson-16957,,&#9881;,open,,i,,WR,,WR,ARI,SF,-210,42.5,-4.5,23.5,1.83,0,4000,4000,0,7.1,7.1,7.1,7.9,13.4,1.7,0,0,0,0,1.8,1.1,0,0.1,4.3,4.4,18
20010,Detroit,Lions,Detroit Lions,/football/player/detroit-lions-20010,,&#9881;,open,,i,,D," <small class=""sm-muted"">(DST)</small>",DST,DET,MIN,-151,56.5,-3,29.75,1.16,0,3100,3100,0,5.52,5.52,5.52,0,0,0,0,0,0,0,1.8,0,0,0,0,0,18
10748,Austin,Hooper,Austin Hooper,/football/player/austin-hooper-10748,,&#9881;,open,,i,,TE,,TE,NE,BUF,116,36.5,2.5,17,1.56,0,3300,3300,0,5.8,5.8,5.8,6.5,13.5,1.2,0,0,0,0,1.8,1.1,0,0,3.7,3.7,18
15946,Christian,Watson,Christian Watson,/football/player/christian-watson-15946,"&nbsp;<span class=""red upper bold sm-text"">que</span>",&#9881;,open,,i,,WR,,WR,GB,CHI,-498,41,-10,25.5,1.31,0,4700,4700,0,8.47,8.47,8.47,7.7,18.4,0.3,0,0,0,0,1.8,1,0,0.2,4.3,4.5,18
12216,David,Moore,David Moore,/football/player/david-moore-12216,,&#9881;,open,,i,,WR,,WR,CAR,ATL,332,48,8,20,1.17,0,3900,3900,0,6.9,6.9,6.9,5,15.3,0,0,0,0,0,1.8,1.1,0,0.2,4,4.2,18
20004,Carolina,Panthers,Carolina Panthers,/football/player/carolina-panthers-20004,,&#9881;,open,,i,,D," <small class=""sm-muted"">(DST)</small>",DST,CAR,ATL,332,48,8,20,0.04,0,2400,2400,0,4.17,4.17,4.17,0,0,0,0,0,0,0,1.7,0,0,0,0,0,18
15459,Noah,Gray,Noah Gray,/football/player/noah-gray-15459,,&#9881;,open,,i,,TE,,TE,KC,DEN,417,40,10.5,14.75,2.24,0,3800,3800,0,6.5,6.5,6.5,7.1,18.1,0.3,0,0,0,0,1.7,1.1,0,0,4,4,18
10161,Tyler,Lockett,Tyler Lockett,/football/player/tyler-lockett-10161,,&#9881;,open,,i,,WR,,WR,SEA,LAR,-269,39,-6.5,22.75,2.17,0,3600,3600,0,6.22,6.22,6.22,6.8,14.2,0.9,0,0,0,0,1.7,1.2,0,0,4.1,4.1,18
16010,Jalen,Tolbert,Jalen Tolbert,/football/player/jalen-tolbert-16010,,&#9881;,open,,i,,WR,,WR,DAL,WAS,221,44,6.5,18.75,1.49,0,4300,4300,0,7.22,7.22,7.22,9.1,18,2,0,0,0,0,1.7,1.1,0,0.1,4.8,4.9,18
15447,Joshua,Palmer,Joshua Palmer,/football/player/joshua-palmer-15447,"&nbsp;<span class=""red upper bold sm-text"">que</span>",&#9881;,open,,i,,WR,,WR,LAC,LV,-213,41,-4.5,22.75,1.73,0,4400,4400,0,7.67,7.67,7.67,7.1,12.6,2.8,0,0,0,0,1.7,1,0,0.1,4.4,4.5,18
16977,Jayden,Reed,Jayden Reed,/football/player/jayden-reed-16977,,&#9881;,open,,i,,WR,,WR,GB,CHI,-498,41,-10,25.5,3.01,0,5600,5600,0,9.75,9.75,9.75,11,24.5,1.6,0,0,0,0,1.7,0.9,0,0.9,4.4,5.3,18
15372,Rhamondre,Stevenson,Rhamondre Stevenson,/football/player/rhamondre-stevenson-15372,,&#9881;,open,,i,,RB,,RB,NE,BUF,116,36.5,2.5,17,1.77,0,5500,5500,0,8.82,8.82,8.82,11,20.4,1.8,0,0,0,0,1.6,2.1,0,8.4,3.1,11.5,18
17802,Will,Shipley,Will Shipley,/football/player/will-shipley-17802,"&nbsp;<span class=""red upper bold sm-text"">que</span>",&#9881;,open,,i,,RB,,RB,PHI,NYG,-150,37.5,-3,20.25,0.59,0,4600,4600,0,7.38,7.38,7.38,0.4,2.4,0,0,0,0,0,1.6,2.2,0,8.4,1.8,10.2,18
12514,Dalton,Schultz,Dalton Schultz,/football/player/dalton-schultz-12514,,&#9881;,open,,i,,TE,,TE,HOU,TEN,102,37,1.5,17.75,1.51,0,3900,3900,0,6.37,6.37,6.37,7.2,14.3,3,0,0,0,0,1.6,0.9,0,0,3.5,3.5,18
17909,Carson,Steele,Carson Steele,/football/player/carson-steele-17909,,&#9881;,open,,i,,RB,,RB,KC,DEN,417,40,10.5,14.75,1.37,0,4700,4700,0,7.58,7.58,7.58,1.4,6,0,0,0,0,0,1.6,2.5,0,10.1,1.6,11.7,18
13477,Alexander,Mattison,Alexander Mattison,/football/player/alexander-mattison-13477,,&#9881;,open,,i,,RB,,RB,LV,LAC,174,41,4.5,18.25,2.07,0,5300,5300,0,8.29,8.29,8.29,9.4,15.9,3.9,0,0,0,0,1.6,1.9,0,7.1,3.1,10.2,18
11861,Mack,Hollins,Mack Hollins,/football/player/mack-hollins-11861,,&#9881;,open,,i,,WR,,WR,BUF,NE,-139,36.5,-2.5,19.5,0.71,0,3700,3700,0,5.99,5.99,5.99,5.5,13.2,0.2,0,0,0,0,1.6,1,0,0,3.7,3.7,18
15907,Brian,Robinson,Brian Robinson,/football/player/brian-robinson-15907,,&#9881;,open,,i,,RB,,RB,WAS,DAL,-271,44,-6.5,25.25,3.92,0,6000,6000,0,9.66,9.66,9.66,12.5,20.9,4.9,0,0,0,0,1.6,2.4,0,12.1,2,14.1,18
17794,Cade,Stover,Cade Stover,/football/player/cade-stover-17794,,&#9881;,open,,i,,TE,,TE,HOU,TEN,102,37,1.5,17.75,0.92,0,2900,2900,0,4.52,4.52,4.52,2.6,8.6,0,0,0,0,0,1.6,1,0,0,3,3,18
20019,New Orleans,Saints,New Orleans Saints,/football/player/new-orleans-saints-20019,,&#9881;,open,,i,,D," <small class=""sm-muted"">(DST)</small>",DST,NO,TB,596,43.5,14,14.75,0.3,0,2200,2200,0,3.44,3.44,3.44,0,0,0,0,0,0,0,1.6,0,0,0,0,0,18
15802,Rachaad,White,Rachaad White,/football/player/rachaad-white-15802,,&#9881;,open,,i,,RB,,RB,TB,NO,-902,43.5,-14,28.75,3.31,0,5700,5700,0,9.26,9.26,9.26,13.3,24.8,4.7,0,0,0,0,1.6,1.7,0,7.1,2.8,9.9,18
15222,Kenneth,Gainwell,Kenneth Gainwell,/football/player/kenneth-gainwell-15222,,&#9881;,open,,i,,RB,,RB,PHI,NYG,-150,37.5,-3,20.25,1.88,0,5600,5600,0,8.9,8.9,8.9,3.7,7.8,0.4,0,0,0,0,1.6,2.2,0,10.5,2,12.5,18
14436,Cole,Kmet,Cole Kmet,/football/player/cole-kmet-14436,,&#9881;,open,,i,,TE,,TE,CHI,GB,373,41,10,15.5,1.74,0,3500,3500,0,5.57,5.57,5.57,7.7,20.7,0,0,0,0,0,1.6,1,0,0,3.6,3.6,18
11707,Joe,Mixon,Joe Mixon,/football/player/joe-mixon-11707,,&#9881;,open,,i,,RB,,RB,HOU,TEN,102,37,1.5,17.75,1.33,0,7400,7400,0,11.27,11.27,11.27,19,34,7.1,0,0,0,0,1.5,1.9,0,11.5,2.5,14,18
17668,Adonai,Mitchell,Adonai Mitchell,/football/player/adonai-mitchell-17668,,&#9881;,open,,i,,WR,,WR,IND,JAX,-222,44,-4.5,24.25,1.28,0,3500,3500,0,5.21,5.21,5.21,3.6,10.2,0,0,0,0,0,1.5,0.9,0,0,3.1,3.1,18
17821,Kimani,Vidal,Kimani Vidal,/football/player/kimani-vidal-17821,,&#9881;,open,,i,,RB,,RB,LAC,LV,-213,41,-4.5,22.75,1.44,0,4500,4500,0,6.58,6.58,6.58,3.6,10.2,0.3,0,0,0,0,1.5,1.9,0,6.6,1.9,8.5,18
16658,Dontayvion,Wicks,Dontayvion Wicks,/football/player/dontayvion-wicks-16658,,&#9881;,open,,i,,WR,,WR,GB,CHI,-498,41,-10,25.5,1.09,0,4400,4400,0,6.41,6.41,6.41,6.7,19.1,0,0,0,0,0,1.5,0.8,0,0.1,3.2,3.3,18
13587,Ty,Johnson,Ty Johnson,/football/player/ty-johnson-13587,,&#9881;,open,,i,,RB,,RB,BUF,NE,-139,36.5,-2.5,19.5,1,0,5000,5000,0,7.24,7.24,7.24,6.1,16,0.3,0,0,0,0,1.5,1.8,0,7.1,2.1,9.2,18
17974,Ryan,Flournoy,Ryan Flournoy,/football/player/ryan-flournoy-17974,,&#9881;,open,,i,,WR,,WR,DAL,WAS,221,44,6.5,18.75,0.48,0,3000,3000,0,4.36,4.36,4.36,1.6,5.5,0,0,0,0,0,1.5,0.9,0,0,2.7,2.7,18
16321,Stone,Smartt,Stone Smartt,/football/player/stone-smartt-16321,,&#9881;,open,,i,,TE,,TE,LAC,LV,-213,41,-4.5,22.75,1.02,0,3100,3100,0,4.51,4.51,4.51,2.8,7.6,0,0,0,0,0,1.5,0.8,0,0,2.4,2.4,18
17863,Malik,Washington,Malik Washington,/football/player/malik-washington-17863,,&#9881;,open,,i,,WR,,WR,MIA,NYJ,-118,39,-1,20,0.62,0,3900,3900,0,5.66,5.66,5.66,3.6,8.9,0,0,0,0,0,1.5,1.1,0,0.3,3.8,4.1,18
16886,C.J.,Stroud,C.J. Stroud,/football/player/cj-stroud-16886,,&#9881;,open,,i,,QB,,QB,HOU,TEN,102,37,1.5,17.75,0.25,0,6000,6000,0,8.76,8.76,8.76,14.5,23.2,7.3,0,0,0,0,1.5,3.4,18.2,2.2,0,2.2,18
12629,Mason,Rudolph,Mason Rudolph,/football/player/mason-rudolph-12629,,&#9881;,open,,i,,QB,,QB,TEN,HOU,-122,37,-1.5,19.25,0.46,0,5000,5000,0,7.64,7.64,7.64,14.6,21.1,6.1,0,0,0,0,1.5,4.4,20.2,1.6,0,1.6,18
17319,Jaleel,McLaughlin,Jaleel McLaughlin,/football/player/jaleel-mclaughlin-17319,,&#9881;,open,,i,,RB,,RB,DEN,KC,-575,40,-10.5,25.25,2.37,0,4800,4800,0,7.37,7.37,7.37,6,11.2,1.4,0,0,0,0,1.5,2.1,0,8.1,2,10.1,18
12820,DJ,Chark,DJ Chark,/football/player/dj-chark-12820,,&#9881;,open,,i,,WR,,WR,LAC,LV,-213,41,-4.5,22.75,0.32,0,3000,3000,0,4.05,4.05,4.05,0.9,3,0,0,0,0,0,1.4,0.8,0,0,2.4,2.4,18
14639,Antonio,Gibson,Antonio Gibson,/football/player/antonio-gibson-14639,,&#9881;,open,,i,,RB,,RB,NE,BUF,116,36.5,2.5,17,1.39,0,5300,5300,0,7.53,7.53,7.53,6.1,10.9,1.6,0,0,0,0,1.4,1.9,0,8.2,2.1,10.3,18
17792,Ray,Davis,Ray Davis,/football/player/ray-davis-17792,,&#9881;,open,,i,,RB,,RB,BUF,NE,-139,36.5,-2.5,19.5,2.23,0,5200,5200,0,7.39,7.39,7.39,6.5,15.5,0.1,0,0,0,0,1.4,1.8,0,7.9,1.6,9.5,18
15850,Jahan,Dotson,Jahan Dotson,/football/player/jahan-dotson-15850,,&#9881;,open,,i,,WR,,WR,PHI,NYG,-150,37.5,-3,20.25,0.66,0,3500,3500,0,4.81,4.81,4.81,1.7,3.9,0.1,0,0,0,0,1.4,0.9,0,0,3,3,18
10604,Raheem,Mostert,Raheem Mostert,/football/player/raheem-mostert-10604,,&#9881;,open,,i,,RB,,RB,MIA,NYJ,-118,39,-1,20,0.73,0,4700,4700,0,6.38,6.38,6.38,6.3,13.5,0.7,0,0,0,0,1.4,1.8,0,6.9,1.4,8.3,18
16666,Michael,Mayer,Michael Mayer,/football/player/michael-mayer-16666,,&#9881;,open,,i,,TE,,TE,LV,LAC,174,41,4.5,18.25,0.97,0,2600,2600,0,3.6,3.6,3.6,3.1,10.5,0,0,0,0,0,1.4,0.9,0,0,2.3,2.3,18
13522,Darius,Slayton,Darius Slayton,/football/player/darius-slayton-13522,,&#9881;,open,,i,,WR,,WR,NYG,PHI,125,37.5,3,17.25,0.58,0,3600,3600,0,4.92,4.92,4.92,7.9,22.5,0,0,0,0,0,1.4,0.9,0,0,3.1,3.1,18
13521,Miles,Sanders,Miles Sanders,/football/player/miles-sanders-13521,"&nbsp;<span class=""red upper bold sm-text"">IR-</span>",&#9881;,open,,i,,RB,,RB,CAR,ATL,332,48,8,20,0.16,0,4000,4000,0,5.75,5.75,5.75,5.4,10.5,0.9,0,0,0,0,1.4,2.3,0,7.4,1.7,9.1,18
11710,Curtis,Samuel,Curtis Samuel,/football/player/curtis-samuel-11710,"&nbsp;<span class=""red upper bold sm-text"">que</span>",&#9881;,open,,i,,WR,,WR,BUF,NE,-139,36.5,-2.5,19.5,0.21,0,3100,3100,0,4.17,4.17,4.17,4,12.8,0,0,0,0,0,1.4,0.8,0,0.4,2.2,2.6,18
16025,Jalen,Nailor,Jalen Nailor,/football/player/jalen-nailor-16025,,&#9881;,open,,i,,WR,,WR,MIN,DET,126,56.5,3,26.75,1.18,0,3400,3400,0,4.74,4.74,4.74,5.8,15.5,0,0,0,0,0,1.4,0.9,0,0,3.1,3.1,18
15200,Nico,Collins,Nico Collins,/football/player/nico-collins-15200,,&#9881;,open,,i,,WR,,WR,HOU,TEN,102,37,1.5,17.75,1.04,0,7800,7800,0,10.5,10.5,10.5,18.7,31.9,9.3,0,0,0,0,1.4,0.8,0,0.1,6,6.1,18
11739,Kareem,Hunt,Kareem Hunt,/football/player/kareem-hunt-11739,,&#9881;,open,,i,,RB,,RB,KC,DEN,417,40,10.5,14.75,0.25,0,5500,5500,0,7.23,7.23,7.23,12.4,20.8,4.5,0,0,0,0,1.3,1.6,0,7.5,1.5,9,18
15976,Tyler,Allgeier,Tyler Allgeier,/football/player/tyler-allgeier-15976,,&#9881;,open,,i,,RB,,RB,ATL,CAR,-428,48,-8,28,1.05,0,4900,4900,0,6.32,6.32,6.32,6.4,16.1,1.2,0,0,0,0,1.3,1.7,0,7.1,1.1,8.2,18
17965,Devin,Culp,Devin Culp,/football/player/devin-culp-17965,,&#9881;,open,,i,,TE,,TE,TB,NO,-902,43.5,-14,28.75,0.73,0,2800,2800,0,3.66,3.66,3.66,2.1,7.2,0,0,0,0,0,1.3,0.7,0,0,2,2,18
16936,Trey,Palmer,Trey Palmer,/football/player/trey-palmer-16936,,&#9881;,open,,i,,WR,,WR,TB,NO,-902,43.5,-14,28.75,0.45,0,3000,3000,0,3.84,3.84,3.84,2.5,8.8,0,0,0,0,0,1.3,0.8,0,0.2,2.1,2.3,18
17687,Xavier,Worthy,Xavier Worthy,/football/player/xavier-worthy-17687,,&#9881;,open,,i,,WR,,WR,KC,DEN,417,40,10.5,14.75,0.39,0,5800,5800,0,7.45,7.45,7.45,11.1,20.6,1.5,0,0,0,0,1.3,0.7,0,0.1,4,4.1,18
17185,Jalen,Brooks,Jalen Brooks,/football/player/jalen-brooks-17185,,&#9881;,open,,i,,WR,,WR,DAL,WAS,221,44,6.5,18.75,0.29,0,3200,3200,0,4.16,4.16,4.16,2.7,7,0.1,0,0,0,0,1.3,0.9,0,0,2.8,2.8,18
12773,Cedrick,Wilson,Cedrick Wilson,/football/player/cedrick-wilson-12773,,&#9881;,open,,i,,WR,,WR,NO,TB,596,43.5,14,14.75,0.2,0,3200,3200,0,4.01,4.01,4.01,3.6,13,0,0,0,0,0,1.3,0.9,0,0.1,2.7,2.8,18
17820,Luke,McCaffrey,Luke McCaffrey,/football/player/luke-mccaffrey-17820,,&#9881;,open,,i,,WR,,WR,WAS,DAL,-271,44,-6.5,25.25,0.34,0,3100,3100,0,3.85,3.85,3.85,2,5.8,0,0,0,0,0,1.2,0.8,0,0.2,2.2,2.4,18
16665,Will,Levis,Will Levis,/football/player/will-levis-16665,,&#9881;,open,,i,,QB,,QB,TEN,HOU,-122,37,-1.5,19.25,0.01,0,5000,5000,0,5.73,5.73,5.73,11.6,19,1.9,0,0,0,0,1.2,3,13.1,1.9,0,1.9,18
13123,Gus,Edwards,Gus Edwards,/football/player/gus-edwards-13123,"&nbsp;<span class=""red upper bold sm-text"">que</span>",&#9881;,open,,i,,RB,,RB,LAC,LV,-213,41,-4.5,22.75,0.25,0,4800,4800,0,5.77,5.77,5.77,6,15.9,0.7,0,0,0,0,1.2,1.5,0,6.1,1.1,7.2,18
16959,Elijah,Higgins,Elijah Higgins,/football/player/elijah-higgins-16959,,&#9881;,open,,i,,TE,,TE,ARI,SF,-210,42.5,-4.5,23.5,0.49,0,2500,2500,0,2.87,2.87,2.87,3.1,7.3,0.2,0,0,0,0,1.2,0.7,0,0,1.7,1.7,18
13502,Hollywood,Brown,Hollywood Brown,/football/player/hollywood-brown-13502,,&#9881;,open,,i,,WR,,WR,KC,DEN,417,40,10.5,14.75,0.42,0,4500,4500,0,5.16,5.16,5.16,9.1,9.6,8.5,0,0,0,0,1.2,0.7,0,0.1,3,3.1,18
15542,Davis,Mills,Davis Mills,/football/player/davis-mills-15542,,&#9881;,open,,i,,QB,,QB,HOU,TEN,102,37,1.5,17.75,0.02,0,5000,5000,0,5.87,5.87,5.87,1.1,3,0,0,0,0,0,1.2,3.2,14.1,1.7,0,1.7,18
14541,Adam,Trautman,Adam Trautman,/football/player/adam-trautman-14541,,&#9881;,open,,i,,TE,,TE,DEN,KC,-575,40,-10.5,25.25,0.43,0,2700,2700,0,3.24,3.24,3.24,2.9,13.2,0,0,0,0,0,1.2,0.7,0,0,1.8,1.8,18
11698,Samaje,Perine,Samaje Perine,/football/player/samaje-perine-11698,,&#9881;,open,,i,,RB,,RB,KC,DEN,417,40,10.5,14.75,0.27,0,4500,4500,0,5.38,5.38,5.38,5.1,10.8,1.7,0,0,0,0,1.2,1.5,0,4.5,2.1,6.6,18
10224,Jamison,Crowder,Jamison Crowder,/football/player/jamison-crowder-10224,,&#9881;,open,,i,,WR,,WR,WAS,DAL,-271,44,-6.5,25.25,0.64,0,3500,3500,0,4.1,4.1,4.1,6.7,14.3,0.1,0,0,0,0,1.2,0.7,0,0,2.6,2.6,18
8628,Robert,Woods,Robert Woods,/football/player/robert-woods-8628,,&#9881;,open,,i,,WR,,WR,HOU,TEN,102,37,1.5,17.75,0.32,0,3800,3800,0,4.43,4.43,4.43,2.7,5.5,0.3,0,0,0,0,1.2,0.8,0,0.1,3,3.1,18
15306,Javonte,Williams,Javonte Williams,/football/player/javonte-williams-15306,,&#9881;,open,,i,,RB,,RB,DEN,KC,-575,40,-10.5,25.25,0.69,0,4900,4900,0,5.62,5.62,5.62,9.7,21.2,2.5,0,0,0,0,1.2,1.2,0,2.8,3.1,5.9,18
16898,Kendre,Miller,Kendre Miller,/football/player/kendre-miller-16898,"&nbsp;<span class=""red upper bold sm-text"">que</span>",&#9881;,open,,i,,RB,,RB,NO,TB,596,43.5,14,14.75,0.21,0,5300,5300,0,6.22,6.22,6.22,4.9,8.3,1.9,0,0,0,0,1.2,1.6,0,7.2,1.3,8.5,18
11877,JuJu,Smith-Schuster,JuJu Smith-Schuster,/football/player/juju-smith-schuster-11877,,&#9881;,open,,i,,WR,,WR,KC,DEN,417,40,10.5,14.75,0.4,0,3700,3700,0,4.58,4.58,4.58,4.6,17.1,0,0,0,0,0,1.2,0.9,0,0.2,3,3.2,18
14430,Van,Jefferson,Van Jefferson,/football/player/van-jefferson-14430,,&#9881;,open,,i,,WR,,WR,PIT,CIN,108,48,2,23,0.37,0,3200,3200,0,3.85,3.85,3.85,3.9,8.8,0.1,0,0,0,0,1.2,0.7,0,0.1,2.2,2.3,18
10055,Amari,Cooper,Amari Cooper,/football/player/amari-cooper-10055,,&#9881;,open,,i,,WR,,WR,BUF,NE,-139,36.5,-2.5,19.5,0.25,0,5000,5000,0,5.37,5.37,5.37,9.2,22.3,0.7,0,0,0,0,1.1,0.6,0,0,3,3,18
16889,Darnell,Washington,Darnell Washington,/football/player/darnell-washington-16889,,&#9881;,open,,i,,TE,,TE,PIT,CIN,108,48,2,23,0.54,0,2500,2500,0,2.78,2.78,2.78,2.9,6.6,0.1,0,0,0,0,1.1,0.6,0,0,1.6,1.6,18
15566,Luke,Farrell,Luke Farrell,/football/player/luke-farrell-15566,,&#9881;,open,,i,,TE,,TE,JAX,IND,182,44,4.5,19.75,0.65,0,2500,2500,0,2.74,2.74,2.74,1.2,3.2,0,0,0,0,0,1.1,0.6,0,0,1.6,1.6,18
17002,Kenny,McIntosh,Kenny McIntosh,/football/player/kenny-mcintosh-17002,,&#9881;,open,,i,,RB,,RB,SEA,LAR,-269,39,-6.5,22.75,0.31,0,4400,4400,0,4.88,4.88,4.88,1.2,4.9,0,0,0,0,0,1.1,1.6,0,5.9,1.3,7.2,18
16663,Luke,Musgrave,Luke Musgrave,/football/player/luke-musgrave-16663,,&#9881;,open,,i,,TE,,TE,GB,CHI,-498,41,-10,25.5,0.39,0,2800,2800,0,3.09,3.09,3.09,1.7,3.8,0.1,0,0,0,0,1.1,0.6,0,0,1.7,1.7,18
16855,Luke,Schoonmaker,Luke Schoonmaker,/football/player/luke-schoonmaker-16855,,&#9881;,open,,i,,TE,,TE,DAL,WAS,221,44,6.5,18.75,0.35,0,2500,2500,0,2.79,2.79,2.79,3.6,11.6,0,0,0,0,0,1.1,0.6,0,0,1.5,1.5,18
11768,Dare,Ogunbowale,Dare Ogunbowale,/football/player/dare-ogunbowale-11768,,&#9881;,open,,i,,RB,,RB,HOU,TEN,102,37,1.5,17.75,0.22,0,4400,4400,0,4.77,4.77,4.77,3.4,11.9,0,0,0,0,0,1.1,1.3,0,3.5,2,5.5,18
16036,Daniel,Bellinger,Daniel Bellinger,/football/player/daniel-bellinger-16036,,&#9881;,open,,i,,TE,,TE,NYG,PHI,125,37.5,3,17.25,0.72,0,2500,2500,0,2.71,2.71,2.71,1.5,6.9,0,0,0,0,0,1.1,0.7,0,0,1.8,1.8,18
13565,Lil'Jordan,Humphrey,Lil'Jordan Humphrey,/football/player/liljordan-humphrey-13565,,&#9881;,open,,i,,WR,,WR,DEN,KC,-575,40,-10.5,25.25,0.28,0,3000,3000,0,3.19,3.19,3.19,4.1,11.9,0,0,0,0,0,1.1,0.7,0,0,2.1,2.1,18
10854,Tyler,Higbee,Tyler Higbee,/football/player/tyler-higbee-10854,,&#9881;,open,,i,,TE,,TE,LAR,SEA,217,39,6.5,16.25,0.37,0,3400,3400,0,3.83,3.83,3.83,5.5,8.6,2.4,0,0,0,0,1.1,0.7,0,0,2.3,2.3,18
16939,Derius,Davis,Derius Davis,/football/player/derius-davis-16939,,&#9881;,open,,i,,WR,,WR,LAC,LV,-213,41,-4.5,22.75,0.15,0,3400,3400,0,3.81,3.81,3.81,2.9,8.7,0,0,0,0,0,1.1,0.7,0,0.5,1.8,2.3,18
13960,Craig,Reynolds,Craig Reynolds,/football/player/craig-reynolds-13960,,&#9881;,open,,i,,RB,,RB,DET,MIN,-151,56.5,-3,29.75,0.35,0,4000,4000,0,3.93,3.93,3.93,1.1,6,0,0,0,0,0,1,1.2,0,4.1,0.8,4.9,18
17719,Troy,Franklin,Troy Franklin,/football/player/troy-franklin-17719,,&#9881;,open,,i,,WR,,WR,DEN,KC,-575,40,-10.5,25.25,0.4,0,3200,3200,0,3.31,3.31,3.31,4.3,9.7,0.4,0,0,0,0,1,0.7,0,0.1,2.2,2.3,18
15996,Jeremy,Ruckert,Jeremy Ruckert,/football/player/jeremy-ruckert-15996,,&#9881;,open,,i,,TE,,TE,NYJ,MIA,100,39,1,19,0.38,0,2500,2500,0,2.54,2.54,2.54,1.7,3.8,0.1,0,0,0,0,1,0.6,0,0,1.6,1.6,18
17684,Ja'Lynn,Polk,Ja'Lynn Polk,/football/player/jalynn-polk-17684,"&nbsp;<span class=""red upper bold sm-text"">que</span>",&#9881;,open,,i,,WR,,WR,NE,BUF,116,36.5,2.5,17,0.11,0,3000,3000,0,3,3,3,2.2,7.3,0,0,0,0,0,1,0.7,0,0,2.1,2.1,18
15876,James,Cook,James Cook,/football/player/james-cook-15876,,&#9881;,open,,i,,RB,,RB,BUF,NE,-139,36.5,-2.5,19.5,0.08,0,7000,7000,0,6.88,6.88,6.88,18.3,29.4,7.1,0,0,0,0,1,1.3,0,7.5,1.5,9,18
14463,Colby,Parkinson,Colby Parkinson,/football/player/colby-parkinson-14463,,&#9881;,open,,i,,TE,,TE,LAR,SEA,217,39,6.5,16.25,0.29,0,2700,2700,0,2.7,2.7,2.7,3.7,9.7,0,0,0,0,0,1,0.6,0,0,1.6,1.6,18
12196,Mo,Alie-Cox,Mo Alie-Cox,/football/player/mo-alie-cox-12196,,&#9881;,open,,i,,TE,,TE,IND,JAX,-222,44,-4.5,24.25,0.35,0,2500,2500,0,2.55,2.55,2.55,2.2,8.7,0,0,0,0,0,1,0.6,0,0,1.4,1.4,18
14410,DeeJay,Dallas,DeeJay Dallas,/football/player/deejay-dallas-14410,,&#9881;,open,,i,,RB,,RB,ARI,SF,-210,42.5,-4.5,23.5,0.07,0,4200,4200,0,3.94,3.94,3.94,0.8,4.9,0,0,0,0,0,0.9,1.2,0,3.5,1.6,5.1,18
12746,Justin,Watson,Justin Watson,/football/player/justin-watson-12746,,&#9881;,open,,i,,WR,,WR,KC,DEN,417,40,10.5,14.75,0.18,0,3500,3500,0,3.11,3.11,3.11,3.9,10.9,0,0,0,0,0,0.9,0.6,0,0,2,2,18
16866,Josh,Whyle,Josh Whyle,/football/player/josh-whyle-16866,,&#9881;,open,,i,,TE,,TE,TEN,HOU,-122,37,-1.5,19.25,0.23,0,2500,2500,0,2.34,2.34,2.34,3.4,11.1,0,0,0,0,0,0.9,0.6,0,0,1.4,1.4,18
17702,Braelon,Allen,Braelon Allen,/football/player/braelon-allen-17702,,&#9881;,open,,i,,RB,,RB,NYJ,MIA,100,39,1,19,0.17,0,5000,5000,0,4.44,4.44,4.44,5.1,15,0.2,0,0,0,0,0.9,1.2,0,5.1,0.9,6,18
13472,Diontae,Johnson,Diontae Johnson,/football/player/diontae-johnson-13472,,&#9881;,open,,i,,WR,,WR,HOU,TEN,102,37,1.5,17.75,0.06,0,3700,3700,0,3.34,3.34,3.34,8.5,24.2,0,0,0,0,0,0.9,0.5,0,0,2,2,18
16772,Roschon,Johnson,Roschon Johnson,/football/player/roschon-johnson-16772,,&#9881;,open,,i,,RB,,RB,CHI,GB,373,41,10,15.5,0.16,0,4400,4400,0,4.03,4.03,4.03,5.4,12.4,0.3,0,0,0,0,0.9,1.2,0,3.7,1.4,5.1,18
15875,Dameon,Pierce,Dameon Pierce,/football/player/dameon-pierce-15875,,&#9881;,open,,i,,RB,,RB,HOU,TEN,102,37,1.5,17.75,0.09,0,5400,5400,0,4.91,4.91,4.91,2,10.8,0,0,0,0,0,0.9,1.4,0,6.5,1,7.5,18
13809,Drew,Sample,Drew Sample,/football/player/drew-sample-13809,"&nbsp;<span class=""red upper bold sm-text"">que</span>",&#9881;,open,,i,,TE,,TE,CIN,PIT,-130,48,-2,25,0.24,0,2500,2500,0,2.12,2.12,2.12,2.1,8.3,0,0,0,0,0,0.9,0.5,0,0,1.2,1.2,18
14383,Cam,Akers,Cam Akers,/football/player/cam-akers-14383,,&#9881;,open,,i,,RB,,RB,MIN,DET,126,56.5,3,26.75,0.15,0,5400,5400,0,5,5,5,5.3,11.2,0.4,0,0,0,0,0.9,1.1,0,4.9,1.3,6.2,18
17040,Jake,Bobo,Jake Bobo,/football/player/jake-bobo-17040,,&#9881;,open,,i,,WR,,WR,SEA,LAR,-269,39,-6.5,22.75,0.1,0,3000,3000,0,2.44,2.44,2.44,1.5,4.7,0,0,0,0,0,0.8,0.5,0,0,1.4,1.4,18
15892,Khalil,Shakir,Khalil Shakir,/football/player/khalil-shakir-15892,,&#9881;,open,,i,,WR,,WR,BUF,NE,-139,36.5,-2.5,19.5,0.2,0,5300,5300,0,3.95,3.95,3.95,12.5,21.8,5,0,0,0,0,0.8,0.4,0,0,2,2,18
17788,Audric,Estime,Audric Estime,/football/player/audric-estime-17788,,&#9881;,open,,i,,RB,,RB,DEN,KC,-575,40,-10.5,25.25,0.15,0,4600,4600,0,3.69,3.69,3.69,3.5,8.7,0.5,0,0,0,0,0.8,1.1,0,4.1,0.8,4.9,18
16039,Grant,Calcaterra,Grant Calcaterra,/football/player/grant-calcaterra-16039,,&#9881;,open,,i,,TE,,TE,PHI,NYG,-150,37.5,-3,20.25,0.36,0,3100,3100,0,2.5,2.5,2.5,3.7,9.2,0,0,0,0,0,0.8,0.5,0,0,1.6,1.6,18
10822,Tyler,Boyd,Tyler Boyd,/football/player/tyler-boyd-10822,"&nbsp;<span class=""red upper bold sm-text"">que</span>",&#9881;,open,,i,,WR,,WR,TEN,HOU,-122,37,-1.5,19.25,0.19,0,3400,3400,0,2.57,2.57,2.57,4.9,9.7,0.9,0,0,0,0,0.8,0.5,0,0,1.8,1.8,18
17593,Emanuel,Wilson,Emanuel Wilson,/football/player/emanuel-wilson-17593,,&#9881;,open,,i,,RB,,RB,GB,CHI,-498,41,-10,25.5,0.06,0,5100,5100,0,3.94,3.94,3.94,5,13.2,0.4,0,0,0,0,0.8,1,0,4.5,0.6,5.1,18
11163,Demarcus,Robinson,Demarcus Robinson,/football/player/demarcus-robinson-11163,,&#9881;,open,,i,,WR,,WR,LAR,SEA,217,39,6.5,16.25,0.21,0,4200,4200,0,3.18,3.18,3.18,7,21.1,0,0,0,0,0,0.8,0.5,0,0,2,2,18
16026,Kevin,Austin,Kevin Austin,/football/player/kevin-austin-16026,,&#9881;,open,,i,,WR,,WR,NO,TB,596,43.5,14,14.75,0.14,0,3100,3100,0,2.46,2.46,2.46,3.5,6.3,1.5,0,0,0,0,0.8,0.7,0,0,2.2,2.2,18
13466,Dawson,Knox,Dawson Knox,/football/player/dawson-knox-13466,,&#9881;,open,,i,,TE,,TE,BUF,NE,-139,36.5,-2.5,19.5,0.17,0,3300,3300,0,2.59,2.59,2.59,3.7,7.5,0.3,0,0,0,0,0.8,0.5,0,0,1.5,1.5,18
14641,K.J.,Osborn,K.J. Osborn,/football/player/kj-osborn-14641,,&#9881;,open,,i,,WR,,WR,WAS,DAL,-271,44,-6.5,25.25,0.13,0,3000,3000,0,2.44,2.44,2.44,1.9,8.2,0,0,0,0,0,0.8,0.5,0,0,1.4,1.4,18
12316,Johnny,Mundt,Johnny Mundt,/football/player/johnny-mundt-12316,,&#9881;,open,,i,,TE,,TE,MIN,DET,126,56.5,3,26.75,0.15,0,2500,2500,0,1.98,1.98,1.98,2.8,8,0,0,0,0,0,0.8,0.4,0,0,1.1,1.1,18
13449,Devin,Singletary,Devin Singletary,/football/player/devin-singletary-13449,,&#9881;,open,,i,,RB,,RB,NYG,PHI,125,37.5,3,17.25,0.15,0,4800,4800,0,3.78,3.78,3.78,6.7,16.2,0.8,0,0,0,0,0.8,1.1,0,4.1,1.3,5.4,18
14636,Devin,Duvernay,Devin Duvernay,/football/player/devin-duvernay-14636,,&#9881;,open,,i,,WR,,WR,JAX,IND,182,44,4.5,19.75,0.15,0,3000,3000,0,2.41,2.41,2.41,1.7,5.6,0,0,0,0,0,0.8,0.7,0,0.5,1.5,2,18
17811,AJ,Barner,AJ Barner,/football/player/aj-barner-17811,,&#9881;,open,,i,,TE,,TE,SEA,LAR,-269,39,-6.5,22.75,0.18,0,3000,3000,0,2.37,2.37,2.37,4.3,9.2,0.4,0,0,0,0,0.8,0.5,0,0,1.5,1.5,18
17003,Deuce,Vaughn,Deuce Vaughn,/football/player/deuce-vaughn-17003,,&#9881;,open,,i,,RB,,RB,DAL,WAS,221,44,6.5,18.75,0.06,0,4000,4000,0,3.24,3.24,3.24,1.5,2.8,0.1,0,0,0,0,0.8,1,0,2.8,1.1,3.9,18
16355,Raheem,Blackshear,Raheem Blackshear,/football/player/raheem-blackshear-16355,,&#9881;,open,,i,,RB,,RB,CAR,ATL,332,48,8,20,0.44,0,5000,5000,0,3.95,3.95,3.95,0.2,1.4,0,0,0,0,0,0.8,1.2,0,4.6,1.3,5.9,18
15245,Kylen,Granson,Kylen Granson,/football/player/kylen-granson-15245,,&#9881;,open,,i,,TE,,TE,IND,JAX,-222,44,-4.5,24.25,0.22,0,2500,2500,0,1.77,1.77,1.77,2,6.2,0,0,0,0,0,0.7,0.4,0,0,1,1,18
16259,Lucas,Krull,Lucas Krull,/football/player/lucas-krull-16259,,&#9881;,open,,i,,TE,,TE,DEN,KC,-575,40,-10.5,25.25,0.24,0,2600,2600,0,1.87,1.87,1.87,2.9,6.2,0.3,0,0,0,0,0.7,0.4,0,0,1.1,1.1,18
13469,Greg,Dortch,Greg Dortch,/football/player/greg-dortch-13469,,&#9881;,open,,i,,WR,,WR,ARI,SF,-210,42.5,-4.5,23.5,0.11,0,3300,3300,0,2.44,2.44,2.44,3.9,8.2,0.5,0,0,0,0,0.7,0.5,0,0.1,1.5,1.6,18
10949,Nick,Vannett,Nick Vannett,/football/player/nick-vannett-10949,,&#9881;,open,,i,,TE,,TE,TEN,HOU,-122,37,-1.5,19.25,0.11,0,2500,2500,0,1.73,1.73,1.73,2.7,8.9,0,0,0,0,0,0.7,0.5,0,0,1.2,1.2,18
11885,Mike,Williams,Mike Williams,/football/player/mike-williams-11885,,&#9881;,open,,i,,WR,,WR,PIT,CIN,108,48,2,23,0.17,0,3300,3300,0,2.36,2.36,2.36,3.1,8.7,0,0,0,0,0,0.7,0.4,0,0,1.2,1.2,18
16627,Tucker,Fisk,Tucker Fisk,/football/player/tucker-fisk-16627,,&#9881;,open,,i,,TE,,TE,LAC,LV,-213,41,-4.5,22.75,0.13,0,2500,2500,0,1.84,1.84,1.84,1.4,2,0.4,0,0,0,0,0.7,0.4,0,0,1,1,18
8792,Cordarrelle,Patterson,Cordarrelle Patterson,/football/player/cordarrelle-patterson-8792,,&#9881;,open,,i,,RB,,RB,PIT,CIN,108,48,2,23,0.03,0,4000,4000,0,2.63,2.63,2.63,3.4,7.7,0,0,0,0,0,0.7,0.7,0,2.2,0.7,2.9,18
15921,Julius,Chestnut,Julius Chestnut,/football/player/julius-chestnut-15921,,&#9881;,open,,i,,RB,,RB,TEN,HOU,-122,37,-1.5,19.25,0.02,0,4000,4000,0,2.82,2.82,2.82,0.8,2.7,0,0,0,0,0,0.7,1.2,0,4.2,0.7,4.9,18
17045,Xavier,Gipson,Xavier Gipson,/football/player/xavier-gipson-17045,,&#9881;,open,,i,,WR,,WR,NYJ,MIA,100,39,1,19,0.01,0,3000,3000,0,1.68,1.68,1.68,0.9,5,0,0,0,0,0,0.6,0.3,0,0.1,0.8,0.9,18
15339,Kenny,Yeboah,Kenny Yeboah,/football/player/kenny-yeboah-15339,,&#9881;,open,,i,,TE,,TE,NYJ,MIA,100,39,1,19,0.05,0,2500,2500,0,1.56,1.56,1.56,1.5,6.2,0,0,0,0,0,0.6,0.3,0,0,0.7,0.7,18
10210,Chris,Conley,Chris Conley,/football/player/chris-conley-10210,,&#9881;,open,,i,,WR,,WR,SF,ARI,173,42.5,4.5,19,0.01,0,3000,3000,0,1.65,1.65,1.65,0.3,1.6,0,0,0,0,0,0.6,0.3,0,0.1,0.9,1,18
17057,Isaiah,Davis,Isaiah Davis,/football/player/isaiah-davis-17057,,&#9881;,open,,i,,RB,,RB,NYJ,MIA,100,39,1,19,0.02,0,4500,4500,0,2.92,2.92,2.92,2.6,11.5,0,0,0,0,0,0.6,0.6,0,1.4,1.5,2.9,18
16697,Dalton,Kincaid,Dalton Kincaid,/football/player/dalton-kincaid-16697,,&#9881;,open,,i,,TE,,TE,BUF,NE,-139,36.5,-2.5,19.5,0.27,0,4100,4100,0,2.64,2.64,2.64,8.2,12.2,4.8,0,0,0,0,0.6,0.4,0,0,1.5,1.5,18
15281,Khalil,Herbert,Khalil Herbert,/football/player/khalil-herbert-15281,,&#9881;,open,,i,,RB,,RB,CIN,PIT,-130,48,-2,25,0.06,0,5100,5100,0,2.96,2.96,2.96,1.3,6.3,0,0,0,0,0,0.6,0.6,0,2.5,0.6,3.1,18
17335,Julian,Hill,Julian Hill,/football/player/julian-hill-17335,,&#9881;,open,,i,,TE,,TE,MIA,NYJ,-118,39,-1,20,0.12,0,2500,2500,0,1.56,1.56,1.56,1.5,4,0,0,0,0,0,0.6,0.4,0,0,1.1,1.1,18
16108,Ronnie,Rivers,Ronnie Rivers,/football/player/ronnie-rivers-16108,,&#9881;,open,,i,,RB,,RB,LAR,SEA,217,39,6.5,16.25,0.01,0,4500,4500,0,2.69,2.69,2.69,0.3,1.8,0,0,0,0,0,0.6,0.9,0,3.3,0.7,4,18
12483,Josh,Allen,Josh Allen,/football/player/josh-allen-12483,,&#9881;,open,,i,,QB,,QB,BUF,NE,-139,36.5,-2.5,19.5,0,0,8500,8500,0,4.89,4.89,4.89,24.3,45.7,10.1,0,0,0,0,0.6,1.1,8.2,1.3,0,1.3,18
13067,Mike,Boone,Mike Boone,/football/player/mike-boone-13067,,&#9881;,open,,i,,RB,,RB,CAR,ATL,332,48,8,20,0.26,0,4400,4400,0,2.68,2.68,2.68,0.7,1.4,0,0,0,0,0,0.6,0.8,0,2.5,1.2,3.7,18
15214,Terrace,Marshall,Terrace Marshall,/football/player/terrace-marshall-15214,,&#9881;,open,,i,,WR,,WR,LV,LAC,174,41,4.5,18.25,0.03,0,3000,3000,0,1.91,1.91,1.91,1.2,3.3,0,0,0,0,0,0.6,0.5,0,0.2,1.4,1.6,18
16714,Jalin,Hyatt,Jalin Hyatt,/football/player/jalin-hyatt-16714,,&#9881;,open,,i,,WR,,WR,NYG,PHI,125,37.5,3,17.25,0.02,0,3000,3000,0,1.9,1.9,1.9,1,5.6,0,0,0,0,0,0.6,0.4,0,0,1.3,1.3,18
13036,Brandon,Powell,Brandon Powell,/football/player/brandon-powell-13036,,&#9881;,open,,i,,WR,,WR,MIN,DET,126,56.5,3,26.75,0.03,0,3000,3000,0,1.76,1.76,1.76,0.9,2.9,0,0,0,0,0,0.6,0.4,0,0.2,1,1.2,18
16937,Jonathan,Mingo,Jonathan Mingo,/football/player/jonathan-mingo-16937,,&#9881;,open,,i,,WR,,WR,DAL,WAS,221,44,6.5,18.75,0.04,0,3100,3100,0,1.8,1.8,1.8,1.6,4.7,0,0,0,0,0,0.6,0.4,0,0,1.2,1.2,18
16709,Rakim,Jarrett,Rakim Jarrett,/football/player/rakim-jarrett-16709,,&#9881;,open,,i,,WR,,WR,TB,NO,-902,43.5,-14,28.75,0.04,0,3000,3000,0,1.73,1.73,1.73,2.4,7,0,0,0,0,0,0.6,0.3,0,0.1,0.9,1,18
15681,Brock,Wright,Brock Wright,/football/player/brock-wright-15681,,&#9881;,open,,i,,TE,,TE,DET,MIN,-151,56.5,-3,29.75,0.17,0,2700,2700,0,1.76,1.76,1.76,2.3,6.6,0,0,0,0,0,0.6,0.3,0,0,0.9,0.9,18
16728,Sean,Tucker,Sean Tucker,/football/player/sean-tucker-16728,,&#9881;,open,,i,,RB,,RB,TB,NO,-902,43.5,-14,28.75,0.02,0,4000,4000,0,2.21,2.21,2.21,4.7,25.6,0,0,0,0,0,0.6,0.7,0,2.7,0.2,2.9,18
16933,Chris,Rodriguez,Chris Rodriguez,/football/player/chris-rodriguez-16933,,&#9881;,open,,i,,RB,,RB,WAS,DAL,-271,44,-6.5,25.25,0.02,0,5000,5000,0,2.37,2.37,2.37,3.9,12.6,0,0,0,0,0,0.5,0.7,0,3.4,0.2,3.6,18
8930,Kyle,Juszczyk,Kyle Juszczyk,/football/player/kyle-juszczyk-8930,,&#9881;,open,,i,,RB,,RB,SF,ARI,173,42.5,4.5,19,1.72,0,4000,4000,0,1.94,1.94,1.94,2.9,8.3,0,0,0,0,0,0.5,0.4,0,0.3,1.1,1.4,18
16333,Deven,Thompkins,Deven Thompkins,/football/player/deven-thompkins-16333,,&#9881;,open,,i,,WR,,WR,CAR,ATL,332,48,8,20,0,0,3000,3000,0,1.42,1.42,1.42,1,3.4,0,0,0,0,0,0.5,0.3,0,0.2,0.8,1,18
17000,Hunter,Luepke,Hunter Luepke,/football/player/hunter-luepke-17000,,&#9881;,open,,i,,RB,,RB,DAL,WAS,221,44,6.5,18.75,1.72,0,4000,4000,0,2.12,2.12,2.12,1.5,4.8,0,0,0,0,0,0.5,0.5,0,1.1,0.8,1.9,18
17829,Cody,Schrader,Cody Schrader,/football/player/cody-schrader-17829,,&#9881;,open,,i,,RB,,RB,LAR,SEA,217,39,6.5,16.25,0.01,0,4000,4000,0,2.13,2.13,2.13,0,0,0,0,0,0,0,0.5,1,0,3.4,0.5,3.9,18
17030,Davis,Allen,Davis Allen,/football/player/davis-allen-17030,,&#9881;,open,,i,,TE,,TE,LAR,SEA,217,39,6.5,16.25,0.06,0,2500,2500,0,1.16,1.16,1.16,0.8,5.8,0,0,0,0,0,0.5,0.3,0,0,0.7,0.7,18
11868,Zach,Pascal,Zach Pascal,/football/player/zach-pascal-11868,,&#9881;,open,,i,,WR,,WR,ARI,SF,-210,42.5,-4.5,23.5,0.01,0,3000,3000,0,1.6,1.6,1.6,0,0,0,0,0,0,0,0.5,0.3,0,0.1,0.9,1,18
17908,Brevyn,Spann-Ford,Brevyn Spann-Ford,/football/player/brevyn-spann-ford-17908,,&#9881;,open,,i,,TE,,TE,DAL,WAS,221,44,6.5,18.75,0.07,0,2500,2500,0,1.27,1.27,1.27,1.2,5.9,0,0,0,0,0,0.5,0.3,0,0,0.8,0.8,18
10251,MyCole,Pruitt,MyCole Pruitt,/football/player/mycole-pruitt-10251,,&#9881;,open,,i,,TE,,TE,PIT,CIN,108,48,2,23,0.07,0,2500,2500,0,1.32,1.32,1.32,1.4,5.5,0,0,0,0,0,0.5,0.3,0,0,0.8,0.8,18
12807,Durham,Smythe,Durham Smythe,/football/player/durham-smythe-12807,,&#9881;,open,,i,,TE,,TE,MIA,NYJ,-118,39,-1,20,0.08,0,2500,2500,0,1.25,1.25,1.25,1,1.8,0.1,0,0,0,0,0.5,0.3,0,0,0.7,0.7,18
18302,Bryce,Oliver,Bryce Oliver,/football/player/bryce-oliver-18302,,&#9881;,open,,i,,WR,,WR,TEN,HOU,-122,37,-1.5,19.25,0.01,0,3000,3000,0,1.5,1.5,1.5,1.4,3.8,0,0,0,0,0,0.5,0.3,0,0,1,1,18
15891,Greg,Dulcich,Greg Dulcich,/football/player/greg-dulcich-15891,,&#9881;,open,,i,,TE,,TE,NYG,PHI,125,37.5,3,17.25,0.14,0,2500,2500,0,1.24,1.24,1.24,0.7,3.5,0,0,0,0,0,0.5,0.3,0,0,0.8,0.8,18
11887,Pharaoh,Brown,Pharaoh Brown,/football/player/pharaoh-brown-11887,,&#9881;,open,,i,,TE,,TE,SEA,LAR,-269,39,-6.5,22.75,0.09,0,2500,2500,0,1.15,1.15,1.15,1,3.1,0,0,0,0,0,0.5,0.2,0,0,0.6,0.6,18
16741,Chris,Brooks,Chris Brooks,/football/player/chris-brooks-16741,"&nbsp;<span class=""red upper bold sm-text"">que</span>",&#9881;,open,,i,,RB,,RB,GB,CHI,-498,41,-10,25.5,0.01,0,4900,4900,0,2.37,2.37,2.37,2.6,7.5,0,0,0,0,0,0.5,0.7,0,2.8,0.4,3.2,18
15413,Trey,Sermon,Trey Sermon,/football/player/trey-sermon-15413,,&#9881;,open,,i,,RB,,RB,IND,JAX,-222,44,-4.5,24.25,0.01,0,4000,4000,0,1.61,1.61,1.61,3.5,13.2,0,0,0,0,0,0.4,0.5,0,1.6,0.5,2.1,18
16720,Payne,Durham,Payne Durham,/football/player/payne-durham-16720,"&nbsp;<span class=""red upper bold sm-text"">que</span>",&#9881;,open,,i,,TE,,TE,TB,NO,-902,43.5,-14,28.75,0.08,0,3200,3200,0,1.18,1.18,1.18,1.8,8.5,0,0,0,0,0,0.4,0.2,0,0,0.6,0.6,18
16277,Drew,Ogletree,Drew Ogletree,/football/player/drew-ogletree-16277,,&#9881;,open,,i,,TE,,TE,IND,JAX,-222,44,-4.5,24.25,0.06,0,2500,2500,0,0.92,0.92,0.92,1.5,6.2,0,0,0,0,0,0.4,0.2,0,0,0.5,0.5,18
14608,Charlie,Woerner,Charlie Woerner,/football/player/charlie-woerner-14608,,&#9881;,open,,i,,TE,,TE,ATL,CAR,-428,48,-8,28,0.05,0,2500,2500,0,0.95,0.95,0.95,0.7,2.2,0,0,0,0,0,0.4,0.2,0,0,0.5,0.5,18
17014,Will,Mallory,Will Mallory,/football/player/will-mallory-17014,,&#9881;,open,,i,,TE,,TE,IND,JAX,-222,44,-4.5,24.25,0.03,0,2500,2500,0,1.11,1.11,1.11,0.7,1.8,0,0,0,0,0,0.4,0.2,0,0,0.6,0.6,18
13854,Ashton,Dulin,Ashton Dulin,/football/player/ashton-dulin-13854,,&#9881;,open,,i,,WR,,WR,IND,JAX,-222,44,-4.5,24.25,0.01,0,3000,3000,0,1.13,1.13,1.13,0.5,1.8,0,0,0,0,0,0.4,0.2,0,0,0.6,0.6,18
15935,Bo,Melton,Bo Melton,/football/player/bo-melton-15935,,&#9881;,open,,i,,WR,,WR,GB,CHI,-498,41,-10,25.5,0.02,0,3400,3400,0,1.32,1.32,1.32,1.5,4,0,0,0,0,0,0.4,0.2,0,0,0.7,0.7,18
15467,Ben,Skowronek,Ben Skowronek,/football/player/ben-skowronek-15467,,&#9881;,open,,i,,WR,,WR,PIT,CIN,108,48,2,23,0.02,0,3000,3000,0,1.33,1.33,1.33,1.5,3.9,0,0,0,0,0,0.4,0.3,0,0.1,0.7,0.8,18
13061,Trent,Sherfield,Trent Sherfield,/football/player/trent-sherfield-13061,,&#9881;,open,,i,,WR,,WR,MIN,DET,126,56.5,3,26.75,0.01,0,3000,3000,0,1.28,1.28,1.28,1.5,5.8,0,0,0,0,0,0.4,0.2,0,0,0.7,0.7,18
11737,Gerald,Everett,Gerald Everett,/football/player/gerald-everett-11737,,&#9881;,open,,i,,TE,,TE,CHI,GB,373,41,10,15.5,0.04,0,2500,2500,0,1.06,1.06,1.06,0.7,3.1,0,0,0,0,0,0.4,0.3,0,0,0.7,0.7,18
17738,Jermaine,Burton,Jermaine Burton,/football/player/jermaine-burton-17738,,&#9881;,open,,i,,WR,,WR,CIN,PIT,-130,48,-2,25,0.01,0,3000,3000,0,1.24,1.24,1.24,1.1,4.4,0,0,0,0,0,0.4,0.2,0,0,0.7,0.7,18
8619,DeAndre,Hopkins,DeAndre Hopkins,/football/player/deandre-hopkins-8619,,&#9881;,open,,i,,WR,,WR,KC,DEN,417,40,10.5,14.75,0.02,0,4900,4900,0,1.94,1.94,1.94,9.7,22.8,1.6,0,0,0,0,0.4,0.2,0,0,1,1,18
17800,Jaylen,Wright,Jaylen Wright,/football/player/jaylen-wright-17800,,&#9881;,open,,i,,RB,,RB,MIA,NYJ,-118,39,-1,20,0.01,0,4200,4200,0,1.83,1.83,1.83,2,6.4,0,0,0,0,0,0.4,0.6,0,2.1,0.4,2.5,18
16970,Eric,Gray,Eric Gray,/football/player/eric-gray-16970,,&#9881;,open,,i,,RB,,RB,NYG,PHI,125,37.5,3,17.25,0,0,4000,4000,0,1.68,1.68,1.68,1,5.2,0,0,0,0,0,0.4,0.4,0,0.7,0.8,1.5,18
11871,Josh,Reynolds,Josh Reynolds,/football/player/josh-reynolds-11871,,&#9881;,open,,i,,WR,,WR,JAX,IND,182,44,4.5,19.75,0.02,0,3000,3000,0,1.25,1.25,1.25,3.8,11.2,0,0,0,0,0,0.4,0.3,0,0,0.8,0.8,18
11777,Jamaal,Williams,Jamaal Williams,/football/player/jamaal-williams-11777,,&#9881;,open,,i,,RB,,RB,NO,TB,596,43.5,14,14.75,0.01,0,4300,4300,0,1.92,1.92,1.92,1.8,3.6,0.2,0,0,0,0,0.4,0.7,0,2.5,0.6,3.1,18
17833,Ben,Sinnott,Ben Sinnott,/football/player/ben-sinnott-17833,,&#9881;,open,,i,,TE,,TE,WAS,DAL,-271,44,-6.5,25.25,0.05,0,2500,2500,0,1.08,1.08,1.08,0.9,5.9,0,0,0,0,0,0.4,0.2,0,0,0.6,0.6,18
17777,Malachi,Corley,Malachi Corley,/football/player/malachi-corley-17777,,&#9881;,open,,i,,WR,,WR,NYJ,MIA,100,39,1,19,0.01,0,3000,3000,0,1.25,1.25,1.25,0.7,1.7,0,0,0,0,0,0.4,0.2,0,0,0.7,0.7,18
14573,Patrick,Taylor,Patrick Taylor,/football/player/patrick-taylor-14573,,&#9881;,open,,i,,RB,,RB,SF,ARI,173,42.5,4.5,19,0.01,0,5400,5400,0,2.42,2.42,2.42,1.4,6.3,0,0,0,0,0,0.4,0.6,0,1.9,1.3,3.2,18
14576,Harrison,Bryant,Harrison Bryant,/football/player/harrison-bryant-14576,,&#9881;,open,,i,,TE,,TE,LV,LAC,174,41,4.5,18.25,0.05,0,2500,2500,0,0.99,0.99,0.99,1.6,4.6,0,0,0,0,0,0.4,0.2,0,0,0.6,0.6,18
14494,Joshua,Kelley,Joshua Kelley,/football/player/joshua-kelley-14494,,&#9881;,open,,i,,RB,,RB,TEN,HOU,-122,37,-1.5,19.25,0,0,4000,4000,0,1,1,1,0,0,0,0,0,0,0,0.3,0.4,0,1.2,0.3,1.5,18
15289,John,Bates,John Bates,/football/player/john-bates-15289,,&#9881;,open,,i,,TE,,TE,WAS,DAL,-271,44,-6.5,25.25,0.03,0,3000,3000,0,1,1,1,1,3,0,0,0,0,0,0.3,0.2,0,0,0.7,0.7,18
14392,JaMycal,Hasty,JaMycal Hasty,/football/player/jamycal-hasty-14392,,&#9881;,open,,i,,RB,,RB,NE,BUF,116,36.5,2.5,17,0,0,4000,4000,0,1.21,1.21,1.21,2.1,11,0,0,0,0,0,0.3,0.4,0,0.9,0.6,1.5,18
13548,Trayveon,Williams,Trayveon Williams,/football/player/trayveon-williams-13548,,&#9881;,open,,i,,RB,,RB,CIN,PIT,-130,48,-2,25,0,0,4600,4600,0,1.17,1.17,1.17,0,0,0,0,0,0,0,0.3,0.1,0,0.1,0.4,0.5,18
11863,Cooper,Kupp,Cooper Kupp,/football/player/cooper-kupp-11863,,&#9881;,open,,i,,WR,,WR,LAR,SEA,217,39,6.5,16.25,0.03,0,6300,6300,0,1.93,1.93,1.93,13.6,27.6,1.8,0,0,0,0,0.3,0.2,0,0,1,1,18
15246,Hunter,Long,Hunter Long,/football/player/hunter-long-15246,,&#9881;,open,,i,,TE,,TE,LAR,SEA,217,39,6.5,16.25,0.02,0,2500,2500,0,0.65,0.65,0.65,0.9,3,0,0,0,0,0,0.3,0.2,0,0,0.6,0.6,18
13987,Scotty,Miller,Scotty Miller,/football/player/scotty-miller-13987,,&#9881;,open,,i,,WR,,WR,PIT,CIN,108,48,2,23,0,0,3000,3000,0,0.74,0.74,0.74,1,5.1,0,0,0,0,0,0.3,0.2,0,0.1,0.5,0.6,18
15807,Kyren,Williams,Kyren Williams,/football/player/kyren-williams-15807,,&#9881;,open,,i,,RB,,RB,LAR,SEA,217,39,6.5,16.25,0.01,0,7600,7600,0,2.11,2.11,2.11,18.2,27.9,10.4,0,0,0,0,0.3,0.4,0,2.2,0.5,2.7,18
18107,Mason,Tipton,Mason Tipton,/football/player/mason-tipton-18107,,&#9881;,open,,i,,WR,,WR,NO,TB,596,43.5,14,14.75,0,0,3000,3000,0,1.03,1.03,1.03,2.2,8,0,0,0,0,0,0.3,0.2,0,0,0.7,0.7,18
16790,Puka,Nacua,Puka Nacua,/football/player/puka-nacua-16790,,&#9881;,open,,i,,WR,,WR,LAR,SEA,217,39,6.5,16.25,0.03,0,8300,8300,0,2.76,2.76,2.76,21.3,38.6,6.2,0,0,0,0,0.3,0.2,0,0.1,1.5,1.6,18
15990,Tyler,Goodson,Tyler Goodson,/football/player/tyler-goodson-15990,,&#9881;,open,,i,,RB,,RB,IND,JAX,-222,44,-4.5,24.25,0,0,4000,4000,0,1.1,1.1,1.1,2.9,9.2,0,0,0,0,0,0.3,0.2,0,0.4,0.5,0.9,18
12678,D'Ernest,Johnson,D'Ernest Johnson,/football/player/dernest-johnson-12678,,&#9881;,open,,i,,RB,,RB,JAX,IND,182,44,4.5,19.75,0,0,4000,4000,0,1.07,1.07,1.07,2.7,7.8,0,0,0,0,0,0.3,0.4,0,0.8,0.6,1.4,18
15510,Jack,Stoll,Jack Stoll,/football/player/jack-stoll-15510,,&#9881;,open,,i,,TE,,TE,MIA,NYJ,-118,39,-1,20,0.06,0,2500,2500,0,0.7,0.7,0.7,0.3,1.3,0,0,0,0,0,0.3,0.2,0,0,0.4,0.4,18
15416,Justin,Fields,Justin Fields,/football/player/justin-fields-15416,,&#9881;,open,,i,,QB,,QB,PIT,CIN,108,48,2,23,0,0,4800,4800,0,1.4,1.4,1.4,12.5,30.4,0.4,0,0,0,0,0.3,0.4,0.5,1.5,0,1.5,18
17008,Jacob,Cowing,Jacob Cowing,/football/player/jacob-cowing-17008,,&#9881;,open,,i,,WR,,WR,SF,ARI,173,42.5,4.5,19,0,0,3000,3000,0,0.83,0.83,0.83,0.4,4.7,0,0,0,0,0,0.3,0.2,0,0,0.5,0.5,18
17760,Sione,Vaki,Sione Vaki,/football/player/sione-vaki-17760,,&#9881;,open,,i,,RB,,RB,DET,MIN,-151,56.5,-3,29.75,0,0,4000,4000,0,1.19,1.19,1.19,0.6,2.9,0,0,0,0,0,0.3,0.5,0,1.6,0.3,1.9,18
15846,Velus,Jones,Velus Jones,/football/player/velus-jones-15846,,&#9881;,open,,i,,WR,,WR,CAR,ATL,332,48,8,20,0,0,4000,4000,0,1.1,1.1,1.1,0,0,0,0,0,0,0,0.3,0.3,0,0.9,0.4,1.3,18
14514,Clyde,Edwards-Helaire,Clyde Edwards-Helaire,/football/player/clyde-edwards-helaire-14514,,&#9881;,open,,i,,RB,,RB,NO,TB,596,43.5,14,14.75,0.06,0,4100,4100,0,1.41,1.41,1.41,5,5,5,0,0,0,0,0.3,0.5,0,1.5,0.5,2,18
12447,River,Cracraft,River Cracraft,/football/player/river-cracraft-12447,,&#9881;,open,,i,,WR,,WR,MIA,NYJ,-118,39,-1,20,0,0,3000,3000,0,0.71,0.71,0.71,0.8,2.3,0,0,0,0,0,0.2,0.2,0,0,0.6,0.6,18
17848,Jaheim,Bell,Jaheim Bell,/football/player/jaheim-bell-17848,,&#9881;,open,,i,,TE,,TE,NE,BUF,116,36.5,2.5,17,0.01,0,2500,2500,0,0.6,0.6,0.6,0.1,0.7,0,0,0,0,0,0.2,0.2,0,0,0.4,0.4,18
13418,KhaDarel,Hodge,KhaDarel Hodge,/football/player/khadarel-hodge-13418,"&nbsp;<span class=""red upper bold sm-text"">que</span>",&#9881;,open,,i,,WR,,WR,ATL,CAR,-428,48,-8,28,0.01,0,3000,3000,0,0.66,0.66,0.66,1.5,10,0,0,0,0,0,0.2,0.1,0,0,0.3,0.3,18
17787,Javon,Baker,Javon Baker,/football/player/javon-baker-17787,,&#9881;,open,,i,,WR,,WR,NE,BUF,116,36.5,2.5,17,0.01,0,3000,3000,0,0.59,0.59,0.59,0,0,0,0,0,0,0,0.2,0.1,0,0,0.4,0.4,18
17048,Keilan,Robinson,Keilan Robinson,/football/player/keilan-robinson-17048,,&#9881;,open,,i,,RB,,RB,JAX,IND,182,44,4.5,19.75,0,0,4000,4000,0,0.65,0.65,0.65,0,0,0,0,0,0,0,0.2,0.1,0,0.2,0.2,0.4,18
15701,Shane,Zylstra,Shane Zylstra,/football/player/shane-zylstra-15701,,&#9881;,open,,i,,TE,,TE,DET,MIN,-151,56.5,-3,29.75,0.01,0,2500,2500,0,0.53,0.53,0.53,0.3,2.2,0,0,0,0,0,0.2,0.1,0,0,0.3,0.3,18
11751,Zay,Jones,Zay Jones,/football/player/zay-jones-11751,,&#9881;,open,,i,,WR,,WR,ARI,SF,-210,42.5,-4.5,23.5,0.01,0,3000,3000,0,0.65,0.65,0.65,0.8,2.4,0,0,0,0,0,0.2,0.1,0,0,0.4,0.4,18
16735,Israel,Abanikanda,Israel Abanikanda,/football/player/israel-abanikanda-16735,,&#9881;,open,,i,,RB,,RB,SF,ARI,173,42.5,4.5,19,0,0,4400,4400,0,0.82,0.82,0.82,0,0,0,0,0,0,0,0.2,0.3,0,1.2,0.3,1.5,18
15916,Connor,Heyward,Connor Heyward,/football/player/connor-heyward-15916,,&#9881;,open,,i,,TE,,TE,PIT,CIN,108,48,2,23,0.08,0,2500,2500,0,0.56,0.56,0.56,1.1,7,0,0,0,0,0,0.2,0.2,0,0,0.4,0.4,18
17818,Dylan,Laube,Dylan Laube,/football/player/dylan-laube-17818,,&#9881;,open,,i,,RB,,RB,LV,LAC,174,41,4.5,18.25,0,0,4000,4000,0,0.96,0.96,0.96,-0.1,0.1,0,0,0,0,0,0.2,0.3,0,0.8,0.4,1.2,18
17972,Jha'Quan,Jackson,Jha'Quan Jackson,/football/player/jhaquan-jackson-17972,,&#9881;,open,,i,,WR,,WR,TEN,HOU,-122,37,-1.5,19.25,0,0,3000,3000,0,0.49,0.49,0.49,-0.1,0.9,0,0,0,0,0,0.2,0.1,0,0,0.4,0.4,18
15464,Tim,Jones,Tim Jones,/football/player/tim-jones-15464,,&#9881;,open,,i,,WR,,WR,JAX,IND,182,44,4.5,19.75,0,0,3000,3000,0,0.56,0.56,0.56,0.5,2.2,0,0,0,0,0,0.2,0.1,0,0,0.3,0.3,18
14889,Dan,Chisena,Dan Chisena,/football/player/dan-chisena-14889,,&#9881;,open,,i,,WR,,WR,CAR,ATL,332,48,8,20,0,0,3000,3000,0,0.59,0.59,0.59,1.3,3,0,0,0,0,0,0.2,0.2,0,0,0.5,0.5,18
15979,Ty,Chandler,Ty Chandler,/football/player/ty-chandler-15979,,&#9881;,open,,i,,RB,,RB,MIN,DET,126,56.5,3,26.75,0,0,4400,4400,0,0.96,0.96,0.96,1.4,6,0,0,0,0,0,0.2,0.3,0,0.8,0.3,1.1,18
16719,Charlie,Jones,Charlie Jones,/football/player/charlie-jones-16719,"&nbsp;<span class=""red upper bold sm-text"">que</span>",&#9881;,open,,i,,WR,,WR,CIN,PIT,-130,48,-2,25,0,0,3000,3000,0,0.54,0.54,0.54,0.9,4.6,0,0,0,0,0,0.2,0.1,0,0,0.3,0.3,18
17915,Blake,Watson,Blake Watson,/football/player/blake-watson-17915,,&#9881;,open,,i,,RB,,RB,DEN,KC,-575,40,-10.5,25.25,0,0,4000,4000,0,0.76,0.76,0.76,1.7,3.6,0,0,0,0,0,0.2,0.2,0,0.7,0.2,0.9,18
17866,Tanner,McLachlan,Tanner McLachlan,/football/player/tanner-mclachlan-17866,,&#9881;,open,,i,,TE,,TE,CIN,PIT,-130,48,-2,25,0.03,0,2500,2500,0,0.17,0.17,0.17,0,0,0,0,0,0,0,0.1,0,0,0,0.1,0.1,18
15461,Dee,Eskridge,Dee Eskridge,/football/player/dee-eskridge-15461,,&#9881;,open,,i,,WR,,WR,MIA,NYJ,-118,39,-1,20,0,0,3000,3000,0,0.27,0.27,0.27,1.2,3.4,0,0,0,0,0,0.1,0.1,0,0,0.2,0.2,18
12932,Jeff,Wilson,Jeff Wilson,/football/player/jeff-wilson-12932,,&#9881;,open,,i,,RB,,RB,MIA,NYJ,-118,39,-1,20,0,0,4000,4000,0,0.19,0.19,0.19,1.2,2.8,0,0,0,0,0,0.1,0.1,0,0.1,0.1,0.2,18
11767,Jeremy,McNichols,Jeremy McNichols,/football/player/jeremy-mcnichols-11767,,&#9881;,open,,i,,RB,,RB,WAS,DAL,-271,44,-6.5,25.25,0.01,0,4600,4600,0,0.53,0.53,0.53,4.1,14.9,0,0,0,0,0,0.1,0.9,0,3.1,1,4.1,18
13484,Travis,Homer,Travis Homer,/football/player/travis-homer-13484,"&nbsp;<span class=""red upper bold sm-text"">que</span>",&#9881;,open,,i,,RB,,RB,CHI,GB,373,41,10,15.5,0,0,4000,4000,0,0.31,0.31,0.31,0.6,3,0,0,0,0,0,0.1,0.1,0,0.2,0.2,0.4,18
16713,Tyler,Scott,Tyler Scott,/football/player/tyler-scott-16713,,&#9881;,open,,i,,WR,,WR,CHI,GB,373,41,10,15.5,0,0,3000,3000,0,0.16,0.16,0.16,0.2,1.1,0,0,0,0,0,0.1,0,0,0,0.1,0.1,18
18307,Kameron,Johnson,Kameron Johnson,/football/player/kameron-johnson-18307,,&#9881;,open,,i,,WR,,WR,TB,NO,-902,43.5,-14,28.75,0.01,0,3000,3000,0,0.38,0.38,0.38,0.3,1,0,0,0,0,0,0.1,0.1,0,0,0.2,0.2,18
9264,Allen,Robinson,Allen Robinson,/football/player/allen-robinson-9264,,&#9881;,open,,i,,WR,,WR,DET,MIN,-151,56.5,-3,29.75,0.01,0,3000,3000,0,0.36,0.36,0.36,0.5,2.3,0,0,0,0,0,0.1,0.1,0,0,0.2,0.2,18
18044,Casey,Washington,Casey Washington,/football/player/casey-washington-18044,,&#9881;,open,,i,,WR,,WR,ATL,CAR,-428,48,-8,28,0,0,3000,3000,0,0.37,0.37,0.37,0.3,1.8,0,0,0,0,0,0.1,0.1,0,0,0.2,0.2,18
17125,Jordan,Mims,Jordan Mims,/football/player/jordan-mims-17125,,&#9881;,open,,i,,RB,,RB,NO,TB,596,43.5,14,14.75,0,0,4000,4000,0,0.29,0.29,0.29,2.2,6.6,0,0,0,0,0,0.1,0.1,0,0.2,0.2,0.4,18
17968,George,Holani,George Holani,/football/player/george-holani-17968,,&#9881;,open,,i,,RB,,RB,SEA,LAR,-269,39,-6.5,22.75,0,0,4000,4000,0,0.33,0.33,0.33,0.5,1,0,0,0,0,0,0.1,0.2,0,0.6,0.2,0.8,18
17184,Malik,Heath,Malik Heath,/football/player/malik-heath-17184,,&#9881;,open,,i,,WR,,WR,GB,CHI,-498,41,-10,25.5,0,0,3300,3300,0,0.39,0.39,0.39,2,7.4,0,0,0,0,0,0.1,0.1,0,0,0.2,0.2,18
15992,Hassan,Haskins,Hassan Haskins,/football/player/hassan-haskins-15992,,&#9881;,open,,i,,RB,,RB,LAC,LV,-213,41,-4.5,22.75,0,0,4300,4300,0,0.46,0.46,0.46,1.6,8.5,0,0,0,0,0,0.1,0.2,0,0.6,0.2,0.8,18
15287,Ihmir,Smith-Marsette,Ihmir Smith-Marsette,/football/player/ihmir-smith-marsette-15287,,&#9881;,open,,i,,WR,,WR,NYG,PHI,125,37.5,3,17.25,0,0,3000,3000,0,0.29,0.29,0.29,0.4,4,0,0,0,0,0,0.1,0.1,0,0,0.2,0.2,18
11897,Eric,Saubert,Eric Saubert,/football/player/eric-saubert-11897,,&#9881;,open,,i,,TE,,TE,SF,ARI,173,42.5,4.5,19,0.01,0,2500,2500,0,0.24,0.24,0.24,1.3,5.5,0,0,0,0,0,0.1,0.1,0,0,0.2,0.2,18
17824,Dallin,Holker,Dallin Holker,/football/player/dallin-holker-17824,,&#9881;,open,,i,,TE,,TE,NO,TB,596,43.5,14,14.75,0.03,0,2500,2500,0,0.15,0.15,0.15,0.2,1.4,0,0,0,0,0,0.1,0,0,0,0.1,0.1,18
17971,Anthony,Gould,Anthony Gould,/football/player/anthony-gould-17971,,&#9881;,open,,i,,WR,,WR,IND,JAX,-222,44,-4.5,24.25,0,0,3000,3000,0,0.17,0.17,0.17,0.6,2.6,0,0,0,0,0,0.1,0,0,0,0.1,0.1,18
17467,Xavier,Smith,Xavier Smith,/football/player/xavier-smith-17467,,&#9881;,open,,i,,WR,,WR,LAR,SEA,217,39,6.5,16.25,0,0,3000,3000,0,0.23,0.23,0.23,0.4,2.2,0,0,0,0,0,0.1,0.1,0,0,0.2,0.2,18
14629,Josiah,Deguara,Josiah Deguara,/football/player/josiah-deguara-14629,,&#9881;,open,,i,,TE,,TE,JAX,IND,182,44,4.5,19.75,0.01,0,2500,2500,0,0.27,0.27,0.27,0.3,1.4,0,0,0,0,0,0.1,0.1,0,0,0.2,0.2,18
17966,Tip,Reiman,Tip Reiman,/football/player/tip-reiman-17966,,&#9881;,open,,i,,TE,,TE,ARI,SF,-210,42.5,-4.5,23.5,0.06,0,2500,2500,0,0.33,0.33,0.33,0.7,2.2,0,0,0,0,0,0.1,0.1,0,0,0.2,0.2,18
16337,Britain,Covey,Britain Covey,/football/player/britain-covey-16337,"&nbsp;<span class=""red upper bold sm-text"">IR</span>",&#9881;,open,,i,,WR,,WR,PHI,NYG,-150,37.5,-3,20.25,0,0,3000,3000,0,0,0,0,2.6,7.4,0,0,0,0,0,0,0,0,0,0,0,18
15834,Brock,Purdy,Brock Purdy,/football/player/brock-purdy-15834,"&nbsp;<span class=""red upper bold sm-text"">dou</span>",&#9881;,open,,i,,QB,,QB,SF,ARI,173,42.5,4.5,19,0,0,6200,6200,0,0,0,0,19.8,31.9,7.1,0,0,0,0,0,0,0,0,0,0,18
14564,Zack,Moss,Zack Moss,/football/player/zack-moss-14564,"&nbsp;<span class=""red upper bold sm-text"">IR</span>",&#9881;,open,,i,,RB,,RB,CIN,PIT,-130,48,-2,25,0,0,4000,4000,0,0,0,0,9.8,18.7,2.2,0,0,0,0,0,0,0,0,0,0,18
15406,DeVonta,Smith,DeVonta Smith,/football/player/devonta-smith-15406,"&nbsp;<span class=""red upper bold sm-text"">que</span>",&#9881;,open,,i,,WR,,WR,PHI,NYG,-150,37.5,-3,20.25,0,0,5900,5900,0,0,0,0,15.8,29.3,3.4,0,0,0,0,0,0,0,0,0,0,18
16163,Jordan,Mason,Jordan Mason,/football/player/jordan-mason-16163,"&nbsp;<span class=""red upper bold sm-text"">IR</span>",&#9881;,open,,i,,RB,,RB,SF,ARI,173,42.5,4.5,19,0,0,4000,4000,0,0,0,0,10.4,23.3,0.9,0,0,0,0,0,0,0,0,0,0,18
14386,Brandon,Aiyuk,Brandon Aiyuk,/football/player/brandon-aiyuk-14386,"&nbsp;<span class=""red upper bold sm-text"">IR</span>",&#9881;,open,,i,,WR,,WR,SF,ARI,173,42.5,4.5,19,0,0,3000,3000,0,0,0,0,9.3,21.3,3.1,0,0,0,0,0,0,0,0,0,0,18
13504,Jake,Browning,Jake Browning,/football/player/jake-browning-13504,,&#9881;,open,,i,,QB,,QB,CIN,PIT,-130,48,-2,25,0,0,4500,4500,0,0,0,0,-0.1,0,0,0,0,0,0,0,0,0,0,0,0,18
17218,E.J.,Jenkins,E.J. Jenkins,/football/player/ej-jenkins-17218,,&#9881;,open,,i,,TE,,TE,PHI,NYG,-150,37.5,-3,20.25,0,0,2500,2500,0,0,0,0,0,0,0,0,0,0,0,0,0,0,0,0,0,18
16418,Jake,Tonges,Jake Tonges,/football/player/jake-tonges-16418,,&#9881;,open,,i,,TE,,TE,SF,ARI,173,42.5,4.5,19,0,0,2500,2500,0,0,0,0,0,0,0,0,0,0,0,0,0,0,0,0,0,18
16686,Tanner,McKee,Tanner McKee,/football/player/tanner-mckee-16686,,&#9881;,open,,i,,QB,,QB,PHI,NYG,-150,37.5,-3,20.25,0,0,5000,5000,0,0,0,0,10,10,10,0,0,0,0,0,0,0,0,0,0,18
15379,Elijah,Mitchell,Elijah Mitchell,/football/player/elijah-mitchell-15379,"&nbsp;<span class=""red upper bold sm-text"">IR</span>",&#9881;,open,,i,,RB,,RB,SF,ARI,173,42.5,4.5,19,0,0,4000,4000,0,0,0,0,0,0,0,0,0,0,0,0,0,0,0,0,0,18
17767,Trey,Benson,Trey Benson,/football/player/trey-benson-17767,"&nbsp;<span class=""red upper bold sm-text"">IR</span>",&#9881;,open,,i,,RB,,RB,ARI,SF,-210,42.5,-4.5,23.5,0,0,5200,5200,0,0,0,0,3.7,10.1,0,0,0,0,0,0,0,0,0,0,0,18
15304,Chris,Evans,Chris Evans,/football/player/chris-evans-15304,"&nbsp;<span class=""red upper bold sm-text"">IR</span>",&#9881;,open,,i,,RB,,RB,CIN,PIT,-130,48,-2,25,0,0,4000,4000,0,0,0,0,0,0,0,0,0,0,0,0,0,0,0,0,0,18
14559,Dalton,Keene,Dalton Keene,/football/player/dalton-keene-14559,"&nbsp;<span class=""red upper bold sm-text"">IR</span>",&#9881;,open,,i,,TE,,TE,HOU,TEN,102,37,1.5,17.75,0,0,2500,2500,0,0,0,0,0,0,0,0,0,0,0,0,0,0,0,0,0,18
17271,Ryan,Miller,Ryan Miller,/football/player/ryan-miller-17271,,&#9881;,open,,i,,WR,,WR,TB,NO,-902,43.5,-14,28.75,0,0,3000,3000,0,0,0,0,3.7,8.3,0.3,0,0,0,0,0,0,0,0,0,0,18
17404,Evan,Deckers,Evan Deckers,/football/player/evan-deckers-17404,,&#9881;,open,,i,,TE,,TE,TB,NO,-902,43.5,-14,28.75,0,0,2500,2500,0,0,0,0,0,0,0,0,0,0,0,0,0,0,0,0,0,18
16913,Clayton,Tune,Clayton Tune,/football/player/clayton-tune-16913,,&#9881;,open,,i,,QB,,QB,ARI,SF,-210,42.5,-4.5,23.5,0,0,4000,4000,0,0,0,0,-0.3,0.4,0,0,0,0,0,0,0,0,0,0,0,18
16746,Travis,Vokolek,Travis Vokolek,/football/player/travis-vokolek-16746,,&#9881;,open,,i,,TE,,TE,ARI,SF,-210,42.5,-4.5,23.5,0,0,2500,2500,0,0,0,0,0,0,0,0,0,0,0,0,0,0,0,0,0,18
8065,Case,Keenum,Case Keenum,/football/player/case-keenum-8065,"&nbsp;<span class=""red upper bold sm-text"">IR</span>",&#9881;,open,,i,,QB,,QB,HOU,TEN,102,37,1.5,17.75,0,0,4000,4000,0,0,0,0,0,0,0,0,0,0,0,0,0,0,0,0,0,18
10133,Stefon,Diggs,Stefon Diggs,/football/player/stefon-diggs-10133,"&nbsp;<span class=""red upper bold sm-text"">IR</span>",&#9881;,open,,i,,WR,,WR,HOU,TEN,102,37,1.5,17.75,0,0,3000,3000,0,0,0,0,14.3,19.8,8.1,0,0,0,0,0,0,0,0,0,0,18
13583,Irv,Smith,Irv Smith,/football/player/irv-smith-13583,,&#9881;,open,,i,,TE,,TE,HOU,TEN,102,37,1.5,17.75,0,0,2500,2500,0,0,0,0,0,0,0,0,0,0,0,0,0,0,0,0,0,18
15369,Brevin,Jordan,Brevin Jordan,/football/player/brevin-jordan-15369,"&nbsp;<span class=""red upper bold sm-text"">IR</span>",&#9881;,open,,i,,TE,,TE,HOU,TEN,102,37,1.5,17.75,0,0,2500,2500,0,0,0,0,1.4,1.4,1.4,0,0,0,0,0,0,0,0,0,0,18
15335,Kyle,Trask,Kyle Trask,/football/player/kyle-trask-15335,,&#9881;,open,,i,,QB,,QB,TB,NO,-902,43.5,-14,28.75,0,0,4000,4000,0,0,0,0,0,0.2,0,0,0,0,0,0,0,0,0,0,0,18
16034,Teagan,Quitoriano,Teagan Quitoriano,/football/player/teagan-quitoriano-16034,"&nbsp;<span class=""red upper bold sm-text"">IR</span>",&#9881;,open,,i,,TE,,TE,HOU,TEN,102,37,1.5,17.75,0,0,2500,2500,0,0,0,0,0,0,0,0,0,0,0,0,0,0,0,0,0,18
16935,Tank,Dell,Tank Dell,/football/player/tank-dell-16935,"&nbsp;<span class=""red upper bold sm-text"">IR</span>",&#9881;,open,,i,,WR,,WR,HOU,TEN,102,37,1.5,17.75,0,0,3000,3000,0,0,0,0,10.3,19.6,1.7,0,0,0,0,0,0,0,0,0,0,18
18300,British,Brooks,British Brooks,/football/player/british-brooks-18300,"&nbsp;<span class=""red upper bold sm-text"">IR</span>",&#9881;,open,,i,,RB,,RB,HOU,TEN,102,37,1.5,17.75,0,0,4000,4000,0,0,0,0,0.1,0.2,0,0,0,0,0,0,0,0,0,0,0,18
14858,Mason,Kinsey,Mason Kinsey,/football/player/mason-kinsey-14858,,&#9881;,open,,i,,WR,,WR,TEN,HOU,-122,37,-1.5,19.25,0,0,3000,3000,0,0,0,0,0.7,1.9,0,0,0,0,0,0,0,0,0,0,0,18
15896,Treylon,Burks,Treylon Burks,/football/player/treylon-burks-15896,"&nbsp;<span class=""red upper bold sm-text"">IR</span>",&#9881;,open,,i,,WR,,WR,TEN,HOU,-122,37,-1.5,19.25,0,0,3000,3000,0,0,0,0,1.6,2.5,0.3,0,0,0,0,0,0,0,0,0,0,18
16941,Tyjae,Spears,Tyjae Spears,/football/player/tyjae-spears-16941,"&nbsp;<span class=""red upper bold sm-text"">dou</span>",&#9881;,open,,i,,RB,,RB,TEN,HOU,-122,37,-1.5,19.25,0,0,6100,6100,0,0,0,0,9.7,22.7,0.8,0,0,0,0,0,0,0,0,0,0,18
17413,Colton,Dowell,Colton Dowell,/football/player/colton-dowell-17413,"&nbsp;<span class=""red upper bold sm-text"">PUP</span>",&#9881;,open,,i,,WR,,WR,TEN,HOU,-122,37,-1.5,19.25,0,0,3000,3000,0,0,0,0,0,0,0,0,0,0,0,0,0,0,0,0,0,18
18301,David,Martin-Robinson,David Martin-Robinson,/football/player/david-martin-robinson-18301,,&#9881;,open,,i,,TE,,TE,TEN,HOU,-122,37,-1.5,19.25,0,0,2500,2500,0,0,0,0,0.4,1.4,0,0,0,0,0,0,0,0,0,0,0,18
16282,Ko,Kieft,Ko Kieft,/football/player/ko-kieft-16282,,&#9881;,open,,i,,TE,,TE,TB,NO,-902,43.5,-14,28.75,0,0,2500,2500,0,0,0,0,0,0,0,0,0,0,0,0,0,0,0,0,0,18
12667,Chase,Edmonds,Chase Edmonds,/football/player/chase-edmonds-12667,"&nbsp;<span class=""red upper bold sm-text"">IR</span>",&#9881;,open,,i,,RB,,RB,TB,NO,-902,43.5,-14,28.75,0,0,4000,4000,0,0,0,0,0,0,0,0,0,0,0,0,0,0,0,0,0,18
15957,Cal,Adomitis,Cal Adomitis,/football/player/cal-adomitis-15957,,&#9881;,open,,i,,TE,,TE,CIN,PIT,-130,48,-2,25,0,0,2500,2500,0,0,0,0,0,0,0,0,0,0,0,0,0,0,0,0,0,18
18041,Xavier,Weaver,Xavier Weaver,/football/player/xavier-weaver-18041,,&#9881;,open,,i,,WR,,WR,ARI,SF,-210,42.5,-4.5,23.5,0,0,3000,3000,0,0,0,0,0,0,0,0,0,0,0,0,0,0,0,0,0,18
17696,Erick,All,Erick All,/football/player/erick-all-17696,"&nbsp;<span class=""red upper bold sm-text"">IR</span>",&#9881;,open,,i,,TE,,TE,CIN,PIT,-130,48,-2,25,0,0,2500,2500,0,0,0,0,4.5,7,1,0,0,0,0,0,0,0,0,0,0,18
17970,Kendall,Milton,Kendall Milton,/football/player/kendall-milton-17970,,&#9881;,open,,i,,RB,,RB,CIN,PIT,-130,48,-2,25,0,0,4000,4000,0,0,0,0,0,0,0,0,0,0,0,0,0,0,0,0,0,18
17977,Isaiah,Williams,Isaiah Williams,/football/player/isaiah-williams-17977,,&#9881;,open,,i,,WR,,WR,CIN,PIT,-130,48,-2,25,0,0,3000,3000,0,0,0,0,0.4,2,0,0,0,0,0,0,0,0,0,0,0,18
18284,Cam,Grandy,Cam Grandy,/football/player/cam-grandy-18284,,&#9881;,open,,i,,TE,,TE,CIN,PIT,-130,48,-2,25,0,0,2500,2500,0,0,0,0,0.8,2.6,0,0,0,0,0,0,0,0,0,0,0,18
11690,Christian,McCaffrey,Christian McCaffrey,/football/player/christian-mccaffrey-11690,"&nbsp;<span class=""red upper bold sm-text"">IR</span>",&#9881;,open,,i,,RB,,RB,SF,ARI,173,42.5,4.5,19,0,0,4000,4000,0,0,0,0,12.2,16.5,8.4,0,0,0,0,0,0,0,0,0,0,18
12623,Kyle,Allen,Kyle Allen,/football/player/kyle-allen-12623,,&#9881;,open,,i,,QB,,QB,PIT,CIN,108,48,2,23,0,0,4000,4000,0,0,0,0,0.8,0.8,0.8,0,0,0,0,0,0,0,0,0,0,18
10882,Brandon,Allen,Brandon Allen,/football/player/brandon-allen-10882,,&#9881;,open,,i,,QB,,QB,SF,ARI,173,42.5,4.5,19,0,0,4200,4200,0,0,0,0,3.1,10,0,0,0,0,0,0,0,0,0,0,0,18
17043,Roman,Wilson,Roman Wilson,/football/player/roman-wilson-17043,"&nbsp;<span class=""red upper bold sm-text"">IR-</span>",&#9881;,open,,i,,WR,,WR,PIT,CIN,108,48,2,23,0,0,3000,3000,0,0,0,0,0,0,0,0,0,0,0,0,0,0,0,0,0,18
9317,Derek,Carr,Derek Carr,/football/player/derek-carr-9317,"&nbsp;<span class=""red upper bold sm-text"">que</span>",&#9881;,open,,i,,QB,,QB,NO,TB,596,43.5,14,14.75,0,0,5300,5300,0,0,0,0,15,21.3,9.6,0,0,0,0,0,0,0,0,0,0,18
17091,Emari,Demercado,Emari Demercado,/football/player/emari-demercado-17091,"&nbsp;<span class=""red upper bold sm-text"">IR</span>",&#9881;,open,,i,,RB,,RB,ARI,SF,-210,42.5,-4.5,23.5,0,0,4000,4000,0,0,0,0,4.2,12.5,0,0,0,0,0,0,0,0,0,0,0,18
11673,Zach,Wood,Zach Wood,/football/player/zach-wood-11673,,&#9881;,open,,i,,TE,,TE,NO,TB,596,43.5,14,14.75,0,0,2500,2500,0,0,0,0,0,0,0,0,0,0,0,0,0,0,0,0,0,18
12063,Taysom,Hill,Taysom Hill,/football/player/taysom-hill-12063,"&nbsp;<span class=""red upper bold sm-text"">IR</span>",&#9881;,open,,i,,TE,,TE,NO,TB,596,43.5,14,14.75,0,0,2500,2500,0,0,0,0,14.7,38,1.4,0,0,0,0,0,0,0,0,0,0,18
12884,Dante,Pettis,Dante Pettis,/football/player/dante-pettis-12884,,&#9881;,open,,i,,WR,,WR,NO,TB,596,43.5,14,14.75,0,0,3000,3000,0,0,0,0,2.9,5.4,0.4,0,0,0,0,0,0,0,0,0,0,18
15744,Adam,Prentice,Adam Prentice,/football/player/adam-prentice-15744,,&#9881;,open,,i,,RB,,RB,NO,TB,596,43.5,14,14.75,0,0,4000,4000,0,0,0,0,0,0,0,0,0,0,0,0,0,0,0,0,0,18
16560,Rashid,Shaheed,Rashid Shaheed,/football/player/rashid-shaheed-16560,"&nbsp;<span class=""red upper bold sm-text"">IR</span>",&#9881;,open,,i,,WR,,WR,NO,TB,596,43.5,14,14.75,0,0,3000,3000,0,0,0,0,12.9,21.2,2.1,0,0,0,0,0,0,0,0,0,0,18
16912,Jake,Haener,Jake Haener,/football/player/jake-haener-16912,,&#9881;,open,,i,,QB,,QB,NO,TB,596,43.5,14,14.75,0,0,4300,4300,0,0,0,0,2,5.3,0,0,0,0,0,0,0,0,0,0,0,18
17942,Bub,Means,Bub Means,/football/player/bub-means-17942,"&nbsp;<span class=""red upper bold sm-text"">IR</span>",&#9881;,open,,i,,WR,,WR,NO,TB,596,43.5,14,14.75,0,0,3000,3000,0,0,0,0,4.5,13,0,0,0,0,0,0,0,0,0,0,0,18
11718,Chris,Godwin,Chris Godwin,/football/player/chris-godwin-11718,"&nbsp;<span class=""red upper bold sm-text"">IR</span>",&#9881;,open,,i,,WR,,WR,TB,NO,-902,43.5,-14,28.75,0,0,3000,3000,0,0,0,0,20.3,34.7,10.6,0,0,0,0,0,0,0,0,0,0,18
15368,Ian,Book,Ian Book,/football/player/ian-book-15368,,&#9881;,open,,i,,QB,,QB,PHI,NYG,-150,37.5,-3,20.25,0,0,4000,4000,0,0,0,0,0,0,0,0,0,0,0,0,0,0,0,0,0,18
15330,Zach,Wilson,Zach Wilson,/football/player/zach-wilson-15330,,&#9881;,open,,i,,QB,,QB,DEN,KC,-575,40,-10.5,25.25,0,0,4000,4000,0,0,0,0,0,0,0,0,0,0,0,0,0,0,0,0,0,18
14416,Jalen,Hurts,Jalen Hurts,/football/player/jalen-hurts-14416,"&nbsp;<span class=""red upper bold sm-text"">que</span>",&#9881;,open,,i,,QB,,QB,PHI,NYG,-150,37.5,-3,20.25,0,0,7500,7500,0,0,0,0,22.1,32.6,9.3,0,0,0,0,0,0,0,0,0,0,18
15821,Jelani,Woods,Jelani Woods,/football/player/jelani-woods-15821,"&nbsp;<span class=""red upper bold sm-text"">IR</span>",&#9881;,open,,i,,TE,,TE,IND,JAX,-222,44,-4.5,24.25,0,0,2500,2500,0,0,0,0,0,0,0,0,0,0,0,0,0,0,0,0,0,18
16946,Tyson,Bagent,Tyson Bagent,/football/player/tyson-bagent-16946,,&#9881;,open,,i,,QB,,QB,CHI,GB,373,41,10,15.5,0,0,4000,4000,0,0,0,0,-0.1,0.3,0,0,0,0,0,0,0,0,0,0,0,18
18260,Ian,Wheeler,Ian Wheeler,/football/player/ian-wheeler-18260,"&nbsp;<span class=""red upper bold sm-text"">IR</span>",&#9881;,open,,i,,RB,,RB,CHI,GB,373,41,10,15.5,0,0,4000,4000,0,0,0,0,0,0,0,0,0,0,0,0,0,0,0,0,0,18
11026,Jeff,Driskel,Jeff Driskel,/football/player/jeff-driskel-11026,,&#9881;,open,,i,,QB,,QB,WAS,DAL,-271,44,-6.5,25.25,0,0,4000,4000,0,0,0,0,0,0,0,0,0,0,0,0,0,0,0,0,0,18
14370,AJ,Dillon,AJ Dillon,/football/player/aj-dillon-14370,"&nbsp;<span class=""red upper bold sm-text"">IR</span>",&#9881;,open,,i,,RB,,RB,GB,CHI,-498,41,-10,25.5,0,0,4000,4000,0,0,0,0,0,0,0,0,0,0,0,0,0,0,0,0,0,18
14827,Tyler,Davis,Tyler Davis,/football/player/tyler-davis-14827,"&nbsp;<span class=""red upper bold sm-text"">IR</span>",&#9881;,open,,i,,TE,,TE,GB,CHI,-498,41,-10,25.5,0,0,2500,2500,0,0,0,0,0,0,0,0,0,0,0,0,0,0,0,0,0,18
15872,Malik,Willis,Malik Willis,/football/player/malik-willis-15872,,&#9881;,open,,i,,QB,,QB,GB,CHI,-498,41,-10,25.5,0,0,5100,5100,0,0,0,0,9.6,22.7,0,0,0,0,0,0,0,0,0,0,0,18
16170,John,FitzPatrick,John FitzPatrick,/football/player/john-fitzpatrick-16170,,&#9881;,open,,i,,TE,,TE,GB,CHI,-498,41,-10,25.5,0,0,2500,2500,0,0,0,0,0.2,0.9,0,0,0,0,0,0,0,0,0,0,0,18
10155,Tyler,Ott,Tyler Ott,/football/player/tyler-ott-10155,,&#9881;,open,,i,,TE,,TE,WAS,DAL,-271,44,-6.5,25.25,0,0,2500,2500,0,0,0,0,0,0,0,0,0,0,0,0,0,0,0,0,0,18
17012,Ben,Sims,Ben Sims,/football/player/ben-sims-17012,,&#9881;,open,,i,,TE,,TE,GB,CHI,-498,41,-10,25.5,0,0,2500,2500,0,0,0,0,0.6,3.9,0,0,0,0,0,0,0,0,0,0,0,18
17795,MarShawn,Lloyd,MarShawn Lloyd,/football/player/marshawn-lloyd-17795,"&nbsp;<span class=""red upper bold sm-text"">NFI</span>",&#9881;,open,,i,,RB,,RB,GB,CHI,-498,41,-10,25.5,0,0,4000,4000,0,0,0,0,2.8,2.8,2.8,0,0,0,0,0,0,0,0,0,0,18
10074,Marcus,Mariota,Marcus Mariota,/football/player/marcus-mariota-10074,,&#9881;,open,,i,,QB,,QB,WAS,DAL,-271,44,-6.5,25.25,0,0,5300,5300,0,0,0,0,9.9,21.6,0,0,0,0,0,0,0,0,0,0,0,18
5648,Joe,Flacco,Joe Flacco,/football/player/joe-flacco-5648,,&#9881;,open,,i,,QB,,QB,IND,JAX,-222,44,-4.5,24.25,0,0,5400,5400,0,0,0,0,14.5,27.6,2.2,0,0,0,0,0,0,0,0,0,0,18
13664,Juwann,Winfree,Juwann Winfree,/football/player/juwann-winfree-13664,"&nbsp;<span class=""red upper bold sm-text"">IR</span>",&#9881;,open,,i,,WR,,WR,IND,JAX,-222,44,-4.5,24.25,0,0,3000,3000,0,0,0,0,0,0,0,0,0,0,0,0,0,0,0,0,0,18
15328,Sam,Ehlinger,Sam Ehlinger,/football/player/sam-ehlinger-15328,,&#9881;,open,,i,,QB,,QB,IND,JAX,-222,44,-4.5,24.25,0,0,4000,4000,0,0,0,0,0,0,0,0,0,0,0,0,0,0,0,0,0,18
17588,John,Stephens,John Stephens,/football/player/john-stephens-17588,"&nbsp;<span class=""red upper bold sm-text"">IR</span>",&#9881;,open,,i,,TE,,TE,DAL,WAS,221,44,6.5,18.75,0,0,2500,2500,0,0,0,0,0,0,0,0,0,0,0,0,0,0,0,0,0,18
14400,Darrynton,Evans,Darrynton Evans,/football/player/darrynton-evans-14400,,&#9881;,open,,i,,RB,,RB,CHI,GB,373,41,10,15.5,0,0,4000,4000,0,0,0,0,0.1,0.3,0,0,0,0,0,0,0,0,0,0,0,18
11805,Evan,Engram,Evan Engram,/football/player/evan-engram-11805,"&nbsp;<span class=""red upper bold sm-text"">IR</span>",&#9881;,open,,i,,TE,,TE,JAX,IND,182,44,4.5,19.75,0,0,2500,2500,0,0,0,0,11.3,19.2,6.9,0,0,0,0,0,0,0,0,0,0,18
11833,C.J.,Beathard,C.J. Beathard,/football/player/cj-beathard-11833,,&#9881;,open,,i,,QB,,QB,JAX,IND,182,44,4.5,19.75,0,0,4200,4200,0,0,0,0,0,0,0,0,0,0,0,0,0,0,0,0,0,18
12508,Christian,Kirk,Christian Kirk,/football/player/christian-kirk-12508,"&nbsp;<span class=""red upper bold sm-text"">IR</span>",&#9881;,open,,i,,WR,,WR,JAX,IND,182,44,4.5,19.75,0,0,3000,3000,0,0,0,0,9.6,17.7,1.9,0,0,0,0,0,0,0,0,0,0,18
14359,Gabe,Davis,Gabe Davis,/football/player/gabe-davis-14359,"&nbsp;<span class=""red upper bold sm-text"">IR</span>",&#9881;,open,,i,,WR,,WR,JAX,IND,182,44,4.5,19.75,0,0,3000,3000,0,0,0,0,5.1,16.6,0,0,0,0,0,0,0,0,0,0,0,18
15357,Trevor,Lawrence,Trevor Lawrence,/football/player/trevor-lawrence-15357,"&nbsp;<span class=""red upper bold sm-text"">IR</span>",&#9881;,open,,i,,QB,,QB,JAX,IND,182,44,4.5,19.75,0,0,4000,4000,0,0,0,0,16.4,26.5,4.8,0,0,0,0,0,0,0,0,0,0,18
17135,Princeton,Fant,Princeton Fant,/football/player/princeton-fant-17135,,&#9881;,open,,i,,TE,,TE,DAL,WAS,221,44,6.5,18.75,0,0,2500,2500,0,0,0,0,0,0,0,0,0,0,0,0,0,0,0,0,0,18
17939,David,White,David White,/football/player/david-white-17939,"&nbsp;<span class=""red upper bold sm-text"">IR</span>",&#9881;,open,,i,,WR,,WR,JAX,IND,182,44,4.5,19.75,0,0,3000,3000,0,0,0,0,0,0,0,0,0,0,0,0,0,0,0,0,0,18
18069,Patrick,Murtagh,Patrick Murtagh,/football/player/patrick-murtagh-18069,"&nbsp;<span class=""red upper bold sm-text"">IR</span>",&#9881;,open,,i,,TE,,TE,JAX,IND,182,44,4.5,19.75,0,0,2500,2500,0,0,0,0,0,0,0,0,0,0,0,0,0,0,0,0,0,18
10179,Taylor,Heinicke,Taylor Heinicke,/football/player/taylor-heinicke-10179,,&#9881;,open,,i,,QB,,QB,LAC,LV,-213,41,-4.5,22.75,0,0,4900,4900,0,0,0,0,0.8,1.2,0.3,0,0,0,0,0,0,0,0,0,0,18
12467,Hayden,Hurst,Hayden Hurst,/football/player/hayden-hurst-12467,,&#9881;,open,,i,,TE,,TE,LAC,LV,-213,41,-4.5,22.75,0,0,2500,2500,0,0,0,0,1.4,3.1,0.1,0,0,0,0,0,0,0,0,0,0,18
13627,Easton,Stick,Easton Stick,/football/player/easton-stick-13627,,&#9881;,open,,i,,QB,,QB,LAC,LV,-213,41,-4.5,22.75,0,0,4000,4000,0,0,0,0,0,0,0,0,0,0,0,0,0,0,0,0,0,18
14421,Jalen,Reagor,Jalen Reagor,/football/player/jalen-reagor-14421,"&nbsp;<span class=""red upper bold sm-text"">IR</span>",&#9881;,open,,i,,WR,,WR,LAC,LV,-213,41,-4.5,22.75,0,0,3000,3000,0,0,0,0,2,4.8,0,0,0,0,0,0,0,0,0,0,0,18
15559,Simi,Fehoko,Simi Fehoko,/football/player/simi-fehoko-15559,"&nbsp;<span class=""red upper bold sm-text"">IR</span>",&#9881;,open,,i,,WR,,WR,LAC,LV,-213,41,-4.5,22.75,0,0,3000,3000,0,0,0,0,2.4,6.6,0,0,0,0,0,0,0,0,0,0,0,18
16767,Scott,Matlock,Scott Matlock,/football/player/scott-matlock-16767,,&#9881;,open,,i,,RB,,RB,LAC,LV,-213,41,-4.5,22.75,0,0,4000,4000,0,0,0,0,0.5,1.6,0,0,0,0,0,0,0.1,0,0.1,0.2,0.3,18
14545,Collin,Johnson,Collin Johnson,/football/player/collin-johnson-14545,,&#9881;,open,,i,,WR,,WR,CHI,GB,373,41,10,15.5,0,0,3000,3000,0,0,0,0,0.2,1.2,0,0,0,0,0,0,0,0,0,0,0,18
11849,Noah,Brown,Noah Brown,/football/player/noah-brown-11849,"&nbsp;<span class=""red upper bold sm-text"">IR</span>",&#9881;,open,,i,,WR,,WR,WAS,DAL,-271,44,-6.5,25.25,0,0,3000,3000,0,0,0,0,7.9,14.3,2.4,0,0,0,0,0,0,0,0,0,0,18
15198,Trey,Lance,Trey Lance,/football/player/trey-lance-15198,,&#9881;,open,,i,,QB,,QB,DAL,WAS,221,44,6.5,18.75,0,0,4700,4700,0,0,0,0,0.5,1.5,0,0,0,0,0,0,0,0,0,0,0,18
10468,Michael,Burton,Michael Burton,/football/player/michael-burton-10468,,&#9881;,open,,i,,RB,,RB,DEN,KC,-575,40,-10.5,25.25,0,0,4000,4000,0,0,0,0,1.9,7.9,0,0,0,0,0,0,0,0,0,0,0,18
15893,Tyler,Badie,Tyler Badie,/football/player/tyler-badie-15893,"&nbsp;<span class=""red upper bold sm-text"">IR-</span>",&#9881;,open,,i,,RB,,RB,DEN,KC,-575,40,-10.5,25.25,0,0,4000,4000,0,0,0,0,3.5,6.9,0.4,0,0,0,0,0,0,0,0,0,0,18
16992,Nate,Adkins,Nate Adkins,/football/player/nate-adkins-16992,,&#9881;,open,,i,,TE,,TE,DEN,KC,-575,40,-10.5,25.25,0,0,2500,2500,0,0,0,0,2.5,7,0,0,0,0,0,0,0,0,0,0,0,18
8783,Travis,Kelce,Travis Kelce,/football/player/travis-kelce-8783,,&#9881;,open,,i,,TE,,TE,KC,DEN,417,40,10.5,14.75,0,0,5300,5300,0,0,0,0,12.9,23.4,3.3,0,0,0,0,0,0,0,0,0,0,18
10606,James,Winchester,James Winchester,/football/player/james-winchester-10606,,&#9881;,open,,i,,TE,,TE,KC,DEN,417,40,10.5,14.75,0,0,2500,2500,0,0,0,0,0,0,0,0,0,0,0,0,0,0,0,0,0,18
11839,Patrick,Mahomes,Patrick Mahomes,/football/player/patrick-mahomes-11839,"&nbsp;<span class=""red upper bold sm-text"">que</span>",&#9881;,open,,i,,QB,,QB,KC,DEN,417,40,10.5,14.75,0,0,6600,6600,0,0,0,0,19.1,26.6,14,0,0,0,0,0,0,0,0,0,0,18
13532,Mecole,Hardman,Mecole Hardman,/football/player/mecole-hardman-13532,"&nbsp;<span class=""red upper bold sm-text"">IR-</span>",&#9881;,open,,i,,WR,,WR,KC,DEN,417,40,10.5,14.75,0,0,3000,3000,0,0,0,0,3,9.7,0,0,0,0,0,0,0,0,0,0,0,18
14306,Jody,Fortson,Jody Fortson,/football/player/jody-fortson-14306,"&nbsp;<span class=""red upper bold sm-text"">IR</span>",&#9881;,open,,i,,TE,,TE,KC,DEN,417,40,10.5,14.75,0,0,2500,2500,0,0,0,0,0.5,1.4,0,0,0,0,0,0,0,0,0,0,0,18
16005,Skyy,Moore,Skyy Moore,/football/player/skyy-moore-16005,"&nbsp;<span class=""red upper bold sm-text"">IR</span>",&#9881;,open,,i,,WR,,WR,KC,DEN,417,40,10.5,14.75,0,0,3000,3000,0,0,0,0,0,0,0,0,0,0,0,0,0,0,0,0,0,18
16104,Isiah,Pacheco,Isiah Pacheco,/football/player/isiah-pacheco-16104,"&nbsp;<span class=""red upper bold sm-text"">que</span>",&#9881;,open,,i,,RB,,RB,KC,DEN,417,40,10.5,14.75,0,0,5700,5700,0,0,0,0,6.9,14,1.8,0,0,0,0,0,0,0,0,0,0,18
13438,Jarrett,Stidham,Jarrett Stidham,/football/player/jarrett-stidham-13438,,&#9881;,open,,i,,QB,,QB,DEN,KC,-575,40,-10.5,25.25,0,0,4400,4400,0,0,0,0,-0.1,0,0,0,0,0,0,0,0,0,0,0,0,18
16963,Rashee,Rice,Rashee Rice,/football/player/rashee-rice-16963,"&nbsp;<span class=""red upper bold sm-text"">IR</span>",&#9881;,open,,i,,WR,,WR,KC,DEN,417,40,10.5,14.75,0,0,3000,3000,0,0,0,0,16.9,32.5,0.4,0,0,0,0,0,0,0,0,0,0,18
17894,Jared,Wiley,Jared Wiley,/football/player/jared-wiley-17894,"&nbsp;<span class=""red upper bold sm-text"">IR</span>",&#9881;,open,,i,,TE,,TE,KC,DEN,417,40,10.5,14.75,0,0,2500,2500,0,0,0,0,0.3,1.3,0,0,0,0,0,0,0,0,0,0,0,18
18240,Jaaron,Hayek,Jaaron Hayek,/football/player/jaaron-hayek-18240,"&nbsp;<span class=""red upper bold sm-text"">IR</span>",&#9881;,open,,i,,WR,,WR,KC,DEN,417,40,10.5,14.75,0,0,3000,3000,0,0,0,0,0,0,0,0,0,0,0,0,0,0,0,0,0,18
9245,Teddy,Bridgewater,Teddy Bridgewater,/football/player/teddy-bridgewater-9245,,&#9881;,open,,i,,QB,,QB,DET,MIN,-151,56.5,-3,29.75,0,0,4000,4000,0,0,0,0,0,0,0,0,0,0,0,0,0,0,0,0,0,18
11429,Kalif,Raymond,Kalif Raymond,/football/player/kalif-raymond-11429,"&nbsp;<span class=""red upper bold sm-text"">IR-</span>",&#9881;,open,,i,,WR,,WR,DET,MIN,-151,56.5,-3,29.75,0,0,3200,3200,0,0,0,0,5.3,13.3,0,0,0,0,0,0,0,0,0,0,0,18
14131,Stephen,Carlson,Stephen Carlson,/football/player/stephen-carlson-14131,"&nbsp;<span class=""red upper bold sm-text"">IR</span>",&#9881;,open,,i,,TE,,TE,CHI,GB,373,41,10,15.5,0,0,2500,2500,0,0,0,0,0,0,0,0,0,0,0,0,0,0,0,0,0,18
13556,David,Montgomery,David Montgomery,/football/player/david-montgomery-13556,"&nbsp;<span class=""red upper bold sm-text"">Out</span>",&#9881;,open,,i,,RB,,RB,DET,MIN,-151,56.5,-3,29.75,0,0,4000,4000,0,0,0,0,16.1,22.9,9.2,0,0,0,0,0,0,0,0,0,0,18
18160,Colson,Yankoff,Colson Yankoff,/football/player/colson-yankoff-18160,"&nbsp;<span class=""red upper bold sm-text"">IR</span>",&#9881;,open,,i,,TE,,TE,WAS,DAL,-271,44,-6.5,25.25,0,0,2500,2500,0,0,0,0,0,0,0,0,0,0,0,0,0,0,0,0,0,18
16905,Hendon,Hooker,Hendon Hooker,/football/player/hendon-hooker-16905,,&#9881;,open,,i,,QB,,QB,DET,MIN,-151,56.5,-3,29.75,0,0,4000,4000,0,0,0,0,0.9,1.7,0.2,0,0,0,0,0,0,0,0,0,0,18
17128,Antoine,Green,Antoine Green,/football/player/antoine-green-17128,"&nbsp;<span class=""red upper bold sm-text"">IR</span>",&#9881;,open,,i,,WR,,WR,DET,MIN,-151,56.5,-3,29.75,0,0,3000,3000,0,0,0,0,0,0,0,0,0,0,0,0,0,0,0,0,0,18
9967,Andrew,DePaola,Andrew DePaola,/football/player/andrew-depaola-9967,,&#9881;,open,,i,,TE,,TE,MIN,DET,126,56.5,3,26.75,0,0,2500,2500,0,0,0,0,0,0,0,0,0,0,0,0,0,0,0,0,0,18
11599,C.J.,Ham,C.J. Ham,/football/player/cj-ham-11599,,&#9881;,open,,i,,RB,,RB,MIN,DET,126,56.5,3,26.75,0,0,4000,4000,0,0,0,0,0.8,4.9,0,0,0,0,0,0,0,0,0,0,0,18
12511,Nick,Mullens,Nick Mullens,/football/player/nick-mullens-12511,,&#9881;,open,,i,,QB,,QB,MIN,DET,126,56.5,3,26.75,0,0,4000,4000,0,0,0,0,0.3,0.9,0,0,0,0,0,0,0,0,0,0,0,18
13620,Brett,Rypien,Brett Rypien,/football/player/brett-rypien-13620,,&#9881;,open,,i,,QB,,QB,MIN,DET,126,56.5,3,26.75,0,0,4000,4000,0,0,0,0,0,0,0,0,0,0,0,0,0,0,0,0,0,18
17689,J.J.,McCarthy,J.J. McCarthy,/football/player/jj-mccarthy-17689,"&nbsp;<span class=""red upper bold sm-text"">IR</span>",&#9881;,open,,i,,QB,,QB,MIN,DET,126,56.5,3,26.75,0,0,4000,4000,0,0,0,0,0,0,0,0,0,0,0,0,0,0,0,0,0,18
4891,Marcedes,Lewis,Marcedes Lewis,/football/player/marcedes-lewis-4891,,&#9881;,open,,i,,TE,,TE,CHI,GB,373,41,10,15.5,0,0,2500,2500,0,0,0,0,0.1,0.8,0,0,0,0,0,0,0,0,0,0,0,18
10021,Patrick,Scales,Patrick Scales,/football/player/patrick-scales-10021,"&nbsp;<span class=""red upper bold sm-text"">IR</span>",&#9881;,open,,i,,TE,,TE,CHI,GB,373,41,10,15.5,0,0,2500,2500,0,0,0,0,0,0,0,0,0,0,0,0,0,0,0,0,0,18
10234,DeAndre,Carter,DeAndre Carter,/football/player/deandre-carter-10234,"&nbsp;<span class=""red upper bold sm-text"">IR</span>",&#9881;,open,,i,,WR,,WR,CHI,GB,373,41,10,15.5,0,0,3000,3000,0,0,0,0,1.1,4.8,0,0,0,0,0,0,0,0,0,0,0,18
12401,Austin,Ekeler,Austin Ekeler,/football/player/austin-ekeler-12401,"&nbsp;<span class=""red upper bold sm-text"">IR-</span>",&#9881;,open,,i,,RB,,RB,WAS,DAL,-271,44,-6.5,25.25,0,0,5100,5100,0,0,0,0,11.7,17.5,5.3,0,0,0,0,0,0,0,0,0,0,18
14012,Nsimba,Webster,Nsimba Webster,/football/player/nsimba-webster-14012,"&nbsp;<span class=""red upper bold sm-text"">IR</span>",&#9881;,open,,i,,WR,,WR,CHI,GB,373,41,10,15.5,0,0,3000,3000,0,0,0,0,0,0,0,0,0,0,0,0,0,0,0,0,0,18
17756,Brenden,Rice,Brenden Rice,/football/player/brenden-rice-17756,"&nbsp;<span class=""red upper bold sm-text"">IR</span>",&#9881;,open,,i,,WR,,WR,LAC,LV,-213,41,-4.5,22.75,0,0,3000,3000,0,0,0,0,0,0,0,0,0,0,0,0,0,0,0,0,0,18
14411,CeeDee,Lamb,CeeDee Lamb,/football/player/ceedee-lamb-14411,"&nbsp;<span class=""red upper bold sm-text"">IR</span>",&#9881;,open,,i,,WR,,WR,DAL,WAS,221,44,6.5,18.75,0,0,3000,3000,0,0,0,0,18.4,35.2,7.4,0,0,0,0,0,0,0,0,0,0,18
13432,A.J.,Brown,A.J. Brown,/football/player/aj-brown-13432,"&nbsp;<span class=""red upper bold sm-text"">que</span>",&#9881;,open,,i,,WR,,WR,PHI,NYG,-150,37.5,-3,20.25,0,0,7500,7500,0,0,0,0,17.2,26.4,7.6,0,0,0,0,0,0,0,0,0,0,18
14002,Malik,Taylor,Malik Taylor,/football/player/malik-taylor-14002,"&nbsp;<span class=""red upper bold sm-text"">IR</span>",&#9881;,open,,i,,WR,,WR,NYJ,MIA,100,39,1,19,0,0,3000,3000,0,0,0,0,0,0,0,0,0,0,0,0,0,0,0,0,0,18
18162,JaQuae,Jackson,JaQuae Jackson,/football/player/jaquae-jackson-18162,"&nbsp;<span class=""red upper bold sm-text"">IR</span>",&#9881;,open,,i,,WR,,WR,NE,BUF,116,36.5,2.5,17,0,0,3000,3000,0,0,0,0,0,0,0,0,0,0,0,0,0,0,0,0,0,18
18368,Terrell,Jennings,Terrell Jennings,/football/player/terrell-jennings-18368,,&#9881;,open,,i,,RB,,RB,NE,BUF,116,36.5,2.5,17,0,0,4000,4000,0,0,0,0,0.7,1.4,0,0,0,0,0,0,0,0,0,0,0,18
12771,Braxton,Berrios,Braxton Berrios,/football/player/braxton-berrios-12771,"&nbsp;<span class=""red upper bold sm-text"">IR</span>",&#9881;,open,,i,,WR,,WR,MIA,NYJ,-118,39,-1,20,0,0,3000,3000,0,0,0,0,0,0,0,0,0,0,0,0,0,0,0,0,0,18
13806,Alec,Ingold,Alec Ingold,/football/player/alec-ingold-13806,,&#9881;,open,,i,,RB,,RB,MIA,NYJ,-118,39,-1,20,0,0,4000,4000,0,0,0,0,1.7,5.2,0,0,0,0,0,0,0,0,0,0,0,18
14465,Tua,Tagovailoa,Tua Tagovailoa,/football/player/tua-tagovailoa-14465,"&nbsp;<span class=""red upper bold sm-text"">que</span>",&#9881;,open,,i,,QB,,QB,MIA,NYJ,-118,39,-1,20,0,0,5800,5800,0,0,0,0,18.1,29.2,8.6,0,0,0,0,0,0,0,0,0,0,18
15514,Rondale,Moore,Rondale Moore,/football/player/rondale-moore-15514,"&nbsp;<span class=""red upper bold sm-text"">IR</span>",&#9881;,open,,i,,WR,,WR,ATL,CAR,-428,48,-8,28,0,0,3000,3000,0,0,0,0,0,0,0,0,0,0,0,0,0,0,0,0,0,18
15334,Anthony,Schwartz,Anthony Schwartz,/football/player/anthony-schwartz-15334,"&nbsp;<span class=""red upper bold sm-text"">IR</span>",&#9881;,open,,i,,WR,,WR,MIA,NYJ,-118,39,-1,20,0,0,3000,3000,0,0,0,0,0,0,0,0,0,0,0,0,0,0,0,0,0,18
15815,Erik,Ezukanma,Erik Ezukanma,/football/player/erik-ezukanma-15815,,&#9881;,open,,i,,WR,,WR,MIA,NYJ,-118,39,-1,20,0,0,3000,3000,0,0,0,0,0,0,0,0,0,0,0,0,0,0,0,0,0,18
16338,Tanner,Conner,Tanner Conner,/football/player/tanner-conner-16338,"&nbsp;<span class=""red upper bold sm-text"">IR</span>",&#9881;,open,,i,,TE,,TE,MIA,NYJ,-118,39,-1,20,0,0,2500,2500,0,0,0,0,0.7,2.7,0,0,0,0,0,0,0,0,0,0,0,18
15376,Chris,Blair,Chris Blair,/football/player/chris-blair-15376,,&#9881;,open,,i,,WR,,WR,ATL,CAR,-428,48,-8,28,0,0,3000,3000,0,0,0,0,1.4,3,0,0,0,0,0,0,0,0,0,0,0,18
16852,Grant,DuBose,Grant DuBose,/football/player/grant-dubose-16852,"&nbsp;<span class=""red upper bold sm-text"">IR</span>",&#9881;,open,,i,,WR,,WR,MIA,NYJ,-118,39,-1,20,0,0,3000,3000,0,0,0,0,1.6,2.5,0.6,0,0,0,0,0,0,0,0,0,0,18
17978,Tahj,Washington,Tahj Washington,/football/player/tahj-washington-17978,"&nbsp;<span class=""red upper bold sm-text"">IR</span>",&#9881;,open,,i,,WR,,WR,MIA,NYJ,-118,39,-1,20,0,0,3000,3000,0,0,0,0,0,0,0,0,0,0,0,0,0,0,0,0,0,18
15294,Avery,Williams,Avery Williams,/football/player/avery-williams-15294,,&#9881;,open,,i,,RB,,RB,ATL,CAR,-428,48,-8,28,0,0,4000,4000,0,0,0,0,0,0,0,0,0,0,0,0,0,0,0,0,0,18
7357,Tyrod,Taylor,Tyrod Taylor,/football/player/tyrod-taylor-7357,,&#9881;,open,,i,,QB,,QB,NYJ,MIA,100,39,1,19,0,0,4600,4600,0,0,0,0,10,14.7,5.3,0,0,0,0,0,0,0,0,0,0,18
15579,Kene,Nwangwu,Kene Nwangwu,/football/player/kene-nwangwu-15579,"&nbsp;<span class=""red upper bold sm-text"">IR</span>",&#9881;,open,,i,,RB,,RB,NYJ,MIA,100,39,1,19,0,0,4000,4000,0,0,0,0,3,6.6,0,0,0,0,0,0,0,0,0,0,0,18
17039,Jase,McClellan,Jase McClellan,/football/player/jase-mcclellan-17039,"&nbsp;<span class=""red upper bold sm-text"">IR</span>",&#9881;,open,,i,,RB,,RB,ATL,CAR,-428,48,-8,28,0,0,4000,4000,0,0,0,0,1.6,1.7,1.5,0,0,0,0,0,0,0,0,0,0,18
13030,Ross,Dwelley,Ross Dwelley,/football/player/ross-dwelley-13030,"&nbsp;<span class=""red upper bold sm-text"">que</span>",&#9881;,open,,i,,TE,,TE,ATL,CAR,-428,48,-8,28,0,0,2500,2500,0,0,0,0,0.1,1,0,0,0,0,0,0,0,0,0,0,0,18
16430,Irvin,Charles,Irvin Charles,/football/player/irvin-charles-16430,"&nbsp;<span class=""red upper bold sm-text"">IR</span>",&#9881;,open,,i,,WR,,WR,NYJ,MIA,100,39,1,19,0,0,3000,3000,0,0,0,0,0,0,0,0,0,0,0,0,0,0,0,0,0,18
17809,Jordan,Travis,Jordan Travis,/football/player/jordan-travis-17809,"&nbsp;<span class=""red upper bold sm-text"">NFI</span>",&#9881;,open,,i,,QB,,QB,NYJ,MIA,100,39,1,19,0,0,4000,4000,0,0,0,0,0,0,0,0,0,0,0,0,0,0,0,0,0,18
8057,Kirk,Cousins,Kirk Cousins,/football/player/kirk-cousins-8057,,&#9881;,open,,i,,QB,,QB,ATL,CAR,-428,48,-8,28,0,0,4400,4400,0,0,0,0,15,31.4,5.8,0,0,0,0,0,0,0,0,0,0,18
10033,Chris,Manhertz,Chris Manhertz,/football/player/chris-manhertz-10033,,&#9881;,open,,i,,TE,,TE,NYG,PHI,125,37.5,3,17.25,0,0,2500,2500,0,0,0,0,0.6,4.9,0,0,0,0,0,0,0,0,0,0,0,18
13109,Tim,Boyle,Tim Boyle,/football/player/tim-boyle-13109,,&#9881;,open,,i,,QB,,QB,NYG,PHI,125,37.5,3,17.25,0,0,4100,4100,0,0,0,0,5,7.6,2.9,0,0,0,0,0,0,0,0,0,0,18
14318,Gunner,Olszewski,Gunner Olszewski,/football/player/gunner-olszewski-14318,"&nbsp;<span class=""red upper bold sm-text"">IR</span>",&#9881;,open,,i,,WR,,WR,NYG,PHI,125,37.5,3,17.25,0,0,3000,3000,0,0,0,0,0,0,0,0,0,0,0,0,0,0,0,0,0,18
16743,Bryce,Ford-Wheaton,Bryce Ford-Wheaton,/football/player/bryce-ford-wheaton-16743,"&nbsp;<span class=""red upper bold sm-text"">que</span>",&#9881;,open,,i,,WR,,WR,NYG,PHI,125,37.5,3,17.25,0,0,3000,3000,0,0,0,0,0,0,0,0,0,0,0,0,0,0,0,0,0,18
16797,Tommy,DeVito,Tommy DeVito,/football/player/tommy-devito-16797,,&#9881;,open,,i,,QB,,QB,NYG,PHI,125,37.5,3,17.25,0,0,4100,4100,0,0,0,0,4.5,10.4,0,0,0,0,0,0,0,0,0,0,0,18
17021,Theo,Johnson,Theo Johnson,/football/player/theo-johnson-17021,"&nbsp;<span class=""red upper bold sm-text"">IR</span>",&#9881;,open,,i,,TE,,TE,NYG,PHI,125,37.5,3,17.25,0,0,2500,2500,0,0,0,0,5.9,12.3,0.7,0,0,0,0,0,0,0,0,0,0,18
17010,Brayden,Willis,Brayden Willis,/football/player/brayden-willis-17010,,&#9881;,open,,i,,TE,,TE,SF,ARI,173,42.5,4.5,19,0,0,2500,2500,0,0,0,0,0,0,0,0,0,0,0,0,0,0,0,0,0,18
10462,C.J.,Uzomah,C.J. Uzomah,/football/player/cj-uzomah-10462,"&nbsp;<span class=""red upper bold sm-text"">IR</span>",&#9881;,open,,i,,TE,,TE,PHI,NYG,-150,37.5,-3,20.25,0,0,2500,2500,0,0,0,0,0,0,0,0,0,0,0,0,0,0,0,0,0,18
12507,Saquon,Barkley,Saquon Barkley,/football/player/saquon-barkley-12507,,&#9881;,open,,i,,RB,,RB,PHI,NYG,-150,37.5,-3,20.25,0,0,8600,8600,0,0,0,0,23.1,42.4,9,0,0,0,0,0,0,0,0,0,0,18
12860,Dallas,Goedert,Dallas Goedert,/football/player/dallas-goedert-12860,"&nbsp;<span class=""red upper bold sm-text"">IR-</span>",&#9881;,open,,i,,TE,,TE,PHI,NYG,-150,37.5,-3,20.25,0,0,4100,4100,0,0,0,0,11.3,25,1.3,0,0,0,0,0,0,0,0,0,0,18
17830,Joe,Milton,Joe Milton,/football/player/joe-milton-17830,,&#9881;,open,,i,,QB,,QB,NE,BUF,116,36.5,2.5,17,0,0,4200,4200,0,0,0,0,0,0,0,0,0,0,0,0,0,0,0,0,0,18
17465,Carlos,Washington,Carlos Washington,/football/player/carlos-washington-17465,,&#9881;,open,,i,,RB,,RB,ATL,CAR,-428,48,-8,28,0,0,4000,4000,0,0,0,0,0,0,0,0,0,0,0,0,0,0,0,0,0,18
13741,Gardner,Minshew,Gardner Minshew,/football/player/gardner-minshew-13741,"&nbsp;<span class=""red upper bold sm-text"">IR</span>",&#9881;,open,,i,,QB,,QB,LV,LAC,174,41,4.5,18.25,0,0,4000,4000,0,0,0,0,10.8,17.9,3.7,0,0,0,0,0,0,0,0,0,0,18
15324,Feleipe,Franks,Feleipe Franks,/football/player/feleipe-franks-15324,,&#9881;,open,,i,,TE,,TE,CAR,ATL,332,48,8,20,0,0,2500,2500,0,0,0,0,0,0,0,0,0,0,0,0,0,0,0,0,0,18
15533,DJ,Turner,DJ Turner,/football/player/dj-turner-15533,"&nbsp;<span class=""red upper bold sm-text"">IR</span>",&#9881;,open,,i,,WR,,WR,LV,LAC,174,41,4.5,18.25,0,0,3000,3000,0,0,0,0,4.1,10.6,0.1,0,0,0,0,0,0,0,0,0,0,18
15852,Zamir,White,Zamir White,/football/player/zamir-white-15852,"&nbsp;<span class=""red upper bold sm-text"">IR</span>",&#9881;,open,,i,,RB,,RB,LV,LAC,174,41,4.5,18.25,0,0,4000,4000,0,0,0,0,3.7,6.7,0.5,0,0,0,0,0,0,0,0,0,0,18
15928,Desmond,Ridder,Desmond Ridder,/football/player/desmond-ridder-15928,,&#9881;,open,,i,,QB,,QB,LV,LAC,174,41,4.5,18.25,0,0,4100,4100,0,0,0,0,5.1,11.6,0,0,0,0,0,0,0,0,0,0,0,18
16107,Sincere,McCormick,Sincere McCormick,/football/player/sincere-mccormick-16107,"&nbsp;<span class=""red upper bold sm-text"">IR</span>",&#9881;,open,,i,,RB,,RB,LV,LAC,174,41,4.5,18.25,0,0,4000,4000,0,0,0,0,5.4,10.3,0.6,0,0,0,0,0,0,0,0,0,0,18
16656,Justin,Shorter,Justin Shorter,/football/player/justin-shorter-16656,,&#9881;,open,,i,,TE,,TE,LV,LAC,174,41,4.5,18.25,0,0,2500,2500,0,0,0,0,0,0,0,0,0,0,0,0,0,0,0,0,0,18
11008,Dak,Prescott,Dak Prescott,/football/player/dak-prescott-11008,"&nbsp;<span class=""red upper bold sm-text"">IR</span>",&#9881;,open,,i,,QB,,QB,DAL,WAS,221,44,6.5,18.75,0,0,4000,4000,0,0,0,0,17.2,29.3,6.9,0,0,0,0,0,0,0,0,0,0,18
17918,Carter,Bradley,Carter Bradley,/football/player/carter-bradley-17918,,&#9881;,open,,i,,QB,,QB,LV,LAC,174,41,4.5,18.25,0,0,4000,4000,0,0,0,0,0,0,0,0,0,0,0,0,0,0,0,0,0,18
18084,Jeff,Foreman,Jeff Foreman,/football/player/jeff-foreman-18084,"&nbsp;<span class=""red upper bold sm-text"">IR</span>",&#9881;,open,,i,,WR,,WR,LV,LAC,174,41,4.5,18.25,0,0,3000,3000,0,0,0,0,0,0,0,0,0,0,0,0,0,0,0,0,0,18
18085,Ramel,Keyton,Ramel Keyton,/football/player/ramel-keyton-18085,,&#9881;,open,,i,,WR,,WR,LV,LAC,174,41,4.5,18.25,0,0,3000,3000,0,0,0,0,0.2,1.3,0,0,0,0,0,0,0,0,0,0,0,18
18118,Chris,Collier,Chris Collier,/football/player/chris-collier-18118,,&#9881;,open,,i,,RB,,RB,LV,LAC,174,41,4.5,18.25,0,0,4000,4000,0,0,0,0,0.1,0.5,0,0,0,0,0,0,0,0,0,0,0,18
17948,Jack,Plummer,Jack Plummer,/football/player/jack-plummer-17948,,&#9881;,open,,i,,QB,,QB,CAR,ATL,332,48,8,20,0,0,4000,4000,0,0,0,0,0,0,0,0,0,0,0,0,0,0,0,0,0,18
5971,Matthew,Stafford,Matthew Stafford,/football/player/matthew-stafford-5971,,&#9881;,open,,i,,QB,,QB,LAR,SEA,217,39,6.5,16.25,0,0,5700,5700,0,0,0,0,14.1,24.7,5.8,0,0,0,0,0,0,0,0,0,0,18
17747,Jonathon,Brooks,Jonathon Brooks,/football/player/jonathon-brooks-17747,"&nbsp;<span class=""red upper bold sm-text"">IR</span>",&#9881;,open,,i,,RB,,RB,CAR,ATL,332,48,8,20,0,0,4000,4000,0,0,0,0,2.5,6.8,0,0,0,0,0,0,0,0,0,0,0,18
16871,Stetson,Bennett,Stetson Bennett,/football/player/stetson-bennett-16871,,&#9881;,open,,i,,QB,,QB,LAR,SEA,217,39,6.5,16.25,0,0,4000,4000,0,0,0,0,0,0,0,0,0,0,0,0,0,0,0,0,0,18
14495,Cody,White,Cody White,/football/player/cody-white-14495,,&#9881;,open,,i,,WR,,WR,SEA,LAR,-269,39,-6.5,22.75,0,0,3000,3000,0,0,0,0,1.6,5.6,0,0,0,0,0,0,0,0,0,0,0,18
17501,Robert,Burns,Robert Burns,/football/player/robert-burns-17501,"&nbsp;<span class=""red upper bold sm-text"">PUP</span>",&#9881;,open,,i,,RB,,RB,ATL,CAR,-428,48,-8,28,0,0,4000,4000,0,0,0,0,0,0,0,0,0,0,0,0,0,0,0,0,0,18
15240,Jaelon,Darden,Jaelon Darden,/football/player/jaelon-darden-15240,,&#9881;,open,,i,,WR,,WR,SEA,LAR,-269,39,-6.5,22.75,0,0,3000,3000,0,0,0,0,0.2,1.1,0,0,0,0,0,0,0,0,0,0,0,18
15825,Sam,Howell,Sam Howell,/football/player/sam-howell-15825,,&#9881;,open,,i,,QB,,QB,SEA,LAR,-269,39,-6.5,22.75,0,0,4500,4500,0,0,0,0,0.1,0.2,0,0,0,0,0,0,0,0,0,0,0,18
15909,Kenneth,Walker,Kenneth Walker,/football/player/kenneth-walker-15909,"&nbsp;<span class=""red upper bold sm-text"">IR</span>",&#9881;,open,,i,,RB,,RB,SEA,LAR,-269,39,-6.5,22.75,0,0,4000,4000,0,0,0,0,16.2,28.8,7.5,0,0,0,0,0,0,0,0,0,0,18
15922,Dareke,Young,Dareke Young,/football/player/dareke-young-15922,,&#9881;,open,,i,,WR,,WR,SEA,LAR,-269,39,-6.5,22.75,0,0,3000,3000,0,0,0,0,0,0,0,0,0,0,0,0,0,0,0,0,0,18
15242,Chuba,Hubbard,Chuba Hubbard,/football/player/chuba-hubbard-15242,"&nbsp;<span class=""red upper bold sm-text"">IR</span>",&#9881;,open,,i,,RB,,RB,CAR,ATL,332,48,8,20,0,0,4000,4000,0,0,0,0,18.1,31.5,6,0,0,0,0,0,0,0,0,0,0,18
16776,Jaren,Hall,Jaren Hall,/football/player/jaren-hall-16776,,&#9881;,open,,i,,QB,,QB,SEA,LAR,-269,39,-6.5,22.75,0,0,4000,4000,0,0,0,0,0,0,0,0,0,0,0,0,0,0,0,0,0,18
17235,Brady,Russell,Brady Russell,/football/player/brady-russell-17235,"&nbsp;<span class=""red upper bold sm-text"">IR</span>",&#9881;,open,,i,,TE,,TE,SEA,LAR,-269,39,-6.5,22.75,0,0,2500,2500,0,0,0,0,0,0,0,0,0,0,0,0,0,0,0,0,0,18
17932,John Rhys,Plumlee,John Rhys Plumlee,/football/player/john-rhys-plumlee-17932,,&#9881;,open,,i,,QB,,QB,SEA,LAR,-269,39,-6.5,22.75,0,0,4000,4000,0,0,0,0,0,0,0,0,0,0,0,0,0,0,0,0,0,18
15780,Mitchell,Fraboni,Mitchell Fraboni,/football/player/mitchell-fraboni-15780,,&#9881;,open,,i,,TE,,TE,DEN,KC,-575,40,-10.5,25.25,0,0,2500,2500,0,0,0,0,0,0,0,0,0,0,0,0,0,0,0,0,0,18
14844,Reggie,Gilliam,Reggie Gilliam,/football/player/reggie-gilliam-14844,,&#9881;,open,,i,,RB,,RB,BUF,NE,-139,36.5,-2.5,19.5,0,0,4000,4000,0,0,0,0,0,0.2,0,0,0,0,0,0,0,0,0,0,0,18
15262,Shane,Buechele,Shane Buechele,/football/player/shane-buechele-15262,"&nbsp;<span class=""red upper bold sm-text"">IR</span>",&#9881;,open,,i,,QB,,QB,BUF,NE,-139,36.5,-2.5,19.5,0,0,4000,4000,0,0,0,0,0,0,0,0,0,0,0,0,0,0,0,0,0,18
12858,Ian,Thomas,Ian Thomas,/football/player/ian-thomas-12858,"&nbsp;<span class=""red upper bold sm-text"">IR</span>",&#9881;,open,,i,,TE,,TE,CAR,ATL,332,48,8,20,0,0,2500,2500,0,0,0,0,0.7,2.1,0,0,0,0,0,0,0,0,0,0,0,18
7355,Andy,Dalton,Andy Dalton,/football/player/andy-dalton-7355,,&#9881;,open,,i,,QB,,QB,CAR,ATL,332,48,8,20,0,0,4300,4300,0,0,0,0,13.6,25.8,2.6,0,0,0,0,0,0,0,0,0,0,18
10919,Jacoby,Brissett,Jacoby Brissett,/football/player/jacoby-brissett-10919,,&#9881;,open,,i,,QB,,QB,NE,BUF,116,36.5,2.5,17,0,0,4700,4700,0,0,0,0,5.6,10.3,0.6,0,0,0,0,0,0,0,0,0,0,18
11691,James,Conner,James Conner,/football/player/james-conner-11691,"&nbsp;<span class=""red upper bold sm-text"">IR</span>",&#9881;,open,,i,,RB,,RB,ARI,SF,-210,42.5,-4.5,23.5,0,0,7100,7100,0,0,0,0,16.8,29.8,5.3,0,0,0,0,0,0,0,0,0,0,18
20002,Baltimore,Ravens,Baltimore Ravens,/football/player/baltimore-ravens-20002,,&#9881;,open,,i,,D," <small class=""sm-muted"">(DST)</small>",DST,BAL,CLE,-2975,41.5,-20,30.75,80.33,0,3500,3500,0,11.01,11.01,11.01,0,0,0,0,0,0,0,3.2,0,0,0,0,0,18
8043,Russell,Wilson,Russell Wilson,/football/player/russell-wilson-8043,,&#9881;,open,,i,,QB,,QB,PIT,CIN,108,48,2,23,30.9,0,5300,5300,0,16.98,16.98,16.98,17.3,27.5,8.9,0,0,0,0,3.2,6.5,29.9,4.3,0,4.3,18
12561,Lamar,Jackson,Lamar Jackson,/football/player/lamar-jackson-12561,,&#9881;,open,,i,,QB,,QB,BAL,CLE,-2975,41.5,-20,30.75,40.29,0,8000,8000,0,23.11,23.11,23.11,26.3,35.1,17.8,0,0,0,0,2.9,4.5,27.3,8.9,0,8.9,18
14442,Joe,Burrow,Joe Burrow,/football/player/joe-burrow-14442,,&#9881;,open,,i,,QB,,QB,CIN,PIT,-130,48,-2,25,27.97,0,7500,7500,0,20.38,20.38,20.38,25.7,37.1,15.6,0,0,0,0,2.7,5.3,36.9,3.2,0,3.2,18
15975,Bailey,Zappe,Bailey Zappe,/football/player/bailey-zappe-15975,,&#9881;,open,,i,,QB,,QB,CLE,BAL,1275,41.5,20,10.75,0.82,0,4500,4500,0,10.83,10.83,10.83,0,0,0,0,0,0,0,2.4,7.5,31.5,2.4,0,2.4,18
12764,Mike,Gesicki,Mike Gesicki,/football/player/mike-gesicki-12764,,&#9881;,open,,i,,TE,,TE,CIN,PIT,-130,48,-2,25,25.29,0,3600,3600,0,8.52,8.52,8.52,8.4,23.4,0,0,0,0,0,2.4,1.4,0,0,5.1,5.1,18
15183,Ja'Marr,Chase,Ja'Marr Chase,/football/player/jamarr-chase-15183,,&#9881;,open,,i,,WR,,WR,CIN,PIT,-130,48,-2,25,91.06,0,8600,8600,0,20.76,20.76,20.76,25.4,49.1,9.2,0,0,0,0,2.4,1.1,0,0.2,9.5,9.7,18
15267,Pat,Freiermuth,Pat Freiermuth,/football/player/pat-freiermuth-15267,,&#9881;,open,,i,,TE,,TE,PIT,CIN,108,48,2,23,25.02,0,3900,3900,0,8.94,8.94,8.94,9.4,16.5,4.1,0,0,0,0,2.3,1.3,0,0,5.1,5.1,18
12559,Mark,Andrews,Mark Andrews,/football/player/mark-andrews-12559,,&#9881;,open,,i,,TE,,TE,BAL,CLE,-2975,41.5,-20,30.75,27.06,0,4500,4500,0,10.23,10.23,10.23,11.3,19,2.4,0,0,0,0,2.3,1.1,0,0,5.1,5.1,18
10819,Derrick,Henry,Derrick Henry,/football/player/derrick-henry-10819,,&#9881;,open,,i,,RB,,RB,BAL,CLE,-2975,41.5,-20,30.75,91.06,0,8300,8300,0,18.3,18.3,18.3,21.4,34.7,9.5,0,0,0,0,2.2,2.3,0,17.4,1.4,18.8,18
14506,Tee,Higgins,Tee Higgins,/football/player/tee-higgins-14506,"&nbsp;<span class=""red upper bold sm-text"">que</span>",&#9881;,open,,i,,WR,,WR,CIN,PIT,-130,48,-2,25,60.5,0,7100,7100,0,15.88,15.88,15.88,20,37.9,6.3,0,0,0,0,2.2,1.2,0,0.1,8.6,8.7,18
15874,Calvin,Austin,Calvin Austin,/football/player/calvin-austin-15874,,&#9881;,open,,i,,WR,,WR,PIT,CIN,108,48,2,23,26.5,0,4100,4100,0,9.09,9.09,9.09,7.9,17.5,1.1,0,0,0,0,2.2,1.6,0,1.1,5.5,6.6,18
16033,Isaiah,Likely,Isaiah Likely,/football/player/isaiah-likely-16033,,&#9881;,open,,i,,TE,,TE,BAL,CLE,-2975,41.5,-20,30.75,18.74,0,3300,3300,0,6.76,6.76,6.76,6.6,14.1,0.7,0,0,0,0,2.1,1.1,0,0,3.7,3.7,18
15984,Jaylen,Warren,Jaylen Warren,/football/player/jaylen-warren-15984,,&#9881;,open,,i,,RB,,RB,PIT,CIN,108,48,2,23,44.8,0,5800,5800,0,12.18,12.18,12.18,9.2,15,2.8,0,0,0,0,2.1,2.3,0,9.3,3.9,13.2,18
15210,Rashod,Bateman,Rashod Bateman,/football/player/rashod-bateman-15210,,&#9881;,open,,i,,WR,,WR,BAL,CLE,-2975,41.5,-20,30.75,29.18,0,4600,4600,0,9.52,9.52,9.52,10.1,21.4,1.3,0,0,0,0,2.1,1.1,0,0.1,4.8,4.9,18
15853,George,Pickens,George Pickens,/football/player/george-pickens-15853,,&#9881;,open,,i,,WR,,WR,PIT,CIN,108,48,2,23,46.22,0,6600,6600,0,13.99,13.99,13.99,13.1,22.4,5.7,0,0,0,0,2.1,1.1,0,0.1,7.4,7.5,18
16919,Zay,Flowers,Zay Flowers,/football/player/zay-flowers-16919,,&#9881;,open,,i,,WR,,WR,BAL,CLE,-2975,41.5,-20,30.75,51.67,0,6200,6200,0,13.16,13.16,13.16,14,27.9,3.5,0,0,0,0,2.1,1.2,0,0.5,7,7.5,18
20024,Pittsburgh,Steelers,Pittsburgh Steelers,/football/player/pittsburgh-steelers-20024,,&#9881;,open,,i,,D," <small class=""sm-muted"">(DST)</small>",DST,PIT,CIN,108,48,2,23,18.25,0,2700,2700,0,5.65,5.65,5.65,0,0,0,0,0,0,0,2.1,0,0,0,0,0,18
16965,Andrei,Iosivas,Andrei Iosivas,/football/player/andrei-iosivas-16965,,&#9881;,open,,i,,WR,,WR,CIN,PIT,-130,48,-2,25,16.09,0,4000,4000,0,7.6,7.6,7.6,7.4,14.4,1.1,0,0,0,0,1.9,1.1,0,0.1,4.2,4.3,18
16934,Chase,Brown,Chase Brown,/football/player/chase-brown-16934,"&nbsp;<span class=""red upper bold sm-text"">que</span>",&#9881;,open,,i,,RB,,RB,CIN,PIT,-130,48,-2,25,36.65,0,7600,7600,0,14.13,14.13,14.13,16.8,27.1,6.1,0,0,0,0,1.9,3,0,17.9,4.9,22.8,18
15468,Najee,Harris,Najee Harris,/football/player/najee-harris-15468,,&#9881;,open,,i,,RB,,RB,PIT,CIN,108,48,2,23,41.35,0,5300,5300,0,9.97,9.97,9.97,12.6,22,4.6,0,0,0,0,1.9,2.7,0,12.1,2,14.1,18
20006,Cincinnati,Bengals,Cincinnati Bengals,/football/player/cincinnati-bengals-20006,,&#9881;,open,,i,,D," <small class=""sm-muted"">(DST)</small>",DST,CIN,PIT,-130,48,-2,25,1.42,0,3000,3000,0,5.71,5.71,5.71,0,0,0,0,0,0,0,1.9,0,0,0,0,0,18
13286,Tanner,Hudson,Tanner Hudson,/football/player/tanner-hudson-13286,,&#9881;,open,,i,,TE,,TE,CIN,PIT,-130,48,-2,25,7.69,0,2500,2500,0,4.7,4.7,4.7,3.8,12.7,0,0,0,0,0,1.9,1,0,0,2.5,2.5,18
11685,D'Onta,Foreman,D'Onta Foreman,/football/player/donta-foreman-11685,,&#9881;,open,,i,,RB,,RB,CLE,BAL,1275,41.5,20,10.75,11.05,0,4900,4900,0,8.69,8.69,8.69,3.2,6.6,0,0,0,0,0,1.8,3.2,0,13.5,2.4,15.9,18
14458,Jerry,Jeudy,Jerry Jeudy,/football/player/jerry-jeudy-14458,,&#9881;,open,,i,,WR,,WR,CLE,BAL,1275,41.5,20,10.75,14.24,0,6400,6400,0,11.65,11.65,11.65,14.8,33.6,3.3,0,0,0,0,1.8,1.3,0,0.1,8,8.1,18
20007,Cleveland,Browns,Cleveland Browns,/football/player/cleveland-browns-20007,,&#9881;,open,,i,,D," <small class=""sm-muted"">(DST)</small>",DST,CLE,BAL,1275,41.5,20,10.75,0,0,2200,2200,0,3,3,3,0,0,0,0,0,0,0,1.4,0,0,0,0,0,18
16810,Keaton,Mitchell,Keaton Mitchell,/football/player/keaton-mitchell-16810,,&#9881;,open,,i,,RB,,RB,BAL,CLE,-2975,41.5,-20,30.75,1.13,0,4300,4300,0,5.75,5.75,5.75,1.5,5.1,0,0,0,0,0,1.3,1.5,0,5.2,1.3,6.5,18
15280,Elijah,Moore,Elijah Moore,/football/player/elijah-moore-15280,,&#9881;,open,,i,,WR,,WR,CLE,BAL,1275,41.5,20,10.75,4.37,0,3800,3800,0,4.81,4.81,4.81,7.6,18.2,1,0,0,0,0,1.3,1.1,0,0.2,3.9,4.1,18
14430,Van,Jefferson,Van Jefferson,/football/player/van-jefferson-14430,,&#9881;,open,,i,,WR,,WR,PIT,CIN,108,48,2,23,2.54,0,3200,3200,0,3.85,3.85,3.85,3.9,8.8,0.1,0,0,0,0,1.2,0.7,0,0.1,2.2,2.3,18
10132,Nelson,Agholor,Nelson Agholor,/football/player/nelson-agholor-10132,,&#9881;,open,,i,,WR,,WR,BAL,CLE,-2975,41.5,-20,30.75,1.91,0,3400,3400,0,3.79,3.79,3.79,3.7,9.9,0.1,0,0,0,0,1.1,0.6,0,0.1,1.8,1.9,18
16889,Darnell,Washington,Darnell Washington,/football/player/darnell-washington-16889,,&#9881;,open,,i,,TE,,TE,PIT,CIN,108,48,2,23,2.69,0,2500,2500,0,2.78,2.78,2.78,2.9,6.6,0.1,0,0,0,0,1.1,0.6,0,0,1.6,1.6,18
12568,Jordan,Akins,Jordan Akins,/football/player/jordan-akins-12568,,&#9881;,open,,i,,TE,,TE,CLE,BAL,1275,41.5,20,10.75,1.79,0,3000,3000,0,2.8,2.8,2.8,4.5,9.8,0.3,0,0,0,0,0.9,0.7,0,0,2.2,2.2,18
13809,Drew,Sample,Drew Sample,/football/player/drew-sample-13809,"&nbsp;<span class=""red upper bold sm-text"">que</span>",&#9881;,open,,i,,TE,,TE,CIN,PIT,-130,48,-2,25,1.02,0,2500,2500,0,2.12,2.12,2.12,2.1,8.3,0,0,0,0,0,0.9,0.5,0,0,1.2,1.2,18
8792,Cordarrelle,Patterson,Cordarrelle Patterson,/football/player/cordarrelle-patterson-8792,,&#9881;,open,,i,,RB,,RB,PIT,CIN,108,48,2,23,0.09,0,4000,4000,0,2.63,2.63,2.63,3.4,7.7,0,0,0,0,0,0.7,0.7,0,2.2,0.7,2.9,18
15310,Tylan,Wallace,Tylan Wallace,/football/player/tylan-wallace-15310,,&#9881;,open,,i,,WR,,WR,BAL,CLE,-2975,41.5,-20,30.75,0.36,0,3100,3100,0,2.18,2.18,2.18,2.6,16.1,0,0,0,0,0,0.7,0.5,0,0.2,1.3,1.5,18
11885,Mike,Williams,Mike Williams,/football/player/mike-williams-11885,,&#9881;,open,,i,,WR,,WR,PIT,CIN,108,48,2,23,1.14,0,3300,3300,0,2.36,2.36,2.36,3.1,8.7,0,0,0,0,0,0.7,0.4,0,0,1.2,1.2,18
15281,Khalil,Herbert,Khalil Herbert,/football/player/khalil-herbert-15281,,&#9881;,open,,i,,RB,,RB,CIN,PIT,-130,48,-2,25,0.22,0,5100,5100,0,2.96,2.96,2.96,1.3,6.3,0,0,0,0,0,0.6,0.6,0,2.5,0.6,3.1,18
16945,Dorian,Thompson-Robinson,Dorian Thompson-Robinson,/football/player/dorian-thompson-robinson-16945,,&#9881;,open,,i,,QB,,QB,CLE,BAL,1275,41.5,20,10.75,0.02,0,4500,4500,0,2.31,2.31,2.31,3.7,8.3,0,0,0,0,0,0.5,1.3,4.5,1.5,0,1.5,18
12555,John,Kelly,John Kelly,/football/player/john-kelly-12555,,&#9881;,open,,i,,RB,,RB,CLE,BAL,1275,41.5,20,10.75,0.01,0,4000,4000,0,1.96,1.96,1.96,0,0,0,0,0,0,0,0.5,1.1,0,4.1,0.4,4.5,18
10251,MyCole,Pruitt,MyCole Pruitt,/football/player/mycole-pruitt-10251,,&#9881;,open,,i,,TE,,TE,PIT,CIN,108,48,2,23,0.23,0,2500,2500,0,1.32,1.32,1.32,1.4,5.5,0,0,0,0,0,0.5,0.3,0,0,0.8,0.8,18
17738,Jermaine,Burton,Jermaine Burton,/football/player/jermaine-burton-17738,,&#9881;,open,,i,,WR,,WR,CIN,PIT,-130,48,-2,25,0.05,0,3000,3000,0,1.24,1.24,1.24,1.1,4.4,0,0,0,0,0,0.4,0.2,0,0,0.7,0.7,18
15467,Ben,Skowronek,Ben Skowronek,/football/player/ben-skowronek-15467,,&#9881;,open,,i,,WR,,WR,PIT,CIN,108,48,2,23,0.08,0,3000,3000,0,1.33,1.33,1.33,1.5,3.9,0,0,0,0,0,0.4,0.3,0,0.1,0.7,0.8,18
16030,Michael,Woods,Michael Woods,/football/player/michael-woods-16030,"&nbsp;<span class=""red upper bold sm-text"">que</span>",&#9881;,open,,i,,WR,,WR,CLE,BAL,1275,41.5,20,10.75,0.1,0,3000,3000,0,1.14,1.14,1.14,2.7,6.4,0,0,0,0,0,0.4,0.3,0,0,0.8,0.8,18
17026,Rasheen,Ali,Rasheen Ali,/football/player/rasheen-ali-17026,,&#9881;,open,,i,,RB,,RB,BAL,CLE,-2975,41.5,-20,30.75,0.02,0,4200,4200,0,1.61,1.61,1.61,0.6,2.6,0,0,0,0,0,0.4,0.5,0,1.8,0.3,2.1,18
15416,Justin,Fields,Justin Fields,/football/player/justin-fields-15416,,&#9881;,open,,i,,QB,,QB,PIT,CIN,108,48,2,23,0,0,4800,4800,0,1.4,1.4,1.4,12.5,30.4,0.4,0,0,0,0,0.3,0.4,0.5,1.5,0,1.5,18
13987,Scotty,Miller,Scotty Miller,/football/player/scotty-miller-13987,,&#9881;,open,,i,,WR,,WR,PIT,CIN,108,48,2,23,0,0,3000,3000,0,0.74,0.74,0.74,1,5.1,0,0,0,0,0,0.3,0.2,0,0.1,0.5,0.6,18
17686,Jamari,Thrash,Jamari Thrash,/football/player/jamari-thrash-17686,,&#9881;,open,,i,,WR,,WR,CLE,BAL,1275,41.5,20,10.75,0,0,3000,3000,0,1.05,1.05,1.05,0.7,2.5,0,0,0,0,0,0.3,0.3,0,0,0.8,0.8,18
13548,Trayveon,Williams,Trayveon Williams,/football/player/trayveon-williams-13548,,&#9881;,open,,i,,RB,,RB,CIN,PIT,-130,48,-2,25,0,0,4600,4600,0,1.17,1.17,1.17,0,0,0,0,0,0,0,0.3,0.1,0,0.1,0.4,0.5,18
16719,Charlie,Jones,Charlie Jones,/football/player/charlie-jones-16719,"&nbsp;<span class=""red upper bold sm-text"">que</span>",&#9881;,open,,i,,WR,,WR,CIN,PIT,-130,48,-2,25,0,0,3000,3000,0,0.54,0.54,0.54,0.9,4.6,0,0,0,0,0,0.2,0.1,0,0,0.3,0.3,18
15916,Connor,Heyward,Connor Heyward,/football/player/connor-heyward-15916,,&#9881;,open,,i,,TE,,TE,PIT,CIN,108,48,2,23,0.35,0,2500,2500,0,0.56,0.56,0.56,1.1,7,0,0,0,0,0,0.2,0.2,0,0,0.4,0.4,18
17866,Tanner,McLachlan,Tanner McLachlan,/football/player/tanner-mclachlan-17866,,&#9881;,open,,i,,TE,,TE,CIN,PIT,-130,48,-2,25,0.11,0,2500,2500,0,0.17,0.17,0.17,0,0,0,0,0,0,0,0.1,0,0,0,0.1,0.1,18
17728,Devontez,Walker,Devontez Walker,/football/player/devontez-walker-17728,,&#9881;,open,,i,,WR,,WR,BAL,CLE,-2975,41.5,-20,30.75,0,0,3000,3000,0,0.38,0.38,0.38,1.1,6.7,0,0,0,0,0,0.1,0.1,0,0,0.2,0.2,18
12298,Patrick,Ricard,Patrick Ricard,/football/player/patrick-ricard-12298,,&#9881;,open,,i,,RB,,RB,BAL,CLE,-2975,41.5,-20,30.75,1.37,0,4000,4000,0,0.58,0.58,0.58,0.6,4.9,0,0,0,0,0,0.1,0.1,0,0.1,0.3,0.4,18
15803,David,Bell,David Bell,/football/player/david-bell-15803,"&nbsp;<span class=""red upper bold sm-text"">IR</span>",&#9881;,open,,i,,WR,,WR,CLE,BAL,1275,41.5,20,10.75,0,0,3000,3000,0,0,0,0,5.7,5.7,5.7,0,0,0,0,0,0,0,0,0,0,18
14055,Steven,Sims,Steven Sims,/football/player/steven-sims-14055,,&#9881;,open,,i,,WR,,WR,BAL,CLE,-2975,41.5,-20,30.75,0,0,3000,3000,0,0,0,0,-0.1,0.1,0,0,0,0,0,0,0,0,0,0.1,0.1,18
17970,Kendall,Milton,Kendall Milton,/football/player/kendall-milton-17970,,&#9881;,open,,i,,RB,,RB,CIN,PIT,-130,48,-2,25,0,0,4000,4000,0,0,0,0,0,0,0,0,0,0,0,0,0,0,0,0,0,18
12886,Nick,Chubb,Nick Chubb,/football/player/nick-chubb-12886,"&nbsp;<span class=""red upper bold sm-text"">IR</span>",&#9881;,open,,i,,RB,,RB,CLE,BAL,1275,41.5,20,10.75,0,0,4000,4000,0,0,0,0,8,16.3,2.8,0,0,0,0,0,0,0,0,0,0,18
17977,Isaiah,Williams,Isaiah Williams,/football/player/isaiah-williams-17977,,&#9881;,open,,i,,WR,,WR,CIN,PIT,-130,48,-2,25,0,0,3000,3000,0,0,0,0,0.4,2,0,0,0,0,0,0,0,0,0,0,0,18
18284,Cam,Grandy,Cam Grandy,/football/player/cam-grandy-18284,,&#9881;,open,,i,,TE,,TE,CIN,PIT,-130,48,-2,25,0,0,2500,2500,0,0,0,0,0.8,2.6,0,0,0,0,0,0,0,0,0,0,0,18
12630,Nyheim,Miller-Hines,Nyheim Miller-Hines,/football/player/nyheim-miller-hines-12630,"&nbsp;<span class=""red upper bold sm-text"">NFI</span>",&#9881;,open,,i,,RB,,RB,CLE,BAL,1275,41.5,20,10.75,0,0,4000,4000,0,0,0,0,0,0,0,0,0,0,0,0,0,0,0,0,0,18
17696,Erick,All,Erick All,/football/player/erick-all-17696,"&nbsp;<span class=""red upper bold sm-text"">IR</span>",&#9881;,open,,i,,TE,,TE,CIN,PIT,-130,48,-2,25,0,0,2500,2500,0,0,0,0,4.5,7,1,0,0,0,0,0,0,0,0,0,0,18
12623,Kyle,Allen,Kyle Allen,/football/player/kyle-allen-12623,,&#9881;,open,,i,,QB,,QB,PIT,CIN,108,48,2,23,0,0,4000,4000,0,0,0,0,0.8,0.8,0.8,0,0,0,0,0,0,0,0,0,0,18
17043,Roman,Wilson,Roman Wilson,/football/player/roman-wilson-17043,"&nbsp;<span class=""red upper bold sm-text"">IR-</span>",&#9881;,open,,i,,WR,,WR,PIT,CIN,108,48,2,23,0,0,3000,3000,0,0,0,0,0,0,0,0,0,0,0,0,0,0,0,0,0,18
14564,Zack,Moss,Zack Moss,/football/player/zack-moss-14564,"&nbsp;<span class=""red upper bold sm-text"">IR</span>",&#9881;,open,,i,,RB,,RB,CIN,PIT,-130,48,-2,25,0,0,4000,4000,0,0,0,0,9.8,18.7,2.2,0,0,0,0,0,0,0,0,0,0,18
18253,Brenden,Bates,Brenden Bates,/football/player/brenden-bates-18253,,&#9881;,open,,i,,TE,,TE,CLE,BAL,1275,41.5,20,10.75,0,0,2500,2500,0,0,0,0,0,0,0,0,0,0,0,0,0,0,0,0,0,18
17130,Blake,Whiteheart,Blake Whiteheart,/football/player/blake-whiteheart-17130,"&nbsp;<span class=""red upper bold sm-text"">que</span>",&#9881;,open,,i,,TE,,TE,CLE,BAL,1275,41.5,20,10.75,0,0,2500,2500,0,0,0,0,1.6,7.6,0,0,0,0,0,0,0,0,0,0,0,18
14191,Deonte,Harty,Deonte Harty,/football/player/deonte-harty-14191,"&nbsp;<span class=""red upper bold sm-text"">IR</span>",&#9881;,open,,i,,WR,,WR,BAL,CLE,-2975,41.5,-20,30.75,0,0,3000,3000,0,0,0,0,0,0,0,0,0,0,0,0,0,0,0,0,0,18
10507,Geoff,Swaim,Geoff Swaim,/football/player/geoff-swaim-10507,"&nbsp;<span class=""red upper bold sm-text"">IR</span>",&#9881;,open,,i,,TE,,TE,CLE,BAL,1275,41.5,20,10.75,0,0,2500,2500,0,0,0,0,0.2,1.3,0,0,0,0,0,0,0,0,0,0,0,18
11734,David,Njoku,David Njoku,/football/player/david-njoku-11734,"&nbsp;<span class=""red upper bold sm-text"">Out</span>",&#9881;,open,,i,,TE,,TE,CLE,BAL,1275,41.5,20,10.75,0,0,4200,4200,0,0,0,0,13.6,24.1,3.6,0,0,0,0,0,0,0,0,0,0,18
15989,Jerome,Ford,Jerome Ford,/football/player/jerome-ford-15989,"&nbsp;<span class=""red upper bold sm-text"">Out</span>",&#9881;,open,,i,,RB,,RB,CLE,BAL,1275,41.5,20,10.75,0,0,5400,5400,0,0,0,0,8.9,19.9,1.7,0,0,0,0,0,0,0,0,0,0,18
10037,Jameis,Winston,Jameis Winston,/football/player/jameis-winston-10037,"&nbsp;<span class=""red upper bold sm-text"">que</span>",&#9881;,open,,i,,QB,,QB,CLE,BAL,1275,41.5,20,10.75,0,0,5000,5000,0,0,0,0,12.9,32.6,0,0,0,0,0,0,0,0,0,0,0,18
17324,Owen,Wright,Owen Wright,/football/player/owen-wright-17324,"&nbsp;<span class=""red upper bold sm-text"">IR</span>",&#9881;,open,,i,,RB,,RB,BAL,CLE,-2975,41.5,-20,30.75,0,0,4000,4000,0,0,0,0,0,0,0,0,0,0,0,0,0,0,0,0,0,18
13504,Jake,Browning,Jake Browning,/football/player/jake-browning-13504,,&#9881;,open,,i,,QB,,QB,CIN,PIT,-130,48,-2,25,0,0,4500,4500,0,0,0,0,-0.1,0,0,0,0,0,0,0,0,0,0,0,0,18
16706,Cedric,Tillman,Cedric Tillman,/football/player/cedric-tillman-16706,"&nbsp;<span class=""red upper bold sm-text"">IR</span>",&#9881;,open,,i,,WR,,WR,CLE,BAL,1275,41.5,20,10.75,0,0,4800,4800,0,0,0,0,7.8,23.5,0,0,0,0,0,0,0,0,0,0,0,18
15304,Chris,Evans,Chris Evans,/football/player/chris-evans-15304,"&nbsp;<span class=""red upper bold sm-text"">IR</span>",&#9881;,open,,i,,RB,,RB,CIN,PIT,-130,48,-2,25,0,0,4000,4000,0,0,0,0,0,0,0,0,0,0,0,0,0,0,0,0,0,18
16472,Kaden,Davis,Kaden Davis,/football/player/kaden-davis-16472,,&#9881;,open,,i,,WR,,WR,CLE,BAL,1275,41.5,20,10.75,0,0,3000,3000,0,0,0,0,0,0,0,0,0,0,0,0,0,0,0,0,0,18
15957,Cal,Adomitis,Cal Adomitis,/football/player/cal-adomitis-15957,,&#9881;,open,,i,,TE,,TE,CIN,PIT,-130,48,-2,25,0,0,2500,2500,0,0,0,0,0,0,0,0,0,0,0,0,0,0,0,0,0,18
13427,Justice,Hill,Justice Hill,/football/player/justice-hill-13427,"&nbsp;<span class=""red upper bold sm-text"">Out</span>",&#9881;,open,,i,,RB,,RB,BAL,CLE,-2975,41.5,-20,30.75,0,0,4800,4800,0,0,0,0,8.3,18.1,1.7,0,0,0,0,0,0,0,0,0,0,18
14415,James,Proche,James Proche,/football/player/james-proche-14415,,&#9881;,open,,i,,WR,,WR,CLE,BAL,1275,41.5,20,10.75,0,0,3000,3000,0,0,0,0,0.5,2.9,0,0,0,0,0,0,0.1,0,0,0.4,0.4,18
5653,Josh,Johnson,Josh Johnson,/football/player/josh-johnson-5653,,&#9881;,open,,i,,QB,,QB,BAL,CLE,-2975,41.5,-20,30.75,0,0,4500,4500,0,0,0,0,0.2,0.5,0,0,0,0,0,0,0,0,0,0,0,18
16102,Pierre,Strong,Pierre Strong,/football/player/pierre-strong-16102,"&nbsp;<span class=""red upper bold sm-text"">Out</span>",&#9881;,open,,i,,RB,,RB,CLE,BAL,1275,41.5,20,10.75,0,0,4400,4400,0,0,0,0,2.3,7.6,0,0,0,0,0,0,0,0,0,0,0,18
15924,Charlie,Kolar,Charlie Kolar,/football/player/charlie-kolar-15924,"&nbsp;<span class=""red upper bold sm-text"">IR-</span>",&#9881;,open,,i,,TE,,TE,BAL,CLE,-2975,41.5,-20,30.75,0,0,2500,2500,0,0,0,0,2.6,11.3,0,0,0,0,0,0,0,0,0,0,0,18
11712,Deshaun,Watson,Deshaun Watson,/football/player/deshaun-watson-11712,"&nbsp;<span class=""red upper bold sm-text"">IR</span>",&#9881;,open,,i,,QB,,QB,CLE,BAL,1275,41.5,20,10.75,0,0,4000,4000,0,0,0,0,11.7,17.5,5.9,0,0,0,0,0,0,0,0,0,0,18