id,first_name,last_name,player,URL,injury,actions,actions_trigger,lock,exclude,like,position,real_position,actual_position,team,opponent,money_line,over_under,point_spread,team_points,ownership,multiplier,salary,salary_original,salary_custom,proj_points,proj_rotowire,proj_original,proj_avg,proj_ceiling,proj_floor,proj_third_party_one,proj_third_party_two,proj_third_party_three,proj_custom,value,dfsopp,pa,ra,targets,touches,week
13613,Kyler,Murray,Kyler Murray,/football/player/kyler-murray-13613,,&#9881;,open,,i,,QB,,QB,ARI,NE,-257,46.00,-6.00,26.00,6.15,0,6000,6000,0,20.43,20.43,20.43,18.3,27.3,8.3,0,0,0,0,3.4,6.2,29.9,7.0,0.0,7.0,15
16797,Tommy,DeVito,Tommy DeVito,/football/player/tommy-devito-16797,,&#9881;,open,,i,,QB,,QB,NYG,BAL,838,42.50,16.00,13.25,0.39,0,4400,4400,0,14.09,14.09,14.09,5.4,11.9,0.0,0,0,0,0,3.2,8.8,32.3,6.5,0.0,6.5,15
14446,Justin,Herbert,Justin Herbert,/football/player/justin-herbert-14446,"&nbsp;<span class=""red upper bold sm-text"">que</span>",&#9881;,open,,i,,QB,,QB,LAC,TB,-154,45.50,-3.00,24.25,4.04,0,5900,5900,0,18.33,18.33,18.33,16.1,23.5,9.2,0,0,0,0,3.1,6.3,33.7,3.2,0.0,3.2,15
10037,Jameis,Winston,Jameis Winston,/football/player/jameis-winston-10037,,&#9881;,open,,i,,QB,,QB,CLE,KC,177,44.00,4.00,20.00,3.86,0,5500,5500,0,16.56,16.56,16.56,13.8,33.2,0.1,0,0,0,0,3.0,6.9,35.5,2.5,0.0,2.5,15
17695,Caleb,Williams,Caleb Williams,/football/player/caleb-williams-17695,,&#9881;,open,,i,,QB,,QB,CHI,MIN,255,44.00,7.00,18.50,2.39,0,5700,5700,0,16.39,16.39,16.39,17.8,28.2,7.7,0,0,0,0,2.9,6.3,32.1,4.0,0.0,4.0,15
16653,Anthony,Richardson,Anthony Richardson,/football/player/anthony-richardson-16653,,&#9881;,open,,i,,QB,,QB,IND,DEN,162,44.50,4.00,20.25,2.53,0,5800,5800,0,16.71,16.71,16.71,14.0,25.4,5.7,0,0,0,0,2.9,6.0,27.5,7.2,0.0,7.2,15
15834,Brock,Purdy,Brock Purdy,/football/player/brock-purdy-15834,,&#9881;,open,,i,,QB,,QB,SF,LAR,-153,49.50,-3.00,26.25,4.51,0,6300,6300,0,18.44,18.44,18.44,19.3,26.7,7.6,0,0,0,0,2.9,4.9,28.6,2.3,0.0,2.3,15
4307,Aaron,Rodgers,Aaron Rodgers,/football/player/aaron-rodgers-4307,,&#9881;,open,,i,,QB,,QB,NYJ,JAX,-175,40.50,-3.50,22.00,3.34,0,5400,5400,0,15.90,15.90,15.90,15.4,20.5,7.9,0,0,0,0,2.9,6.3,32.1,1.9,0.0,1.9,15
14371,Jordan,Love,Jordan Love,/football/player/jordan-love-14371,,&#9881;,open,,i,,QB,,QB,GB,SEA,-147,46.00,-2.50,24.25,3.23,0,6200,6200,0,17.63,17.63,17.63,18.5,30.2,8.8,0,0,0,0,2.8,5.6,31.9,2.6,0.0,2.6,15
12514,Dalton,Schultz,Dalton Schultz,/football/player/dalton-schultz-12514,,&#9881;,open,,i,,TE,,TE,HOU,MIA,-150,47.00,-3.00,25.00,3.89,0,3300,3300,0,9.10,9.10,9.10,7.1,14.0,3.2,0,0,0,0,2.8,1.5,0.0,0.0,4.9,4.9,15
12490,Sam,Darnold,Sam Darnold,/football/player/sam-darnold-12490,,&#9881;,open,,i,,QB,,QB,MIN,CHI,-327,44.00,-7.00,25.50,3.61,0,6600,6600,0,18.47,18.47,18.47,20.5,33.0,9.5,0,0,0,0,2.8,5.6,34.4,2.7,0.0,2.7,15
8057,Kirk,Cousins,Kirk Cousins,/football/player/kirk-cousins-8057,,&#9881;,open,,i,,QB,,QB,ATL,LV,-212,44.00,-4.00,24.00,2.72,0,5500,5500,0,15.62,15.62,15.62,15.6,31.7,6.0,0,0,0,0,2.8,6.1,31.9,1.7,0.0,1.7,15
11839,Patrick,Mahomes,Patrick Mahomes,/football/player/patrick-mahomes-11839,,&#9881;,open,,i,,QB,,QB,KC,CLE,-216,44.00,-4.00,24.00,3.45,0,6700,6700,0,18.52,18.52,18.52,18.2,25.7,13.9,0,0,0,0,2.8,5.9,35.5,3.7,0.0,3.7,15
16665,Will,Levis,Will Levis,/football/player/will-levis-16665,"&nbsp;<span class=""red upper bold sm-text"">que</span>",&#9881;,open,,i,,QB,,QB,TEN,CIN,188,47.00,5.00,21.00,2.26,0,5000,5000,0,14.21,14.21,14.21,12.9,19.1,3.6,0,0,0,0,2.8,7.0,32.4,2.8,0.0,2.8,15
14442,Joe,Burrow,Joe Burrow,/football/player/joe-burrow-14442,,&#9881;,open,,i,,QB,,QB,CIN,TEN,-232,47.00,-5.00,26.00,5.45,0,7300,7300,0,20.73,20.73,20.73,25.3,35.7,15.4,0,0,0,0,2.8,5.5,36.9,3.2,0.0,3.2,15
8743,Geno,Smith,Geno Smith,/football/player/geno-smith-8743,,&#9881;,open,,i,,QB,,QB,SEA,GB,124,46.00,2.50,21.75,2.51,0,5800,5800,0,16.20,16.20,16.20,17.6,25.7,10.4,0,0,0,0,2.8,6.2,33.2,2.8,0.0,2.8,15
17673,Drake,Maye,Drake Maye,/football/player/drake-maye-17673,,&#9881;,open,,i,,QB,,QB,NE,ARI,208,46.00,6.00,20.00,2.66,0,5600,5600,0,15.62,15.62,15.62,16.0,22.5,5.8,0,0,0,0,2.8,6.5,30.4,5.8,0.0,5.8,15
14465,Tua,Tagovailoa,Tua Tagovailoa,/football/player/tua-tagovailoa-14465,,&#9881;,open,,i,,QB,,QB,MIA,HOU,126,47.00,3.00,22.00,3.83,0,6100,6100,0,16.38,16.38,16.38,20.1,30.1,10.0,0,0,0,0,2.7,5.4,30.8,1.9,0.0,1.9,15
12619,Baker,Mayfield,Baker Mayfield,/football/player/baker-mayfield-12619,,&#9881;,open,,i,,QB,,QB,TB,LAC,128,45.50,3.00,21.25,2.85,0,6400,6400,0,17.04,17.04,17.04,21.4,30.9,11.0,0,0,0,0,2.7,5.9,34.4,3.2,0.0,3.2,15
12483,Josh,Allen,Josh Allen,/football/player/josh-allen-12483,,&#9881;,open,,i,,QB,,QB,BUF,DET,118,54.50,2.50,26.00,4.98,0,8500,8500,0,23.01,23.01,23.01,23.7,45.3,10.0,0,0,0,0,2.7,4.6,32.9,6.5,0.0,6.5,15
12561,Lamar,Jackson,Lamar Jackson,/football/player/lamar-jackson-12561,,&#9881;,open,,i,,QB,,QB,BAL,NYG,-1516,42.50,-16.00,29.25,5.65,0,8300,8300,0,22.66,22.66,22.66,25.5,34.7,17.5,0,0,0,0,2.7,4.4,27.3,8.9,0.0,8.9,15
12507,Saquon,Barkley,Saquon Barkley,/football/player/saquon-barkley-12507,,&#9881;,open,,i,,RB,,RB,PHI,PIT,-240,42.50,-5.50,24.00,12.63,0,8600,8600,0,22.88,22.88,22.88,23.8,43.2,9.0,0,0,0,0,2.7,2.7,0.0,19.6,3.3,22.9,15
17692,Jayden,Daniels,Jayden Daniels,/football/player/jayden-daniels-17692,,&#9881;,open,,i,,QB,,QB,WAS,NO,-361,43.50,-7.50,25.50,4.54,0,7500,7500,0,20.32,20.32,20.32,20.1,29.3,8.6,0,0,0,0,2.7,5.0,28.2,9.1,0.0,9.1,15
15947,Jake,Ferguson,Jake Ferguson,/football/player/jake-ferguson-15947,,&#9881;,open,,i,,TE,,TE,DAL,CAR,123,43.00,3.00,20.00,4.30,0,3800,3800,0,10.18,10.18,10.18,9.0,14.6,3.1,0,0,0,0,2.7,1.5,0.0,0.0,5.8,5.8,15
16934,Chase,Brown,Chase Brown,/football/player/chase-brown-16934,,&#9881;,open,,i,,RB,,RB,CIN,TEN,-232,47.00,-5.00,26.00,13.79,0,7200,7200,0,19.33,19.33,19.33,16.5,27.1,5.8,0,0,0,0,2.7,3.2,0.0,17.9,4.9,22.8,15
5971,Matthew,Stafford,Matthew Stafford,/football/player/matthew-stafford-5971,,&#9881;,open,,i,,QB,,QB,LAR,SF,128,49.50,3.00,23.25,2.16,0,6000,6000,0,15.47,15.47,15.47,15.6,25.5,6.5,0,0,0,0,2.6,5.7,33.1,0.9,0.0,0.9,15
10819,Derrick,Henry,Derrick Henry,/football/player/derrick-henry-10819,,&#9881;,open,,i,,RB,,RB,BAL,NYG,-1516,42.50,-16.00,29.25,13.09,0,8300,8300,0,21.44,21.44,21.44,21.9,35.0,12.1,0,0,0,0,2.6,2.3,0.0,17.4,1.4,18.8,15
16886,C.J.,Stroud,C.J. Stroud,/football/player/cj-stroud-16886,,&#9881;,open,,i,,QB,,QB,HOU,MIA,-150,47.00,-3.00,25.00,2.46,0,6200,6200,0,16.22,16.22,16.22,15.0,23.5,7.4,0,0,0,0,2.6,6.0,34.4,2.7,0.0,2.7,15
16995,Bo,Nix,Bo Nix,/football/player/bo-nix-16995,,&#9881;,open,,i,,QB,,QB,DEN,IND,-197,44.50,-4.00,24.25,3.02,0,6300,6300,0,16.20,16.20,16.20,18.8,28.9,9.1,0,0,0,0,2.6,5.9,32.7,4.2,0.0,4.2,15
13517,Jakobi,Meyers,Jakobi Meyers,/football/player/jakobi-meyers-13517,,&#9881;,open,,i,,WR,,WR,LV,ATL,174,44.00,4.00,20.00,7.54,0,5700,5700,0,14.87,14.87,14.87,15.1,23.0,8.1,0,0,0,0,2.6,1.7,0.1,0.4,9.1,9.6,15
8043,Russell,Wilson,Russell Wilson,/football/player/russell-wilson-8043,,&#9881;,open,,i,,QB,,QB,PIT,PHI,196,42.50,5.50,18.50,1.97,0,5700,5700,0,14.92,14.92,14.92,18.3,28.4,9.0,0,0,0,0,2.6,5.6,28.7,3.2,0.0,3.2,15
11841,Cooper,Rush,Cooper Rush,/football/player/cooper-rush-11841,,&#9881;,open,,i,,QB,,QB,DAL,CAR,123,43.00,3.00,20.00,1.91,0,5200,5200,0,13.70,13.70,13.70,9.7,19.1,0.7,0,0,0,0,2.6,7.1,33.4,3.3,0.0,3.3,15
15402,Mac,Jones,Mac Jones,/football/player/mac-jones-15402,,&#9881;,open,,i,,QB,,QB,JAX,NYJ,145,40.50,3.50,18.50,1.53,0,4900,4900,0,12.93,12.93,12.93,6.8,17.1,0.0,0,0,0,0,2.6,6.9,31.7,2.1,0.0,2.1,15
17033,Sam,LaPorta,Sam LaPorta,/football/player/sam-laporta-17033,,&#9881;,open,,i,,TE,,TE,DET,BUF,-141,54.50,-2.50,28.50,4.07,0,4400,4400,0,11.55,11.55,11.55,9.3,15.6,3.7,0,0,0,0,2.6,1.3,0.0,0.0,5.9,5.9,15
14416,Jalen,Hurts,Jalen Hurts,/football/player/jalen-hurts-14416,,&#9881;,open,,i,,QB,,QB,PHI,PIT,-240,42.50,-5.50,24.00,4.08,0,8000,8000,0,20.84,20.84,20.84,22.9,32.3,15.7,0,0,0,0,2.6,4.7,29.0,8.9,0.0,8.9,15
10055,Amari,Cooper,Amari Cooper,/football/player/amari-cooper-10055,,&#9881;,open,,i,,WR,,WR,BUF,DET,118,54.50,2.50,26.00,6.80,0,5300,5300,0,13.24,13.24,13.24,10.3,22.8,1.9,0,0,0,0,2.5,1.3,0.0,0.1,6.7,6.8,15
16689,Josh,Downs,Josh Downs,/football/player/josh-downs-16689,"&nbsp;<span class=""red upper bold sm-text"">que</span>",&#9881;,open,,i,,WR,,WR,IND,DEN,162,44.50,4.00,20.25,4.69,0,5100,5100,0,12.59,12.59,12.59,14.1,23.6,3.7,0,0,0,0,2.5,1.5,0.0,0.2,7.6,7.8,15
17975,Devaughn,Vele,Devaughn Vele,/football/player/devaughn-vele-17975,,&#9881;,open,,i,,WR,,WR,DEN,IND,-197,44.50,-4.00,24.25,4.38,0,4200,4200,0,10.55,10.55,10.55,8.1,13.6,2.9,0,0,0,0,2.5,1.5,0.0,0.0,6.3,6.3,15
15868,Drake,London,Drake London,/football/player/drake-london-15868,,&#9881;,open,,i,,WR,,WR,ATL,LV,-212,44.00,-4.00,24.00,8.95,0,6400,6400,0,15.97,15.97,15.97,16.4,30.2,8.1,0,0,0,0,2.5,1.3,0.0,0.1,8.5,8.6,15
16795,Kayshon,Boutte,Kayshon Boutte,/football/player/kayshon-boutte-16795,,&#9881;,open,,i,,WR,,WR,NE,ARI,208,46.00,6.00,20.00,3.89,0,3500,3500,0,8.65,8.65,8.65,5.8,12.3,1.5,0,0,0,0,2.5,1.6,0.0,0.3,5.3,5.6,15
8781,Zach,Ertz,Zach Ertz,/football/player/zach-ertz-8781,,&#9881;,open,,i,,TE,,TE,WAS,NO,-361,43.50,-7.50,25.50,3.56,0,4000,4000,0,9.90,9.90,9.90,10.0,15.9,3.3,0,0,0,0,2.5,1.5,0.0,0.0,6.1,6.1,15
15902,Trey,McBride,Trey McBride,/football/player/trey-mcbride-15902,,&#9881;,open,,i,,TE,,TE,ARI,NE,-257,46.00,-6.00,26.00,4.83,0,6000,6000,0,14.95,14.95,14.95,15.4,25.3,7.0,0,0,0,0,2.5,1.4,0.0,0.0,8.3,8.3,15
16912,Jake,Haener,Jake Haener,/football/player/jake-haener-16912,,&#9881;,open,,i,,QB,,QB,NO,WAS,283,43.50,7.50,18.00,0.38,0,5100,5100,0,12.50,12.50,12.50,2.1,5.4,0.0,0,0,0,0,2.5,6.5,29.2,3.8,0.0,3.8,15
16807,Bryce,Young,Bryce Young,/football/player/bryce-young-16807,,&#9881;,open,,i,,QB,,QB,CAR,DAL,-148,43.00,-3.00,23.00,1.50,0,5300,5300,0,13.21,13.21,13.21,10.9,21.1,1.5,0,0,0,0,2.5,6.5,31.6,2.9,0.0,2.9,15
16321,Stone,Smartt,Stone Smartt,/football/player/stone-smartt-16321,,&#9881;,open,,i,,TE,,TE,LAC,TB,-154,45.50,-3.00,24.25,3.14,0,2600,2600,0,6.49,6.49,6.49,1.6,6.4,0.0,0,0,0,0,2.5,1.3,0.0,0.0,3.4,3.4,15
10729,Jared,Goff,Jared Goff,/football/player/jared-goff-10729,,&#9881;,open,,i,,QB,,QB,DET,BUF,-141,54.50,-2.50,28.50,3.49,0,6500,6500,0,16.38,16.38,16.38,19.1,32.5,10.2,0,0,0,0,2.5,4.5,28.0,1.5,0.0,1.5,15
11707,Joe,Mixon,Joe Mixon,/football/player/joe-mixon-11707,,&#9881;,open,,i,,RB,,RB,HOU,MIA,-150,47.00,-3.00,25.00,11.57,0,7800,7800,0,19.12,19.12,19.12,22.6,35.4,10.3,0,0,0,0,2.5,3.0,0.0,19.4,4.1,23.5,15
14630,Juwan,Johnson,Juwan Johnson,/football/player/juwan-johnson-14630,,&#9881;,open,,i,,TE,,TE,NO,WAS,283,43.50,7.50,18.00,3.28,0,3400,3400,0,8.20,8.20,8.20,6.5,13.0,1.0,0,0,0,0,2.4,1.4,0.0,0.0,4.9,4.9,15
8627,Keenan,Allen,Keenan Allen,/football/player/keenan-allen-8627,,&#9881;,open,,i,,WR,,WR,CHI,MIN,255,44.00,7.00,18.50,4.87,0,5500,5500,0,13.02,13.02,13.02,11.7,22.0,4.4,0,0,0,0,2.4,1.5,0.0,0.1,7.9,8.0,15
15242,Chuba,Hubbard,Chuba Hubbard,/football/player/chuba-hubbard-15242,,&#9881;,open,,i,,RB,,RB,CAR,DAL,-148,43.00,-3.00,23.00,11.19,0,6500,6500,0,15.84,15.84,15.84,17.4,28.3,6.2,0,0,0,0,2.4,3.2,0.0,17.5,3.3,20.8,15
20021,New York,Jets,New York Jets,/football/player/new-york-jets-20021,,&#9881;,open,,i,,D," <small class=""sm-muted"">(DST)</small>",DST,NYJ,JAX,-175,40.50,-3.50,22.00,10.72,0,3000,3000,0,7.10,7.10,7.10,0.0,0.0,0.0,0,0,0,0,2.4,0.0,0.0,0.0,0.0,0.0,15
15810,Breece,Hall,Breece Hall,/football/player/breece-hall-15810,"&nbsp;<span class=""red upper bold sm-text"">que</span>",&#9881;,open,,i,,RB,,RB,NYJ,JAX,-175,40.50,-3.50,22.00,6.12,0,6400,6400,0,15.49,15.49,15.49,16.3,28.5,5.3,0,0,0,0,2.4,2.9,0.0,14.2,4.1,18.3,15
16919,Zay,Flowers,Zay Flowers,/football/player/zay-flowers-16919,,&#9881;,open,,i,,WR,,WR,BAL,NYG,-1516,42.50,-16.00,29.25,7.82,0,6000,6000,0,14.48,14.48,14.48,14.6,28.6,3.4,0,0,0,0,2.4,1.3,0.0,0.5,7.1,7.6,15
11892,George,Kittle,George Kittle,/football/player/george-kittle-11892,,&#9881;,open,,i,,TE,,TE,SF,LAR,-153,49.50,-3.00,26.25,4.44,0,6100,6100,0,14.78,14.78,14.78,17.3,26.3,5.7,0,0,0,0,2.4,1.1,0.0,0.1,6.8,6.9,15
15274,Dyami,Brown,Dyami Brown,/football/player/dyami-brown-15274,,&#9881;,open,,i,,WR,,WR,WAS,NO,-361,43.50,-7.50,25.50,2.51,0,3100,3100,0,7.31,7.31,7.31,4.0,10.7,0.5,0,0,0,0,2.4,1.4,0.0,0.2,4.1,4.3,15
12559,Mark,Andrews,Mark Andrews,/football/player/mark-andrews-12559,,&#9881;,open,,i,,TE,,TE,BAL,NYG,-1516,42.50,-16.00,29.25,3.60,0,4100,4100,0,9.91,9.91,9.91,10.9,19.2,1.8,0,0,0,0,2.4,1.1,0.0,0.0,4.6,4.6,15
11734,David,Njoku,David Njoku,/football/player/david-njoku-11734,"&nbsp;<span class=""red upper bold sm-text"">que</span>",&#9881;,open,,i,,TE,,TE,CLE,KC,177,44.00,4.00,20.00,4.11,0,5200,5200,0,12.59,12.59,12.59,13.5,24.3,3.3,0,0,0,0,2.4,1.5,0.0,0.0,7.9,7.9,15
16739,Bijan,Robinson,Bijan Robinson,/football/player/bijan-robinson-16739,,&#9881;,open,,i,,RB,,RB,ATL,LV,-212,44.00,-4.00,24.00,11.32,0,7600,7600,0,17.98,17.98,17.98,19.8,29.9,11.3,0,0,0,0,2.4,2.7,0.0,15.8,4.8,20.6,15
16036,Daniel,Bellinger,Daniel Bellinger,/football/player/daniel-bellinger-16036,,&#9881;,open,,i,,TE,,TE,NYG,BAL,838,42.50,16.00,13.25,2.04,0,2800,2800,0,6.62,6.62,6.62,1.2,6.7,0.0,0,0,0,0,2.4,1.2,0.0,0.0,3.4,3.4,15
8783,Travis,Kelce,Travis Kelce,/football/player/travis-kelce-8783,,&#9881;,open,,i,,TE,,TE,KC,CLE,-216,44.00,-4.00,24.00,4.76,0,5700,5700,0,13.71,13.71,13.71,13.0,23.6,3.3,0,0,0,0,2.4,1.4,0.0,0.1,8.1,8.2,15
14657,Rico,Dowdle,Rico Dowdle,/football/player/rico-dowdle-14657,,&#9881;,open,,i,,RB,,RB,DAL,CAR,123,43.00,3.00,20.00,7.10,0,6100,6100,0,13.73,13.73,13.73,13.8,22.1,6.5,0,0,0,0,2.3,3.0,0.0,15.1,3.3,18.4,15
20005,Chicago,Bears,Chicago Bears,/football/player/chicago-bears-20005,,&#9881;,open,,i,,D," <small class=""sm-muted"">(DST)</small>",DST,CHI,MIN,255,44.00,7.00,18.50,7.61,0,2300,2300,0,5.38,5.38,5.38,0.0,0.0,0.0,0,0,0,0,2.3,0.0,0.0,0.0,0.0,0.0,15
8619,DeAndre,Hopkins,DeAndre Hopkins,/football/player/deandre-hopkins-8619,,&#9881;,open,,i,,WR,,WR,KC,CLE,-216,44.00,-4.00,24.00,4.89,0,5300,5300,0,11.94,11.94,11.94,10.5,23.5,1.7,0,0,0,0,2.3,1.2,0.0,0.1,6.1,6.2,15
17693,Brock,Bowers,Brock Bowers,/football/player/brock-bowers-17693,,&#9881;,open,,i,,TE,,TE,LV,ATL,174,44.00,4.00,20.00,4.15,0,6600,6600,0,15.41,15.41,15.41,16.7,30.4,6.0,0,0,0,0,2.3,1.3,0.0,0.0,8.8,8.8,15
10735,Hunter,Henry,Hunter Henry,/football/player/hunter-henry-10735,,&#9881;,open,,i,,TE,,TE,NE,ARI,208,46.00,6.00,20.00,3.08,0,4300,4300,0,9.96,9.96,9.96,10.4,19.2,3.3,0,0,0,0,2.3,1.4,0.0,0.0,6.0,6.0,15
20007,Cleveland,Browns,Cleveland Browns,/football/player/cleveland-browns-20007,,&#9881;,open,,i,,D," <small class=""sm-muted"">(DST)</small>",DST,CLE,KC,177,44.00,4.00,20.00,4.70,0,2200,2200,0,5.04,5.04,5.04,0.0,0.0,0.0,0,0,0,0,2.3,0.0,0.0,0.0,0.0,0.0,15
14376,Jauan,Jennings,Jauan Jennings,/football/player/jauan-jennings-14376,,&#9881;,open,,i,,WR,,WR,SF,LAR,-153,49.50,-3.00,26.25,7.56,0,6200,6200,0,14.23,14.23,14.23,15.8,39.5,2.2,0,0,0,0,2.3,1.2,0.0,0.1,7.6,7.7,15
11805,Evan,Engram,Evan Engram,/football/player/evan-engram-11805,"&nbsp;<span class=""red upper bold sm-text"">que</span>",&#9881;,open,,i,,TE,,TE,JAX,NYJ,145,40.50,3.50,18.50,3.70,0,4600,4600,0,10.78,10.78,10.78,11.3,19.2,6.9,0,0,0,0,2.3,1.5,0.0,0.0,7.1,7.1,15
12586,Courtland,Sutton,Courtland Sutton,/football/player/courtland-sutton-12586,,&#9881;,open,,i,,WR,,WR,DEN,IND,-197,44.50,-4.00,24.25,6.86,0,6600,6600,0,15.16,15.16,15.16,15.3,26.9,3.2,0,0,0,0,2.3,1.3,0.0,0.1,8.6,8.7,15
15183,Ja'Marr,Chase,Ja'Marr Chase,/football/player/jamarr-chase-15183,,&#9881;,open,,i,,WR,,WR,CIN,TEN,-232,47.00,-5.00,26.00,9.89,0,8400,8400,0,19.57,19.57,19.57,26.4,50.5,8.9,0,0,0,0,2.3,1.1,0.0,0.2,8.8,9.0,15
15909,Kenneth,Walker,Kenneth Walker,/football/player/kenneth-walker-15909,"&nbsp;<span class=""red upper bold sm-text"">que</span>",&#9881;,open,,i,,RB,,RB,SEA,GB,124,46.00,2.50,21.75,4.67,0,6300,6300,0,14.73,14.73,14.73,16.5,29.2,7.4,0,0,0,0,2.3,3.0,0.0,15.0,4.0,19.0,15
17967,Tyrone,Tracy,Tyrone Tracy,/football/player/tyrone-tracy-17967,,&#9881;,open,,i,,RB,,RB,NYG,BAL,838,42.50,16.00,13.25,4.88,0,5700,5700,0,13.08,13.08,13.08,12.7,23.5,2.3,0,0,0,0,2.3,3.4,0.0,15.5,4.1,19.6,15
11847,Kendrick,Bourne,Kendrick Bourne,/football/player/kendrick-bourne-11847,,&#9881;,open,,i,,WR,,WR,NE,ARI,208,46.00,6.00,20.00,2.87,0,3600,3600,0,8.46,8.46,8.46,5.8,14.8,0.1,0,0,0,0,2.3,1.5,0.0,0.2,5.2,5.4,15
13610,T.J.,Hockenson,T.J. Hockenson,/football/player/tj-hockenson-13610,,&#9881;,open,,i,,TE,,TE,MIN,CHI,-327,44.00,-7.00,25.50,3.86,0,4800,4800,0,11.30,11.30,11.30,10.0,19.2,3.2,0,0,0,0,2.3,1.2,0.0,0.0,5.8,5.8,15
11691,James,Conner,James Conner,/football/player/james-conner-11691,,&#9881;,open,,i,,RB,,RB,ARI,NE,-257,46.00,-6.00,26.00,8.33,0,6600,6600,0,15.30,15.30,15.30,15.4,22.2,6.2,0,0,0,0,2.3,2.8,0.0,14.8,3.4,18.2,15
16935,Tank,Dell,Tank Dell,/football/player/tank-dell-16935,,&#9881;,open,,i,,WR,,WR,HOU,MIA,-150,47.00,-3.00,25.00,5.07,0,5400,5400,0,12.47,12.47,12.47,9.7,18.9,1.5,0,0,0,0,2.3,1.2,0.0,0.9,5.8,6.7,15
14506,Tee,Higgins,Tee Higgins,/football/player/tee-higgins-14506,,&#9881;,open,,i,,WR,,WR,CIN,TEN,-232,47.00,-5.00,26.00,7.34,0,6800,6800,0,15.69,15.69,15.69,17.0,29.9,5.7,0,0,0,0,2.3,1.3,0.0,0.1,8.8,8.9,15
20017,Minnesota,Vikings,Minnesota Vikings,/football/player/minnesota-vikings-20017,,&#9881;,open,,i,,D," <small class=""sm-muted"">(DST)</small>",DST,MIN,CHI,-327,44.00,-7.00,25.50,13.66,0,3300,3300,0,7.41,7.41,7.41,0.0,0.0,0.0,0,0,0,0,2.3,0.0,0.0,0.0,0.0,0.0,15
16654,Jaxon,Smith-Njigba,Jaxon Smith-Njigba,/football/player/jaxon-smith-njigba-16654,,&#9881;,open,,i,,WR,,WR,SEA,GB,124,46.00,2.50,21.75,5.85,0,6300,6300,0,14.16,14.16,14.16,17.0,33.4,6.3,0,0,0,0,2.3,1.3,0.0,0.1,8.2,8.3,15
17716,Brian,Thomas,Brian Thomas,/football/player/brian-thomas-17716,,&#9881;,open,,i,,WR,,WR,JAX,NYJ,145,40.50,3.50,18.50,4.86,0,5800,5800,0,13.37,13.37,13.37,13.9,23.7,4.9,0,0,0,0,2.3,1.4,0.0,0.1,8.2,8.3,15
8986,Adam,Thielen,Adam Thielen,/football/player/adam-thielen-8986,,&#9881;,open,,i,,WR,,WR,CAR,DAL,-148,43.00,-3.00,23.00,5.04,0,5400,5400,0,12.43,12.43,12.43,14.4,23.4,4.9,0,0,0,0,2.3,1.6,0.0,0.1,8.3,8.4,15
11763,Aaron,Jones,Aaron Jones,/football/player/aaron-jones-11763,,&#9881;,open,,i,,RB,,RB,MIN,CHI,-327,44.00,-7.00,25.50,8.24,0,6500,6500,0,15.10,15.10,15.10,14.7,25.3,6.5,0,0,0,0,2.3,2.8,0.0,14.3,3.6,17.9,15
16104,Isiah,Pacheco,Isiah Pacheco,/football/player/isiah-pacheco-16104,,&#9881;,open,,i,,RB,,RB,KC,CLE,-216,44.00,-4.00,24.00,5.63,0,6000,6000,0,14.06,14.06,14.06,10.0,15.8,5.3,0,0,0,0,2.3,2.8,0.0,13.5,3.1,16.6,15
12477,DJ,Moore,DJ Moore,/football/player/dj-moore-12477,,&#9881;,open,,i,,WR,,WR,CHI,MIN,255,44.00,7.00,18.50,5.56,0,5800,5800,0,13.42,13.42,13.42,14.1,26.7,5.4,0,0,0,0,2.3,1.4,0.0,0.2,7.7,7.9,15
20023,Philadelphia,Eagles,Philadelphia Eagles,/football/player/philadelphia-eagles-20023,,&#9881;,open,,i,,D," <small class=""sm-muted"">(DST)</small>",DST,PHI,PIT,-240,42.50,-5.50,24.00,9.79,0,3100,3100,0,6.95,6.95,6.95,0.0,0.0,0.0,0,0,0,0,2.2,0.0,0.0,0.0,0.0,0.0,15
17674,Marvin,Harrison,Marvin Harrison,/football/player/marvin-harrison-17674,,&#9881;,open,,i,,WR,,WR,ARI,NE,-257,46.00,-6.00,26.00,5.36,0,5500,5500,0,12.16,12.16,12.16,13.0,27.3,1.8,0,0,0,0,2.2,1.2,0.0,0.1,6.8,6.9,15
16661,De'Von,Achane,De'Von Achane,/football/player/devon-achane-16661,,&#9881;,open,,i,,RB,,RB,MIA,HOU,126,47.00,3.00,22.00,8.78,0,7900,7900,0,17.72,17.72,17.72,17.3,29.5,5.2,0,0,0,0,2.2,2.3,0.0,12.5,6.0,18.5,15
20026,Seattle,Seahawks,Seattle Seahawks,/football/player/seattle-seahawks-20026,,&#9881;,open,,i,,D," <small class=""sm-muted"">(DST)</small>",DST,SEA,GB,124,46.00,2.50,21.75,3.65,0,2600,2600,0,5.70,5.70,5.70,0.0,0.0,0.0,0,0,0,0,2.2,0.0,0.0,0.0,0.0,0.0,15
15332,Amon-Ra,St. Brown,Amon-Ra St. Brown,/football/player/amon-ra-st-brown-15332,,&#9881;,open,,i,,WR,,WR,DET,BUF,-141,54.50,-2.50,28.50,8.49,0,7600,7600,0,16.56,16.56,16.56,19.2,35.1,9.3,0,0,0,0,2.2,1.1,0.0,0.4,8.1,8.5,15
20019,New Orleans,Saints,New Orleans Saints,/football/player/new-orleans-saints-20019,,&#9881;,open,,i,,D," <small class=""sm-muted"">(DST)</small>",DST,NO,WAS,283,43.50,7.50,18.00,2.98,0,2400,2400,0,5.17,5.17,5.17,0.0,0.0,0.0,0,0,0,0,2.2,0.0,0.0,0.0,0.0,0.0,15
20004,Carolina,Panthers,Carolina Panthers,/football/player/carolina-panthers-20004,,&#9881;,open,,i,,D," <small class=""sm-muted"">(DST)</small>",DST,CAR,DAL,-148,43.00,-3.00,23.00,0.78,0,2700,2700,0,5.92,5.92,5.92,0.0,0.0,0.0,0,0,0,0,2.2,0.0,0.0,0.0,0.0,0.0,15
20009,Denver,Broncos,Denver Broncos,/football/player/denver-broncos-20009,,&#9881;,open,,i,,D," <small class=""sm-muted"">(DST)</small>",DST,DEN,IND,-197,44.50,-4.00,24.25,8.93,0,3200,3200,0,7.16,7.16,7.16,0.0,0.0,0.0,0,0,0,0,2.2,0.0,0.0,0.0,0.0,0.0,15
20031,Washington,Commanders,Washington Commanders,/football/player/washington-commanders-20031,,&#9881;,open,,i,,D," <small class=""sm-muted"">(DST)</small>",DST,WAS,NO,-361,43.50,-7.50,25.50,5.80,0,3400,3400,0,7.45,7.45,7.45,0.0,0.0,0.0,0,0,0,0,2.2,0.0,0.0,0.0,0.0,0.0,15
16751,DeMario,Douglas,DeMario Douglas,/football/player/demario-douglas-16751,,&#9881;,open,,i,,WR,,WR,NE,ARI,208,46.00,6.00,20.00,4.26,0,4500,4500,0,9.86,9.86,9.86,8.8,17.9,1.5,0,0,0,0,2.2,1.4,0.0,0.4,6.0,6.4,15
15200,Nico,Collins,Nico Collins,/football/player/nico-collins-15200,,&#9881;,open,,i,,WR,,WR,HOU,MIA,-150,47.00,-3.00,25.00,7.69,0,8100,8100,0,17.89,17.89,17.89,21.1,33.4,10.4,0,0,0,0,2.2,1.1,0.0,0.1,8.9,9.0,15
17748,Ja'Tavion,Sanders,Ja'Tavion Sanders,/football/player/jatavion-sanders-17748,,&#9881;,open,,i,,TE,,TE,CAR,DAL,-148,43.00,-3.00,23.00,2.01,0,3100,3100,0,6.75,6.75,6.75,5.8,11.6,0.6,0,0,0,0,2.2,1.3,0.0,0.0,4.1,4.1,15
20030,Tennessee,Titans,Tennessee Titans,/football/player/tennessee-titans-20030,,&#9881;,open,,i,,D," <small class=""sm-muted"">(DST)</small>",DST,TEN,CIN,188,47.00,5.00,21.00,2.51,0,2300,2300,0,5.07,5.07,5.07,0.0,0.0,0.0,0,0,0,0,2.2,0.0,0.0,0.0,0.0,0.0,15
14411,CeeDee,Lamb,CeeDee Lamb,/football/player/ceedee-lamb-14411,,&#9881;,open,,i,,WR,,WR,DAL,CAR,123,43.00,3.00,20.00,6.68,0,7300,7300,0,16.19,16.19,16.19,17.3,34.8,6.8,0,0,0,0,2.2,1.4,0.0,0.9,9.5,10.4,15
16649,Tucker,Kraft,Tucker Kraft,/football/player/tucker-kraft-16649,,&#9881;,open,,i,,TE,,TE,GB,SEA,-147,46.00,-2.50,24.25,2.78,0,4000,4000,0,8.62,8.62,8.62,10.6,21.2,1.7,0,0,0,0,2.2,1.2,0.0,0.0,4.6,4.6,15
16706,Cedric,Tillman,Cedric Tillman,/football/player/cedric-tillman-16706,"&nbsp;<span class=""red upper bold sm-text"">que</span>",&#9881;,open,,i,,WR,,WR,CLE,KC,177,44.00,4.00,20.00,3.11,0,4900,4900,0,10.58,10.58,10.58,7.8,23.5,0.0,0,0,0,0,2.2,1.5,0.0,0.2,7.2,7.4,15
15265,Kyle,Pitts,Kyle Pitts,/football/player/kyle-pitts-15265,,&#9881;,open,,i,,TE,,TE,ATL,LV,-212,44.00,-4.00,24.00,2.79,0,3900,3900,0,8.55,8.55,8.55,7.8,20.2,0.1,0,0,0,0,2.2,1.2,0.0,0.0,4.7,4.7,15
12809,Tyler,Conklin,Tyler Conklin,/football/player/tyler-conklin-12809,,&#9881;,open,,i,,TE,,TE,NYJ,JAX,-175,40.50,-3.50,22.00,2.37,0,2800,2800,0,6.05,6.05,6.05,6.1,12.6,1.0,0,0,0,0,2.2,1.3,0.0,0.0,3.7,3.7,15
16808,Jahmyr,Gibbs,Jahmyr Gibbs,/football/player/jahmyr-gibbs-16808,,&#9881;,open,,i,,RB,,RB,DET,BUF,-141,54.50,-2.50,28.50,8.24,0,7500,7500,0,16.60,16.60,16.60,18.9,30.2,11.8,0,0,0,0,2.2,2.2,0.0,12.4,4.1,16.5,15
16027,Romeo,Doubs,Romeo Doubs,/football/player/romeo-doubs-16027,"&nbsp;<span class=""red upper bold sm-text"">que</span>",&#9881;,open,,i,,WR,,WR,GB,SEA,-147,46.00,-2.50,24.25,3.19,0,4600,4600,0,9.91,9.91,9.91,9.5,17.6,3.2,0,0,0,0,2.2,1.2,0.0,0.1,5.6,5.7,15
14458,Jerry,Jeudy,Jerry Jeudy,/football/player/jerry-jeudy-14458,,&#9881;,open,,i,,WR,,WR,CLE,KC,177,44.00,4.00,20.00,5.57,0,6200,6200,0,13.71,13.71,13.71,14.3,33.6,2.8,0,0,0,0,2.2,1.4,0.0,0.2,8.7,8.9,15
15892,Khalil,Shakir,Khalil Shakir,/football/player/khalil-shakir-15892,,&#9881;,open,,i,,WR,,WR,BUF,DET,118,54.50,2.50,26.00,4.90,0,6100,6100,0,13.64,13.64,13.64,13.6,22.3,5.6,0,0,0,0,2.2,1.1,0.0,0.1,6.8,6.9,15
15874,Calvin,Austin,Calvin Austin,/football/player/calvin-austin-15874,,&#9881;,open,,i,,WR,,WR,PIT,PHI,196,42.50,5.50,18.50,3.42,0,3600,3600,0,7.93,7.93,7.93,7.5,17.7,0.5,0,0,0,0,2.2,1.4,0.0,0.7,4.2,4.9,15
11807,Jonnu,Smith,Jonnu Smith,/football/player/jonnu-smith-11807,,&#9881;,open,,i,,TE,,TE,MIA,HOU,126,47.00,3.00,22.00,3.03,0,5400,5400,0,11.78,11.78,11.78,13.7,27.2,2.1,0,0,0,0,2.2,1.2,0.0,0.0,6.6,6.6,15
11863,Cooper,Kupp,Cooper Kupp,/football/player/cooper-kupp-11863,,&#9881;,open,,i,,WR,,WR,LAR,SF,128,49.50,3.00,23.25,6.96,0,7000,7000,0,15.61,15.61,15.61,17.5,28.9,6.7,0,0,0,0,2.2,1.3,0.0,0.3,8.8,9.1,15
12616,Calvin,Ridley,Calvin Ridley,/football/player/calvin-ridley-12616,,&#9881;,open,,i,,WR,,WR,TEN,CIN,188,47.00,5.00,21.00,5.07,0,5900,5900,0,12.91,12.91,12.91,12.1,24.0,1.9,0,0,0,0,2.2,1.4,0.0,0.4,7.7,8.1,15
13582,Josh,Jacobs,Josh Jacobs,/football/player/josh-jacobs-13582,,&#9881;,open,,i,,RB,,RB,GB,SEA,-147,46.00,-2.50,24.25,8.72,0,7400,7400,0,16.38,16.38,16.38,18.8,29.0,8.5,0,0,0,0,2.2,2.7,0.0,17.1,3.2,20.3,15
11732,Alvin,Kamara,Alvin Kamara,/football/player/alvin-kamara-11732,,&#9881;,open,,i,,RB,,RB,NO,WAS,283,43.50,7.50,18.00,8.38,0,7700,7700,0,16.63,16.63,16.63,19.6,38.5,8.8,0,0,0,0,2.2,2.6,0.0,14.1,5.7,19.8,15
17724,Ladd,McConkey,Ladd McConkey,/football/player/ladd-mcconkey-17724,"&nbsp;<span class=""red upper bold sm-text"">que</span>",&#9881;,open,,i,,WR,,WR,LAC,TB,-154,45.50,-3.00,24.25,5.67,0,6300,6300,0,14.02,14.02,14.02,14.3,27.5,5.2,0,0,0,0,2.2,1.2,0.0,0.1,7.5,7.6,15
17784,Bucky,Irving,Bucky Irving,/football/player/bucky-irving-17784,"&nbsp;<span class=""red upper bold sm-text"">que</span>",&#9881;,open,,i,,RB,,RB,TB,LAC,128,45.50,3.00,21.25,4.10,0,6300,6300,0,13.55,13.55,13.55,14.0,26.7,3.6,0,0,0,0,2.2,2.6,0.0,12.5,3.7,16.2,15
13424,DK,Metcalf,DK Metcalf,/football/player/dk-metcalf-13424,,&#9881;,open,,i,,WR,,WR,SEA,GB,124,46.00,2.50,21.75,5.38,0,6000,6000,0,13.18,13.18,13.18,15.4,27.7,7.6,0,0,0,0,2.2,1.2,0.0,0.1,7.2,7.3,15
14436,Cole,Kmet,Cole Kmet,/football/player/cole-kmet-14436,,&#9881;,open,,i,,TE,,TE,CHI,MIN,255,44.00,7.00,18.50,2.42,0,3800,3800,0,8.07,8.07,8.07,8.6,21.4,0.1,0,0,0,0,2.1,1.3,0.0,0.0,4.9,4.9,15
11885,Mike,Williams,Mike Williams,/football/player/mike-williams-11885,,&#9881;,open,,i,,WR,,WR,PIT,PHI,196,42.50,5.50,18.50,2.45,0,3800,3800,0,7.93,7.93,7.93,3.2,8.9,0.0,0,0,0,0,2.1,1.2,0.0,0.1,4.4,4.5,15
20008,Dallas,Cowboys,Dallas Cowboys,/football/player/dallas-cowboys-20008,,&#9881;,open,,i,,D," <small class=""sm-muted"">(DST)</small>",DST,DAL,CAR,123,43.00,3.00,20.00,2.42,0,2800,2800,0,5.76,5.76,5.76,0.0,0.0,0.0,0,0,0,0,2.1,0.0,0.0,0.0,0.0,0.0,15
15807,Kyren,Williams,Kyren Williams,/football/player/kyren-williams-15807,,&#9881;,open,,i,,RB,,RB,LAR,SF,128,49.50,3.00,23.25,6.50,0,7300,7300,0,15.02,15.02,15.02,18.1,28.2,10.1,0,0,0,0,2.1,2.6,0.0,16.8,2.5,19.3,15
14455,Jonathan,Taylor,Jonathan Taylor,/football/player/jonathan-taylor-14455,,&#9881;,open,,i,,RB,,RB,IND,DEN,162,44.50,4.00,20.25,5.54,0,6900,6900,0,14.48,14.48,14.48,15.9,26.8,5.7,0,0,0,0,2.1,2.7,0.0,16.1,2.5,18.6,15
15849,Jameson,Williams,Jameson Williams,/football/player/jameson-williams-15849,,&#9881;,open,,i,,WR,,WR,DET,BUF,-141,54.50,-2.50,28.50,4.40,0,5600,5600,0,11.54,11.54,11.54,11.8,22.5,2.5,0,0,0,0,2.1,1.1,0.0,0.5,5.5,6.0,15
15829,Garrett,Wilson,Garrett Wilson,/football/player/garrett-wilson-15829,,&#9881;,open,,i,,WR,,WR,NYJ,JAX,-175,40.50,-3.50,22.00,5.74,0,6500,6500,0,13.84,13.84,13.84,16.2,28.6,6.5,0,0,0,0,2.1,1.3,0.0,0.3,8.1,8.4,15
17947,Isaac,Guerendo,Isaac Guerendo,/football/player/isaac-guerendo-17947,"&nbsp;<span class=""red upper bold sm-text"">que</span>",&#9881;,open,,i,,RB,,RB,SF,LAR,-153,49.50,-3.00,26.25,6.38,0,6400,6400,0,13.65,13.65,13.65,5.3,20.4,0.0,0,0,0,0,2.1,2.8,0.0,15.5,2.6,18.1,15
17734,Xavier,Legette,Xavier Legette,/football/player/xavier-legette-17734,,&#9881;,open,,i,,WR,,WR,CAR,DAL,-148,43.00,-3.00,23.00,3.30,0,4700,4700,0,9.68,9.68,9.68,8.4,16.8,1.4,0,0,0,0,2.1,1.4,0.0,0.2,6.3,6.5,15
16790,Puka,Nacua,Puka Nacua,/football/player/puka-nacua-16790,,&#9881;,open,,i,,WR,,WR,LAR,SF,128,49.50,3.00,23.25,6.35,0,8000,8000,0,17.03,17.03,17.03,22.3,40.0,5.8,0,0,0,0,2.1,1.2,0.0,0.5,9.2,9.7,15
13556,David,Montgomery,David Montgomery,/football/player/david-montgomery-13556,,&#9881;,open,,i,,RB,,RB,DET,BUF,-141,54.50,-2.50,28.50,5.23,0,7000,7000,0,14.47,14.47,14.47,16.8,23.0,10.6,0,0,0,0,2.1,2.2,0.0,13.2,2.3,15.5,15
16039,Grant,Calcaterra,Grant Calcaterra,/football/player/grant-calcaterra-16039,,&#9881;,open,,i,,TE,,TE,PHI,PIT,-240,42.50,-5.50,24.00,2.42,0,3500,3500,0,7.22,7.22,7.22,3.9,9.5,0.0,0,0,0,0,2.1,1.3,0.0,0.0,4.6,4.6,15
20013,Indianapolis,Colts,Indianapolis Colts,/football/player/indianapolis-colts-20013,,&#9881;,open,,i,,D," <small class=""sm-muted"">(DST)</small>",DST,IND,DEN,162,44.50,4.00,20.25,0.36,0,2500,2500,0,5.33,5.33,5.33,0.0,0.0,0.0,0,0,0,0,2.1,0.0,0.0,0.0,0.0,0.0,15
16697,Dalton,Kincaid,Dalton Kincaid,/football/player/dalton-kincaid-16697,,&#9881;,open,,i,,TE,,TE,BUF,DET,118,54.50,2.50,26.00,2.26,0,4900,4900,0,10.09,10.09,10.09,8.8,12.5,5.0,0,0,0,0,2.1,1.1,0.0,0.0,5.5,5.5,15
10988,Sterling,Shepard,Sterling Shepard,/football/player/sterling-shepard-10988,,&#9881;,open,,i,,WR,,WR,TB,LAC,128,45.50,3.00,21.25,2.78,0,4000,4000,0,8.20,8.20,8.20,6.3,10.4,1.4,0,0,0,0,2.1,1.2,0.0,0.0,4.6,4.6,15
20024,Pittsburgh,Steelers,Pittsburgh Steelers,/football/player/pittsburgh-steelers-20024,,&#9881;,open,,i,,D," <small class=""sm-muted"">(DST)</small>",DST,PIT,PHI,196,42.50,5.50,18.50,3.68,0,2800,2800,0,5.82,5.82,5.82,0.0,0.0,0.0,0,0,0,0,2.1,0.0,0.0,0.0,0.0,0.0,15
16895,Jordan,Addison,Jordan Addison,/football/player/jordan-addison-16895,,&#9881;,open,,i,,WR,,WR,MIN,CHI,-327,44.00,-7.00,25.50,4.08,0,5900,5900,0,12.21,12.21,12.21,16.4,35.8,3.9,0,0,0,0,2.1,1.1,0.0,0.2,6.4,6.6,15
20001,Arizona,Cardinals,Arizona Cardinals,/football/player/arizona-cardinals-20001,,&#9881;,open,,i,,D," <small class=""sm-muted"">(DST)</small>",DST,ARI,NE,-257,46.00,-6.00,26.00,3.56,0,3000,3000,0,6.24,6.24,6.24,0.0,0.0,0.0,0,0,0,0,2.1,0.0,0.0,0.0,0.0,0.0,15
20018,New England,Patriots,New England Patriots,/football/player/new-england-patriots-20018,,&#9881;,open,,i,,D," <small class=""sm-muted"">(DST)</small>",DST,NE,ARI,208,46.00,6.00,20.00,0.32,0,2400,2400,0,5.04,5.04,5.04,0.0,0.0,0.0,0,0,0,0,2.1,0.0,0.0,0.0,0.0,0.0,15
20022,Las Vegas,Raiders,Las Vegas Raiders,/football/player/las-vegas-raiders-20022,,&#9881;,open,,i,,D," <small class=""sm-muted"">(DST)</small>",DST,LV,ATL,174,44.00,4.00,20.00,0.59,0,2500,2500,0,5.14,5.14,5.14,0.0,0.0,0.0,0,0,0,0,2.1,0.0,0.0,0.0,0.0,0.0,15
17704,Malik,Nabers,Malik Nabers,/football/player/malik-nabers-17704,"&nbsp;<span class=""red upper bold sm-text"">que</span>",&#9881;,open,,i,,WR,,WR,NYG,BAL,838,42.50,16.00,13.25,5.37,0,6400,6400,0,13.56,13.56,13.56,17.5,28.6,8.7,0,0,0,0,2.1,1.5,0.0,0.1,9.6,9.7,15
15876,James,Cook,James Cook,/football/player/james-cook-15876,,&#9881;,open,,i,,RB,,RB,BUF,DET,118,54.50,2.50,26.00,5.23,0,6800,6800,0,13.97,13.97,13.97,16.9,28.4,6.6,0,0,0,0,2.1,2.5,0.0,14.5,2.5,17.0,15
20016,Miami,Dolphins,Miami Dolphins,/football/player/miami-dolphins-20016,,&#9881;,open,,i,,D," <small class=""sm-muted"">(DST)</small>",DST,MIA,HOU,126,47.00,3.00,22.00,3.49,0,2500,2500,0,5.22,5.22,5.22,0.0,0.0,0.0,0,0,0,0,2.1,0.0,0.0,0.0,0.0,0.0,15
14394,D'Andre,Swift,D'Andre Swift,/football/player/dandre-swift-14394,,&#9881;,open,,i,,RB,,RB,CHI,MIN,255,44.00,7.00,18.50,4.78,0,5600,5600,0,11.75,11.75,11.75,14.1,25.7,5.7,0,0,0,0,2.1,3.0,0.0,14.1,2.9,17.0,15
15372,Rhamondre,Stevenson,Rhamondre Stevenson,/football/player/rhamondre-stevenson-15372,,&#9881;,open,,i,,RB,,RB,NE,ARI,208,46.00,6.00,20.00,4.06,0,5900,5900,0,12.01,12.01,12.01,11.9,20.9,2.8,0,0,0,0,2.0,2.8,0.0,12.8,3.5,16.3,15
16941,Tyjae,Spears,Tyjae Spears,/football/player/tyjae-spears-16941,,&#9881;,open,,i,,RB,,RB,TEN,CIN,188,47.00,5.00,21.00,3.63,0,4300,4300,0,8.78,8.78,8.78,5.5,10.8,0.9,0,0,0,0,2.0,2.3,0.0,6.9,3.1,10.0,15
20002,Baltimore,Ravens,Baltimore Ravens,/football/player/baltimore-ravens-20002,,&#9881;,open,,i,,D," <small class=""sm-muted"">(DST)</small>",DST,BAL,NYG,-1516,42.50,-16.00,29.25,2.72,0,3900,3900,0,7.60,7.60,7.60,0.0,0.0,0.0,0,0,0,0,2.0,0.0,0.0,0.0,0.0,0.0,15
15404,Jaylen,Waddle,Jaylen Waddle,/football/player/jaylen-waddle-15404,,&#9881;,open,,i,,WR,,WR,MIA,HOU,126,47.00,3.00,22.00,3.76,0,5700,5700,0,11.25,11.25,11.25,10.3,24.7,2.4,0,0,0,0,2.0,1.1,0.0,0.1,6.2,6.3,15
15459,Noah,Gray,Noah Gray,/football/player/noah-gray-15459,,&#9881;,open,,i,,TE,,TE,KC,CLE,-216,44.00,-4.00,24.00,2.23,0,3200,3200,0,6.52,6.52,6.52,7.7,18.6,0.4,0,0,0,0,2.0,1.1,0.0,0.0,3.5,3.5,15
13536,Terry,McLaurin,Terry McLaurin,/football/player/terry-mclaurin-13536,,&#9881;,open,,i,,WR,,WR,WAS,NO,-361,43.50,-7.50,25.50,5.31,0,7200,7200,0,14.69,14.69,14.69,17.9,26.1,6.4,0,0,0,0,2.0,1.0,0.0,0.1,7.4,7.5,15
20014,Jacksonville,Jaguars,Jacksonville Jaguars,/football/player/jacksonville-jaguars-20014,,&#9881;,open,,i,,D," <small class=""sm-muted"">(DST)</small>",DST,JAX,NYJ,145,40.50,3.50,18.50,1.16,0,2700,2700,0,5.38,5.38,5.38,0.0,0.0,0.0,0,0,0,0,2.0,0.0,0.0,0.0,0.0,0.0,15
16107,Sincere,McCormick,Sincere McCormick,/football/player/sincere-mccormick-16107,,&#9881;,open,,i,,RB,,RB,LV,ATL,174,44.00,4.00,20.00,4.01,0,4700,4700,0,9.20,9.20,9.20,5.7,10.8,0.4,0,0,0,0,2.0,2.7,0.0,11.4,1.5,12.9,15
12570,Ray-Ray,McCloud,Ray-Ray McCloud,/football/player/ray-ray-mccloud-12570,,&#9881;,open,,i,,WR,,WR,ATL,LV,-212,44.00,-4.00,24.00,3.27,0,4500,4500,0,8.96,8.96,8.96,9.2,15.3,4.0,0,0,0,0,2.0,1.3,0.0,0.8,5.1,5.9,15
15984,Jaylen,Warren,Jaylen Warren,/football/player/jaylen-warren-15984,,&#9881;,open,,i,,RB,,RB,PIT,PHI,196,42.50,5.50,18.50,3.35,0,5400,5400,0,10.57,10.57,10.57,8.6,13.9,3.0,0,0,0,0,2.0,2.3,0.0,9.3,3.2,12.5,15
20029,Tampa Bay,Buccaneers,Tampa Bay Buccaneers,/football/player/tampa-bay-buccaneers-20029,,&#9881;,open,,i,,D," <small class=""sm-muted"">(DST)</small>",DST,TB,LAC,128,45.50,3.00,21.25,0.73,0,2600,2600,0,5.17,5.17,5.17,0.0,0.0,0.0,0,0,0,0,2.0,0.0,0.0,0.0,0.0,0.0,15
17732,Keon,Coleman,Keon Coleman,/football/player/keon-coleman-17732,,&#9881;,open,,i,,WR,,WR,BUF,DET,118,54.50,2.50,26.00,2.64,0,4800,4800,0,9.67,9.67,9.67,9.5,17.9,1.3,0,0,0,0,2.0,1.1,0.0,0.1,5.1,5.2,15
14509,Justin,Jefferson,Justin Jefferson,/football/player/justin-jefferson-14509,,&#9881;,open,,i,,WR,,WR,MIN,CHI,-327,44.00,-7.00,25.50,5.99,0,8200,8200,0,16.53,16.53,16.53,19.3,31.2,8.0,0,0,0,0,2.0,1.0,0.0,0.1,8.4,8.5,15
9455,Davante,Adams,Davante Adams,/football/player/davante-adams-9455,,&#9881;,open,,i,,WR,,WR,NYJ,JAX,-175,40.50,-3.50,22.00,5.25,0,6900,6900,0,13.90,13.90,13.90,15.9,26.9,6.5,0,0,0,0,2.0,1.1,0.0,0.1,7.8,7.9,15
9253,Mike,Evans,Mike Evans,/football/player/mike-evans-9253,,&#9881;,open,,i,,WR,,WR,TB,LAC,128,45.50,3.00,21.25,4.94,0,7100,7100,0,14.32,14.32,14.32,13.8,25.8,4.2,0,0,0,0,2.0,1.1,0.0,0.1,8.0,8.1,15
15210,Rashod,Bateman,Rashod Bateman,/football/player/rashod-bateman-15210,"&nbsp;<span class=""red upper bold sm-text"">que</span>",&#9881;,open,,i,,WR,,WR,BAL,NYG,-1516,42.50,-16.00,29.25,2.94,0,4400,4400,0,8.75,8.75,8.75,9.8,21.1,1.3,0,0,0,0,2.0,1.0,0.0,0.1,4.5,4.6,15
15907,Brian,Robinson,Brian Robinson,/football/player/brian-robinson-15907,,&#9881;,open,,i,,RB,,RB,WAS,NO,-361,43.50,-7.50,25.50,5.56,0,6200,6200,0,12.47,12.47,12.47,14.0,21.7,5.6,0,0,0,0,2.0,2.8,0.0,14.8,2.5,17.3,15
14510,Darnell,Mooney,Darnell Mooney,/football/player/darnell-mooney-14510,,&#9881;,open,,i,,WR,,WR,ATL,LV,-212,44.00,-4.00,24.00,4.07,0,5600,5600,0,11.18,11.18,11.18,14.8,29.0,5.4,0,0,0,0,2.0,1.2,0.0,0.2,6.4,6.6,15
15280,Elijah,Moore,Elijah Moore,/football/player/elijah-moore-15280,,&#9881;,open,,i,,WR,,WR,CLE,KC,177,44.00,4.00,20.00,3.06,0,5000,5000,0,10.07,10.07,10.07,8.9,19.0,1.7,0,0,0,0,2.0,1.4,0.0,0.4,6.8,7.2,15
16032,Cade,Otton,Cade Otton,/football/player/cade-otton-16032,,&#9881;,open,,i,,TE,,TE,TB,LAC,128,45.50,3.00,21.25,2.67,0,4500,4500,0,8.86,8.86,8.86,11.6,24.5,1.4,0,0,0,0,2.0,1.2,0.0,0.0,5.2,5.2,15
15802,Rachaad,White,Rachaad White,/football/player/rachaad-white-15802,,&#9881;,open,,i,,RB,,RB,TB,LAC,128,45.50,3.00,21.25,3.79,0,5800,5800,0,11.23,11.23,11.23,14.1,25.4,4.8,0,0,0,0,1.9,2.3,0.0,9.5,3.6,13.1,15
16899,Quentin,Johnston,Quentin Johnston,/football/player/quentin-johnston-16899,,&#9881;,open,,i,,WR,,WR,LAC,TB,-154,45.50,-3.00,24.25,2.73,0,5000,5000,0,9.55,9.55,9.55,10.9,22.2,1.3,0,0,0,0,1.9,1.1,0.0,0.1,5.5,5.6,15
16705,Tank,Bigsby,Tank Bigsby,/football/player/tank-bigsby-16705,,&#9881;,open,,i,,RB,,RB,JAX,NYJ,145,40.50,3.50,18.50,2.27,0,5100,5100,0,9.44,9.44,9.44,9.0,24.1,0.0,0,0,0,0,1.9,2.6,0.0,11.5,1.7,13.2,15
17020,Rome,Odunze,Rome Odunze,/football/player/rome-odunze-17020,,&#9881;,open,,i,,WR,,WR,CHI,MIN,255,44.00,7.00,18.50,2.60,0,5300,5300,0,10.12,10.12,10.12,10.6,22.2,2.6,0,0,0,0,1.9,1.2,0.0,0.1,6.3,6.4,15
15406,DeVonta,Smith,DeVonta Smith,/football/player/devonta-smith-15406,,&#9881;,open,,i,,WR,,WR,PHI,PIT,-240,42.50,-5.50,24.00,3.16,0,5500,5500,0,10.17,10.17,10.17,12.8,20.4,3.1,0,0,0,0,1.9,1.0,0.0,0.0,5.3,5.3,15
15468,Najee,Harris,Najee Harris,/football/player/najee-harris-15468,,&#9881;,open,,i,,RB,,RB,PIT,PHI,196,42.50,5.50,18.50,3.58,0,5900,5900,0,11.04,11.04,11.04,14.3,22.5,7.9,0,0,0,0,1.9,2.9,0.0,14.6,2.3,16.9,15
13786,Josh,Oliver,Josh Oliver,/football/player/josh-oliver-13786,,&#9881;,open,,i,,TE,,TE,MIN,CHI,-327,44.00,-7.00,25.50,1.30,0,2700,2700,0,5.18,5.18,5.18,5.8,14.1,0.0,0,0,0,0,1.9,1.0,0.0,0.0,2.8,2.8,15
17687,Xavier,Worthy,Xavier Worthy,/football/player/xavier-worthy-17687,,&#9881;,open,,i,,WR,,WR,KC,CLE,-216,44.00,-4.00,24.00,2.90,0,5100,5100,0,9.85,9.85,9.85,8.6,15.5,1.0,0,0,0,0,1.9,1.0,0.0,0.2,5.1,5.3,15
11222,Tyreek,Hill,Tyreek Hill,/football/player/tyreek-hill-11222,,&#9881;,open,,i,,WR,,WR,MIA,HOU,126,47.00,3.00,22.00,4.61,0,7400,7400,0,14.07,14.07,14.07,12.9,25.8,3.8,0,0,0,0,1.9,1.0,0.0,0.2,7.3,7.5,15
15838,Wan'Dale,Robinson,Wan'Dale Robinson,/football/player/wandale-robinson-15838,,&#9881;,open,,i,,WR,,WR,NYG,BAL,838,42.50,16.00,13.25,2.50,0,4600,4600,0,8.49,8.49,8.49,9.8,16.2,4.0,0,0,0,0,1.9,1.5,0.0,0.6,6.2,6.8,15
16042,Chigoziem,Okonkwo,Chigoziem Okonkwo,/football/player/chigoziem-okonkwo-16042,,&#9881;,open,,i,,TE,,TE,TEN,CIN,188,47.00,5.00,21.00,1.88,0,2900,2900,0,5.38,5.38,5.38,5.1,11.3,1.6,0,0,0,0,1.9,1.1,0.0,0.1,3.1,3.2,15
13987,Scotty,Miller,Scotty Miller,/football/player/scotty-miller-13987,,&#9881;,open,,i,,WR,,WR,PIT,PHI,196,42.50,5.50,18.50,1.13,0,3000,3000,0,5.71,5.71,5.71,1.3,5.4,0.0,0,0,0,0,1.9,1.3,0.0,0.4,3.5,3.9,15
15306,Javonte,Williams,Javonte Williams,/football/player/javonte-williams-15306,,&#9881;,open,,i,,RB,,RB,DEN,IND,-197,44.50,-4.00,24.25,3.32,0,5200,5200,0,9.86,9.86,9.86,10.6,21.8,3.1,0,0,0,0,1.9,2.3,0.0,7.8,3.9,11.7,15
13429,Deebo,Samuel,Deebo Samuel,/football/player/deebo-samuel-13429,,&#9881;,open,,i,,WR,,WR,SF,LAR,-153,49.50,-3.00,26.25,3.52,0,5700,5700,0,10.81,10.81,10.81,10.1,20.8,1.2,0,0,0,0,1.9,1.2,0.0,2.1,4.9,7.0,15
10748,Austin,Hooper,Austin Hooper,/football/player/austin-hooper-10748,,&#9881;,open,,i,,TE,,TE,NE,ARI,208,46.00,6.00,20.00,1.58,0,3200,3200,0,6.14,6.14,6.14,6.4,13.7,0.9,0,0,0,0,1.9,1.2,0.0,0.0,3.7,3.7,15
14378,Michael,Pittman,Michael Pittman,/football/player/michael-pittman-14378,,&#9881;,open,,i,,WR,,WR,IND,DEN,162,44.50,4.00,20.25,2.57,0,5200,5200,0,10.05,10.05,10.05,9.9,17.9,3.4,0,0,0,0,1.9,1.2,0.0,0.1,6.1,6.2,15
20011,Green Bay,Packers,Green Bay Packers,/football/player/green-bay-packers-20011,,&#9881;,open,,i,,D," <small class=""sm-muted"">(DST)</small>",DST,GB,SEA,-147,46.00,-2.50,24.25,1.26,0,3100,3100,0,5.83,5.83,5.83,0.0,0.0,0.0,0,0,0,0,1.9,0.0,0.0,0.0,0.0,0.0,15
20027,San Francisco,49ers,San Francisco 49ers,/football/player/san-francisco-49ers-20027,,&#9881;,open,,i,,D," <small class=""sm-muted"">(DST)</small>",DST,SF,LAR,-153,49.50,-3.00,26.25,1.42,0,2900,2900,0,5.54,5.54,5.54,0.0,0.0,0.0,0,0,0,0,1.9,0.0,0.0,0.0,0.0,0.0,15
13565,Lil'Jordan,Humphrey,Lil'Jordan Humphrey,/football/player/liljordan-humphrey-13565,,&#9881;,open,,i,,WR,,WR,DEN,IND,-197,44.50,-4.00,24.25,1.72,0,3000,3000,0,5.64,5.64,5.64,5.1,12.4,0.3,0,0,0,0,1.9,1.2,0.0,0.0,3.5,3.5,15
12934,Marquez,Valdes-Scantling,Marquez Valdes-Scantling,/football/player/marquez-valdes-scantling-12934,,&#9881;,open,,i,,WR,,WR,NO,WAS,283,43.50,7.50,18.00,2.28,0,4500,4500,0,8.59,8.59,8.59,7.0,22.8,0.0,0,0,0,0,1.9,1.3,0.0,0.3,5.4,5.7,15
20000,Atlanta,Falcons,Atlanta Falcons,/football/player/atlanta-falcons-20000,,&#9881;,open,,i,,D," <small class=""sm-muted"">(DST)</small>",DST,ATL,LV,-212,44.00,-4.00,24.00,2.11,0,3200,3200,0,6.09,6.09,6.09,0.0,0.0,0.0,0,0,0,0,1.9,0.0,0.0,0.0,0.0,0.0,15
12061,Tim,Patrick,Tim Patrick,/football/player/tim-patrick-12061,,&#9881;,open,,i,,WR,,WR,DET,BUF,-141,54.50,-2.50,28.50,2.09,0,4300,4300,0,8.24,8.24,8.24,6.2,17.3,0.1,0,0,0,0,1.9,1.0,0.0,0.2,4.3,4.5,15
13590,Tony,Pollard,Tony Pollard,/football/player/tony-pollard-13590,,&#9881;,open,,i,,RB,,RB,TEN,CIN,188,47.00,5.00,21.00,4.40,0,6700,6700,0,12.76,12.76,12.76,14.1,22.7,6.4,0,0,0,0,1.9,2.6,0.0,14.6,3.1,17.7,15
20028,Los Angeles,Rams,Los Angeles Rams,/football/player/los-angeles-rams-20028,,&#9881;,open,,i,,D," <small class=""sm-muted"">(DST)</small>",DST,LAR,SF,128,49.50,3.00,23.25,0.29,0,2700,2700,0,5.02,5.02,5.02,0.0,0.0,0.0,0,0,0,0,1.9,0.0,0.0,0.0,0.0,0.0,15
20010,Detroit,Lions,Detroit Lions,/football/player/detroit-lions-20010,,&#9881;,open,,i,,D," <small class=""sm-muted"">(DST)</small>",DST,DET,BUF,-141,54.50,-2.50,28.50,0.10,0,2900,2900,0,5.10,5.10,5.10,0.0,0.0,0.0,0,0,0,0,1.8,0.0,0.0,0.0,0.0,0.0,15
16033,Isaiah,Likely,Isaiah Likely,/football/player/isaiah-likely-16033,,&#9881;,open,,i,,TE,,TE,BAL,NYG,-1516,42.50,-16.00,29.25,1.66,0,3600,3600,0,6.54,6.54,6.54,6.2,14.1,0.3,0,0,0,0,1.8,0.9,0.0,0.0,3.3,3.3,15
12216,David,Moore,David Moore,/football/player/david-moore-12216,,&#9881;,open,,i,,WR,,WR,CAR,DAL,-148,43.00,-3.00,23.00,1.69,0,3900,3900,0,6.84,6.84,6.84,4.7,15.3,0.0,0,0,0,0,1.8,1.1,0.0,0.2,4.0,4.2,15
11710,Curtis,Samuel,Curtis Samuel,/football/player/curtis-samuel-11710,,&#9881;,open,,i,,WR,,WR,BUF,DET,118,54.50,2.50,26.00,1.09,0,3600,3600,0,6.60,6.60,6.60,4.3,13.0,0.0,0,0,0,0,1.8,1.0,0.0,0.6,3.1,3.7,15
10161,Tyler,Lockett,Tyler Lockett,/football/player/tyler-lockett-10161,,&#9881;,open,,i,,WR,,WR,SEA,GB,124,46.00,2.50,21.75,2.29,0,4000,4000,0,7.19,7.19,7.19,7.5,14.7,1.1,0,0,0,0,1.8,1.0,0.0,0.0,4.1,4.1,15
13426,Noah,Fant,Noah Fant,/football/player/noah-fant-13426,,&#9881;,open,,i,,TE,,TE,SEA,GB,124,46.00,2.50,21.75,1.60,0,3600,3600,0,6.58,6.58,6.58,7.0,11.5,2.9,0,0,0,0,1.8,1.1,0.0,0.0,3.8,3.8,15
15267,Pat,Freiermuth,Pat Freiermuth,/football/player/pat-freiermuth-15267,,&#9881;,open,,i,,TE,,TE,PIT,PHI,196,42.50,5.50,18.50,2.19,0,3900,3900,0,7.16,7.16,7.16,9.4,16.6,3.9,0,0,0,0,1.8,1.2,0.0,0.0,4.7,4.7,15
14750,Nick,Westbrook-Ikhine,Nick Westbrook-Ikhine,/football/player/nick-westbrook-ikhine-14750,,&#9881;,open,,i,,WR,,WR,TEN,CIN,188,47.00,5.00,21.00,2.35,0,4900,4900,0,8.81,8.81,8.81,9.2,19.9,0.6,0,0,0,0,1.8,1.0,0.0,0.2,4.8,5.0,15
11163,Demarcus,Robinson,Demarcus Robinson,/football/player/demarcus-robinson-11163,"&nbsp;<span class=""red upper bold sm-text"">que</span>",&#9881;,open,,i,,WR,,WR,LAR,SF,128,49.50,3.00,23.25,1.62,0,4000,4000,0,7.07,7.07,7.07,8.8,22.0,0.5,0,0,0,0,1.8,1.0,0.0,0.0,4.1,4.1,15
20025,Los Angeles,Chargers,Los Angeles Chargers,/football/player/los-angeles-chargers-20025,,&#9881;,open,,i,,D," <small class=""sm-muted"">(DST)</small>",DST,LAC,TB,-154,45.50,-3.00,24.25,2.22,0,2900,2900,0,5.34,5.34,5.34,0.0,0.0,0.0,0,0,0,0,1.8,0.0,0.0,0.0,0.0,0.0,15
12568,Jordan,Akins,Jordan Akins,/football/player/jordan-akins-12568,,&#9881;,open,,i,,TE,,TE,CLE,KC,177,44.00,4.00,20.00,1.12,0,2700,2700,0,4.79,4.79,4.79,4.1,9.5,0.2,0,0,0,0,1.8,1.1,0.0,0.0,3.1,3.1,15
16694,Tre,Tucker,Tre Tucker,/football/player/tre-tucker-16694,,&#9881;,open,,i,,WR,,WR,LV,ATL,174,44.00,4.00,20.00,1.92,0,4100,4100,0,7.16,7.16,7.16,8.3,18.9,0.7,0,0,0,0,1.8,1.1,0.0,0.5,4.1,4.6,15
13286,Tanner,Hudson,Tanner Hudson,/football/player/tanner-hudson-13286,,&#9881;,open,,i,,TE,,TE,CIN,TEN,-232,47.00,-5.00,26.00,1.25,0,2600,2600,0,4.78,4.78,4.78,4.1,12.9,0.0,0,0,0,0,1.8,1.0,0.0,0.0,2.5,2.5,15
15946,Christian,Watson,Christian Watson,/football/player/christian-watson-15946,,&#9881;,open,,i,,WR,,WR,GB,SEA,-147,46.00,-2.50,24.25,1.70,0,5200,5200,0,8.59,8.59,8.59,8.1,18.8,0.3,0,0,0,0,1.7,0.9,0.0,0.2,4.3,4.5,15
20006,Cincinnati,Bengals,Cincinnati Bengals,/football/player/cincinnati-bengals-20006,,&#9881;,open,,i,,D," <small class=""sm-muted"">(DST)</small>",DST,CIN,TEN,-232,47.00,-5.00,26.00,0.72,0,3500,3500,0,6.03,6.03,6.03,0.0,0.0,0.0,0,0,0,0,1.7,0.0,0.0,0.0,0.0,0.0,15
20015,Kansas City,Chiefs,Kansas City Chiefs,/football/player/kansas-city-chiefs-20015,,&#9881;,open,,i,,D," <small class=""sm-muted"">(DST)</small>",DST,KC,CLE,-216,44.00,-4.00,24.00,1.35,0,3700,3700,0,6.12,6.12,6.12,0.0,0.0,0.0,0,0,0,0,1.7,0.0,0.0,0.0,0.0,0.0,15
9255,Odell,Beckham,Odell Beckham,/football/player/odell-beckham-9255,,&#9881;,open,,i,,WR,,WR,MIA,HOU,126,47.00,3.00,22.00,0.79,0,3100,3100,0,5.13,5.13,5.13,1.6,4.0,0.0,0,0,0,0,1.7,1.0,0.0,0.1,2.9,3.0,15
13833,Olamide,Zaccheaus,Olamide Zaccheaus,/football/player/olamide-zaccheaus-13833,,&#9881;,open,,i,,WR,,WR,WAS,NO,-361,43.50,-7.50,25.50,0.96,0,3200,3200,0,5.41,5.41,5.41,4.2,11.4,0.0,0,0,0,0,1.7,1.0,0.0,0.2,3.0,3.2,15
20012,Houston,Texans,Houston Texans,/football/player/houston-texans-20012,,&#9881;,open,,i,,D," <small class=""sm-muted"">(DST)</small>",DST,HOU,MIA,-150,47.00,-3.00,25.00,0.24,0,3300,3300,0,5.57,5.57,5.57,0.0,0.0,0.0,0,0,0,0,1.7,0.0,0.0,0.0,0.0,0.0,15
17976,Jalen,Coker,Jalen Coker,/football/player/jalen-coker-17976,,&#9881;,open,,i,,WR,,WR,CAR,DAL,-148,43.00,-3.00,23.00,1.05,0,3700,3700,0,6.25,6.25,6.25,7.0,15.4,0.6,0,0,0,0,1.7,1.1,0.0,0.0,4.2,4.2,15
16022,Alec,Pierce,Alec Pierce,/football/player/alec-pierce-16022,,&#9881;,open,,i,,WR,,WR,IND,DEN,162,44.50,4.00,20.25,1.30,0,4800,4800,0,8.02,8.02,8.02,8.8,20.9,0.5,0,0,0,0,1.7,1.0,0.0,0.1,4.7,4.8,15
15989,Jerome,Ford,Jerome Ford,/football/player/jerome-ford-15989,,&#9881;,open,,i,,RB,,RB,CLE,KC,177,44.00,4.00,20.00,1.85,0,4900,4900,0,8.33,8.33,8.33,7.0,13.3,2.2,0,0,0,0,1.7,2.2,0.0,8.2,2.8,11.0,15
16010,Jalen,Tolbert,Jalen Tolbert,/football/player/jalen-tolbert-16010,,&#9881;,open,,i,,WR,,WR,DAL,CAR,123,43.00,3.00,20.00,1.11,0,3900,3900,0,6.52,6.52,6.52,8.8,18.1,1.6,0,0,0,0,1.7,1.1,0.0,0.1,4.2,4.3,15
13822,Foster,Moreau,Foster Moreau,/football/player/foster-moreau-13822,,&#9881;,open,,i,,TE,,TE,NO,WAS,283,43.50,7.50,18.00,1.21,0,3000,3000,0,5.03,5.03,5.03,4.1,8.6,0.1,0,0,0,0,1.7,1.0,0.0,0.0,3.0,3.0,15
15976,Tyler,Allgeier,Tyler Allgeier,/football/player/tyler-allgeier-15976,,&#9881;,open,,i,,RB,,RB,ATL,LV,-212,44.00,-4.00,24.00,1.22,0,4500,4500,0,7.15,7.15,7.15,7.2,16.7,1.4,0,0,0,0,1.6,2.2,0.0,8.6,1.3,9.9,15
15385,Travis,Etienne,Travis Etienne,/football/player/travis-etienne-15385,,&#9881;,open,,i,,RB,,RB,JAX,NYJ,145,40.50,3.50,18.50,1.79,0,5600,5600,0,8.91,8.91,8.91,8.3,13.8,1.9,0,0,0,0,1.6,1.9,0.0,7.1,3.8,10.9,15
20020,New York,Giants,New York Giants,/football/player/new-york-giants-20020,,&#9881;,open,,i,,D," <small class=""sm-muted"">(DST)</small>",DST,NYG,BAL,838,42.50,16.00,13.25,0.03,0,2100,2100,0,3.40,3.40,3.40,0.0,0.0,0.0,0,0,0,0,1.6,0.0,0.0,0.0,0.0,0.0,15
13432,A.J.,Brown,A.J. Brown,/football/player/aj-brown-13432,,&#9881;,open,,i,,WR,,WR,PHI,PIT,-240,42.50,-5.50,24.00,3.18,0,8000,8000,0,13.04,13.04,13.04,15.7,24.9,6.9,0,0,0,0,1.6,0.8,0.0,0.0,6.5,6.5,15
17821,Kimani,Vidal,Kimani Vidal,/football/player/kimani-vidal-17821,,&#9881;,open,,i,,RB,,RB,LAC,TB,-154,45.50,-3.00,24.25,1.15,0,4800,4800,0,7.23,7.23,7.23,4.0,10.8,0.0,0,0,0,0,1.5,2.0,0.0,8.1,1.6,9.7,15
20003,Buffalo,Bills,Buffalo Bills,/football/player/buffalo-bills-20003,,&#9881;,open,,i,,D," <small class=""sm-muted"">(DST)</small>",DST,BUF,DET,118,54.50,2.50,26.00,0.12,0,2600,2600,0,3.88,3.88,3.88,0.0,0.0,0.0,0,0,0,0,1.5,0.0,0.0,0.0,0.0,0.0,15
16658,Dontayvion,Wicks,Dontayvion Wicks,/football/player/dontayvion-wicks-16658,,&#9881;,open,,i,,WR,,WR,GB,SEA,-147,46.00,-2.50,24.25,1.09,0,4300,4300,0,6.30,6.30,6.30,6.6,19.4,0.0,0,0,0,0,1.5,0.8,0.0,0.1,3.2,3.3,15
13123,Gus,Edwards,Gus Edwards,/football/player/gus-edwards-13123,,&#9881;,open,,i,,RB,,RB,LAC,TB,-154,45.50,-3.00,24.25,1.46,0,5300,5300,0,7.84,7.84,7.84,4.7,8.6,1.4,0,0,0,0,1.5,2.0,0.0,9.1,1.3,10.4,15
16965,Andrei,Iosivas,Andrei Iosivas,/football/player/andrei-iosivas-16965,,&#9881;,open,,i,,WR,,WR,CIN,TEN,-232,47.00,-5.00,26.00,0.97,0,3800,3800,0,5.71,5.71,5.71,7.2,14.3,1.0,0,0,0,0,1.5,0.8,0.0,0.1,3.1,3.2,15
12886,Nick,Chubb,Nick Chubb,/football/player/nick-chubb-12886,,&#9881;,open,,i,,RB,,RB,CLE,KC,177,44.00,4.00,20.00,1.25,0,5500,5500,0,8.35,8.35,8.35,8.7,16.6,3.9,0,0,0,0,1.5,2.3,0.0,11.2,1.4,12.6,15
16977,Jayden,Reed,Jayden Reed,/football/player/jayden-reed-16977,,&#9881;,open,,i,,WR,,WR,GB,SEA,-147,46.00,-2.50,24.25,2.18,0,6100,6100,0,9.11,9.11,9.11,11.8,25.1,1.7,0,0,0,0,1.5,0.9,0.0,0.9,4.4,5.3,15
16957,Michael,Wilson,Michael Wilson,/football/player/michael-wilson-16957,,&#9881;,open,,i,,WR,,WR,ARI,NE,-257,46.00,-6.00,26.00,1.31,0,4400,4400,0,6.43,6.43,6.43,8.5,13.9,1.8,0,0,0,0,1.5,0.8,0.0,0.0,3.6,3.6,15
12764,Mike,Gesicki,Mike Gesicki,/football/player/mike-gesicki-12764,,&#9881;,open,,i,,TE,,TE,CIN,TEN,-232,47.00,-5.00,26.00,1.44,0,3500,3500,0,5.33,5.33,5.33,8.1,23.4,0.0,0,0,0,0,1.5,0.9,0.0,0.0,3.0,3.0,15
17719,Troy,Franklin,Troy Franklin,/football/player/troy-franklin-17719,,&#9881;,open,,i,,WR,,WR,DEN,IND,-197,44.50,-4.00,24.25,0.80,0,3400,3400,0,5.01,5.01,5.01,4.6,10.0,0.5,0,0,0,0,1.5,0.9,0.0,0.1,3.1,3.2,15
15447,Joshua,Palmer,Joshua Palmer,/football/player/joshua-palmer-15447,,&#9881;,open,,i,,WR,,WR,LAC,TB,-154,45.50,-3.00,24.25,1.16,0,4600,4600,0,6.41,6.41,6.41,7.4,12.9,2.8,0,0,0,0,1.4,0.8,0.0,0.0,3.6,3.6,15
13427,Justice,Hill,Justice Hill,/football/player/justice-hill-13427,,&#9881;,open,,i,,RB,,RB,BAL,NYG,-1516,42.50,-16.00,29.25,1.15,0,4800,4800,0,6.68,6.68,6.68,7.9,17.8,1.6,0,0,0,0,1.4,1.1,0.0,2.4,3.1,5.5,15
16849,Marvin,Mims,Marvin Mims,/football/player/marvin-mims-16849,,&#9881;,open,,i,,WR,,WR,DEN,IND,-197,44.50,-4.00,24.25,0.88,0,4000,4000,0,5.55,5.55,5.55,5.4,17.5,0.0,0,0,0,0,1.4,0.8,0.0,0.2,3.2,3.4,15
8628,Robert,Woods,Robert Woods,/football/player/robert-woods-8628,,&#9881;,open,,i,,WR,,WR,HOU,MIA,-150,47.00,-3.00,25.00,0.43,0,3000,3000,0,4.05,4.05,4.05,2.2,5.4,0.1,0,0,0,0,1.4,0.9,0.0,0.1,2.5,2.6,15
17761,Ricky,Pearsall,Ricky Pearsall,/football/player/ricky-pearsall-17761,,&#9881;,open,,i,,WR,,WR,SF,LAR,-153,49.50,-3.00,26.25,0.82,0,4400,4400,0,5.92,5.92,5.92,5.1,14.6,0.0,0,0,0,0,1.4,0.7,0.0,0.2,3.1,3.3,15
9260,Brandin,Cooks,Brandin Cooks,/football/player/brandin-cooks-9260,,&#9881;,open,,i,,WR,,WR,DAL,CAR,123,43.00,3.00,20.00,0.94,0,4700,4700,0,6.64,6.64,6.64,5.5,9.7,2.4,0,0,0,0,1.4,0.9,0.0,0.1,4.0,4.1,15
13522,Darius,Slayton,Darius Slayton,/football/player/darius-slayton-13522,,&#9881;,open,,i,,WR,,WR,NYG,BAL,838,42.50,16.00,13.25,0.70,0,4100,4100,0,5.85,5.85,5.85,8.5,23.2,0.0,0,0,0,0,1.4,1.0,0.0,0.0,4.0,4.0,15
17763,Jalen,McMillan,Jalen McMillan,/football/player/jalen-mcmillan-17763,,&#9881;,open,,i,,WR,,WR,TB,LAC,128,45.50,3.00,21.25,1.39,0,3700,3700,0,5.05,5.05,5.05,6.0,17.5,0.0,0,0,0,0,1.4,0.9,0.0,0.1,3.1,3.2,15
15371,Tommy,Tremble,Tommy Tremble,/football/player/tommy-tremble-15371,,&#9881;,open,,i,,TE,,TE,CAR,DAL,-148,43.00,-3.00,23.00,0.54,0,3000,3000,0,3.84,3.84,3.84,4.6,10.7,0.2,0,0,0,0,1.3,0.8,0.0,0.0,2.4,2.4,15
16666,Michael,Mayer,Michael Mayer,/football/player/michael-mayer-16666,,&#9881;,open,,i,,TE,,TE,LV,ATL,174,44.00,4.00,20.00,0.58,0,3000,3000,0,3.75,3.75,3.75,4.0,11.3,0.3,0,0,0,0,1.3,0.8,0.0,0.0,2.3,2.3,15
14541,Adam,Trautman,Adam Trautman,/football/player/adam-trautman-14541,,&#9881;,open,,i,,TE,,TE,DEN,IND,-197,44.50,-4.00,24.25,0.55,0,2500,2500,0,3.21,3.21,3.21,2.6,13.1,0.0,0,0,0,0,1.3,0.7,0.0,0.0,1.8,1.8,15
12773,Cedrick,Wilson,Cedrick Wilson,/football/player/cedrick-wilson-12773,,&#9881;,open,,i,,WR,,WR,NO,WAS,283,43.50,7.50,18.00,0.47,0,3500,3500,0,4.36,4.36,4.36,3.5,13.3,0.0,0,0,0,0,1.3,0.8,0.0,0.1,2.7,2.8,15
12628,Allen,Lazard,Allen Lazard,/football/player/allen-lazard-12628,,&#9881;,open,,i,,WR,,WR,NYJ,JAX,-175,40.50,-3.50,22.00,0.64,0,4300,4300,0,5.72,5.72,5.72,13.4,24.7,3.5,0,0,0,0,1.3,0.8,0.0,0.2,3.2,3.4,15
16690,Parker,Washington,Parker Washington,/football/player/parker-washington-16690,,&#9881;,open,,i,,WR,,WR,JAX,NYJ,145,40.50,3.50,18.50,0.95,0,4100,4100,0,5.47,5.47,5.47,4.6,18.5,0.0,0,0,0,0,1.3,0.9,0.0,0.2,3.4,3.6,15
17820,Luke,McCaffrey,Luke McCaffrey,/football/player/luke-mccaffrey-17820,,&#9881;,open,,i,,WR,,WR,WAS,NO,-361,43.50,-7.50,25.50,0.45,0,3100,3100,0,3.94,3.94,3.94,2.2,6.0,0.0,0,0,0,0,1.3,0.8,0.0,0.2,2.2,2.4,15
13477,Alexander,Mattison,Alexander Mattison,/football/player/alexander-mattison-13477,"&nbsp;<span class=""red upper bold sm-text"">que</span>",&#9881;,open,,i,,RB,,RB,LV,ATL,174,44.00,4.00,20.00,0.33,0,5100,5100,0,6.06,6.06,6.06,9.9,16.0,4.4,0,0,0,0,1.2,1.5,0.0,5.1,2.4,7.5,15
17668,Adonai,Mitchell,Adonai Mitchell,/football/player/adonai-mitchell-17668,,&#9881;,open,,i,,WR,,WR,IND,DEN,162,44.50,4.00,20.25,0.43,0,4000,4000,0,4.92,4.92,4.92,3.9,10.4,0.0,0,0,0,0,1.2,0.8,0.0,0.0,3.1,3.1,15
16959,Elijah,Higgins,Elijah Higgins,/football/player/elijah-higgins-16959,,&#9881;,open,,i,,TE,,TE,ARI,NE,-257,46.00,-6.00,26.00,0.56,0,2500,2500,0,3.11,3.11,3.11,3.4,7.4,0.3,0,0,0,0,1.2,0.7,0.0,0.0,1.7,1.7,15
16030,Michael,Woods,Michael Woods,/football/player/michael-woods-16030,,&#9881;,open,,i,,WR,,WR,CLE,KC,177,44.00,4.00,20.00,0.29,0,3200,3200,0,3.81,3.81,3.81,4.8,7.8,1.7,0,0,0,0,1.2,0.7,0.0,0.1,2.2,2.3,15
13894,KaVontae,Turpin,KaVontae Turpin,/football/player/kavontae-turpin-13894,,&#9881;,open,,i,,WR,,WR,DAL,CAR,123,43.00,3.00,20.00,0.31,0,3600,3600,0,4.16,4.16,4.16,6.7,14.8,0.7,0,0,0,0,1.2,0.6,0.0,0.6,1.5,2.1,15
11861,Mack,Hollins,Mack Hollins,/football/player/mack-hollins-11861,,&#9881;,open,,i,,WR,,WR,BUF,DET,118,54.50,2.50,26.00,0.35,0,3800,3800,0,4.43,4.43,4.43,5.9,13.6,0.2,0,0,0,0,1.2,0.7,0.0,0.0,2.5,2.5,15
14430,Van,Jefferson,Van Jefferson,/football/player/van-jefferson-14430,,&#9881;,open,,i,,WR,,WR,PIT,PHI,196,42.50,5.50,18.50,0.63,0,3500,3500,0,4.26,4.26,4.26,4.3,9.2,0.3,0,0,0,0,1.2,0.8,0.0,0.1,2.6,2.7,15
10604,Raheem,Mostert,Raheem Mostert,/football/player/raheem-mostert-10604,"&nbsp;<span class=""red upper bold sm-text"">que</span>",&#9881;,open,,i,,RB,,RB,MIA,HOU,126,47.00,3.00,22.00,0.17,0,4900,4900,0,5.66,5.66,5.66,6.7,14.1,0.5,0,0,0,0,1.2,1.3,0.0,4.5,1.7,6.2,15
14383,Cam,Akers,Cam Akers,/football/player/cam-akers-14383,,&#9881;,open,,i,,RB,,RB,MIN,CHI,-327,44.00,-7.00,25.50,0.41,0,4100,4100,0,4.87,4.87,4.87,5.0,11.0,0.3,0,0,0,0,1.2,1.5,0.0,4.9,1.3,6.2,15
17794,Cade,Stover,Cade Stover,/football/player/cade-stover-17794,,&#9881;,open,,i,,TE,,TE,HOU,MIA,-150,47.00,-3.00,25.00,0.49,0,2500,2500,0,3.00,3.00,3.00,2.8,8.8,0.0,0,0,0,0,1.2,0.7,0.0,0.0,1.8,1.8,15
11877,JuJu,Smith-Schuster,JuJu Smith-Schuster,/football/player/juju-smith-schuster-11877,,&#9881;,open,,i,,WR,,WR,KC,CLE,-216,44.00,-4.00,24.00,0.62,0,3700,3700,0,4.46,4.46,4.46,4.8,17.7,0.0,0,0,0,0,1.2,0.7,0.0,0.2,2.5,2.7,15
16898,Kendre,Miller,Kendre Miller,/football/player/kendre-miller-16898,,&#9881;,open,,i,,RB,,RB,NO,WAS,283,43.50,7.50,18.00,0.48,0,4500,4500,0,5.45,5.45,5.45,5.5,9.3,1.7,0,0,0,0,1.2,1.7,0.0,6.6,1.0,7.6,15
17690,Blake,Corum,Blake Corum,/football/player/blake-corum-17690,,&#9881;,open,,i,,RB,,RB,LAR,SF,128,49.50,3.00,23.25,0.26,0,4300,4300,0,4.66,4.66,4.66,2.1,4.1,0.2,0,0,0,0,1.1,1.5,0.0,6.1,0.5,6.6,15
16936,Trey,Palmer,Trey Palmer,/football/player/trey-palmer-16936,,&#9881;,open,,i,,WR,,WR,TB,LAC,128,45.50,3.00,21.25,0.22,0,3200,3200,0,3.40,3.40,3.40,2.7,9.0,0.0,0,0,0,0,1.1,0.7,0.0,0.2,2.1,2.3,15
8792,Cordarrelle,Patterson,Cordarrelle Patterson,/football/player/cordarrelle-patterson-8792,,&#9881;,open,,i,,RB,,RB,PIT,PHI,196,42.50,5.50,18.50,0.12,0,4000,4000,0,4.34,4.34,4.34,3.4,7.8,0.0,0,0,0,0,1.1,1.2,0.0,3.1,1.6,4.7,15
17738,Jermaine,Burton,Jermaine Burton,/football/player/jermaine-burton-17738,,&#9881;,open,,i,,WR,,WR,CIN,TEN,-232,47.00,-5.00,26.00,0.27,0,3000,3000,0,3.23,3.23,3.23,1.5,4.7,0.0,0,0,0,0,1.1,0.6,0.0,0.0,1.8,1.8,15
17017,Brenton,Strange,Brenton Strange,/football/player/brenton-strange-17017,,&#9881;,open,,i,,TE,,TE,JAX,NYJ,145,40.50,3.50,18.50,0.44,0,2500,2500,0,2.81,2.81,2.81,5.1,10.9,0.4,0,0,0,0,1.1,0.7,0.0,0.0,1.7,1.7,15
10854,Tyler,Higbee,Tyler Higbee,/football/player/tyler-higbee-10854,"&nbsp;<span class=""red upper bold sm-text"">PUP</span>",&#9881;,open,,i,,TE,,TE,LAR,SF,128,49.50,3.00,23.25,0.34,0,3200,3200,0,3.43,3.43,3.43,0.0,0.0,0.0,0,0,0,0,1.1,0.6,0.0,0.0,1.9,1.9,15
11871,Josh,Reynolds,Josh Reynolds,/football/player/josh-reynolds-11871,,&#9881;,open,,i,,WR,,WR,JAX,NYJ,145,40.50,3.50,18.50,0.05,0,3300,3300,0,3.66,3.66,3.66,6.7,12.8,0.6,0,0,0,0,1.1,0.7,0.0,0.0,2.4,2.4,15
11739,Kareem,Hunt,Kareem Hunt,/football/player/kareem-hunt-11739,,&#9881;,open,,i,,RB,,RB,KC,CLE,-216,44.00,-4.00,24.00,0.38,0,5000,5000,0,5.28,5.28,5.28,13.2,21.4,4.7,0,0,0,0,1.1,1.2,0.0,4.9,1.2,6.1,15
10132,Nelson,Agholor,Nelson Agholor,/football/player/nelson-agholor-10132,,&#9881;,open,,i,,WR,,WR,BAL,NYG,-1516,42.50,-16.00,29.25,0.45,0,3300,3300,0,3.71,3.71,3.71,3.7,10.0,0.0,0,0,0,0,1.1,0.6,0.0,0.1,1.8,1.9,15
13587,Ty,Johnson,Ty Johnson,/football/player/ty-johnson-13587,,&#9881;,open,,i,,RB,,RB,BUF,DET,118,54.50,2.50,26.00,0.19,0,4400,4400,0,4.73,4.73,4.73,5.4,11.7,0.5,0,0,0,0,1.1,0.8,0.0,1.3,2.1,3.4,15
16069,John,Metchie,John Metchie,/football/player/john-metchie-16069,,&#9881;,open,,i,,WR,,WR,HOU,MIA,-150,47.00,-3.00,25.00,0.38,0,3900,3900,0,4.20,4.20,4.20,3.8,13.9,0.0,0,0,0,0,1.1,0.6,0.0,0.1,2.4,2.5,15
16025,Jalen,Nailor,Jalen Nailor,/football/player/jalen-nailor-16025,,&#9881;,open,,i,,WR,,WR,MIN,CHI,-327,44.00,-7.00,25.50,0.48,0,3200,3200,0,3.48,3.48,3.48,5.4,12.5,0.1,0,0,0,0,1.1,0.7,0.0,0.0,2.1,2.1,15
15850,Jahan,Dotson,Jahan Dotson,/football/player/jahan-dotson-15850,,&#9881;,open,,i,,WR,,WR,PHI,PIT,-240,42.50,-5.50,24.00,0.29,0,3300,3300,0,3.59,3.59,3.59,2.1,4.1,0.4,0,0,0,0,1.1,0.6,0.0,0.0,2.1,2.1,15
17767,Trey,Benson,Trey Benson,/football/player/trey-benson-17767,,&#9881;,open,,i,,RB,,RB,ARI,NE,-257,46.00,-6.00,26.00,0.29,0,4600,4600,0,4.90,4.90,4.90,3.8,10.2,0.0,0,0,0,0,1.1,1.4,0.0,5.6,0.8,6.4,15
16627,Tucker,Fisk,Tucker Fisk,/football/player/tucker-fisk-16627,,&#9881;,open,,i,,TE,,TE,LAC,TB,-154,45.50,-3.00,24.25,0.29,0,2500,2500,0,2.80,2.80,2.80,1.1,1.7,0.2,0,0,0,0,1.1,0.6,0.0,0.0,1.5,1.5,15
16897,Zach,Charbonnet,Zach Charbonnet,/football/player/zach-charbonnet-16897,,&#9881;,open,,i,,RB,,RB,SEA,GB,124,46.00,2.50,21.75,0.69,0,6000,6000,0,6.22,6.22,6.22,11.8,32.4,1.0,0,0,0,0,1.0,1.1,0.0,4.1,2.6,6.7,15
17863,Malik,Washington,Malik Washington,/football/player/malik-washington-17863,,&#9881;,open,,i,,WR,,WR,MIA,HOU,126,47.00,3.00,22.00,0.22,0,3000,3000,0,3.02,3.02,3.02,2.4,8.1,0.0,0,0,0,0,1.0,0.7,0.0,0.2,1.9,2.1,15
11698,Samaje,Perine,Samaje Perine,/football/player/samaje-perine-11698,,&#9881;,open,,i,,RB,,RB,KC,CLE,-216,44.00,-4.00,24.00,0.18,0,4000,4000,0,4.12,4.12,4.12,5.0,10.9,1.5,0,0,0,0,1.0,0.9,0.0,1.3,2.1,3.4,15
13466,Dawson,Knox,Dawson Knox,/football/player/dawson-knox-13466,,&#9881;,open,,i,,TE,,TE,BUF,DET,118,54.50,2.50,26.00,0.44,0,3400,3400,0,3.40,3.40,3.40,3.7,7.6,0.2,0,0,0,0,1.0,0.5,0.0,0.0,1.8,1.8,15
15996,Jeremy,Ruckert,Jeremy Ruckert,/football/player/jeremy-ruckert-15996,,&#9881;,open,,i,,TE,,TE,NYJ,JAX,-175,40.50,-3.50,22.00,0.45,0,2500,2500,0,2.61,2.61,2.61,1.7,3.9,0.0,0,0,0,0,1.0,0.6,0.0,0.0,1.6,1.6,15
16866,Josh,Whyle,Josh Whyle,/football/player/josh-whyle-16866,,&#9881;,open,,i,,TE,,TE,TEN,CIN,188,47.00,5.00,21.00,0.39,0,2500,2500,0,2.48,2.48,2.48,3.0,7.0,0.2,0,0,0,0,1.0,0.6,0.0,0.0,1.4,1.4,15
15222,Kenneth,Gainwell,Kenneth Gainwell,/football/player/kenneth-gainwell-15222,,&#9881;,open,,i,,RB,,RB,PHI,PIT,-240,42.50,-5.50,24.00,0.20,0,4600,4600,0,4.63,4.63,4.63,3.6,7.3,0.4,0,0,0,0,1.0,1.3,0.0,5.1,1.1,6.2,15
17030,Davis,Allen,Davis Allen,/football/player/davis-allen-17030,"&nbsp;<span class=""red upper bold sm-text"">que</span>",&#9881;,open,,i,,TE,,TE,LAR,SF,128,49.50,3.00,23.25,0.34,0,2500,2500,0,2.53,2.53,2.53,1.0,6.0,0.0,0,0,0,0,1.0,0.6,0.0,0.0,1.4,1.4,15
16889,Darnell,Washington,Darnell Washington,/football/player/darnell-washington-16889,,&#9881;,open,,i,,TE,,TE,PIT,PHI,196,42.50,5.50,18.50,0.40,0,2700,2700,0,2.58,2.58,2.58,3.5,6.9,0.4,0,0,0,0,1.0,0.6,0.0,0.0,1.6,1.6,15
17319,Jaleel,McLaughlin,Jaleel McLaughlin,/football/player/jaleel-mclaughlin-17319,,&#9881;,open,,i,,RB,,RB,DEN,IND,-197,44.50,-4.00,24.25,0.55,0,4700,4700,0,4.76,4.76,4.76,5.7,11.1,1.2,0,0,0,0,1.0,1.2,0.0,4.1,1.6,5.7,15
16772,Roschon,Johnson,Roschon Johnson,/football/player/roschon-johnson-16772,"&nbsp;<span class=""red upper bold sm-text"">que</span>",&#9881;,open,,i,,RB,,RB,CHI,MIN,255,44.00,7.00,18.50,0.16,0,4300,4300,0,4.30,4.30,4.30,6.3,12.8,0.8,0,0,0,0,1.0,1.2,0.0,3.7,1.4,5.1,15
17684,Ja'Lynn,Polk,Ja'Lynn Polk,/football/player/jalynn-polk-17684,,&#9881;,open,,i,,WR,,WR,NE,ARI,208,46.00,6.00,20.00,0.18,0,3100,3100,0,3.17,3.17,3.17,2.8,7.6,0.0,0,0,0,0,1.0,0.7,0.0,0.0,2.1,2.1,15
17185,Jalen,Brooks,Jalen Brooks,/football/player/jalen-brooks-17185,,&#9881;,open,,i,,WR,,WR,DAL,CAR,123,43.00,3.00,20.00,0.21,0,3000,3000,0,2.91,2.91,2.91,2.2,4.5,0.2,0,0,0,0,1.0,0.6,0.0,0.0,1.9,1.9,15
12196,Mo,Alie-Cox,Mo Alie-Cox,/football/player/mo-alie-cox-12196,,&#9881;,open,,i,,TE,,TE,IND,DEN,162,44.50,4.00,20.25,0.30,0,2500,2500,0,2.41,2.41,2.41,2.5,9.0,0.0,0,0,0,0,1.0,0.6,0.0,0.0,1.4,1.4,15
14432,Tyler,Johnson,Tyler Johnson,/football/player/tyler-johnson-14432,,&#9881;,open,,i,,WR,,WR,LAR,SF,128,49.50,3.00,23.25,0.16,0,3000,3000,0,2.86,2.86,2.86,2.9,7.9,0.0,0,0,0,0,0.9,0.6,0.0,0.0,1.7,1.7,15
13469,Greg,Dortch,Greg Dortch,/football/player/greg-dortch-13469,,&#9881;,open,,i,,WR,,WR,ARI,NE,-257,46.00,-6.00,26.00,0.22,0,3100,3100,0,2.63,2.63,2.63,3.4,7.0,0.3,0,0,0,0,0.9,0.5,0.0,0.1,1.5,1.6,15
11767,Jeremy,McNichols,Jeremy McNichols,/football/player/jeremy-mcnichols-11767,,&#9881;,open,,i,,RB,,RB,WAS,NO,-361,43.50,-7.50,25.50,0.33,0,5300,5300,0,4.91,4.91,4.91,4.3,15.3,0.0,0,0,0,0,0.9,1.2,0.0,4.5,1.8,6.3,15
17792,Ray,Davis,Ray Davis,/football/player/ray-davis-17792,,&#9881;,open,,i,,RB,,RB,BUF,DET,118,54.50,2.50,26.00,0.18,0,4700,4700,0,4.26,4.26,4.26,6.7,15.9,0.0,0,0,0,0,0.9,1.0,0.0,3.5,1.2,4.7,15
13809,Drew,Sample,Drew Sample,/football/player/drew-sample-13809,,&#9881;,open,,i,,TE,,TE,CIN,TEN,-232,47.00,-5.00,26.00,0.29,0,2500,2500,0,2.16,2.16,2.16,2.2,8.5,0.0,0,0,0,0,0.9,0.5,0.0,0.0,1.2,1.2,15
14463,Colby,Parkinson,Colby Parkinson,/football/player/colby-parkinson-14463,,&#9881;,open,,i,,TE,,TE,LAR,SF,128,49.50,3.00,23.25,0.33,0,2700,2700,0,2.56,2.56,2.56,4.3,10.1,0.3,0,0,0,0,0.9,0.5,0.0,0.0,1.4,1.4,15
10822,Tyler,Boyd,Tyler Boyd,/football/player/tyler-boyd-10822,,&#9881;,open,,i,,WR,,WR,TEN,CIN,188,47.00,5.00,21.00,0.30,0,3400,3400,0,2.73,2.73,2.73,5.0,9.9,0.8,0,0,0,0,0.8,0.5,0.0,0.1,1.8,1.9,15
17788,Audric,Estime,Audric Estime,/football/player/audric-estime-17788,,&#9881;,open,,i,,RB,,RB,DEN,IND,-197,44.50,-4.00,24.25,0.17,0,4500,4500,0,3.68,3.68,3.68,2.6,5.0,0.5,0,0,0,0,0.8,1.1,0.0,4.1,0.8,4.9,15
17011,Johnny,Wilson,Johnny Wilson,/football/player/johnny-wilson-17011,,&#9881;,open,,i,,WR,,WR,PHI,PIT,-240,42.50,-5.50,24.00,0.08,0,3000,3000,0,2.29,2.29,2.29,0.9,5.3,0.0,0,0,0,0,0.8,0.5,0.0,0.1,1.4,1.5,15
17040,Jake,Bobo,Jake Bobo,/football/player/jake-bobo-17040,,&#9881;,open,,i,,WR,,WR,SEA,GB,124,46.00,2.50,21.75,0.13,0,3000,3000,0,2.52,2.52,2.52,1.6,4.8,0.0,0,0,0,0,0.8,0.5,0.0,0.0,1.4,1.4,15
13854,Ashton,Dulin,Ashton Dulin,/football/player/ashton-dulin-13854,"&nbsp;<span class=""red upper bold sm-text"">que</span>",&#9881;,open,,i,,WR,,WR,IND,DEN,162,44.50,4.00,20.25,0.04,0,3000,3000,0,2.31,2.31,2.31,0.6,1.9,0.0,0,0,0,0,0.8,0.5,0.0,0.1,1.3,1.4,15
14639,Antonio,Gibson,Antonio Gibson,/football/player/antonio-gibson-14639,,&#9881;,open,,i,,RB,,RB,NE,ARI,208,46.00,6.00,20.00,0.25,0,4900,4900,0,4.02,4.02,4.02,5.9,11.0,1.4,0,0,0,0,0.8,0.9,0.0,2.9,1.7,4.6,15
17702,Braelon,Allen,Braelon Allen,/football/player/braelon-allen-17702,,&#9881;,open,,i,,RB,,RB,NYJ,JAX,-175,40.50,-3.50,22.00,0.31,0,5400,5400,0,4.56,4.56,4.56,5.8,15.5,0.5,0,0,0,0,0.8,1.1,0.0,5.1,0.9,6.0,15
16933,Chris,Rodriguez,Chris Rodriguez,/football/player/chris-rodriguez-16933,,&#9881;,open,,i,,RB,,RB,WAS,NO,-361,43.50,-7.50,25.50,0.06,0,4000,4000,0,3.13,3.13,3.13,4.2,13.1,0.0,0,0,0,0,0.8,1.2,0.0,4.5,0.2,4.7,15
17777,Malachi,Corley,Malachi Corley,/football/player/malachi-corley-17777,,&#9881;,open,,i,,WR,,WR,NYJ,JAX,-175,40.50,-3.50,22.00,0.02,0,3000,3000,0,2.38,2.38,2.38,0.8,1.8,0.0,0,0,0,0,0.8,0.5,0.0,0.1,1.3,1.4,15
12316,Johnny,Mundt,Johnny Mundt,/football/player/johnny-mundt-12316,,&#9881;,open,,i,,TE,,TE,MIN,CHI,-327,44.00,-7.00,25.50,0.19,0,2500,2500,0,1.92,1.92,1.92,3.3,8.3,0.1,0,0,0,0,0.8,0.4,0.0,0.0,1.1,1.1,15
17811,AJ,Barner,AJ Barner,/football/player/aj-barner-17811,,&#9881;,open,,i,,TE,,TE,SEA,GB,124,46.00,2.50,21.75,0.23,0,3100,3100,0,2.45,2.45,2.45,4.4,9.2,0.6,0,0,0,0,0.8,0.5,0.0,0.0,1.5,1.5,15
16026,Kevin,Austin,Kevin Austin,/football/player/kevin-austin-16026,,&#9881;,open,,i,,WR,,WR,NO,WAS,283,43.50,7.50,18.00,0.33,0,3200,3200,0,2.69,2.69,2.69,4.2,6.9,1.6,0,0,0,0,0.8,0.7,0.0,0.0,2.2,2.2,15
17593,Emanuel,Wilson,Emanuel Wilson,/football/player/emanuel-wilson-17593,,&#9881;,open,,i,,RB,,RB,GB,SEA,-147,46.00,-2.50,24.25,0.12,0,4000,4000,0,3.35,3.35,3.35,4.4,12.8,0.2,0,0,0,0,0.8,1.1,0.0,3.5,0.7,4.2,15
11768,Dare,Ogunbowale,Dare Ogunbowale,/football/player/dare-ogunbowale-11768,,&#9881;,open,,i,,RB,,RB,HOU,MIA,-150,47.00,-3.00,25.00,0.09,0,4000,4000,0,3.29,3.29,3.29,3.7,12.3,0.0,0,0,0,0,0.8,0.7,0.0,0.6,2.1,2.7,15
13449,Devin,Singletary,Devin Singletary,/football/player/devin-singletary-13449,,&#9881;,open,,i,,RB,,RB,NYG,BAL,838,42.50,16.00,13.25,0.13,0,4700,4700,0,3.61,3.61,3.61,6.8,16.4,0.7,0,0,0,0,0.8,1.1,0.0,4.1,1.3,5.4,15
12746,Justin,Watson,Justin Watson,/football/player/justin-watson-12746,,&#9881;,open,,i,,WR,,WR,KC,CLE,-216,44.00,-4.00,24.00,0.23,0,3400,3400,0,2.85,2.85,2.85,3.7,6.9,0.5,0,0,0,0,0.8,0.5,0.0,0.0,1.6,1.6,15
16932,Xavier,Hutchinson,Xavier Hutchinson,/football/player/xavier-hutchinson-16932,"&nbsp;<span class=""red upper bold sm-text"">que</span>",&#9881;,open,,i,,WR,,WR,HOU,MIA,-150,47.00,-3.00,25.00,0.07,0,3000,3000,0,2.31,2.31,2.31,1.2,4.0,0.0,0,0,0,0,0.8,0.4,0.0,0.1,1.2,1.3,15
17091,Emari,Demercado,Emari Demercado,/football/player/emari-demercado-17091,,&#9881;,open,,i,,RB,,RB,ARI,NE,-257,46.00,-6.00,26.00,0.08,0,4100,4100,0,3.03,3.03,3.03,4.2,12.5,0.0,0,0,0,0,0.7,0.8,0.0,2.4,0.9,3.3,15
16259,Lucas,Krull,Lucas Krull,/football/player/lucas-krull-16259,,&#9881;,open,,i,,TE,,TE,DEN,IND,-197,44.50,-4.00,24.25,0.29,0,2500,2500,0,1.85,1.85,1.85,2.8,6.2,0.1,0,0,0,0,0.7,0.4,0.0,0.0,1.1,1.1,15
16709,Rakim,Jarrett,Rakim Jarrett,/football/player/rakim-jarrett-16709,,&#9881;,open,,i,,WR,,WR,TB,LAC,128,45.50,3.00,21.25,0.07,0,3000,3000,0,2.22,2.22,2.22,3.0,7.5,0.0,0,0,0,0,0.7,0.5,0.0,0.1,1.3,1.4,15
15467,Ben,Skowronek,Ben Skowronek,/football/player/ben-skowronek-15467,,&#9881;,open,,i,,WR,,WR,PIT,PHI,196,42.50,5.50,18.50,0.08,0,3000,3000,0,2.18,2.18,2.18,0.8,2.7,0.0,0,0,0,0,0.7,0.4,0.0,0.1,1.2,1.3,15
15310,Tylan,Wallace,Tylan Wallace,/football/player/tylan-wallace-15310,,&#9881;,open,,i,,WR,,WR,BAL,NYG,-1516,42.50,-16.00,29.25,0.14,0,3200,3200,0,2.31,2.31,2.31,3.0,16.6,0.0,0,0,0,0,0.7,0.5,0.0,0.2,1.3,1.5,15
10949,Nick,Vannett,Nick Vannett,/football/player/nick-vannett-10949,,&#9881;,open,,i,,TE,,TE,TEN,CIN,188,47.00,5.00,21.00,0.09,0,2500,2500,0,1.84,1.84,1.84,2.6,9.0,0.0,0,0,0,0,0.7,0.5,0.0,0.0,1.2,1.2,15
15245,Kylen,Granson,Kylen Granson,/football/player/kylen-granson-15245,,&#9881;,open,,i,,TE,,TE,IND,DEN,162,44.50,4.00,20.25,0.18,0,2500,2500,0,1.68,1.68,1.68,1.4,4.0,0.0,0,0,0,0,0.7,0.4,0.0,0.0,1.0,1.0,15
17335,Julian,Hill,Julian Hill,/football/player/julian-hill-17335,,&#9881;,open,,i,,TE,,TE,MIA,HOU,126,47.00,3.00,22.00,0.19,0,2500,2500,0,1.66,1.66,1.66,1.9,4.3,0.0,0,0,0,0,0.7,0.4,0.0,0.0,1.1,1.1,15
10251,MyCole,Pruitt,MyCole Pruitt,/football/player/mycole-pruitt-10251,,&#9881;,open,,i,,TE,,TE,PIT,PHI,196,42.50,5.50,18.50,0.07,0,2500,2500,0,1.69,1.69,1.69,1.0,3.3,0.0,0,0,0,0,0.7,0.4,0.0,0.0,1.1,1.1,15
14421,Jalen,Reagor,Jalen Reagor,/football/player/jalen-reagor-14421,"&nbsp;<span class=""red upper bold sm-text"">que</span>",&#9881;,open,,i,,WR,,WR,LAC,TB,-154,45.50,-3.00,24.25,0.10,0,3000,3000,0,2.20,2.20,2.20,2.0,4.8,0.0,0,0,0,0,0.7,0.4,0.0,0.1,1.2,1.3,15
10210,Chris,Conley,Chris Conley,/football/player/chris-conley-10210,,&#9881;,open,,i,,WR,,WR,SF,LAR,-153,49.50,-3.00,26.25,0.02,0,3000,3000,0,1.81,1.81,1.81,0.1,1.0,0.0,0,0,0,0,0.6,0.3,0.0,0.1,0.9,1.0,15
16741,Chris,Brooks,Chris Brooks,/football/player/chris-brooks-16741,,&#9881;,open,,i,,RB,,RB,GB,SEA,-147,46.00,-2.50,24.25,0.02,0,4000,4000,0,2.33,2.33,2.33,2.2,5.8,0.0,0,0,0,0,0.6,0.8,0.0,2.8,0.4,3.2,15
17688,Jordan,Whittington,Jordan Whittington,/football/player/jordan-whittington-17688,"&nbsp;<span class=""red upper bold sm-text"">que</span>",&#9881;,open,,i,,WR,,WR,LAR,SF,128,49.50,3.00,23.25,0.10,0,3000,3000,0,1.95,1.95,1.95,3.8,12.8,0.0,0,0,0,0,0.6,0.4,0.0,0.0,1.1,1.1,15
15681,Brock,Wright,Brock Wright,/football/player/brock-wright-15681,,&#9881;,open,,i,,TE,,TE,DET,BUF,-141,54.50,-2.50,28.50,0.20,0,2900,2900,0,1.73,1.73,1.73,2.8,6.9,0.0,0,0,0,0,0.6,0.3,0.0,0.0,0.9,0.9,15
16714,Jalin,Hyatt,Jalin Hyatt,/football/player/jalin-hyatt-16714,,&#9881;,open,,i,,WR,,WR,NYG,BAL,838,42.50,16.00,13.25,0.03,0,3100,3100,0,1.84,1.84,1.84,1.1,5.7,0.0,0,0,0,0,0.6,0.4,0.0,0.0,1.3,1.3,15
11777,Jamaal,Williams,Jamaal Williams,/football/player/jamaal-williams-11777,,&#9881;,open,,i,,RB,,RB,NO,WAS,283,43.50,7.50,18.00,0.03,0,4200,4200,0,2.48,2.48,2.48,2.0,3.6,0.5,0,0,0,0,0.6,0.9,0.0,3.0,0.7,3.7,15
11868,Zach,Pascal,Zach Pascal,/football/player/zach-pascal-11868,,&#9881;,open,,i,,WR,,WR,ARI,NE,-257,46.00,-6.00,26.00,0.01,0,3000,3000,0,1.73,1.73,1.73,0.0,0.0,0.0,0,0,0,0,0.6,0.3,0.0,0.1,0.9,1.0,15
15229,Tutu,Atwell,Tutu Atwell,/football/player/tutu-atwell-15229,,&#9881;,open,,i,,WR,,WR,LAR,SF,128,49.50,3.00,23.25,0.12,0,3500,3500,0,2.26,2.26,2.26,7.2,12.4,2.3,0,0,0,0,0.6,0.4,0.0,0.1,1.3,1.4,15
15281,Khalil,Herbert,Khalil Herbert,/football/player/khalil-herbert-15281,,&#9881;,open,,i,,RB,,RB,CIN,TEN,-232,47.00,-5.00,26.00,0.05,0,5200,5200,0,3.01,3.01,3.01,1.5,6.5,0.0,0,0,0,0,0.6,0.6,0.0,2.5,0.6,3.1,15
16937,Jonathan,Mingo,Jonathan Mingo,/football/player/jonathan-mingo-16937,,&#9881;,open,,i,,WR,,WR,DAL,CAR,123,43.00,3.00,20.00,0.05,0,3300,3300,0,2.01,2.01,2.01,1.8,4.9,0.0,0,0,0,0,0.6,0.4,0.0,0.0,1.3,1.3,15
16855,Luke,Schoonmaker,Luke Schoonmaker,/football/player/luke-schoonmaker-16855,,&#9881;,open,,i,,TE,,TE,DAL,CAR,123,43.00,3.00,20.00,0.16,0,3300,3300,0,2.11,2.11,2.11,4.4,12.1,0.0,0,0,0,0,0.6,0.3,0.0,0.0,1.1,1.1,15
14573,Patrick,Taylor,Patrick Taylor,/football/player/patrick-taylor-14573,,&#9881;,open,,i,,RB,,RB,SF,LAR,-153,49.50,-3.00,26.25,0.08,0,5900,5900,0,3.82,3.82,3.82,1.5,6.4,0.0,0,0,0,0,0.6,1.0,0.0,4.2,1.5,5.7,15
17057,Isaiah,Davis,Isaiah Davis,/football/player/isaiah-davis-17057,,&#9881;,open,,i,,RB,,RB,NYJ,JAX,-175,40.50,-3.50,22.00,0.08,0,5000,5000,0,3.00,3.00,3.00,2.4,11.7,0.0,0,0,0,0,0.6,0.6,0.0,1.4,1.5,2.9,15
13061,Trent,Sherfield,Trent Sherfield,/football/player/trent-sherfield-13061,,&#9881;,open,,i,,WR,,WR,MIN,CHI,-327,44.00,-7.00,25.50,0.05,0,3000,3000,0,1.78,1.78,1.78,1.7,6.0,0.0,0,0,0,0,0.6,0.3,0.0,0.0,1.0,1.0,15
15464,Tim,Jones,Tim Jones,/football/player/tim-jones-15464,,&#9881;,open,,i,,WR,,WR,JAX,NYJ,145,40.50,3.50,18.50,0.03,0,3100,3100,0,2.03,2.03,2.03,0.4,2.2,0.0,0,0,0,0,0.6,0.4,0.0,0.1,1.1,1.2,15
14636,Devin,Duvernay,Devin Duvernay,/football/player/devin-duvernay-14636,,&#9881;,open,,i,,WR,,WR,JAX,NYJ,145,40.50,3.50,18.50,0.17,0,3000,3000,0,1.86,1.86,1.86,1.1,3.5,0.0,0,0,0,0,0.6,0.5,0.0,0.4,1.2,1.6,15
16939,Derius,Davis,Derius Davis,/football/player/derius-davis-16939,,&#9881;,open,,i,,WR,,WR,LAC,TB,-154,45.50,-3.00,24.25,0.06,0,3000,3000,0,1.94,1.94,1.94,1.6,3.2,0.1,0,0,0,0,0.6,0.3,0.0,0.2,0.8,1.0,15
13036,Brandon,Powell,Brandon Powell,/football/player/brandon-powell-13036,,&#9881;,open,,i,,WR,,WR,MIN,CHI,-327,44.00,-7.00,25.50,0.06,0,3000,3000,0,1.71,1.71,1.71,1.0,3.0,0.0,0,0,0,0,0.6,0.4,0.0,0.2,1.0,1.2,15
17045,Xavier,Gipson,Xavier Gipson,/football/player/xavier-gipson-17045,,&#9881;,open,,i,,WR,,WR,NYJ,JAX,-175,40.50,-3.50,22.00,0.03,0,3000,3000,0,1.72,1.72,1.72,1.2,5.2,0.0,0,0,0,0,0.6,0.3,0.0,0.1,0.8,0.9,15
13067,Mike,Boone,Mike Boone,/football/player/mike-boone-13067,,&#9881;,open,,i,,RB,,RB,CAR,DAL,-148,43.00,-3.00,23.00,0.04,0,4000,4000,0,2.25,2.25,2.25,0.0,0.0,0.0,0,0,0,0,0.6,0.7,0.0,2.3,0.5,2.8,15
15214,Terrace,Marshall,Terrace Marshall,/football/player/terrace-marshall-15214,,&#9881;,open,,i,,WR,,WR,LV,ATL,174,44.00,4.00,20.00,0.08,0,3000,3000,0,1.64,1.64,1.64,0.5,1.5,0.0,0,0,0,0,0.6,0.5,0.0,0.2,1.4,1.6,15
17000,Hunter,Luepke,Hunter Luepke,/football/player/hunter-luepke-17000,,&#9881;,open,,i,,RB,,RB,DAL,CAR,123,43.00,3.00,20.00,1.37,0,4000,4000,0,2.18,2.18,2.18,1.9,5.0,0.0,0,0,0,0,0.6,0.5,0.0,1.1,0.8,1.9,15
10126,Ameer,Abdullah,Ameer Abdullah,/football/player/ameer-abdullah-10126,,&#9881;,open,,i,,RB,,RB,LV,ATL,174,44.00,4.00,20.00,0.09,0,4500,4500,0,2.58,2.58,2.58,5.8,14.5,0.0,0,0,0,0,0.6,0.6,0.0,1.2,1.5,2.7,15
16355,Raheem,Blackshear,Raheem Blackshear,/football/player/raheem-blackshear-16355,"&nbsp;<span class=""red upper bold sm-text"">que</span>",&#9881;,open,,i,,RB,,RB,CAR,DAL,-148,43.00,-3.00,23.00,0.03,0,4000,4000,0,2.08,2.08,2.08,0.0,0.0,0.0,0,0,0,0,0.5,0.6,0.0,1.4,1.1,2.5,15
15891,Greg,Dulcich,Greg Dulcich,/football/player/greg-dulcich-15891,,&#9881;,open,,i,,TE,,TE,NYG,BAL,838,42.50,16.00,13.25,0.01,0,2500,2500,0,1.18,1.18,1.18,1.2,4.0,0.0,0,0,0,0,0.5,0.3,0.0,0.0,0.8,0.8,15
15846,Velus,Jones,Velus Jones,/football/player/velus-jones-15846,,&#9881;,open,,i,,WR,,WR,CAR,DAL,-148,43.00,-3.00,23.00,0.00,0,3000,3000,0,1.50,1.50,1.50,0.0,0.0,0.0,0,0,0,0,0.5,0.6,0.0,1.2,0.5,1.7,15
16333,Deven,Thompkins,Deven Thompkins,/football/player/deven-thompkins-16333,,&#9881;,open,,i,,WR,,WR,CAR,DAL,-148,43.00,-3.00,23.00,0.01,0,3000,3000,0,1.41,1.41,1.41,1.2,3.7,0.0,0,0,0,0,0.5,0.3,0.0,0.2,0.8,1.0,15
10736,Ezekiel,Elliott,Ezekiel Elliott,/football/player/ezekiel-elliott-10736,,&#9881;,open,,i,,RB,,RB,DAL,CAR,123,43.00,3.00,20.00,0.04,0,5100,5100,0,2.60,2.60,2.60,3.1,8.5,0.2,0,0,0,0,0.5,0.6,0.0,2.3,0.8,3.1,15
15566,Luke,Farrell,Luke Farrell,/football/player/luke-farrell-15566,,&#9881;,open,,i,,TE,,TE,JAX,NYJ,145,40.50,3.50,18.50,0.05,0,2500,2500,0,1.34,1.34,1.34,1.2,3.2,0.0,0,0,0,0,0.5,0.3,0.0,0.0,0.8,0.8,15
17908,Brevyn,Spann-Ford,Brevyn Spann-Ford,/football/player/brevyn-spann-ford-17908,,&#9881;,open,,i,,TE,,TE,DAL,CAR,123,43.00,3.00,20.00,0.04,0,2600,2600,0,1.31,1.31,1.31,1.4,6.1,0.0,0,0,0,0,0.5,0.3,0.0,0.0,0.8,0.8,15
17015,Ainias,Smith,Ainias Smith,/football/player/ainias-smith-17015,,&#9881;,open,,i,,WR,,WR,PHI,PIT,-240,42.50,-5.50,24.00,0.01,0,3000,3000,0,1.52,1.52,1.52,0.8,2.3,0.0,0,0,0,0,0.5,0.3,0.0,0.0,0.9,0.9,15
17184,Malik,Heath,Malik Heath,/football/player/malik-heath-17184,,&#9881;,open,,i,,WR,,WR,GB,SEA,-147,46.00,-2.50,24.25,0.03,0,3000,3000,0,1.54,1.54,1.54,1.5,7.0,0.0,0,0,0,0,0.5,0.3,0.0,0.1,0.8,0.9,15
8930,Kyle,Juszczyk,Kyle Juszczyk,/football/player/kyle-juszczyk-8930,,&#9881;,open,,i,,RB,,RB,SF,LAR,-153,49.50,-3.00,26.25,1.37,0,4000,4000,0,2.12,2.12,2.12,2.6,8.2,0.0,0,0,0,0,0.5,0.4,0.0,0.3,1.1,1.4,15
11887,Pharaoh,Brown,Pharaoh Brown,/football/player/pharaoh-brown-11887,,&#9881;,open,,i,,TE,,TE,SEA,GB,124,46.00,2.50,21.75,0.06,0,2500,2500,0,1.19,1.19,1.19,1.0,3.1,0.0,0,0,0,0,0.5,0.2,0.0,0.0,0.6,0.6,15
12807,Durham,Smythe,Durham Smythe,/football/player/durham-smythe-12807,,&#9881;,open,,i,,TE,,TE,MIA,HOU,126,47.00,3.00,22.00,0.14,0,2500,2500,0,1.33,1.33,1.33,0.9,1.8,0.0,0,0,0,0,0.5,0.3,0.0,0.0,0.7,0.7,15
14608,Charlie,Woerner,Charlie Woerner,/football/player/charlie-woerner-14608,,&#9881;,open,,i,,TE,,TE,ATL,LV,-212,44.00,-4.00,24.00,0.01,0,2500,2500,0,0.89,0.89,0.89,0.5,1.9,0.0,0,0,0,0,0.4,0.2,0.0,0.0,0.5,0.5,15
17014,Will,Mallory,Will Mallory,/football/player/will-mallory-17014,,&#9881;,open,,i,,TE,,TE,IND,DEN,162,44.50,4.00,20.25,0.01,0,2500,2500,0,1.05,1.05,1.05,0.9,1.9,0.0,0,0,0,0,0.4,0.2,0.0,0.0,0.6,0.6,15
17800,Jaylen,Wright,Jaylen Wright,/football/player/jaylen-wright-17800,,&#9881;,open,,i,,RB,,RB,MIA,HOU,126,47.00,3.00,22.00,0.04,0,4400,4400,0,1.95,1.95,1.95,2.3,6.6,0.0,0,0,0,0,0.4,0.6,0.0,2.1,0.4,2.5,15
16728,Sean,Tucker,Sean Tucker,/football/player/sean-tucker-16728,,&#9881;,open,,i,,RB,,RB,TB,LAC,128,45.50,3.00,21.25,0.02,0,4300,4300,0,1.95,1.95,1.95,5.3,26.4,0.0,0,0,0,0,0.4,0.7,0.0,2.7,0.2,2.9,15
14576,Harrison,Bryant,Harrison Bryant,/football/player/harrison-bryant-14576,,&#9881;,open,,i,,TE,,TE,LV,ATL,174,44.00,4.00,20.00,0.03,0,2500,2500,0,1.02,1.02,1.02,2.2,5.0,0.0,0,0,0,0,0.4,0.2,0.0,0.0,0.6,0.6,15
10234,DeAndre,Carter,DeAndre Carter,/football/player/deandre-carter-10234,"&nbsp;<span class=""red upper bold sm-text"">que</span>",&#9881;,open,,i,,WR,,WR,CHI,MIN,255,44.00,7.00,18.50,0.02,0,3000,3000,0,1.17,1.17,1.17,1.1,4.8,0.0,0,0,0,0,0.4,0.3,0.0,0.2,0.8,1.0,15
14392,JaMycal,Hasty,JaMycal Hasty,/football/player/jamycal-hasty-14392,,&#9881;,open,,i,,RB,,RB,NE,ARI,208,46.00,6.00,20.00,0.01,0,4000,4000,0,1.63,1.63,1.63,2.4,11.3,0.0,0,0,0,0,0.4,0.5,0.0,1.5,0.6,2.1,15
11737,Gerald,Everett,Gerald Everett,/football/player/gerald-everett-11737,,&#9881;,open,,i,,TE,,TE,CHI,MIN,255,44.00,7.00,18.50,0.03,0,2500,2500,0,1.13,1.13,1.13,0.8,3.1,0.0,0,0,0,0,0.4,0.3,0.0,0.0,0.7,0.7,15
17833,Ben,Sinnott,Ben Sinnott,/football/player/ben-sinnott-17833,,&#9881;,open,,i,,TE,,TE,WAS,NO,-361,43.50,-7.50,25.50,0.03,0,2500,2500,0,1.11,1.11,1.11,1.0,6.1,0.0,0,0,0,0,0.4,0.2,0.0,0.0,0.6,0.6,15
15935,Bo,Melton,Bo Melton,/football/player/bo-melton-15935,,&#9881;,open,,i,,WR,,WR,GB,SEA,-147,46.00,-2.50,24.25,0.04,0,3000,3000,0,1.31,1.31,1.31,1.4,3.6,0.0,0,0,0,0,0.4,0.2,0.0,0.0,0.7,0.7,15
17686,Jamari,Thrash,Jamari Thrash,/football/player/jamari-thrash-17686,"&nbsp;<span class=""red upper bold sm-text"">que</span>",&#9881;,open,,i,,WR,,WR,CLE,KC,177,44.00,4.00,20.00,0.00,0,3100,3100,0,1.27,1.27,1.27,1.0,2.8,0.0,0,0,0,0,0.4,0.3,0.0,0.0,0.8,0.8,15
17974,Ryan,Flournoy,Ryan Flournoy,/football/player/ryan-flournoy-17974,,&#9881;,open,,i,,WR,,WR,DAL,CAR,123,43.00,3.00,20.00,0.00,0,3000,3000,0,1.17,1.17,1.17,0.9,3.2,0.0,0,0,0,0,0.4,0.2,0.0,0.0,0.7,0.7,15
15875,Dameon,Pierce,Dameon Pierce,/football/player/dameon-pierce-15875,,&#9881;,open,,i,,RB,,RB,HOU,MIA,-150,47.00,-3.00,25.00,0.01,0,4300,4300,0,1.83,1.83,1.83,2.8,11.7,0.0,0,0,0,0,0.4,0.5,0.0,1.4,0.8,2.2,15
15413,Trey,Sermon,Trey Sermon,/football/player/trey-sermon-15413,,&#9881;,open,,i,,RB,,RB,IND,DEN,162,44.50,4.00,20.25,0.01,0,4000,4000,0,1.52,1.52,1.52,3.7,13.6,0.0,0,0,0,0,0.4,0.5,0.0,1.6,0.5,2.1,15
16720,Payne,Durham,Payne Durham,/football/player/payne-durham-16720,,&#9881;,open,,i,,TE,,TE,TB,LAC,128,45.50,3.00,21.25,0.02,0,2500,2500,0,1.04,1.04,1.04,0.5,2.6,0.0,0,0,0,0,0.4,0.2,0.0,0.0,0.6,0.6,15
16970,Eric,Gray,Eric Gray,/football/player/eric-gray-16970,,&#9881;,open,,i,,RB,,RB,NYG,BAL,838,42.50,16.00,13.25,0.01,0,4000,4000,0,1.55,1.55,1.55,1.1,5.4,0.0,0,0,0,0,0.4,0.4,0.0,0.7,0.8,1.5,15
15289,John,Bates,John Bates,/football/player/john-bates-15289,,&#9881;,open,,i,,TE,,TE,WAS,NO,-361,43.50,-7.50,25.50,0.10,0,2500,2500,0,1.03,1.03,1.03,1.0,3.0,0.0,0,0,0,0,0.4,0.3,0.0,0.0,0.7,0.7,15
15246,Hunter,Long,Hunter Long,/football/player/hunter-long-15246,,&#9881;,open,,i,,TE,,TE,LAR,SF,128,49.50,3.00,23.25,0.06,0,2500,2500,0,0.71,0.71,0.71,0.8,2.8,0.0,0,0,0,0,0.3,0.2,0.0,0.0,0.6,0.6,15
10224,Jamison,Crowder,Jamison Crowder,/football/player/jamison-crowder-10224,"&nbsp;<span class=""red upper bold sm-text"">IR-</span>",&#9881;,open,,i,,WR,,WR,WAS,NO,-361,43.50,-7.50,25.50,0.00,0,3000,3000,0,0.97,0.97,0.97,0.0,0.0,0.0,0,0,0,0,0.3,0.2,0.0,0.0,0.6,0.6,15
18107,Mason,Tipton,Mason Tipton,/football/player/mason-tipton-18107,,&#9881;,open,,i,,WR,,WR,NO,WAS,283,43.50,7.50,18.00,0.00,0,4100,4100,0,1.11,1.11,1.11,2.5,8.1,0.0,0,0,0,0,0.3,0.2,0.0,0.0,0.7,0.7,15
16735,Israel,Abanikanda,Israel Abanikanda,/football/player/israel-abanikanda-16735,,&#9881;,open,,i,,RB,,RB,SF,LAR,-153,49.50,-3.00,26.25,0.01,0,4900,4900,0,1.32,1.32,1.32,0.0,0.0,0.0,0,0,0,0,0.3,0.5,0.0,1.9,0.4,2.3,15
17848,Jaheim,Bell,Jaheim Bell,/football/player/jaheim-bell-17848,,&#9881;,open,,i,,TE,,TE,NE,ARI,208,46.00,6.00,20.00,0.01,0,2500,2500,0,0.64,0.64,0.64,0.1,0.8,0.0,0,0,0,0,0.3,0.2,0.0,0.0,0.4,0.4,15
15510,Jack,Stoll,Jack Stoll,/football/player/jack-stoll-15510,,&#9881;,open,,i,,TE,,TE,MIA,HOU,126,47.00,3.00,22.00,0.01,0,2500,2500,0,0.74,0.74,0.74,0.4,1.3,0.0,0,0,0,0,0.3,0.2,0.0,0.0,0.4,0.4,15
15990,Tyler,Goodson,Tyler Goodson,/football/player/tyler-goodson-15990,,&#9881;,open,,i,,RB,,RB,IND,DEN,162,44.50,4.00,20.25,0.00,0,4000,4000,0,1.04,1.04,1.04,3.4,9.6,0.0,0,0,0,0,0.3,0.2,0.0,0.4,0.5,0.9,15
12447,River,Cracraft,River Cracraft,/football/player/river-cracraft-12447,,&#9881;,open,,i,,WR,,WR,MIA,HOU,126,47.00,3.00,22.00,0.00,0,3000,3000,0,0.76,0.76,0.76,0.0,0.0,0.0,0,0,0,0,0.3,0.2,0.0,0.0,0.6,0.6,15
17909,Carson,Steele,Carson Steele,/football/player/carson-steele-17909,,&#9881;,open,,i,,RB,,RB,KC,CLE,-216,44.00,-4.00,24.00,0.00,0,4000,4000,0,1.10,1.10,1.10,1.7,6.2,0.0,0,0,0,0,0.3,0.3,0.0,0.8,0.4,1.2,15
17008,Jacob,Cowing,Jacob Cowing,/football/player/jacob-cowing-17008,,&#9881;,open,,i,,WR,,WR,SF,LAR,-153,49.50,-3.00,26.25,0.00,0,3000,3000,0,0.91,0.91,0.91,0.6,4.9,0.0,0,0,0,0,0.3,0.2,0.0,0.0,0.5,0.5,15
15460,Quintin,Morris,Quintin Morris,/football/player/quintin-morris-15460,,&#9881;,open,,i,,TE,,TE,BUF,DET,118,54.50,2.50,26.00,0.01,0,2500,2500,0,0.78,0.78,0.78,0.9,5.2,0.0,0,0,0,0,0.3,0.2,0.0,0.0,0.4,0.4,15
16810,Keaton,Mitchell,Keaton Mitchell,/football/player/keaton-mitchell-16810,,&#9881;,open,,i,,RB,,RB,BAL,NYG,-1516,42.50,-16.00,29.25,0.00,0,4800,4800,0,1.35,1.35,1.35,0.0,0.0,0.0,0,0,0,0,0.3,0.3,0.0,1.1,0.4,1.5,15
16277,Drew,Ogletree,Drew Ogletree,/football/player/drew-ogletree-16277,,&#9881;,open,,i,,TE,,TE,IND,DEN,162,44.50,4.00,20.25,0.03,0,2500,2500,0,0.87,0.87,0.87,1.9,6.5,0.0,0,0,0,0,0.3,0.2,0.0,0.0,0.5,0.5,15
12678,D'Ernest,Johnson,D'Ernest Johnson,/football/player/dernest-johnson-12678,,&#9881;,open,,i,,RB,,RB,JAX,NYJ,145,40.50,3.50,18.50,0.00,0,4000,4000,0,1.04,1.04,1.04,2.7,8.0,0.0,0,0,0,0,0.3,0.4,0.0,0.8,0.6,1.4,15
15416,Justin,Fields,Justin Fields,/football/player/justin-fields-15416,,&#9881;,open,,i,,QB,,QB,PIT,PHI,196,42.50,5.50,18.50,0.00,0,4700,4700,0,1.29,1.29,1.29,13.9,31.2,1.1,0,0,0,0,0.3,0.4,0.5,1.5,0.0,1.5,15
13960,Craig,Reynolds,Craig Reynolds,/football/player/craig-reynolds-13960,,&#9881;,open,,i,,RB,,RB,DET,BUF,-141,54.50,-2.50,28.50,0.00,0,4000,4000,0,0.92,0.92,0.92,0.4,1.7,0.0,0,0,0,0,0.2,0.2,0.0,0.3,0.5,0.8,15
14514,Clyde,Edwards-Helaire,Clyde Edwards-Helaire,/football/player/clyde-edwards-helaire-14514,,&#9881;,open,,i,,RB,,RB,KC,CLE,-216,44.00,-4.00,24.00,0.00,0,4000,4000,0,0.83,0.83,0.83,0.0,0.0,0.0,0,0,0,0,0.2,0.2,0.0,0.6,0.3,0.9,15
15916,Connor,Heyward,Connor Heyward,/football/player/connor-heyward-15916,,&#9881;,open,,i,,TE,,TE,PIT,PHI,196,42.50,5.50,18.50,0.00,0,2500,2500,0,0.52,0.52,0.52,1.1,7.2,0.0,0,0,0,0,0.2,0.2,0.0,0.0,0.4,0.4,15
12820,DJ,Chark,DJ Chark,/football/player/dj-chark-12820,,&#9881;,open,,i,,WR,,WR,LAC,TB,-154,45.50,-3.00,24.25,0.03,0,3300,3300,0,0.52,0.52,0.52,0.6,1.8,0.0,0,0,0,0,0.2,0.1,0.0,0.0,0.3,0.3,15
14410,DeeJay,Dallas,DeeJay Dallas,/football/player/deejay-dallas-14410,,&#9881;,open,,i,,RB,,RB,ARI,NE,-257,46.00,-6.00,26.00,0.00,0,4000,4000,0,0.78,0.78,0.78,0.1,0.7,0.0,0,0,0,0,0.2,0.3,0.0,0.6,0.4,1.0,15
11751,Zay,Jones,Zay Jones,/football/player/zay-jones-11751,,&#9881;,open,,i,,WR,,WR,ARI,NE,-257,46.00,-6.00,26.00,0.02,0,3000,3000,0,0.73,0.73,0.73,0.5,1.9,0.0,0,0,0,0,0.2,0.1,0.0,0.0,0.4,0.4,15
16102,Pierre,Strong,Pierre Strong,/football/player/pierre-strong-16102,,&#9881;,open,,i,,RB,,RB,CLE,KC,177,44.00,4.00,20.00,0.00,0,4000,4000,0,0.97,0.97,0.97,2.0,7.3,0.0,0,0,0,0,0.2,0.3,0.0,0.8,0.4,1.2,15
16719,Charlie,Jones,Charlie Jones,/football/player/charlie-jones-16719,"&nbsp;<span class=""red upper bold sm-text"">que</span>",&#9881;,open,,i,,WR,,WR,CIN,TEN,-232,47.00,-5.00,26.00,0.00,0,3000,3000,0,0.55,0.55,0.55,0.9,4.6,0.0,0,0,0,0,0.2,0.1,0.0,0.0,0.3,0.3,15
17787,Javon,Baker,Javon Baker,/football/player/javon-baker-17787,,&#9881;,open,,i,,WR,,WR,NE,ARI,208,46.00,6.00,20.00,0.00,0,3000,3000,0,0.63,0.63,0.63,0.0,0.0,0.0,0,0,0,0,0.2,0.1,0.0,0.0,0.4,0.4,15
15701,Shane,Zylstra,Shane Zylstra,/football/player/shane-zylstra-15701,,&#9881;,open,,i,,TE,,TE,DET,BUF,-141,54.50,-2.50,28.50,0.00,0,2500,2500,0,0.53,0.53,0.53,0.4,2.4,0.0,0,0,0,0,0.2,0.1,0.0,0.0,0.3,0.3,15
13418,KhaDarel,Hodge,KhaDarel Hodge,/football/player/khadarel-hodge-13418,,&#9881;,open,,i,,WR,,WR,ATL,LV,-212,44.00,-4.00,24.00,0.00,0,3000,3000,0,0.62,0.62,0.62,1.7,10.4,0.0,0,0,0,0,0.2,0.1,0.0,0.0,0.3,0.3,15
15979,Ty,Chandler,Ty Chandler,/football/player/ty-chandler-15979,,&#9881;,open,,i,,RB,,RB,MIN,CHI,-327,44.00,-7.00,25.50,0.00,0,4000,4000,0,0.94,0.94,0.94,1.7,6.3,0.0,0,0,0,0,0.2,0.3,0.0,0.8,0.3,1.1,15
17048,Keilan,Robinson,Keilan Robinson,/football/player/keilan-robinson-17048,,&#9881;,open,,i,,RB,,RB,JAX,NYJ,145,40.50,3.50,18.50,0.00,0,4000,4000,0,0.64,0.64,0.64,0.0,0.0,0.0,0,0,0,0,0.2,0.1,0.0,0.2,0.2,0.4,15
17972,Jha'Quan,Jackson,Jha'Quan Jackson,/football/player/jhaquan-jackson-17972,,&#9881;,open,,i,,WR,,WR,TEN,CIN,188,47.00,5.00,21.00,0.00,0,3000,3000,0,0.52,0.52,0.52,-0.1,0.9,0.0,0,0,0,0,0.2,0.1,0.0,0.0,0.4,0.4,15
16713,Tyler,Scott,Tyler Scott,/football/player/tyler-scott-16713,,&#9881;,open,,i,,WR,,WR,CHI,MIN,255,44.00,7.00,18.50,0.00,0,3000,3000,0,0.20,0.20,0.20,0.0,0.0,0.0,0,0,0,0,0.1,0.0,0.0,0.0,0.1,0.1,15
17003,Deuce,Vaughn,Deuce Vaughn,/football/player/deuce-vaughn-17003,,&#9881;,open,,i,,RB,,RB,DAL,CAR,123,43.00,3.00,20.00,0.00,0,4000,4000,0,0.40,0.40,0.40,1.5,2.8,0.1,0,0,0,0,0.1,0.1,0.0,0.2,0.2,0.4,15
17039,Jase,McClellan,Jase McClellan,/football/player/jase-mcclellan-17039,"&nbsp;<span class=""red upper bold sm-text"">IR</span>",&#9881;,open,,i,,RB,,RB,ATL,LV,-212,44.00,-4.00,24.00,0.00,0,4000,4000,0,0.31,0.31,0.31,1.6,1.7,1.5,0,0,0,0,0.1,0.1,0.0,0.2,0.1,0.3,15
18044,Casey,Washington,Casey Washington,/football/player/casey-washington-18044,"&nbsp;<span class=""red upper bold sm-text"">que</span>",&#9881;,open,,i,,WR,,WR,ATL,LV,-212,44.00,-4.00,24.00,0.00,0,3000,3000,0,0.35,0.35,0.35,0.3,1.8,0.0,0,0,0,0,0.1,0.1,0.0,0.0,0.2,0.2,15
17467,Xavier,Smith,Xavier Smith,/football/player/xavier-smith-17467,,&#9881;,open,,i,,WR,,WR,LAR,SF,128,49.50,3.00,23.25,0.00,0,3000,3000,0,0.25,0.25,0.25,0.5,2.3,0.0,0,0,0,0,0.1,0.1,0.0,0.0,0.2,0.2,15
17728,Devontez,Walker,Devontez Walker,/football/player/devontez-walker-17728,,&#9881;,open,,i,,WR,,WR,BAL,NYG,-1516,42.50,-16.00,29.25,0.00,0,3000,3000,0,0.37,0.37,0.37,0.0,0.0,0.0,0,0,0,0,0.1,0.1,0.0,0.0,0.2,0.2,15
17026,Rasheen,Ali,Rasheen Ali,/football/player/rasheen-ali-17026,,&#9881;,open,,i,,RB,,RB,BAL,NYG,-1516,42.50,-16.00,29.25,0.00,0,4000,4000,0,0.21,0.21,0.21,0.0,0.0,0.0,0,0,0,0,0.1,0.1,0.0,0.1,0.1,0.2,15
17866,Tanner,McLachlan,Tanner McLachlan,/football/player/tanner-mclachlan-17866,,&#9881;,open,,i,,TE,,TE,CIN,TEN,-232,47.00,-5.00,26.00,0.00,0,2500,2500,0,0.18,0.18,0.18,0.0,0.0,0.0,0,0,0,0,0.1,0.0,0.0,0.0,0.1,0.1,15
17971,Anthony,Gould,Anthony Gould,/football/player/anthony-gould-17971,,&#9881;,open,,i,,WR,,WR,IND,DEN,162,44.50,4.00,20.25,0.00,0,3000,3000,0,0.16,0.16,0.16,0.0,0.0,0.0,0,0,0,0,0.1,0.0,0.0,0.0,0.1,0.1,15
17002,Kenny,McIntosh,Kenny McIntosh,/football/player/kenny-mcintosh-17002,,&#9881;,open,,i,,RB,,RB,SEA,GB,124,46.00,2.50,21.75,0.00,0,4000,4000,0,0.31,0.31,0.31,0.7,4.5,0.0,0,0,0,0,0.1,0.1,0.0,0.2,0.2,0.4,15
17802,Will,Shipley,Will Shipley,/football/player/will-shipley-17802,,&#9881;,open,,i,,RB,,RB,PHI,PIT,-240,42.50,-5.50,24.00,0.00,0,4000,4000,0,0.55,0.55,0.55,0.4,2.4,0.0,0,0,0,0,0.1,0.1,0.0,0.3,0.2,0.5,15
17965,Devin,Culp,Devin Culp,/football/player/devin-culp-17965,,&#9881;,open,,i,,TE,,TE,TB,LAC,128,45.50,3.00,21.25,0.00,0,2500,2500,0,0.33,0.33,0.33,0.0,0.0,0.0,0,0,0,0,0.1,0.1,0.0,0.0,0.2,0.2,15
16744,Nikko,Remigio,Nikko Remigio,/football/player/nikko-remigio-16744,,&#9881;,open,,i,,WR,,WR,KC,CLE,-216,44.00,-4.00,24.00,0.00,0,3000,3000,0,0.40,0.40,0.40,0.0,0.0,0.0,0,0,0,0,0.1,0.1,0.0,0.0,0.2,0.2,15
17818,Dylan,Laube,Dylan Laube,/football/player/dylan-laube-17818,,&#9881;,open,,i,,RB,,RB,LV,ATL,174,44.00,4.00,20.00,0.00,0,4000,4000,0,0.57,0.57,0.57,-0.2,0.1,0.0,0,0,0,0,0.1,0.2,0.0,0.3,0.3,0.6,15
17824,Dallin,Holker,Dallin Holker,/football/player/dallin-holker-17824,,&#9881;,open,,i,,TE,,TE,NO,WAS,283,43.50,7.50,18.00,0.00,0,2500,2500,0,0.16,0.16,0.16,0.3,1.5,0.0,0,0,0,0,0.1,0.0,0.0,0.0,0.1,0.1,15
17966,Tip,Reiman,Tip Reiman,/football/player/tip-reiman-17966,,&#9881;,open,,i,,TE,,TE,ARI,NE,-257,46.00,-6.00,26.00,0.00,0,2500,2500,0,0.35,0.35,0.35,0.6,1.9,0.0,0,0,0,0,0.1,0.1,0.0,0.0,0.2,0.2,15
17760,Sione,Vaki,Sione Vaki,/football/player/sione-vaki-17760,,&#9881;,open,,i,,RB,,RB,DET,BUF,-141,54.50,-2.50,28.50,0.00,0,4000,4000,0,0.58,0.58,0.58,0.4,2.0,0.0,0,0,0,0,0.1,0.2,0.0,0.3,0.3,0.6,15
9264,Allen,Robinson,Allen Robinson,/football/player/allen-robinson-9264,,&#9881;,open,,i,,WR,,WR,DET,BUF,-141,54.50,-2.50,28.50,0.00,0,3000,3000,0,0.35,0.35,0.35,0.3,1.3,0.0,0,0,0,0,0.1,0.1,0.0,0.0,0.2,0.2,15
11897,Eric,Saubert,Eric Saubert,/football/player/eric-saubert-11897,,&#9881;,open,,i,,TE,,TE,SF,LAR,-153,49.50,-3.00,26.25,0.01,0,2500,2500,0,0.27,0.27,0.27,1.1,4.6,0.0,0,0,0,0,0.1,0.1,0.0,0.0,0.2,0.2,15
12298,Patrick,Ricard,Patrick Ricard,/football/player/patrick-ricard-12298,,&#9881;,open,,i,,RB,,RB,BAL,NYG,-1516,42.50,-16.00,29.25,1.37,0,4000,4000,0,0.57,0.57,0.57,0.7,5.1,0.0,0,0,0,0,0.1,0.1,0.0,0.1,0.3,0.4,15
16337,Britain,Covey,Britain Covey,/football/player/britain-covey-16337,"&nbsp;<span class=""red upper bold sm-text"">que</span>",&#9881;,open,,i,,WR,,WR,PHI,PIT,-240,42.50,-5.50,24.00,0.00,0,3000,3000,0,0.41,0.41,0.41,2.6,7.4,0.0,0,0,0,0,0.1,0.1,0.0,0.0,0.3,0.3,15
14629,Josiah,Deguara,Josiah Deguara,/football/player/josiah-deguara-14629,"&nbsp;<span class=""red upper bold sm-text"">que</span>",&#9881;,open,,i,,TE,,TE,JAX,NYJ,145,40.50,3.50,18.50,0.00,0,2500,2500,0,0.27,0.27,0.27,0.3,1.4,0.0,0,0,0,0,0.1,0.1,0.0,0.0,0.2,0.2,15
12932,Jeff,Wilson,Jeff Wilson,/football/player/jeff-wilson-12932,,&#9881;,open,,i,,RB,,RB,MIA,HOU,126,47.00,3.00,22.00,0.00,0,4000,4000,0,0.20,0.20,0.20,1.3,3.0,0.0,0,0,0,0,0.1,0.1,0.0,0.1,0.1,0.2,15
15921,Julius,Chestnut,Julius Chestnut,/football/player/julius-chestnut-15921,,&#9881;,open,,i,,RB,,RB,TEN,CIN,188,47.00,5.00,21.00,0.00,0,4000,4000,0,0.24,0.24,0.24,0.9,2.8,0.0,0,0,0,0,0.1,0.1,0.0,0.3,0.1,0.4,15
15992,Hassan,Haskins,Hassan Haskins,/football/player/hassan-haskins-15992,,&#9881;,open,,i,,RB,,RB,LAC,TB,-154,45.50,-3.00,24.25,0.00,0,4200,4200,0,0.47,0.47,0.47,0.6,4.5,0.0,0,0,0,0,0.1,0.2,0.0,0.6,0.2,0.8,15
13484,Travis,Homer,Travis Homer,/football/player/travis-homer-13484,"&nbsp;<span class=""red upper bold sm-text"">que</span>",&#9881;,open,,i,,RB,,RB,CHI,MIN,255,44.00,7.00,18.50,0.00,0,4000,4000,0,0.33,0.33,0.33,0.6,3.1,0.0,0,0,0,0,0.1,0.1,0.0,0.2,0.2,0.4,15
16108,Ronnie,Rivers,Ronnie Rivers,/football/player/ronnie-rivers-16108,,&#9881;,open,,i,,RB,,RB,LAR,SF,128,49.50,3.00,23.25,0.00,0,4000,4000,0,0.20,0.20,0.20,0.4,1.9,0.0,0,0,0,0,0.1,0.1,0.0,0.1,0.1,0.2,15
15198,Trey,Lance,Trey Lance,/football/player/trey-lance-15198,,&#9881;,open,,i,,QB,,QB,DAL,CAR,123,43.00,3.00,20.00,0.00,0,4700,4700,0,0.31,0.31,0.31,0.6,1.7,0.0,0,0,0,0,0.1,0.2,0.3,0.5,0.0,0.5,15
15287,Ihmir,Smith-Marsette,Ihmir Smith-Marsette,/football/player/ihmir-smith-marsette-15287,,&#9881;,open,,i,,WR,,WR,NYG,BAL,838,42.50,16.00,13.25,0.00,0,3000,3000,0,0.26,0.26,0.26,0.0,0.0,0.0,0,0,0,0,0.1,0.1,0.0,0.0,0.2,0.2,15
11685,D'Onta,Foreman,D'Onta Foreman,/football/player/donta-foreman-11685,,&#9881;,open,,i,,RB,,RB,CLE,KC,177,44.00,4.00,20.00,0.00,0,4000,4000,0,0.35,0.35,0.35,3.6,6.8,0.6,0,0,0,0,0.1,0.1,0.0,0.2,0.2,0.4,15
17696,Erick,All,Erick All,/football/player/erick-all-17696,"&nbsp;<span class=""red upper bold sm-text"">IR</span>",&#9881;,open,,i,,TE,,TE,CIN,TEN,-232,47.00,-5.00,26.00,0,0,2500,2500,0,0.00,0.00,0.00,4.5,7.0,1.0,0,0,0,0,0.0,0.0,0.0,0.0,0.0,0.0,15
10507,Geoff,Swaim,Geoff Swaim,/football/player/geoff-swaim-10507,"&nbsp;<span class=""red upper bold sm-text"">IR</span>",&#9881;,open,,i,,TE,,TE,CLE,KC,177,44.00,4.00,20.00,0,0,2500,2500,0,0.00,0.00,0.00,0.2,1.3,0.0,0,0,0,0,0.0,0.0,0.0,0.0,0.0,0.0,15
18162,JaQuae,Jackson,JaQuae Jackson,/football/player/jaquae-jackson-18162,"&nbsp;<span class=""red upper bold sm-text"">IR</span>",&#9881;,open,,i,,WR,,WR,NE,ARI,208,46.00,6.00,20.00,0,0,3000,3000,0,0.00,0.00,0.00,0.0,0.0,0.0,0,0,0,0,0.0,0.0,0.0,0.0,0.0,0.0,15
18284,Cam,Grandy,Cam Grandy,/football/player/cam-grandy-18284,,&#9881;,open,,i,,TE,,TE,CIN,TEN,-232,47.00,-5.00,26.00,0,0,2500,2500,0,0.00,0.00,0.00,0.3,0.9,0.0,0,0,0,0,0.0,0.0,0.0,0.0,0.0,0.0,15
12858,Ian,Thomas,Ian Thomas,/football/player/ian-thomas-12858,"&nbsp;<span class=""red upper bold sm-text"">IR</span>",&#9881;,open,,i,,TE,,TE,CAR,DAL,-148,43.00,-3.00,23.00,0,0,2500,2500,0,0.00,0.00,0.00,0.7,2.1,0.0,0,0,0,0,0.0,0.0,0.0,0.0,0.0,0.0,15
13438,Jarrett,Stidham,Jarrett Stidham,/football/player/jarrett-stidham-13438,,&#9881;,open,,i,,QB,,QB,DEN,IND,-197,44.50,-4.00,24.25,0,0,4200,4200,0,0.00,0.00,0.00,-0.1,0.0,0.0,0,0,0,0,0.0,0.0,0.0,0.0,0.0,0.0,15
13548,Trayveon,Williams,Trayveon Williams,/football/player/trayveon-williams-13548,,&#9881;,open,,i,,RB,,RB,CIN,TEN,-232,47.00,-5.00,26.00,0.00,0,4500,4500,0,0.18,0.18,0.18,0.0,0.0,0.0,0,0,0,0,0.0,0.0,0.0,0.1,0.1,0.2,15
4891,Marcedes,Lewis,Marcedes Lewis,/football/player/marcedes-lewis-4891,,&#9881;,open,,i,,TE,,TE,CHI,MIN,255,44.00,7.00,18.50,0,0,2500,2500,0,0.00,0.00,0.00,0.1,0.8,0.0,0,0,0,0,0.0,0.0,0.0,0.0,0.0,0.0,15
12986,Will,Dissly,Will Dissly,/football/player/will-dissly-12986,"&nbsp;<span class=""red upper bold sm-text"">dou</span>",&#9881;,open,,i,,TE,,TE,LAC,TB,-154,45.50,-3.00,24.25,0,0,3700,3700,0,0.00,0.00,0.00,7.4,15.3,1.1,0,0,0,0,0.0,0.0,0.0,0.0,0.0,0.0,15
13030,Ross,Dwelley,Ross Dwelley,/football/player/ross-dwelley-13030,,&#9881;,open,,i,,TE,,TE,ATL,LV,-212,44.00,-4.00,24.00,0,0,2500,2500,0,0.00,0.00,0.00,0.1,1.0,0.0,0,0,0,0,0.0,0.0,0.0,0.0,0.0,0.0,15
17939,David,White,David White,/football/player/david-white-17939,"&nbsp;<span class=""red upper bold sm-text"">IR</span>",&#9881;,open,,i,,WR,,WR,JAX,NYJ,145,40.50,3.50,18.50,0,0,3000,3000,0,0.00,0.00,0.00,0.0,0.0,0.0,0,0,0,0,0.0,0.0,0.0,0.0,0.0,0.0,15
14370,AJ,Dillon,AJ Dillon,/football/player/aj-dillon-14370,"&nbsp;<span class=""red upper bold sm-text"">IR</span>",&#9881;,open,,i,,RB,,RB,GB,SEA,-147,46.00,-2.50,24.25,0,0,4000,4000,0,0.00,0.00,0.00,0.0,0.0,0.0,0,0,0,0,0.0,0.0,0.0,0.0,0.0,0.0,15
17978,Tahj,Washington,Tahj Washington,/football/player/tahj-washington-17978,"&nbsp;<span class=""red upper bold sm-text"">IR</span>",&#9881;,open,,i,,WR,,WR,MIA,HOU,126,47.00,3.00,22.00,0,0,3000,3000,0,0.00,0.00,0.00,0.0,0.0,0.0,0,0,0,0,0.0,0.0,0.0,0.0,0.0,0.0,15
17782,Spencer,Rattler,Spencer Rattler,/football/player/spencer-rattler-17782,,&#9881;,open,,i,,QB,,QB,NO,WAS,283,43.50,7.50,18.00,0,0,4600,4600,0,0.00,0.00,0.00,9.7,14.2,5.8,0,0,0,0,0.0,0.0,0.0,0.0,0.0,0.0,15
17747,Jonathon,Brooks,Jonathon Brooks,/football/player/jonathon-brooks-17747,"&nbsp;<span class=""red upper bold sm-text"">IR</span>",&#9881;,open,,i,,RB,,RB,CAR,DAL,-148,43.00,-3.00,23.00,0,0,4400,4400,0,0.00,0.00,0.00,2.5,6.8,0.0,0,0,0,0,0.0,0.0,0.0,0.0,0.0,0.0,15
7357,Tyrod,Taylor,Tyrod Taylor,/football/player/tyrod-taylor-7357,,&#9881;,open,,i,,QB,,QB,NYJ,JAX,-175,40.50,-3.50,22.00,0,0,4400,4400,0,0.00,0.00,0.00,6.1,6.1,6.1,0,0,0,0,0.0,0.0,0.0,0.0,0.0,0.0,15
14545,Collin,Johnson,Collin Johnson,/football/player/collin-johnson-14545,,&#9881;,open,,i,,WR,,WR,CHI,MIN,255,44.00,7.00,18.50,0,0,3000,3000,0,0.00,0.00,0.00,0.3,1.3,0.0,0,0,0,0,0.0,0.0,0.0,0.0,0.0,0.0,15
12884,Dante,Pettis,Dante Pettis,/football/player/dante-pettis-12884,,&#9881;,open,,i,,WR,,WR,NO,WAS,283,43.50,7.50,18.00,0,0,3000,3000,0,0.00,0.00,0.00,1.3,2.0,0.2,0,0,0,0,0.0,0.0,0.0,0.0,0.0,0.0,15
15922,Dareke,Young,Dareke Young,/football/player/dareke-young-15922,,&#9881;,open,,i,,WR,,WR,SEA,GB,124,46.00,2.50,21.75,0,0,3000,3000,0,0.00,0.00,0.00,0.0,0.0,0.0,0,0,0,0,0.0,0.0,0.0,0.0,0.0,0.0,15
17830,Joe,Milton,Joe Milton,/football/player/joe-milton-17830,,&#9881;,open,,i,,QB,,QB,NE,ARI,208,46.00,6.00,20.00,0,0,4000,4000,0,0.00,0.00,0.00,0.0,0.0,0.0,0,0,0,0,0.0,0.0,0.0,0.0,0.0,0.0,15
10033,Chris,Manhertz,Chris Manhertz,/football/player/chris-manhertz-10033,,&#9881;,open,,i,,TE,,TE,NYG,BAL,838,42.50,16.00,13.25,0,0,2500,2500,0,0.00,0.00,0.00,0.6,4.9,0.0,0,0,0,0,0.0,0.0,0.0,0.0,0.0,0.0,15
17404,Evan,Deckers,Evan Deckers,/football/player/evan-deckers-17404,,&#9881;,open,,i,,TE,,TE,TB,LAC,128,45.50,3.00,21.25,0,0,2500,2500,0,0.00,0.00,0.00,0.0,0.0,0.0,0,0,0,0,0.0,0.0,0.0,0.0,0.0,0.0,15
14495,Cody,White,Cody White,/football/player/cody-white-14495,,&#9881;,open,,i,,WR,,WR,SEA,GB,124,46.00,2.50,21.75,0,0,3000,3000,0,0.00,0.00,0.00,1.6,5.6,0.0,0,0,0,0,0.0,0.0,0.0,0.0,0.0,0.0,15
15324,Feleipe,Franks,Feleipe Franks,/football/player/feleipe-franks-15324,,&#9881;,open,,i,,TE,,TE,CAR,DAL,-148,43.00,-3.00,23.00,0,0,2500,2500,0,0.00,0.00,0.00,0.0,0.0,0.0,0,0,0,0,0.0,0.0,0.0,0.0,0.0,0.0,15
14131,Stephen,Carlson,Stephen Carlson,/football/player/stephen-carlson-14131,"&nbsp;<span class=""red upper bold sm-text"">IR</span>",&#9881;,open,,i,,TE,,TE,CHI,MIN,255,44.00,7.00,18.50,0,0,2500,2500,0,0.00,0.00,0.00,0.0,0.0,0.0,0,0,0,0,0.0,0.0,0.0,0.0,0.0,0.0,15
18260,Ian,Wheeler,Ian Wheeler,/football/player/ian-wheeler-18260,"&nbsp;<span class=""red upper bold sm-text"">IR</span>",&#9881;,open,,i,,RB,,RB,CHI,MIN,255,44.00,7.00,18.50,0,0,4000,4000,0,0.00,0.00,0.00,0.0,0.0,0.0,0,0,0,0,0.0,0.0,0.0,0.0,0.0,0.0,15
18300,British,Brooks,British Brooks,/football/player/british-brooks-18300,"&nbsp;<span class=""red upper bold sm-text"">IR</span>",&#9881;,open,,i,,RB,,RB,HOU,MIA,-150,47.00,-3.00,25.00,0,0,4000,4000,0,0.00,0.00,0.00,0.1,0.2,0.0,0,0,0,0,0.0,0.0,0.0,0.0,0.0,0.0,15
14559,Dalton,Keene,Dalton Keene,/football/player/dalton-keene-14559,"&nbsp;<span class=""red upper bold sm-text"">IR</span>",&#9881;,open,,i,,TE,,TE,HOU,MIA,-150,47.00,-3.00,25.00,0,0,2500,2500,0,0.00,0.00,0.00,0.0,0.0,0.0,0,0,0,0,0.0,0.0,0.0,0.0,0.0,0.0,15
10468,Michael,Burton,Michael Burton,/football/player/michael-burton-10468,,&#9881;,open,,i,,RB,,RB,DEN,IND,-197,44.50,-4.00,24.25,0,0,4000,4000,0,0.00,0.00,0.00,1.4,4.7,0.0,0,0,0,0,0.0,0.0,0.0,0.0,0.0,0.0,15
17700,Michael,Penix,Michael Penix,/football/player/michael-penix-17700,,&#9881;,open,,i,,QB,,QB,ATL,LV,-212,44.00,-4.00,24.00,0,0,5000,5000,0,0.00,0.00,0.00,0.8,1.0,0.5,0,0,0,0,0.0,0.0,0.0,0.0,0.0,0.0,15
17043,Roman,Wilson,Roman Wilson,/football/player/roman-wilson-17043,"&nbsp;<span class=""red upper bold sm-text"">IR</span>",&#9881;,open,,i,,WR,,WR,PIT,PHI,196,42.50,5.50,18.50,0,0,3000,3000,0,0.00,0.00,0.00,0.0,0.0,0.0,0,0,0,0,0.0,0.0,0.0,0.0,0.0,0.0,15
11834,Joshua,Dobbs,Joshua Dobbs,/football/player/joshua-dobbs-11834,,&#9881;,open,,i,,QB,,QB,SF,LAR,-153,49.50,-3.00,26.25,0,0,4000,4000,0,0.00,0.00,0.00,0.0,0.0,0.0,0,0,0,0,0.0,0.0,0.0,0.0,0.0,0.0,15
14002,Malik,Taylor,Malik Taylor,/football/player/malik-taylor-14002,"&nbsp;<span class=""red upper bold sm-text"">IR</span>",&#9881;,open,,i,,WR,,WR,NYJ,JAX,-175,40.50,-3.50,22.00,0,0,3000,3000,0,0.00,0.00,0.00,0.0,0.0,0.0,0,0,0,0,0.0,0.0,0.0,0.0,0.0,0.0,15
10919,Jacoby,Brissett,Jacoby Brissett,/football/player/jacoby-brissett-10919,,&#9881;,open,,i,,QB,,QB,NE,ARI,208,46.00,6.00,20.00,0,0,4600,4600,0,0.00,0.00,0.00,6.6,10.5,1.3,0,0,0,0,0.0,0.0,0.0,0.0,0.0,0.0,15
8065,Case,Keenum,Case Keenum,/football/player/case-keenum-8065,"&nbsp;<span class=""red upper bold sm-text"">IR</span>",&#9881;,open,,i,,QB,,QB,HOU,MIA,-150,47.00,-3.00,25.00,0,0,4000,4000,0,0.00,0.00,0.00,0.0,0.0,0.0,0,0,0,0,0.0,0.0,0.0,0.0,0.0,0.0,15
11429,Kalif,Raymond,Kalif Raymond,/football/player/kalif-raymond-11429,"&nbsp;<span class=""red upper bold sm-text"">IR</span>",&#9881;,open,,i,,WR,,WR,DET,BUF,-141,54.50,-2.50,28.50,0,0,3400,3400,0,0.00,0.00,0.00,5.3,13.3,0.0,0,0,0,0,0.0,0.0,0.0,0.0,0.0,0.0,15
14844,Reggie,Gilliam,Reggie Gilliam,/football/player/reggie-gilliam-14844,,&#9881;,open,,i,,RB,,RB,BUF,DET,118,54.50,2.50,26.00,0,0,4000,4000,0,0.00,0.00,0.00,0.0,0.0,0.0,0,0,0,0,0.0,0.0,0.0,0.0,0.0,0.0,15
18041,Xavier,Weaver,Xavier Weaver,/football/player/xavier-weaver-18041,,&#9881;,open,,i,,WR,,WR,ARI,NE,-257,46.00,-6.00,26.00,0,0,3000,3000,0,0.00,0.00,0.00,0.0,0.0,0.0,0,0,0,0,0.0,0.0,0.0,0.0,0.0,0.0,15
14318,Gunner,Olszewski,Gunner Olszewski,/football/player/gunner-olszewski-14318,"&nbsp;<span class=""red upper bold sm-text"">IR</span>",&#9881;,open,,i,,WR,,WR,NYG,BAL,838,42.50,16.00,13.25,0,0,3000,3000,0,0.00,0.00,0.00,0.0,0.0,0.0,0,0,0,0,0.0,0.0,0.0,0.0,0.0,0.0,15
17942,Bub,Means,Bub Means,/football/player/bub-means-17942,"&nbsp;<span class=""red upper bold sm-text"">IR-</span>",&#9881;,open,,i,,WR,,WR,NO,WAS,283,43.50,7.50,18.00,0,0,3000,3000,0,0.00,0.00,0.00,4.5,13.0,0.0,0,0,0,0,0.0,0.0,0.0,0.0,0.0,0.0,15
18302,Bryce,Oliver,Bryce Oliver,/football/player/bryce-oliver-18302,,&#9881;,open,,i,,WR,,WR,TEN,CIN,188,47.00,5.00,21.00,0,0,3000,3000,0,0.00,0.00,0.00,1.9,4.2,0.0,0,0,0,0,0.0,0.0,0.0,0.0,0.0,0.0,15
18301,David,Martin-Robinson,David Martin-Robinson,/football/player/david-martin-robinson-18301,,&#9881;,open,,i,,TE,,TE,TEN,CIN,188,47.00,5.00,21.00,0,0,2500,2500,0,0.00,0.00,0.00,0.0,0.0,0.0,0,0,0,0,0.0,0.0,0.0,0.0,0.0,0.0,15
11599,C.J.,Ham,C.J. Ham,/football/player/cj-ham-11599,,&#9881;,open,,i,,RB,,RB,MIN,CHI,-327,44.00,-7.00,25.50,0,0,4000,4000,0,0.00,0.00,0.00,0.6,4.8,0.0,0,0,0,0,0.0,0.0,0.0,0.0,0.0,0.0,15
14191,Deonte,Harty,Deonte Harty,/football/player/deonte-harty-14191,"&nbsp;<span class=""red upper bold sm-text"">IR</span>",&#9881;,open,,i,,WR,,WR,BAL,NYG,-1516,42.50,-16.00,29.25,0,0,3000,3000,0,0.00,0.00,0.00,0.0,0.0,0.0,0,0,0,0,0.0,0.0,0.0,0.0,0.0,0.0,15
14055,Steven,Sims,Steven Sims,/football/player/steven-sims-14055,,&#9881;,open,,i,,WR,,WR,HOU,MIA,-150,47.00,-3.00,25.00,0,0,3000,3000,0,0.00,0.00,0.00,-0.2,0.1,0.0,0,0,0,0,0.0,0.0,0.0,0.0,0.1,0.1,15
13472,Diontae,Johnson,Diontae Johnson,/football/player/diontae-johnson-13472,"&nbsp;<span class=""red upper bold sm-text"">Res</span>",&#9881;,open,,i,,WR,,WR,BAL,NYG,-1516,42.50,-16.00,29.25,0,0,4200,4200,0,0.00,0.00,0.00,8.5,24.2,0.0,0,0,0,0,0.0,0.0,0.0,0.0,0.0,0.0,15
5648,Joe,Flacco,Joe Flacco,/football/player/joe-flacco-5648,,&#9881;,open,,i,,QB,,QB,IND,DEN,162,44.50,4.00,20.25,0,0,4800,4800,0,0.00,0.00,0.00,13.4,27.2,1.4,0,0,0,0,0.0,0.0,0.0,0.0,0.0,0.0,15
17977,Isaiah,Williams,Isaiah Williams,/football/player/isaiah-williams-17977,,&#9881;,open,,i,,WR,,WR,CIN,TEN,-232,47.00,-5.00,26.00,0,0,3000,3000,0,0.00,0.00,0.00,0.7,2.3,0.0,0,0,0,0,0.0,0.0,0.0,0.0,0.0,0.0,15
12623,Kyle,Allen,Kyle Allen,/football/player/kyle-allen-12623,,&#9881;,open,,i,,QB,,QB,PIT,PHI,196,42.50,5.50,18.50,0,0,4000,4000,0,0.00,0.00,0.00,0.8,0.8,0.8,0,0,0,0,0.0,0.0,0.0,0.0,0.0,0.0,15
12630,Nyheim,Miller-Hines,Nyheim Miller-Hines,/football/player/nyheim-miller-hines-12630,"&nbsp;<span class=""red upper bold sm-text"">NFI</span>",&#9881;,open,,i,,RB,,RB,CLE,KC,177,44.00,4.00,20.00,0,0,4000,4000,0,0.00,0.00,0.00,0.0,0.0,0.0,0,0,0,0,0.0,0.0,0.0,0.0,0.0,0.0,15
12511,Nick,Mullens,Nick Mullens,/football/player/nick-mullens-12511,,&#9881;,open,,i,,QB,,QB,MIN,CHI,-327,44.00,-7.00,25.50,0,0,4000,4000,0,0.00,0.00,0.00,0.3,0.9,0.0,0,0,0,0,0.0,0.0,0.0,0.0,0.0,0.0,15
13521,Miles,Sanders,Miles Sanders,/football/player/miles-sanders-13521,"&nbsp;<span class=""red upper bold sm-text"">IR</span>",&#9881;,open,,i,,RB,,RB,CAR,DAL,-148,43.00,-3.00,23.00,0,0,4000,4000,0,0.00,0.00,0.00,5.4,10.5,0.9,0,0,0,0,0.0,0.0,0.0,0.0,0.0,0.0,15
13736,Drew,Lock,Drew Lock,/football/player/drew-lock-13736,"&nbsp;<span class=""red upper bold sm-text"">que</span>",&#9881;,open,,i,,QB,,QB,NYG,BAL,838,42.50,16.00,13.25,0,0,4900,4900,0,0.00,0.00,0.00,6.9,16.2,0.0,0,0,0,0,0.0,0.0,0.0,0.0,0.0,0.0,15
17809,Jordan,Travis,Jordan Travis,/football/player/jordan-travis-17809,"&nbsp;<span class=""red upper bold sm-text"">NFI</span>",&#9881;,open,,i,,QB,,QB,NYJ,JAX,-175,40.50,-3.50,22.00,0,0,4000,4000,0,0.00,0.00,0.00,0.0,0.0,0.0,0,0,0,0,0.0,0.0,0.0,0.0,0.0,0.0,15
14386,Brandon,Aiyuk,Brandon Aiyuk,/football/player/brandon-aiyuk-14386,"&nbsp;<span class=""red upper bold sm-text"">IR</span>",&#9881;,open,,i,,WR,,WR,SF,LAR,-153,49.50,-3.00,26.25,0,0,3000,3000,0,0.00,0.00,0.00,9.3,21.3,3.1,0,0,0,0,0.0,0.0,0.0,0.0,0.0,0.0,15
17795,MarShawn,Lloyd,MarShawn Lloyd,/football/player/marshawn-lloyd-17795,"&nbsp;<span class=""red upper bold sm-text"">NFI</span>",&#9881;,open,,i,,RB,,RB,GB,SEA,-147,46.00,-2.50,24.25,0,0,4000,4000,0,0.00,0.00,0.00,2.8,2.8,2.8,0,0,0,0,0.0,0.0,0.0,0.0,0.0,0.0,15
9320,Jimmy,Garoppolo,Jimmy Garoppolo,/football/player/jimmy-garoppolo-9320,,&#9881;,open,,i,,QB,,QB,LAR,SF,128,49.50,3.00,23.25,0,0,4200,4200,0,0.00,0.00,0.00,0.0,0.0,0.0,0,0,0,0,0.0,0.0,0.0,0.0,0.0,0.0,15
11709,Mitchell,Trubisky,Mitchell Trubisky,/football/player/mitchell-trubisky-11709,,&#9881;,open,,i,,QB,,QB,BUF,DET,118,54.50,2.50,26.00,0,0,4500,4500,0,0.00,0.00,0.00,-0.1,0.1,0.0,0,0,0,0,0.0,0.0,0.0,0.0,0.0,0.0,15
17894,Jared,Wiley,Jared Wiley,/football/player/jared-wiley-17894,"&nbsp;<span class=""red upper bold sm-text"">IR</span>",&#9881;,open,,i,,TE,,TE,KC,CLE,-216,44.00,-4.00,24.00,0,0,2500,2500,0,0.00,0.00,0.00,0.3,1.3,0.0,0,0,0,0,0.0,0.0,0.0,0.0,0.0,0.0,15
12401,Austin,Ekeler,Austin Ekeler,/football/player/austin-ekeler-12401,"&nbsp;<span class=""red upper bold sm-text"">IR</span>",&#9881;,open,,i,,RB,,RB,WAS,NO,-361,43.50,-7.50,25.50,0,0,5500,5500,0,0.00,0.00,0.00,11.7,17.5,5.3,0,0,0,0,0.0,0.0,0.0,0.0,0.0,0.0,15
18240,Jaaron,Hayek,Jaaron Hayek,/football/player/jaaron-hayek-18240,"&nbsp;<span class=""red upper bold sm-text"">IR</span>",&#9881;,open,,i,,WR,,WR,KC,CLE,-216,44.00,-4.00,24.00,0,0,3000,3000,0,0.00,0.00,0.00,0.0,0.0,0.0,0,0,0,0,0.0,0.0,0.0,0.0,0.0,0.0,15
10856,Carson,Wentz,Carson Wentz,/football/player/carson-wentz-10856,,&#9881;,open,,i,,QB,,QB,KC,CLE,-216,44.00,-4.00,24.00,0,0,4200,4200,0,0.00,0.00,0.00,0.0,0.0,0.0,0,0,0,0,0.0,0.0,0.0,0.0,0.0,0.0,15
13741,Gardner,Minshew,Gardner Minshew,/football/player/gardner-minshew-13741,"&nbsp;<span class=""red upper bold sm-text"">IR</span>",&#9881;,open,,i,,QB,,QB,LV,ATL,174,44.00,4.00,20.00,0,0,4000,4000,0,0.00,0.00,0.00,10.8,17.9,3.7,0,0,0,0,0.0,0.0,0.0,0.0,0.0,0.0,15
10179,Taylor,Heinicke,Taylor Heinicke,/football/player/taylor-heinicke-10179,,&#9881;,open,,i,,QB,,QB,LAC,TB,-154,45.50,-3.00,24.25,0,0,4400,4400,0,0.00,0.00,0.00,1.1,1.2,0.9,0,0,0,0,0.0,0.0,0.0,0.0,0.0,0.0,15
17829,Cody,Schrader,Cody Schrader,/football/player/cody-schrader-17829,,&#9881;,open,,i,,RB,,RB,LAR,SF,128,49.50,3.00,23.25,0.00,0,4000,4000,0,0.17,0.17,0.17,0.0,0.0,0.0,0,0,0,0,0.0,0.1,0.0,0.1,0.1,0.2,15
10133,Stefon,Diggs,Stefon Diggs,/football/player/stefon-diggs-10133,"&nbsp;<span class=""red upper bold sm-text"">IR</span>",&#9881;,open,,i,,WR,,WR,HOU,MIA,-150,47.00,-3.00,25.00,0,0,3000,3000,0,0.00,0.00,0.00,14.3,19.8,8.1,0,0,0,0,0.0,0.0,0.0,0.0,0.0,0.0,15
11712,Deshaun,Watson,Deshaun Watson,/football/player/deshaun-watson-11712,"&nbsp;<span class=""red upper bold sm-text"">IR</span>",&#9881;,open,,i,,QB,,QB,CLE,KC,177,44.00,4.00,20.00,0,0,4000,4000,0,0.00,0.00,0.00,11.7,17.5,5.9,0,0,0,0,0.0,0.0,0.0,0.0,0.0,0.0,15
18160,Colson,Yankoff,Colson Yankoff,/football/player/colson-yankoff-18160,"&nbsp;<span class=""red upper bold sm-text"">IR</span>",&#9881;,open,,i,,TE,,TE,WAS,NO,-361,43.50,-7.50,25.50,0,0,2500,2500,0,0.00,0.00,0.00,0.0,0.0,0.0,0,0,0,0,0.0,0.0,0.0,0.0,0.0,0.0,15
18307,Kameron,Johnson,Kameron Johnson,/football/player/kameron-johnson-18307,"&nbsp;<span class=""red upper bold sm-text"">IR</span>",&#9881;,open,,i,,WR,,WR,TB,LAC,128,45.50,3.00,21.25,0,0,3000,3000,0,0.00,0.00,0.00,0.0,0.0,0.0,0,0,0,0,0.0,0.0,0.0,0.0,0.0,0.0,15
12629,Mason,Rudolph,Mason Rudolph,/football/player/mason-rudolph-12629,,&#9881;,open,,i,,QB,,QB,TEN,CIN,188,47.00,5.00,21.00,0,0,5000,5000,0,0.00,0.00,0.00,13.8,21.7,4.6,0,0,0,0,0.0,0.0,0.0,0.0,0.0,0.0,15
17756,Brenden,Rice,Brenden Rice,/football/player/brenden-rice-17756,"&nbsp;<span class=""red upper bold sm-text"">IR</span>",&#9881;,open,,i,,WR,,WR,LAC,TB,-154,45.50,-3.00,24.25,0,0,3000,3000,0,0.00,0.00,0.00,0.0,0.0,0.0,0,0,0,0,0.0,0.0,0.0,0.0,0.0,0.0,15
16963,Rashee,Rice,Rashee Rice,/football/player/rashee-rice-16963,"&nbsp;<span class=""red upper bold sm-text"">IR</span>",&#9881;,open,,i,,WR,,WR,KC,CLE,-216,44.00,-4.00,24.00,0,0,3000,3000,0,0.00,0.00,0.00,16.9,32.5,0.4,0,0,0,0,0.0,0.0,0.0,0.0,0.0,0.0,15
17689,J.J.,McCarthy,J.J. McCarthy,/football/player/jj-mccarthy-17689,"&nbsp;<span class=""red upper bold sm-text"">IR</span>",&#9881;,open,,i,,QB,,QB,MIN,CHI,-327,44.00,-7.00,25.50,0,0,4000,4000,0,0.00,0.00,0.00,0.0,0.0,0.0,0,0,0,0,0.0,0.0,0.0,0.0,0.0,0.0,15
12771,Braxton,Berrios,Braxton Berrios,/football/player/braxton-berrios-12771,"&nbsp;<span class=""red upper bold sm-text"">IR</span>",&#9881;,open,,i,,WR,,WR,MIA,HOU,126,47.00,3.00,22.00,0,0,3000,3000,0,0.00,0.00,0.00,0.0,0.0,0.0,0,0,0,0,0.0,0.0,0.0,0.0,0.0,0.0,15
14494,Joshua,Kelley,Joshua Kelley,/football/player/joshua-kelley-14494,,&#9881;,open,,i,,RB,,RB,TEN,CIN,188,47.00,5.00,21.00,0,0,4000,4000,0,0.00,0.00,0.00,0.0,0.0,0.0,0,0,0,0,0.0,0.0,0.0,0.0,0.0,0.0,15
17021,Theo,Johnson,Theo Johnson,/football/player/theo-johnson-17021,"&nbsp;<span class=""red upper bold sm-text"">IR</span>",&#9881;,open,,i,,TE,,TE,NYG,BAL,838,42.50,16.00,13.25,0,0,2500,2500,0,0.00,0.00,0.00,5.9,12.3,0.7,0,0,0,0,0.0,0.0,0.0,0.0,0.0,0.0,15
17918,Carter,Bradley,Carter Bradley,/football/player/carter-bradley-17918,,&#9881;,open,,i,,QB,,QB,LV,ATL,174,44.00,4.00,20.00,0,0,4000,4000,0,0.00,0.00,0.00,0.0,0.0,0.0,0,0,0,0,0.0,0.0,0.0,0.0,0.0,0.0,15
13620,Brett,Rypien,Brett Rypien,/football/player/brett-rypien-13620,,&#9881;,open,,i,,QB,,QB,MIN,CHI,-327,44.00,-7.00,25.50,0,0,4000,4000,0,0.00,0.00,0.00,0.0,0.0,0.0,0,0,0,0,0.0,0.0,0.0,0.0,0.0,0.0,15
14564,Zack,Moss,Zack Moss,/football/player/zack-moss-14564,"&nbsp;<span class=""red upper bold sm-text"">IR</span>",&#9881;,open,,i,,RB,,RB,CIN,TEN,-232,47.00,-5.00,26.00,0,0,4000,4000,0,0.00,0.00,0.00,9.8,18.7,2.2,0,0,0,0,0.0,0.0,0.0,0.0,0.0,0.0,15
14359,Gabe,Davis,Gabe Davis,/football/player/gabe-davis-14359,"&nbsp;<span class=""red upper bold sm-text"">IR</span>",&#9881;,open,,i,,WR,,WR,JAX,NYJ,145,40.50,3.50,18.50,0,0,3000,3000,0,0.00,0.00,0.00,5.1,16.6,0.0,0,0,0,0,0.0,0.0,0.0,0.0,0.0,0.0,15
18084,Jeff,Foreman,Jeff Foreman,/football/player/jeff-foreman-18084,"&nbsp;<span class=""red upper bold sm-text"">IR</span>",&#9881;,open,,i,,WR,,WR,LV,ATL,174,44.00,4.00,20.00,0,0,3000,3000,0,0.00,0.00,0.00,0.0,0.0,0.0,0,0,0,0,0.0,0.0,0.0,0.0,0.0,0.0,15
10882,Brandon,Allen,Brandon Allen,/football/player/brandon-allen-10882,,&#9881;,open,,i,,QB,,QB,SF,LAR,-153,49.50,-3.00,26.25,0,0,4000,4000,0,0.00,0.00,0.00,3.1,10.0,0.0,0,0,0,0,0.0,0.0,0.0,0.0,0.0,0.0,15
18085,Ramel,Keyton,Ramel Keyton,/football/player/ramel-keyton-18085,,&#9881;,open,,i,,WR,,WR,LV,ATL,174,44.00,4.00,20.00,0,0,3000,3000,0,0.00,0.00,0.00,0.4,1.5,0.0,0,0,0,0,0.0,0.0,0.0,0.0,0.0,0.0,15
13532,Mecole,Hardman,Mecole Hardman,/football/player/mecole-hardman-13532,"&nbsp;<span class=""red upper bold sm-text"">IR</span>",&#9881;,open,,i,,WR,,WR,KC,CLE,-216,44.00,-4.00,24.00,0,0,3000,3000,0,0.00,0.00,0.00,3.0,9.7,0.0,0,0,0,0,0.0,0.0,0.0,0.0,0.0,0.0,15
11833,C.J.,Beathard,C.J. Beathard,/football/player/cj-beathard-11833,,&#9881;,open,,i,,QB,,QB,JAX,NYJ,145,40.50,3.50,18.50,0,0,4400,4400,0,0.00,0.00,0.00,0.0,0.0,0.0,0,0,0,0,0.0,0.0,0.0,0.0,0.0,0.0,15
12467,Hayden,Hurst,Hayden Hurst,/football/player/hayden-hurst-12467,"&nbsp;<span class=""red upper bold sm-text"">IR</span>",&#9881;,open,,i,,TE,,TE,LAC,TB,-154,45.50,-3.00,24.25,0,0,2500,2500,0,0.00,0.00,0.00,1.4,3.1,0.0,0,0,0,0,0.0,0.0,0.0,0.0,0.0,0.0,15
12063,Taysom,Hill,Taysom Hill,/football/player/taysom-hill-12063,"&nbsp;<span class=""red upper bold sm-text"">IR</span>",&#9881;,open,,i,,TE,,TE,NO,WAS,283,43.50,7.50,18.00,0,0,2500,2500,0,0.00,0.00,0.00,14.7,38.0,1.4,0,0,0,0,0.0,0.0,0.0,0.0,0.0,0.0,15
12667,Chase,Edmonds,Chase Edmonds,/football/player/chase-edmonds-12667,"&nbsp;<span class=""red upper bold sm-text"">IR</span>",&#9881;,open,,i,,RB,,RB,TB,LAC,128,45.50,3.00,21.25,0,0,4000,4000,0,0.00,0.00,0.00,0.0,0.0,0.0,0,0,0,0,0.0,0.0,0.0,0.0,0.0,0.0,15
11026,Jeff,Driskel,Jeff Driskel,/football/player/jeff-driskel-11026,,&#9881;,open,,i,,QB,,QB,WAS,NO,-361,43.50,-7.50,25.50,0,0,4000,4000,0,0.00,0.00,0.00,0.0,0.0,0.0,0,0,0,0,0.0,0.0,0.0,0.0,0.0,0.0,15
12508,Christian,Kirk,Christian Kirk,/football/player/christian-kirk-12508,"&nbsp;<span class=""red upper bold sm-text"">IR</span>",&#9881;,open,,i,,WR,,WR,JAX,NYJ,145,40.50,3.50,18.50,0,0,3000,3000,0,0.00,0.00,0.00,9.6,17.7,1.9,0,0,0,0,0.0,0.0,0.0,0.0,0.0,0.0,15
12860,Dallas,Goedert,Dallas Goedert,/football/player/dallas-goedert-12860,"&nbsp;<span class=""red upper bold sm-text"">IR</span>",&#9881;,open,,i,,TE,,TE,PHI,PIT,-240,42.50,-5.50,24.00,0,0,4200,4200,0,0.00,0.00,0.00,11.3,25.0,1.3,0,0,0,0,0.0,0.0,0.0,0.0,0.0,0.0,15
10462,C.J.,Uzomah,C.J. Uzomah,/football/player/cj-uzomah-10462,,&#9881;,open,,i,,TE,,TE,PHI,PIT,-240,42.50,-5.50,24.00,0,0,2500,2500,0,0.00,0.00,0.00,0.0,0.0,0.0,0,0,0,0,0.0,0.2,0.0,0.0,0.6,0.6,15
13504,Jake,Browning,Jake Browning,/football/player/jake-browning-13504,,&#9881;,open,,i,,QB,,QB,CIN,TEN,-232,47.00,-5.00,26.00,0,0,4300,4300,0,0.00,0.00,0.00,-0.1,0.0,0.0,0,0,0,0,0.0,0.0,0.0,0.0,0.0,0.0,15
9967,Andrew,DePaola,Andrew DePaola,/football/player/andrew-depaola-9967,,&#9881;,open,,i,,TE,,TE,MIN,CHI,-327,44.00,-7.00,25.50,0,0,2500,2500,0,0.00,0.00,0.00,0.0,0.0,0.0,0,0,0,0,0.0,0.0,0.0,0.0,0.0,0.0,15
17135,Princeton,Fant,Princeton Fant,/football/player/princeton-fant-17135,,&#9881;,open,,i,,TE,,TE,DAL,CAR,123,43.00,3.00,20.00,0,0,2500,2500,0,0.00,0.00,0.00,0.0,0.0,0.0,0,0,0,0,0.0,0.0,0.0,0.0,0.0,0.0,15
15533,DJ,Turner,DJ Turner,/football/player/dj-turner-15533,"&nbsp;<span class=""red upper bold sm-text"">IR</span>",&#9881;,open,,i,,WR,,WR,LV,ATL,174,44.00,4.00,20.00,0,0,3300,3300,0,0.00,0.00,0.00,4.1,10.6,0.1,0,0,0,0,0.0,0.0,0.0,0.0,0.0,0.0,15
16170,John,FitzPatrick,John FitzPatrick,/football/player/john-fitzpatrick-16170,,&#9881;,open,,i,,TE,,TE,GB,SEA,-147,46.00,-2.50,24.25,0,0,2500,2500,0,0.00,0.00,0.00,0.2,1.0,0.0,0,0,0,0,0.0,0.0,0.0,0.0,0.0,0.0,15
16560,Rashid,Shaheed,Rashid Shaheed,/football/player/rashid-shaheed-16560,"&nbsp;<span class=""red upper bold sm-text"">IR</span>",&#9881;,open,,i,,WR,,WR,NO,WAS,283,43.50,7.50,18.00,0,0,3000,3000,0,0.00,0.00,0.00,12.9,21.2,2.1,0,0,0,0,0.0,0.0,0.0,0.0,0.0,0.0,15
15895,Chris,Olave,Chris Olave,/football/player/chris-olave-15895,"&nbsp;<span class=""red upper bold sm-text"">IR</span>",&#9881;,open,,i,,WR,,WR,NO,WAS,283,43.50,7.50,18.00,0,0,5200,5200,0,0.00,0.00,0.00,11.1,20.9,1.3,0,0,0,0,0.0,0.0,0.0,0.0,0.0,0.0,15
15928,Desmond,Ridder,Desmond Ridder,/football/player/desmond-ridder-15928,,&#9881;,open,,i,,QB,,QB,LV,ATL,174,44.00,4.00,20.00,2.56,0,4800,4800,0,-12.36,-12.36,-12.36,3.1,6.0,0.2,0,0,0,0,0.0,7.1,28.5,5.8,0.0,5.8,15
15294,Avery,Williams,Avery Williams,/football/player/avery-williams-15294,,&#9881;,open,,i,,RB,,RB,ATL,LV,-212,44.00,-4.00,24.00,0,0,4000,4000,0,0.00,0.00,0.00,0.0,0.0,0.0,0,0,0,0,0.0,0.0,0.0,0.0,0.0,0.0,15
15975,Bailey,Zappe,Bailey Zappe,/football/player/bailey-zappe-15975,,&#9881;,open,,i,,QB,,QB,CLE,KC,177,44.00,4.00,20.00,0,0,4000,4000,0,0.00,0.00,0.00,0.0,0.0,0.0,0,0,0,0,0.0,0.0,0.0,0.0,0.0,0.0,15
15852,Zamir,White,Zamir White,/football/player/zamir-white-15852,"&nbsp;<span class=""red upper bold sm-text"">IR</span>",&#9881;,open,,i,,RB,,RB,LV,ATL,174,44.00,4.00,20.00,0,0,4200,4200,0,0.00,0.00,0.00,3.7,6.7,0.5,0,0,0,0,0.0,0.0,0.0,0.0,0.0,0.0,15
14012,Nsimba,Webster,Nsimba Webster,/football/player/nsimba-webster-14012,"&nbsp;<span class=""red upper bold sm-text"">IR</span>",&#9881;,open,,i,,WR,,WR,CHI,MIN,255,44.00,7.00,18.50,0,0,3000,3000,0,0.00,0.00,0.00,0.0,0.0,0.0,0,0,0,0,0.0,0.0,0.0,0.0,0.0,0.0,15
5653,Josh,Johnson,Josh Johnson,/football/player/josh-johnson-5653,,&#9881;,open,,i,,QB,,QB,BAL,NYG,-1516,42.50,-16.00,29.25,0,0,4500,4500,0,0.00,0.00,0.00,0.1,0.2,0.0,0,0,0,0,0.0,0.0,0.0,0.0,0.0,0.0,15
17271,Ryan,Miller,Ryan Miller,/football/player/ryan-miller-17271,"&nbsp;<span class=""red upper bold sm-text"">que</span>",&#9881;,open,,i,,WR,,WR,TB,LAC,128,45.50,3.00,21.25,0,0,3000,3000,0,0.00,0.00,0.00,3.1,6.4,0.2,0,0,0,0,0.0,0.0,0.0,0.0,0.0,0.0,15
16034,Teagan,Quitoriano,Teagan Quitoriano,/football/player/teagan-quitoriano-16034,"&nbsp;<span class=""red upper bold sm-text"">IR</span>",&#9881;,open,,i,,TE,,TE,HOU,MIA,-150,47.00,-3.00,25.00,0,0,2500,2500,0,0.00,0.00,0.00,0.0,0.0,0.0,0,0,0,0,0.0,0.0,0.0,0.0,0.0,0.0,15
17012,Ben,Sims,Ben Sims,/football/player/ben-sims-17012,,&#9881;,open,,i,,TE,,TE,GB,SEA,-147,46.00,-2.50,24.25,0,0,2500,2500,0,0.00,0.00,0.00,0.7,4.1,0.0,0,0,0,0,0.0,0.0,0.0,0.0,0.0,0.0,15
13806,Alec,Ingold,Alec Ingold,/football/player/alec-ingold-13806,,&#9881;,open,,i,,RB,,RB,MIA,HOU,126,47.00,3.00,22.00,0,0,4000,4000,0,0.00,0.00,0.00,2.2,5.5,0.0,0,0,0,0,0.0,0.0,0.0,0.0,0.0,0.0,15
14563,Tyler,Huntley,Tyler Huntley,/football/player/tyler-huntley-14563,,&#9881;,open,,i,,QB,,QB,MIA,HOU,126,47.00,3.00,22.00,0,0,4000,4000,0,0.00,0.00,0.00,9.9,12.7,7.3,0,0,0,0,0.0,0.0,0.0,0.0,0.0,0.0,15
14418,J.K.,Dobbins,J.K. Dobbins,/football/player/jk-dobbins-14418,"&nbsp;<span class=""red upper bold sm-text"">IR</span>",&#9881;,open,,i,,RB,,RB,LAC,TB,-154,45.50,-3.00,24.25,0,0,5800,5800,0,0.00,0.00,0.00,14.6,22.8,8.3,0,0,0,0,0.0,0.0,0.0,0.0,0.0,0.0,15
13502,Hollywood,Brown,Hollywood Brown,/football/player/hollywood-brown-13502,"&nbsp;<span class=""red upper bold sm-text"">IR</span>",&#9881;,open,,i,,WR,,WR,KC,CLE,-216,44.00,-4.00,24.00,0,0,3000,3000,0,0.00,0.00,0.00,0.0,0.0,0.0,0,0,0,0,0.0,0.0,0.0,0.0,0.0,0.0,15
17413,Colton,Dowell,Colton Dowell,/football/player/colton-dowell-17413,"&nbsp;<span class=""red upper bold sm-text"">PUP</span>",&#9881;,open,,i,,WR,,WR,TEN,CIN,188,47.00,5.00,21.00,0,0,3000,3000,0,0.00,0.00,0.00,0.0,0.0,0.0,0,0,0,0,0.0,0.0,0.0,0.0,0.0,0.0,15
9317,Derek,Carr,Derek Carr,/football/player/derek-carr-9317,"&nbsp;<span class=""red upper bold sm-text"">que</span>",&#9881;,open,,i,,QB,,QB,NO,WAS,283,43.50,7.50,18.00,0,0,5100,5100,0,0.00,0.00,0.00,15.0,21.3,9.6,0,0,0,0,0.0,0.0,0.0,0.0,0.0,0.0,15
17010,Brayden,Willis,Brayden Willis,/football/player/brayden-willis-17010,,&#9881;,open,,i,,TE,,TE,SF,LAR,-153,49.50,-3.00,26.25,0,0,2500,2500,0,0.00,0.00,0.00,0.0,0.0,0.0,0,0,0,0,0.0,0.0,0.0,0.0,0.0,0.0,15
10074,Marcus,Mariota,Marcus Mariota,/football/player/marcus-mariota-10074,,&#9881;,open,,i,,QB,,QB,WAS,NO,-361,43.50,-7.50,25.50,0,0,4000,4000,0,0.00,0.00,0.00,9.9,21.6,0.0,0,0,0,0,0.0,0.0,0.0,0.0,0.0,0.0,15
15821,Jelani,Woods,Jelani Woods,/football/player/jelani-woods-15821,"&nbsp;<span class=""red upper bold sm-text"">IR</span>",&#9881;,open,,i,,TE,,TE,IND,DEN,162,44.50,4.00,20.25,0,0,2500,2500,0,0.00,0.00,0.00,0.0,0.0,0.0,0,0,0,0,0.0,0.0,0.0,0.0,0.0,0.0,15
15825,Sam,Howell,Sam Howell,/football/player/sam-howell-15825,,&#9881;,open,,i,,QB,,QB,SEA,GB,124,46.00,2.50,21.75,0,0,4300,4300,0,0.00,0.00,0.00,0.0,0.0,0.0,0,0,0,0,0.0,0.0,0.0,0.0,0.0,0.0,15
10021,Patrick,Scales,Patrick Scales,/football/player/patrick-scales-10021,"&nbsp;<span class=""red upper bold sm-text"">IR</span>",&#9881;,open,,i,,TE,,TE,CHI,MIN,255,44.00,7.00,18.50,0,0,2500,2500,0,0.00,0.00,0.00,0.0,0.0,0.0,0,0,0,0,0.0,0.0,0.0,0.0,0.0,0.0,15
15893,Tyler,Badie,Tyler Badie,/football/player/tyler-badie-15893,"&nbsp;<span class=""red upper bold sm-text"">IR</span>",&#9881;,open,,i,,RB,,RB,DEN,IND,-197,44.50,-4.00,24.25,0,0,4000,4000,0,0.00,0.00,0.00,3.5,6.9,0.4,0,0,0,0,0.0,0.0,0.0,0.0,0.0,0.0,15
16282,Ko,Kieft,Ko Kieft,/football/player/ko-kieft-16282,,&#9881;,open,,i,,TE,,TE,TB,LAC,128,45.50,3.00,21.25,0,0,2500,2500,0,0.00,0.00,0.00,0.0,0.0,0.0,0,0,0,0,0.0,0.0,0.0,0.0,0.0,0.0,15
15957,Cal,Adomitis,Cal Adomitis,/football/player/cal-adomitis-15957,,&#9881;,open,,i,,TE,,TE,CIN,TEN,-232,47.00,-5.00,26.00,0,0,2500,2500,0,0.00,0.00,0.00,0.0,0.0,0.0,0,0,0,0,0.0,0.0,0.0,0.0,0.0,0.0,15
15853,George,Pickens,George Pickens,/football/player/george-pickens-15853,"&nbsp;<span class=""red upper bold sm-text"">que</span>",&#9881;,open,,i,,WR,,WR,PIT,PHI,196,42.50,5.50,18.50,0,0,6700,6700,0,0.00,0.00,0.00,13.5,22.7,5.9,0,0,0,0,0.0,0.0,0.0,0.0,0.0,0.0,15
16332,Jalen,Virgil,Jalen Virgil,/football/player/jalen-virgil-16332,,&#9881;,open,,i,,WR,,WR,BUF,DET,118,54.50,2.50,26.00,0,0,3000,3000,0,0.00,0.00,0.00,0.0,0.0,0.0,0,0,0,0,0.0,0.0,0.0,0.0,0.0,0.0,15
15841,Kenny,Pickett,Kenny Pickett,/football/player/kenny-pickett-15841,,&#9881;,open,,i,,QB,,QB,PHI,PIT,-240,42.50,-5.50,24.00,0,0,4000,4000,0,0.00,0.00,0.00,0.0,0.3,0.0,0,0,0,0,0.0,0.0,0.0,0.0,0.0,0.0,15
15924,Charlie,Kolar,Charlie Kolar,/football/player/charlie-kolar-15924,"&nbsp;<span class=""red upper bold sm-text"">IR</span>",&#9881;,open,,i,,TE,,TE,BAL,NYG,-1516,42.50,-16.00,29.25,0,0,2500,2500,0,0.00,0.00,0.00,2.6,11.3,0.0,0,0,0,0,0.0,0.0,0.0,0.0,0.0,0.0,15
16041,Peyton,Hendershot,Peyton Hendershot,/football/player/peyton-hendershot-16041,"&nbsp;<span class=""red upper bold sm-text"">IR</span>",&#9881;,open,,i,,TE,,TE,KC,CLE,-216,44.00,-4.00,24.00,0,0,2500,2500,0,0.00,0.00,0.00,1.1,2.1,0.0,0,0,0,0,0.0,0.0,0.0,0.0,0.0,0.0,15
16430,Irvin,Charles,Irvin Charles,/football/player/irvin-charles-16430,"&nbsp;<span class=""red upper bold sm-text"">Out</span>",&#9881;,open,,i,,WR,,WR,NYJ,JAX,-175,40.50,-3.50,22.00,0,0,3000,3000,0,0.00,0.00,0.00,0.0,0.0,0.0,0,0,0,0,0.0,0.0,0.0,0.0,0.0,0.0,15
16945,Dorian,Thompson-Robinson,Dorian Thompson-Robinson,/football/player/dorian-thompson-robinson-16945,,&#9881;,open,,i,,QB,,QB,CLE,KC,177,44.00,4.00,20.00,0,0,4000,4000,0,0.00,0.00,0.00,1.9,5.4,0.0,0,0,0,0,0.0,0.0,0.0,0.0,0.0,0.0,15
15803,David,Bell,David Bell,/football/player/david-bell-15803,"&nbsp;<span class=""red upper bold sm-text"">IR</span>",&#9881;,open,,i,,WR,,WR,CLE,KC,177,44.00,4.00,20.00,0,0,3000,3000,0,0.00,0.00,0.00,5.7,5.7,5.7,0,0,0,0,0.0,0.0,0.0,0.0,0.0,0.0,15
16746,Travis,Vokolek,Travis Vokolek,/football/player/travis-vokolek-16746,,&#9881;,open,,i,,TE,,TE,ARI,NE,-257,46.00,-6.00,26.00,0,0,2500,2500,0,0.00,0.00,0.00,0.0,0.0,0.0,0,0,0,0,0.0,0.0,0.0,0.0,0.0,0.0,15
16418,Jake,Tonges,Jake Tonges,/football/player/jake-tonges-16418,,&#9881;,open,,i,,TE,,TE,SF,LAR,-153,49.50,-3.00,26.25,0,0,2500,2500,0,0.00,0.00,0.00,0.0,0.0,0.0,0,0,0,0,0.0,0.0,0.0,0.0,0.0,0.0,15
17218,E.J.,Jenkins,E.J. Jenkins,/football/player/ej-jenkins-17218,,&#9881;,open,,i,,TE,,TE,PHI,PIT,-240,42.50,-5.50,24.00,0,0,2500,2500,0,0.00,0.00,0.00,0.0,0.0,0.0,0,0,0,0,0.0,0.0,0.0,0.0,0.0,0.0,15
16163,Jordan,Mason,Jordan Mason,/football/player/jordan-mason-16163,"&nbsp;<span class=""red upper bold sm-text"">IR</span>",&#9881;,open,,i,,RB,,RB,SF,LAR,-153,49.50,-3.00,26.25,0,0,4000,4000,0,0.00,0.00,0.00,10.4,23.3,0.9,0,0,0,0,0.0,0.0,0.0,0.0,0.0,0.0,15
16338,Tanner,Conner,Tanner Conner,/football/player/tanner-conner-16338,"&nbsp;<span class=""red upper bold sm-text"">IR</span>",&#9881;,open,,i,,TE,,TE,MIA,HOU,126,47.00,3.00,22.00,0,0,2500,2500,0,0.00,0.00,0.00,0.7,2.7,0.0,0,0,0,0,0.0,0.0,0.0,0.0,0.0,0.0,15
15974,Skylar,Thompson,Skylar Thompson,/football/player/skylar-thompson-15974,,&#9881;,open,,i,,QB,,QB,MIA,HOU,126,47.00,3.00,22.00,0,0,4000,4000,0,0.00,0.00,0.00,2.6,4.6,0.2,0,0,0,0,0.0,0.0,0.0,0.0,0.0,0.0,15
16005,Skyy,Moore,Skyy Moore,/football/player/skyy-moore-16005,"&nbsp;<span class=""red upper bold sm-text"">IR</span>",&#9881;,open,,i,,WR,,WR,KC,CLE,-216,44.00,-4.00,24.00,0,0,3000,3000,0,0.00,0.00,0.00,0.0,0.0,0.0,0,0,0,0,0.0,0.0,0.0,0.0,0.0,0.0,15
15896,Treylon,Burks,Treylon Burks,/football/player/treylon-burks-15896,"&nbsp;<span class=""red upper bold sm-text"">IR</span>",&#9881;,open,,i,,WR,,WR,TEN,CIN,188,47.00,5.00,21.00,0,0,3000,3000,0,0.00,0.00,0.00,1.6,2.5,0.3,0,0,0,0,0.0,0.0,0.0,0.0,0.0,0.0,15
17465,Carlos,Washington,Carlos Washington,/football/player/carlos-washington-17465,,&#9881;,open,,i,,RB,,RB,ATL,LV,-212,44.00,-4.00,24.00,0,0,4000,4000,0,0.00,0.00,0.00,0.0,0.0,0.0,0,0,0,0,0.0,0.0,0.0,0.0,0.0,0.0,15
17324,Owen,Wright,Owen Wright,/football/player/owen-wright-17324,"&nbsp;<span class=""red upper bold sm-text"">IR</span>",&#9881;,open,,i,,RB,,RB,BAL,NYG,-1516,42.50,-16.00,29.25,0,0,4000,4000,0,0.00,0.00,0.00,0.0,0.0,0.0,0,0,0,0,0.0,0.0,0.0,0.0,0.0,0.0,15
15872,Malik,Willis,Malik Willis,/football/player/malik-willis-15872,,&#9881;,open,,i,,QB,,QB,GB,SEA,-147,46.00,-2.50,24.25,0,0,4000,4000,0,0.00,0.00,0.00,11.7,23.8,0.6,0,0,0,0,0.0,0.0,0.0,0.0,0.0,0.0,15
16913,Clayton,Tune,Clayton Tune,/football/player/clayton-tune-16913,,&#9881;,open,,i,,QB,,QB,ARI,NE,-257,46.00,-6.00,26.00,0,0,4000,4000,0,0.00,0.00,0.00,-0.4,0.3,0.0,0,0,0,0,0.0,0.0,0.0,0.0,0.0,0.0,15
7355,Andy,Dalton,Andy Dalton,/football/player/andy-dalton-7355,,&#9881;,open,,i,,QB,,QB,CAR,DAL,-148,43.00,-3.00,23.00,0,0,4800,4800,0,0.00,0.00,0.00,13.6,25.8,2.6,0,0,0,0,0.0,0.0,0.0,0.0,0.0,0.0,15
15579,Kene,Nwangwu,Kene Nwangwu,/football/player/kene-nwangwu-15579,,&#9881;,open,,i,,RB,,RB,NYJ,JAX,-175,40.50,-3.50,22.00,0,0,4000,4000,0,0.00,0.00,0.00,3.0,6.6,0.0,0,0,0,0,0.0,0.0,0.0,0.0,0.0,0.0,15
15328,Sam,Ehlinger,Sam Ehlinger,/football/player/sam-ehlinger-15328,,&#9881;,open,,i,,QB,,QB,IND,DEN,162,44.50,4.00,20.25,0,0,4000,4000,0,0.00,0.00,0.00,0.0,0.0,0.0,0,0,0,0,0.0,0.0,0.0,0.0,0.0,0.0,15
14827,Tyler,Davis,Tyler Davis,/football/player/tyler-davis-14827,"&nbsp;<span class=""red upper bold sm-text"">IR</span>",&#9881;,open,,i,,TE,,TE,GB,SEA,-147,46.00,-2.50,24.25,0,0,2500,2500,0,0.00,0.00,0.00,0.0,0.0,0.0,0,0,0,0,0.0,0.0,0.0,0.0,0.0,0.0,15
15542,Davis,Mills,Davis Mills,/football/player/davis-mills-15542,,&#9881;,open,,i,,QB,,QB,HOU,MIA,-150,47.00,-3.00,25.00,0,0,4200,4200,0,0.00,0.00,0.00,1.6,3.5,0.0,0,0,0,0,0.0,0.0,0.0,0.0,0.0,0.0,15
15357,Trevor,Lawrence,Trevor Lawrence,/football/player/trevor-lawrence-15357,"&nbsp;<span class=""red upper bold sm-text"">IR</span>",&#9881;,open,,i,,QB,,QB,JAX,NYJ,145,40.50,3.50,18.50,0,0,4000,4000,0,0.00,0.00,0.00,16.4,26.5,4.8,0,0,0,0,0.0,0.0,0.0,0.0,0.0,0.0,15
15339,Kenny,Yeboah,Kenny Yeboah,/football/player/kenny-yeboah-15339,,&#9881;,open,,i,,TE,,TE,NYJ,JAX,-175,40.50,-3.50,22.00,0,0,2500,2500,0,0.00,0.00,0.00,2.3,6.9,0.0,0,0,0,0,0.0,0.0,0.0,0.0,0.0,0.0,15
15330,Zach,Wilson,Zach Wilson,/football/player/zach-wilson-15330,,&#9881;,open,,i,,QB,,QB,DEN,IND,-197,44.50,-4.00,24.25,0,0,4000,4000,0,0.00,0.00,0.00,0.0,0.0,0.0,0,0,0,0,0.0,0.0,0.0,0.0,0.0,0.0,15
13627,Easton,Stick,Easton Stick,/football/player/easton-stick-13627,,&#9881;,open,,i,,QB,,QB,LAC,TB,-154,45.50,-3.00,24.25,0,0,4000,4000,0,0.00,0.00,0.00,0.0,0.0,0.0,0,0,0,0,0.0,0.0,0.0,0.0,0.0,0.0,15
10155,Tyler,Ott,Tyler Ott,/football/player/tyler-ott-10155,,&#9881;,open,,i,,TE,,TE,WAS,NO,-361,43.50,-7.50,25.50,0,0,2500,2500,0,0.00,0.00,0.00,0.0,0.0,0.0,0,0,0,0,0.0,0.0,0.0,0.0,0.0,0.0,15
15461,Dee,Eskridge,Dee Eskridge,/football/player/dee-eskridge-15461,"&nbsp;<span class=""red upper bold sm-text"">Out</span>",&#9881;,open,,i,,WR,,WR,MIA,HOU,126,47.00,3.00,22.00,0,0,3000,3000,0,0.00,0.00,0.00,1.1,3.4,0.0,0,0,0,0,0.0,0.0,0.0,0.0,0.0,0.0,15
16905,Hendon,Hooker,Hendon Hooker,/football/player/hendon-hooker-16905,,&#9881;,open,,i,,QB,,QB,DET,BUF,-141,54.50,-2.50,28.50,0,0,4000,4000,0,0.00,0.00,0.00,0.9,1.7,0.2,0,0,0,0,0.0,0.0,0.0,0.0,0.0,0.0,15
14858,Mason,Kinsey,Mason Kinsey,/football/player/mason-kinsey-14858,,&#9881;,open,,i,,WR,,WR,TEN,CIN,188,47.00,5.00,21.00,0,0,3000,3000,0,0.00,0.00,0.00,0.0,0.0,0.0,0,0,0,0,0.0,0.0,0.0,0.0,0.0,0.0,15
17235,Brady,Russell,Brady Russell,/football/player/brady-russell-17235,,&#9881;,open,,i,,TE,,TE,SEA,GB,124,46.00,2.50,21.75,0,0,2500,2500,0,0.00,0.00,0.00,0.0,0.0,0.0,0,0,0,0,0.0,0.0,0.0,0.0,0.0,0.0,15
15514,Rondale,Moore,Rondale Moore,/football/player/rondale-moore-15514,"&nbsp;<span class=""red upper bold sm-text"">IR</span>",&#9881;,open,,i,,WR,,WR,ATL,LV,-212,44.00,-4.00,24.00,0,0,3000,3000,0,0.00,0.00,0.00,0.0,0.0,0.0,0,0,0,0,0.0,0.0,0.0,0.0,0.0,0.0,15
17128,Antoine,Green,Antoine Green,/football/player/antoine-green-17128,"&nbsp;<span class=""red upper bold sm-text"">IR</span>",&#9881;,open,,i,,WR,,WR,DET,BUF,-141,54.50,-2.50,28.50,0,0,3000,3000,0,0.00,0.00,0.00,0.0,0.0,0.0,0,0,0,0,0.0,0.0,0.0,0.0,0.0,0.0,15
16743,Bryce,Ford-Wheaton,Bryce Ford-Wheaton,/football/player/bryce-ford-wheaton-16743,"&nbsp;<span class=""red upper bold sm-text"">que</span>",&#9881;,open,,i,,WR,,WR,NYG,BAL,838,42.50,16.00,13.25,0,0,3000,3000,0,0.00,0.00,0.00,0.0,0.0,0.0,0,0,0,0,0.0,0.0,0.0,0.0,0.0,0.0,15
15379,Elijah,Mitchell,Elijah Mitchell,/football/player/elijah-mitchell-15379,"&nbsp;<span class=""red upper bold sm-text"">IR</span>",&#9881;,open,,i,,RB,,RB,SF,LAR,-153,49.50,-3.00,26.25,0,0,4000,4000,0,0.00,0.00,0.00,0.0,0.0,0.0,0,0,0,0,0.0,0.0,0.0,0.0,0.0,0.0,15
18069,Patrick,Murtagh,Patrick Murtagh,/football/player/patrick-murtagh-18069,"&nbsp;<span class=""red upper bold sm-text"">IR</span>",&#9881;,open,,i,,TE,,TE,JAX,NYJ,145,40.50,3.50,18.50,0,0,2500,2500,0,0.00,0.00,0.00,0.0,0.0,0.0,0,0,0,0,0.0,0.0,0.0,0.0,0.0,0.0,15
17125,Jordan,Mims,Jordan Mims,/football/player/jordan-mims-17125,,&#9881;,open,,i,,RB,,RB,NO,WAS,283,43.50,7.50,18.00,0.00,0,4000,4000,0,0.16,0.16,0.16,1.4,4.1,0.0,0,0,0,0,0.0,0.1,0.0,0.2,0.2,0.4,15
16656,Justin,Shorter,Justin Shorter,/football/player/justin-shorter-16656,"&nbsp;<span class=""red upper bold sm-text"">que</span>",&#9881;,open,,i,,TE,,TE,LV,ATL,174,44.00,4.00,20.00,0,0,2500,2500,0,0.00,0.00,0.00,0.0,0.0,0.0,0,0,0,0,0.0,0.0,0.0,0.0,0.0,0.0,15
16641,Maurice,Alexander,Maurice Alexander,/football/player/maurice-alexander-16641,,&#9881;,open,,i,,WR,,WR,DET,BUF,-141,54.50,-2.50,28.50,0,0,3000,3000,0,0.00,0.00,0.00,0.0,0.0,0.0,0,0,0,0,0.0,0.0,0.0,0.0,0.0,0.0,15
15304,Chris,Evans,Chris Evans,/football/player/chris-evans-15304,"&nbsp;<span class=""red upper bold sm-text"">IR</span>",&#9881;,open,,i,,RB,,RB,CIN,TEN,-232,47.00,-5.00,26.00,0,0,4000,4000,0,0.00,0.00,0.00,0.0,0.0,0.0,0,0,0,0,0.0,0.0,0.0,0.0,0.0,0.0,15
17588,John,Stephens,John Stephens,/football/player/john-stephens-17588,"&nbsp;<span class=""red upper bold sm-text"">IR</span>",&#9881;,open,,i,,TE,,TE,DAL,CAR,123,43.00,3.00,20.00,0,0,2500,2500,0,0.00,0.00,0.00,0.0,0.0,0.0,0,0,0,0,0.0,0.0,0.0,0.0,0.0,0.0,15
16871,Stetson,Bennett,Stetson Bennett,/football/player/stetson-bennett-16871,,&#9881;,open,,i,,QB,,QB,LAR,SF,128,49.50,3.00,23.25,0,0,4000,4000,0,0.00,0.00,0.00,0.0,0.0,0.0,0,0,0,0,0.0,0.0,0.0,0.0,0.0,0.0,15
16686,Tanner,McKee,Tanner McKee,/football/player/tanner-mckee-16686,,&#9881;,open,,i,,QB,,QB,PHI,PIT,-240,42.50,-5.50,24.00,0,0,4000,4000,0,0.00,0.00,0.00,0.0,0.0,0.0,0,0,0,0,0.0,0.0,0.0,0.0,0.0,0.0,15
17130,Blake,Whiteheart,Blake Whiteheart,/football/player/blake-whiteheart-17130,,&#9881;,open,,i,,TE,,TE,CLE,KC,177,44.00,4.00,20.00,0,0,2500,2500,0,0.00,0.00,0.00,2.0,8.1,0.0,0,0,0,0,0.0,0.0,0.0,0.0,0.0,0.0,15
11849,Noah,Brown,Noah Brown,/football/player/noah-brown-11849,"&nbsp;<span class=""red upper bold sm-text"">Out</span>",&#9881;,open,,i,,WR,,WR,WAS,NO,-361,43.50,-7.50,25.50,0,0,4200,4200,0,0.00,0.00,0.00,7.9,14.3,2.4,0,0,0,0,0.0,0.0,0.0,0.0,0.0,0.0,15
16946,Tyson,Bagent,Tyson Bagent,/football/player/tyson-bagent-16946,,&#9881;,open,,i,,QB,,QB,CHI,MIN,255,44.00,7.00,18.50,0,0,4000,4000,0,0.00,0.00,0.00,-0.2,0.2,0.0,0,0,0,0,0.0,0.0,0.0,0.0,0.0,0.0,15
15240,Jaelon,Darden,Jaelon Darden,/football/player/jaelon-darden-15240,,&#9881;,open,,i,,WR,,WR,SEA,GB,124,46.00,2.50,21.75,0,0,3000,3000,0,0.00,0.00,0.00,0.2,1.2,0.0,0,0,0,0,0.0,0.0,0.0,0.0,0.0,0.0,15
17501,Robert,Burns,Robert Burns,/football/player/robert-burns-17501,"&nbsp;<span class=""red upper bold sm-text"">PUP</span>",&#9881;,open,,i,,RB,,RB,ATL,LV,-212,44.00,-4.00,24.00,0,0,4000,4000,0,0.00,0.00,0.00,0.0,0.0,0.0,0,0,0,0,0.0,0.0,0.0,0.0,0.0,0.0,15
15335,Kyle,Trask,Kyle Trask,/football/player/kyle-trask-15335,,&#9881;,open,,i,,QB,,QB,TB,LAC,128,45.50,3.00,21.25,0,0,4400,4400,0,0.00,0.00,0.00,0.2,0.2,0.2,0,0,0,0,0.0,0.0,0.0,0.0,0.0,0.0,15
14557,Ke'Shawn,Vaughn,Ke'Shawn Vaughn,/football/player/keshawn-vaughn-14557,,&#9881;,open,,i,,RB,,RB,SF,LAR,-153,49.50,-3.00,26.25,0,0,5400,5400,0,0.00,0.00,0.00,0.4,0.4,0.4,0,0,0,0,0.0,0.0,0.0,0.0,0.0,0.0,15
16852,Grant,DuBose,Grant DuBose,/football/player/grant-dubose-16852,"&nbsp;<span class=""red upper bold sm-text"">IR-</span>",&#9881;,open,,i,,WR,,WR,MIA,HOU,126,47.00,3.00,22.00,0,0,3000,3000,0,0.00,0.00,0.00,2.3,2.3,2.3,0,0,0,0,0.0,0.0,0.0,0.0,0.0,0.0,15
11718,Chris,Godwin,Chris Godwin,/football/player/chris-godwin-11718,"&nbsp;<span class=""red upper bold sm-text"">IR</span>",&#9881;,open,,i,,WR,,WR,TB,LAC,128,45.50,3.00,21.25,0,0,3000,3000,0,0.00,0.00,0.00,20.3,34.7,10.6,0,0,0,0,0.0,0.0,0.0,0.0,0.0,0.0,15
15559,Simi,Fehoko,Simi Fehoko,/football/player/simi-fehoko-15559,"&nbsp;<span class=""red upper bold sm-text"">IR</span>",&#9881;,open,,i,,WR,,WR,LAC,TB,-154,45.50,-3.00,24.25,0,0,3000,3000,0,0.00,0.00,0.00,2.4,6.6,0.0,0,0,0,0,0.0,0.0,0.0,0.0,0.0,0.0,15
16663,Luke,Musgrave,Luke Musgrave,/football/player/luke-musgrave-16663,"&nbsp;<span class=""red upper bold sm-text"">IR-</span>",&#9881;,open,,i,,TE,,TE,GB,SEA,-147,46.00,-2.50,24.25,0,0,2500,2500,0,0.00,0.00,0.00,2.4,4.2,1.0,0,0,0,0,0.0,0.0,0.0,0.0,0.0,0.0,15
16716,Aidan,O'Connell,Aidan O'Connell,/football/player/aidan-oconnell-16716,"&nbsp;<span class=""red upper bold sm-text"">que</span>",&#9881;,open,,i,,QB,,QB,LV,ATL,174,44.00,4.00,20.00,0,0,4800,4800,0,0.00,0.00,0.00,9.4,20.5,1.8,0,0,0,0,0.0,0.0,0.0,0.0,0.0,0.0,15
15369,Brevin,Jordan,Brevin Jordan,/football/player/brevin-jordan-15369,"&nbsp;<span class=""red upper bold sm-text"">IR</span>",&#9881;,open,,i,,TE,,TE,HOU,MIA,-150,47.00,-3.00,25.00,0,0,2500,2500,0,0.00,0.00,0.00,1.4,1.4,1.4,0,0,0,0,0.0,0.0,0.0,0.0,0.0,0.0,15
11008,Dak,Prescott,Dak Prescott,/football/player/dak-prescott-11008,"&nbsp;<span class=""red upper bold sm-text"">IR</span>",&#9881;,open,,i,,QB,,QB,DAL,CAR,123,43.00,3.00,20.00,0,0,4000,4000,0,0.00,0.00,0.00,17.2,29.3,6.9,0,0,0,0,0.0,0.0,0.0,0.0,0.0,0.0,15
15744,Adam,Prentice,Adam Prentice,/football/player/adam-prentice-15744,,&#9881;,open,,i,,RB,,RB,NO,WAS,283,43.50,7.50,18.00,0,0,4000,4000,0,0.00,0.00,0.00,0.0,0.0,0.0,0,0,0,0,0.0,0.0,0.0,0.0,0.0,0.0,15
11673,Zach,Wood,Zach Wood,/football/player/zach-wood-11673,,&#9881;,open,,i,,TE,,TE,NO,WAS,283,43.50,7.50,18.00,0,0,2500,2500,0,0.00,0.00,0.00,0.0,0.0,0.0,0,0,0,0,0.0,0.0,0.0,0.0,0.0,0.0,15
13664,Juwann,Winfree,Juwann Winfree,/football/player/juwann-winfree-13664,"&nbsp;<span class=""red upper bold sm-text"">IR</span>",&#9881;,open,,i,,WR,,WR,IND,DEN,162,44.50,4.00,20.25,0,0,3000,3000,0,0.00,0.00,0.00,0.0,0.0,0.0,0,0,0,0,0.0,0.0,0.0,0.0,0.0,0.0,15
16992,Nate,Adkins,Nate Adkins,/football/player/nate-adkins-16992,,&#9881;,open,,i,,TE,,TE,DEN,IND,-197,44.50,-4.00,24.25,0,0,2500,2500,0,0.00,0.00,0.00,2.0,6.5,0.0,0,0,0,0,0.0,0.0,0.0,0.0,0.0,0.0,15
10606,James,Winchester,James Winchester,/football/player/james-winchester-10606,,&#9881;,open,,i,,TE,,TE,KC,CLE,-216,44.00,-4.00,24.00,0,0,2500,2500,0,0.00,0.00,0.00,0.0,0.0,0.0,0,0,0,0,0.0,0.0,0.0,0.0,0.0,0.0,15
15334,Anthony,Schwartz,Anthony Schwartz,/football/player/anthony-schwartz-15334,"&nbsp;<span class=""red upper bold sm-text"">IR</span>",&#9881;,open,,i,,WR,,WR,MIA,HOU,126,47.00,3.00,22.00,0,0,3000,3000,0,0.00,0.00,0.00,0.0,0.0,0.0,0,0,0,0,0.0,0.0,0.0,0.0,0.0,0.0,15
14306,Jody,Fortson,Jody Fortson,/football/player/jody-fortson-14306,"&nbsp;<span class=""red upper bold sm-text"">IR</span>",&#9881;,open,,i,,TE,,TE,KC,CLE,-216,44.00,-4.00,24.00,0,0,2500,2500,0,0.00,0.00,0.00,0.5,1.4,0.0,0,0,0,0,0.0,0.0,0.0,0.0,0.0,0.0,15
15262,Shane,Buechele,Shane Buechele,/football/player/shane-buechele-15262,"&nbsp;<span class=""red upper bold sm-text"">IR</span>",&#9881;,open,,i,,QB,,QB,BUF,DET,118,54.50,2.50,26.00,0,0,4000,4000,0,0.00,0.00,0.00,0.0,0.0,0.0,0,0,0,0,0.0,0.0,0.0,0.0,0.0,0.0,15
15780,Mitchell,Fraboni,Mitchell Fraboni,/football/player/mitchell-fraboni-15780,,&#9881;,open,,i,,TE,,TE,DEN,IND,-197,44.50,-4.00,24.25,0,0,2500,2500,0,0.00,0.00,0.00,0.0,0.0,0.0,0,0,0,0,0.0,0.0,0.0,0.0,0.0,0.0,15
11690,Christian,McCaffrey,Christian McCaffrey,/football/player/christian-mccaffrey-11690,"&nbsp;<span class=""red upper bold sm-text"">IR</span>",&#9881;,open,,i,,RB,,RB,SF,LAR,-153,49.50,-3.00,26.25,0,0,4000,4000,0,0.00,0.00,0.00,12.2,16.5,8.4,0,0,0,0,0.0,0.0,0.0,0.0,0.0,0.0,15
