id,first_name,last_name,player,URL,injury,actions,actions_trigger,lock,exclude,like,position,real_position,actual_position,team,opponent,money_line,over_under,point_spread,team_points,ownership,multiplier,salary,salary_original,salary_custom,proj_points,proj_rotowire,proj_original,proj_avg,proj_ceiling,proj_floor,proj_third_party_one,proj_third_party_two,proj_third_party_three,proj_custom,value,dfsopp,pa,ra,targets,touches,week
18479,Shedeur,Sanders,Shedeur Sanders,/football/player/shedeur-sanders-18479,,&#9881;,open,,i,,QB,,QB,CLE,SF,202,36.5,5,15.75,4.87,0,4200,4200,0,15.53,15.53,15.53,6.9,12.2,1.6,0,0,0,0,3.7,8.4,32.9,2.4,0,2.4,13
7357,Tyrod,Taylor,Tyrod Taylor,/football/player/tyrod-taylor-7357,,&#9881;,open,,i,,QB,,QB,NYJ,ATL,121,39.5,2.5,18.5,7.65,0,4300,4300,0,15.47,15.47,15.47,11.2,18.1,4.5,0,0,0,0,3.6,7.6,28.8,3.7,0,3.7,13
14416,Jalen,Hurts,Jalen Hurts,/football/player/jalen-hurts-14416,,&#9881;,open,,i,,QB,,QB,PHI,CHI,-330,44.5,-7,25.75,17.98,0,6600,6600,0,23.3,23.3,23.3,21.3,29.6,12.9,0,0,0,0,3.5,5.5,29.2,7.4,0,7.4,13
8743,Geno,Smith,Geno Smith,/football/player/geno-smith-8743,,&#9881;,open,,i,,QB,,QB,LV,LAC,422,41,9.5,15.75,2.82,0,4500,4500,0,15.95,15.95,15.95,12.7,24.2,3.6,0,0,0,0,3.5,7.8,32.8,2.5,0,2.5,13
15357,Trevor,Lawrence,Trevor Lawrence,/football/player/trevor-lawrence-15357,,&#9881;,open,,i,,QB,,QB,JAX,TEN,-314,41.5,-6.5,24,6.54,0,5400,5400,0,18.92,18.92,18.92,17.8,26,10.4,0,0,0,0,3.5,6.6,31.3,4.3,0,4.3,13
18574,Jaxson,Dart,Jaxson Dart,/football/player/jaxson-dart-18574,"&nbsp;<span class=""red upper bold sm-text"">que</span>",&#9881;,open,,i,,QB,,QB,NYG,NE,323,46.5,7.5,19.5,4.87,0,5500,5500,0,19.12,19.12,19.12,18.4,29.5,3.5,0,0,0,0,3.5,6.6,30.6,5.5,0,5.5,13
16995,Bo,Nix,Bo Nix,/football/player/bo-nix-16995,,&#9881;,open,,i,,QB,,QB,DEN,WAS,-330,43.5,-6.5,25,9.33,0,6100,6100,0,20.67,20.67,20.67,20,34.8,9.2,0,0,0,0,3.4,6.1,31.9,5.2,0,5.2,13
18652,Max,Brosmer,Max Brosmer,/football/player/max-brosmer-18652,,&#9881;,open,,i,,QB,,QB,MIN,SEA,501,41.5,11.5,15,0.17,0,4000,4000,0,13.61,13.61,13.61,0.4,1.1,0,0,0,0,0,3.4,8.3,29.7,3.4,0,3.4,13
10074,Marcus,Mariota,Marcus Mariota,/football/player/marcus-mariota-10074,,&#9881;,open,,i,,QB,,QB,WAS,DEN,262,43.5,6.5,18.5,2.52,0,5200,5200,0,17.82,17.82,17.82,13.1,21.1,2.7,0,0,0,0,3.4,7,31.1,5.3,0,5.3,13
16886,C.J.,Stroud,C.J. Stroud,/football/player/cj-stroud-16886,"&nbsp;<span class=""red upper bold sm-text"">que</span>",&#9881;,open,,i,,QB,,QB,HOU,IND,181,44.5,4.5,20,1.68,0,5000,5000,0,16.27,16.27,16.27,17,27,6.6,0,0,0,0,3.3,6.9,32,2.7,0,2.7,13
12619,Baker,Mayfield,Baker Mayfield,/football/player/baker-mayfield-12619,"&nbsp;<span class=""red upper bold sm-text"">que</span>",&#9881;,open,,i,,QB,,QB,TB,ARI,-165,44.5,-3,23.75,1.22,0,5900,5900,0,19.55,19.55,19.55,17.1,27.2,7.3,0,0,0,0,3.3,6.1,32.6,3.4,0,3.4,13
17673,Drake,Maye,Drake Maye,/football/player/drake-maye-17673,,&#9881;,open,,i,,QB,,QB,NE,NYG,-422,46.5,-7.5,27,8.86,0,6800,6800,0,22.28,22.28,22.28,20.8,26.4,14,0,0,0,0,3.3,5.5,31.3,5.8,0,5.8,13
12483,Josh,Allen,Josh Allen,/football/player/josh-allen-12483,,&#9881;,open,,i,,QB,,QB,BUF,PIT,-199,47.5,-3.5,25.5,8.37,0,7500,7500,0,24.47,24.47,24.47,23.4,40.7,11.5,0,0,0,0,3.3,5,31.2,6.1,0,6.1,13
10919,Jacoby,Brissett,Jacoby Brissett,/football/player/jacoby-brissett-10919,,&#9881;,open,,i,,QB,,QB,ARI,TB,138,44.5,3,20.75,7.37,0,5800,5800,0,18.88,18.88,18.88,17.6,27.7,3.3,0,0,0,0,3.3,6.6,35.4,3,0,3,13
17037,Tyler,Shough,Tyler Shough,/football/player/tyler-shough-17037,,&#9881;,open,,i,,QB,,QB,NO,MIA,222,42,6,18,3.14,0,4400,4400,0,14.66,14.66,14.66,8.9,17.4,0.9,0,0,0,0,3.3,8.3,33,3.6,0,3.6,13
11734,David,Njoku,David Njoku,/football/player/david-njoku-11734,,&#9881;,open,,i,,TE,,TE,CLE,SF,202,36.5,5,15.75,4.29,0,2900,2900,0,9.46,9.46,9.46,7.8,16.2,0.9,0,0,0,0,3.3,1.8,0,0,5.3,5.3,13
4307,Aaron,Rodgers,Aaron Rodgers,/football/player/aaron-rodgers-4307,"&nbsp;<span class=""red upper bold sm-text"">que</span>",&#9881;,open,,i,,QB,,QB,PIT,BUF,163,47.5,3.5,22,1.29,0,5100,5100,0,16.83,16.83,16.83,14.1,21.8,8.8,0,0,0,0,3.3,6.4,30.9,1.8,0,1.8,13
8057,Kirk,Cousins,Kirk Cousins,/football/player/kirk-cousins-8057,,&#9881;,open,,i,,QB,,QB,ATL,NYJ,-144,39.5,-2.5,21,1.07,0,4800,4800,0,15.21,15.21,15.21,6.5,14.2,0.5,0,0,0,0,3.2,6.7,29.5,2.6,0,2.6,13
14446,Justin,Herbert,Justin Herbert,/football/player/justin-herbert-14446,,&#9881;,open,,i,,QB,,QB,LAC,LV,-597,41,-9.5,25.25,4.19,0,6500,6500,0,20.66,20.66,20.66,19.2,30.2,7.6,0,0,0,0,3.2,6,34.9,4,0,4,13
14465,Tua,Tagovailoa,Tua Tagovailoa,/football/player/tua-tagovailoa-14465,,&#9881;,open,,i,,QB,,QB,MIA,NO,-274,42,-6,24,1.65,0,4900,4900,0,15.75,15.75,15.75,14,22.8,4,0,0,0,0,3.2,6.4,29.8,1.8,0,1.8,13
15834,Brock,Purdy,Brock Purdy,/football/player/brock-purdy-15834,,&#9881;,open,,i,,QB,,QB,SF,CLE,-247,36.5,-5,20.75,0.75,0,6000,6000,0,18.46,18.46,18.46,17.8,24.1,10.6,0,0,0,0,3.1,5.8,31.3,3.8,0,3.8,13
13491,Daniel,Jones,Daniel Jones,/football/player/daniel-jones-13491,,&#9881;,open,,i,,QB,,QB,IND,HOU,-219,44.5,-4.5,24.5,0.56,0,6300,6300,0,18.64,18.64,18.64,19.6,24.9,13.8,0,0,0,0,3,6,31.4,6.1,0,6.1,13
12490,Sam,Darnold,Sam Darnold,/football/player/sam-darnold-12490,,&#9881;,open,,i,,QB,,QB,SEA,MIN,-737,41.5,-11.5,26.5,1.74,0,5600,5600,0,16.92,16.92,16.92,17.8,28.9,8.7,0,0,0,0,3,5.8,30.1,2.5,0,2.5,13
17695,Caleb,Williams,Caleb Williams,/football/player/caleb-williams-17695,,&#9881;,open,,i,,QB,,QB,CHI,PHI,263,44.5,7,18.75,0.43,0,5700,5700,0,16.57,16.57,16.57,19.5,34,7.7,0,0,0,0,2.9,6.2,30.3,4.9,0,4.9,13
16997,Cam,Ward,Cam Ward,/football/player/cam-ward-16997,,&#9881;,open,,i,,QB,,QB,TEN,JAX,249,41.5,6.5,17.5,0.36,0,4600,4600,0,13.53,13.53,13.53,11.9,20.5,6.1,0,0,0,0,2.9,7.5,31.6,2.7,0,2.7,13
18481,Oronde,Gadsden,Oronde Gadsden,/football/player/oronde-gadsden-18481,,&#9881;,open,,i,,TE,,TE,LAC,LV,-597,41,-9.5,25.25,4.88,0,4300,4300,0,12.15,12.15,12.15,11.3,26.6,2.1,0,0,0,0,2.8,1.4,0,0,6,6,13
16807,Bryce,Young,Bryce Young,/football/player/bryce-young-16807,,&#9881;,open,,i,,QB,,QB,CAR,LAR,488,45,10.5,17.25,0.05,0,5300,5300,0,14.76,14.76,14.76,14.5,29.6,4.1,0,0,0,0,2.8,6.8,32.6,3.2,0,3.2,13
18472,Harold,Fannin,Harold Fannin,/football/player/harold-fannin-18472,,&#9881;,open,,i,,TE,,TE,CLE,SF,202,36.5,5,15.75,4.14,0,3400,3400,0,9.7,9.7,9.7,9.4,16.2,4.7,0,0,0,0,2.8,1.7,0,0.2,5.6,5.8,13
12860,Dallas,Goedert,Dallas Goedert,/football/player/dallas-goedert-12860,,&#9881;,open,,i,,TE,,TE,PHI,CHI,-330,44.5,-7,25.75,4.56,0,4100,4100,0,11.48,11.48,11.48,12.1,24.8,3.8,0,0,0,0,2.8,1.3,0,0,5.3,5.3,13
17017,Brenton,Strange,Brenton Strange,/football/player/brenton-strange-17017,,&#9881;,open,,i,,TE,,TE,JAX,TEN,-314,41.5,-6.5,24,4.06,0,3700,3700,0,10.15,10.15,10.15,9,14,3.7,0,0,0,0,2.7,1.4,0,0,5.3,5.3,13
18517,TreVeyon,Henderson,TreVeyon Henderson,/football/player/treveyon-henderson-18517,,&#9881;,open,,i,,RB,,RB,NE,NYG,-422,46.5,-7.5,27,15.59,0,6100,6100,0,16.26,16.26,16.26,11.8,27.3,0.9,0,0,0,0,2.7,2.8,0,14.5,2.8,17.3,13
15406,DeVonta,Smith,DeVonta Smith,/football/player/devonta-smith-15406,"&nbsp;<span class=""red upper bold sm-text"">que</span>",&#9881;,open,,i,,WR,,WR,PHI,CHI,-330,44.5,-7,25.75,11.8,0,5600,5600,0,15.2,15.2,15.2,15,30.6,3.4,0,0,0,0,2.7,1.3,0,0,7,7,13
18487,Ashton,Jeanty,Ashton Jeanty,/football/player/ashton-jeanty-18487,"&nbsp;<span class=""red upper bold sm-text"">que</span>",&#9881;,open,,i,,RB,,RB,LV,LAC,422,41,9.5,15.75,13.59,0,6400,6400,0,17.13,17.13,17.13,15.8,31.6,5.1,0,0,0,0,2.7,3.4,0,17.7,4.2,21.9,13
5971,Matthew,Stafford,Matthew Stafford,/football/player/matthew-stafford-5971,,&#9881;,open,,i,,QB,,QB,LAR,CAR,-709,45,-10.5,27.75,0.53,0,7000,7000,0,19.01,19.01,19.01,22.1,29.9,12.5,0,0,0,0,2.7,4.9,32.5,1.8,0,1.8,13
16661,De'Von,Achane,De'Von Achane,/football/player/devon-achane-16661,,&#9881;,open,,i,,RB,,RB,MIA,NO,-274,42,-6,24,21.45,0,8300,8300,0,22.53,22.53,22.53,22.8,37.9,13,0,0,0,0,2.7,2.7,0,16.2,6.2,22.4,13
18535,Mason,Taylor,Mason Taylor,/football/player/mason-taylor-18535,,&#9881;,open,,i,,TE,,TE,NYJ,ATL,121,39.5,2.5,18.5,3.5,0,3300,3300,0,8.7,8.7,8.7,7,14,1.4,0,0,0,0,2.6,1.7,0,0,5.4,5.5,13
17811,AJ,Barner,AJ Barner,/football/player/aj-barner-17811,,&#9881;,open,,i,,TE,,TE,SEA,MIN,-737,41.5,-11.5,26.5,3.56,0,3200,3200,0,8.19,8.19,8.19,9.5,20.7,1.2,0,0,0,0,2.6,1.5,0,1,3.7,4.7,13
16654,Jaxon,Smith-Njigba,Jaxon Smith-Njigba,/football/player/jaxon-smith-njigba-16654,,&#9881;,open,,i,,WR,,WR,SEA,MIN,-737,41.5,-11.5,26.5,13.54,0,9500,9500,0,24.95,24.95,24.95,25.7,36.7,15.5,0,0,0,0,2.6,1.1,0,0.4,10.2,10.7,13
11892,George,Kittle,George Kittle,/football/player/george-kittle-11892,,&#9881;,open,,i,,TE,,TE,SF,CLE,-247,36.5,-5,20.75,4.16,0,5300,5300,0,13.58,13.58,13.58,13.9,24,2.2,0,0,0,0,2.6,1.2,0,0,6.1,6.1,13
16899,Quentin,Johnston,Quentin Johnston,/football/player/quentin-johnston-16899,,&#9881;,open,,i,,WR,,WR,LAC,LV,-597,41,-9.5,25.25,9.21,0,4900,4900,0,12.62,12.62,12.62,10.9,21.2,1.6,0,0,0,0,2.6,1.4,0,0.2,6.8,7,13
16957,Michael,Wilson,Michael Wilson,/football/player/michael-wilson-16957,,&#9881;,open,,i,,WR,,WR,ARI,TB,138,44.5,3,20.75,11.68,0,5900,5900,0,15.47,15.47,15.47,11.1,29.3,0.8,0,0,0,0,2.6,1.5,0,0,8.9,8.9,13
17693,Brock,Bowers,Brock Bowers,/football/player/brock-bowers-17693,,&#9881;,open,,i,,TE,,TE,LV,LAC,422,41,9.5,15.75,4.45,0,5800,5800,0,15.11,15.11,15.11,14.6,37.6,2,0,0,0,0,2.6,1.5,0,0.2,8.4,8.5,13
11805,Evan,Engram,Evan Engram,/football/player/evan-engram-11805,,&#9881;,open,,i,,TE,,TE,DEN,WAS,-330,43.5,-6.5,25,3.31,0,3300,3300,0,8.59,8.59,8.59,6.6,12,1.2,0,0,0,0,2.6,1.5,0,0,4.9,4.9,13
20021,New York,Jets,New York Jets,/football/player/new-york-jets-20021,,&#9881;,open,,i,,D," <small class=""sm-muted"">(DST)</small>",DST,NYJ,ATL,121,39.5,2.5,18.5,7.05,0,2400,2400,0,5.93,5.93,5.93,0,0,0,0,0,0,0,2.5,0,0,0,0,0,13
11690,Christian,McCaffrey,Christian McCaffrey,/football/player/christian-mccaffrey-11690,,&#9881;,open,,i,,RB,,RB,SF,CLE,-247,36.5,-5,20.75,15.04,0,9300,9300,0,23.21,23.21,23.21,26.7,38.9,13.7,0,0,0,0,2.5,2.6,0,17.3,7,24.3,13
18551,Jayden,Higgins,Jayden Higgins,/football/player/jayden-higgins-18551,,&#9881;,open,,i,,WR,,WR,HOU,IND,181,44.5,4.5,20,6.3,0,3900,3900,0,9.67,9.67,9.67,7.5,14.2,1,0,0,0,0,2.5,1.4,0,0,5.4,5.5,13
16069,John,Metchie,John Metchie,/football/player/john-metchie-16069,,&#9881;,open,,i,,WR,,WR,NYJ,ATL,121,39.5,2.5,18.5,5.97,0,3800,3800,0,9.4,9.4,9.4,4.3,14.8,0,0,0,0,0,2.5,1.4,0,0.2,5.2,5.4,13
18521,Devin,Neal,Devin Neal,/football/player/devin-neal-18521,,&#9881;,open,,i,,RB,,RB,NO,MIA,222,42,6,18,8.65,0,5000,5000,0,12.27,12.27,12.27,3.9,9.6,0,0,0,0,0,2.5,3,0,12.4,2.8,15.2,13
15895,Chris,Olave,Chris Olave,/football/player/chris-olave-15895,,&#9881;,open,,i,,WR,,WR,NO,MIA,222,42,6,18,9.74,0,6400,6400,0,15.98,15.98,15.98,15.6,24.1,9.2,0,0,0,0,2.5,1.5,0,0.1,9.7,9.8,13
14630,Juwan,Johnson,Juwan Johnson,/football/player/juwan-johnson-14630,,&#9881;,open,,i,,TE,,TE,NO,MIA,222,42,6,18,3.73,0,4200,4200,0,10.5,10.5,10.5,10.4,17.4,3.8,0,0,0,0,2.5,1.4,0,0,5.8,5.8,13
13432,A.J.,Brown,A.J. Brown,/football/player/aj-brown-13432,,&#9881;,open,,i,,WR,,WR,PHI,CHI,-330,44.5,-7,25.75,10.45,0,6100,6100,0,15.44,15.44,15.44,14.9,28.4,3.4,0,0,0,0,2.5,1.2,0,0,7.6,7.6,13
15902,Trey,McBride,Trey McBride,/football/player/trey-mcbride-15902,,&#9881;,open,,i,,TE,,TE,ARI,TB,138,44.5,3,20.75,5.55,0,7800,7800,0,19.65,19.65,19.65,19.6,29.1,10.3,0,0,0,0,2.5,1.3,0,0.1,10.3,10.5,13
15265,Kyle,Pitts,Kyle Pitts,/football/player/kyle-pitts-15265,,&#9881;,open,,i,,TE,,TE,ATL,NYJ,-144,39.5,-2.5,21,3.77,0,4000,4000,0,9.88,9.88,9.88,8.8,15.9,3.7,0,0,0,0,2.5,1.4,0,0,5.5,5.5,13
18503,Gunnar,Helm,Gunnar Helm,/football/player/gunnar-helm-18503,,&#9881;,open,,i,,TE,,TE,TEN,JAX,249,41.5,6.5,17.5,2.89,0,2600,2600,0,6.44,6.44,6.44,6,10.2,2.5,0,0,0,0,2.5,1.5,0,0,3.8,3.8,13
16739,Bijan,Robinson,Bijan Robinson,/football/player/bijan-robinson-16739,,&#9881;,open,,i,,RB,,RB,ATL,NYJ,-144,39.5,-2.5,21,14.12,0,8500,8500,0,20.89,20.89,20.89,21.1,35.2,8.7,0,0,0,0,2.5,2.7,0,18.1,5.2,23.3,13
14376,Jauan,Jennings,Jauan Jennings,/football/player/jauan-jennings-14376,,&#9881;,open,,i,,WR,,WR,SF,CLE,-247,36.5,-5,20.75,7.29,0,4700,4700,0,11.11,11.11,11.11,10.9,18.5,3.2,0,0,0,0,2.4,1.4,0,0.1,6.5,6.6,13
15810,Breece,Hall,Breece Hall,/football/player/breece-hall-15810,,&#9881;,open,,i,,RB,,RB,NYJ,ATL,121,39.5,2.5,18.5,9.79,0,6000,6000,0,14.28,14.28,14.28,14.4,29.9,5.4,0,0,0,0,2.4,3.4,0,17.6,2.6,20.2,13
15222,Kenneth,Gainwell,Kenneth Gainwell,/football/player/kenneth-gainwell-15222,,&#9881;,open,,i,,RB,,RB,PIT,BUF,163,47.5,3.5,22,6.7,0,5300,5300,0,12.63,12.63,12.63,12.3,27.1,2.1,0,0,0,0,2.4,2.2,0,7.3,4.3,11.7,13
17021,Theo,Johnson,Theo Johnson,/football/player/theo-johnson-17021,,&#9881;,open,,i,,TE,,TE,NYG,NE,323,46.5,7.5,19.5,3.39,0,3800,3800,0,9.06,9.06,9.06,10,18.5,3.2,0,0,0,0,2.4,1.3,0,0,5.1,5.1,13
17724,Ladd,McConkey,Ladd McConkey,/football/player/ladd-mcconkey-17724,,&#9881;,open,,i,,WR,,WR,LAC,LV,-597,41,-9.5,25.25,8.38,0,6300,6300,0,15,15,15,13.5,23.8,3.7,0,0,0,0,2.4,1.2,0,0.1,7.5,7.6,13
15200,Nico,Collins,Nico Collins,/football/player/nico-collins-15200,,&#9881;,open,,i,,WR,,WR,HOU,IND,181,44.5,4.5,20,8.87,0,6700,6700,0,16.09,16.09,16.09,16.2,24.8,7.9,0,0,0,0,2.4,1.3,0,0.1,8.3,8.4,13
20023,Philadelphia,Eagles,Philadelphia Eagles,/football/player/philadelphia-eagles-20023,,&#9881;,open,,i,,D," <small class=""sm-muted"">(DST)</small>",DST,PHI,CHI,-330,44.5,-7,25.75,13.41,0,3000,3000,0,7.12,7.12,7.12,0,0,0,0,0,0,0,2.4,0,0,0,0,0,13
13469,Greg,Dortch,Greg Dortch,/football/player/greg-dortch-13469,,&#9881;,open,,i,,WR,,WR,ARI,TB,138,44.5,3,20.75,6.29,0,4600,4600,0,11.08,11.08,11.08,7.1,16,0.9,0,0,0,0,2.4,1.3,0,0.4,5.5,5.8,13
8781,Zach,Ertz,Zach Ertz,/football/player/zach-ertz-8781,,&#9881;,open,,i,,TE,,TE,WAS,DEN,262,43.5,6.5,18.5,2.56,0,4000,4000,0,9.64,9.64,9.64,9,16.5,1.7,0,0,0,0,2.4,1.4,0,0,5.8,5.8,13
12514,Dalton,Schultz,Dalton Schultz,/football/player/dalton-schultz-12514,,&#9881;,open,,i,,TE,,TE,HOU,IND,181,44.5,4.5,20,3.49,0,3800,3800,0,9.16,9.16,9.16,10.2,17.3,3.2,0,0,0,0,2.4,1.4,0,0,5.3,5.3,13
18522,RJ,Harvey,RJ Harvey,/football/player/rj-harvey-18522,,&#9881;,open,,i,,RB,,RB,DEN,WAS,-330,43.5,-6.5,25,11.84,0,5400,5400,0,13.08,13.08,13.08,10,20.7,3,0,0,0,0,2.4,2.8,0,12.2,2.9,15.1,13
18460,Colston,Loveland,Colston Loveland,/football/player/colston-loveland-18460,,&#9881;,open,,i,,TE,,TE,CHI,PHI,263,44.5,7,18.75,2.85,0,3500,3500,0,8.44,8.44,8.44,9.3,25.9,0,0,0,0,0,2.4,1.3,0,0,4.6,4.6,13
13536,Terry,McLaurin,Terry McLaurin,/football/player/terry-mclaurin-13536,"&nbsp;<span class=""red upper bold sm-text"">que</span>",&#9881;,open,,i,,WR,,WR,WAS,DEN,262,43.5,6.5,18.5,2.88,0,5200,5200,0,12.24,12.24,12.24,11.5,14.2,9.4,0,0,0,0,2.3,1.3,0,0.1,6.5,6.6,13
14455,Jonathan,Taylor,Jonathan Taylor,/football/player/jonathan-taylor-14455,,&#9881;,open,,i,,RB,,RB,IND,HOU,-219,44.5,-4.5,24.5,10.76,0,9800,9800,0,22.17,22.17,22.17,28.3,47.6,10.8,0,0,0,0,2.3,2.3,0,19,3.2,22.2,13
8627,Keenan,Allen,Keenan Allen,/football/player/keenan-allen-8627,,&#9881;,open,,i,,WR,,WR,LAC,LV,-597,41,-9.5,25.25,6.42,0,5000,5000,0,11.72,11.72,11.72,12.2,26.3,3.9,0,0,0,0,2.3,1.2,0,0,6.1,6.1,13
16022,Alec,Pierce,Alec Pierce,/football/player/alec-pierce-16022,,&#9881;,open,,i,,WR,,WR,IND,HOU,-219,44.5,-4.5,24.5,5.56,0,4800,4800,0,10.81,10.81,10.81,11.8,19,4.8,0,0,0,0,2.3,1.2,0,0,6,6,13
15868,Drake,London,Drake London,/football/player/drake-london-15868,"&nbsp;<span class=""red upper bold sm-text"">que</span>",&#9881;,open,,i,,WR,,WR,ATL,NYJ,-144,39.5,-2.5,21,3.33,0,7300,7300,0,17.04,17.04,17.04,22.2,38.4,8.1,0,0,0,0,2.3,1.2,0,0.1,8.6,8.7,13
14356,Isaiah,Hodgins,Isaiah Hodgins,/football/player/isaiah-hodgins-14356,,&#9881;,open,,i,,WR,,WR,NYG,NE,323,46.5,7.5,19.5,3.47,0,3500,3500,0,7.89,7.89,7.89,11.5,12.4,10.5,0,0,0,0,2.3,1.2,0,0,4.3,4.3,13
18534,Tyler,Warren,Tyler Warren,/football/player/tyler-warren-18534,,&#9881;,open,,i,,TE,,TE,IND,HOU,-219,44.5,-4.5,24.5,3.56,0,5200,5200,0,11.8,11.8,11.8,13.1,18,7.6,0,0,0,0,2.3,1.3,0,0.3,6.4,6.7,13
15892,Khalil,Shakir,Khalil Shakir,/football/player/khalil-shakir-15892,,&#9881;,open,,i,,WR,,WR,BUF,PIT,-199,47.5,-3.5,25.5,7.91,0,5500,5500,0,12.92,12.92,12.92,11.9,20,2.7,0,0,0,0,2.3,1.2,0,0.1,6.6,6.6,13
16790,Puka,Nacua,Puka Nacua,/football/player/puka-nacua-16790,,&#9881;,open,,i,,WR,,WR,LAR,CAR,-709,45,-10.5,27.75,10.88,0,9000,9000,0,20.24,20.24,20.24,21.5,35.1,8.4,0,0,0,0,2.3,1.1,0,0.7,9.6,10.3,13
17975,Devaughn,Vele,Devaughn Vele,/football/player/devaughn-vele-17975,,&#9881;,open,,i,,WR,,WR,NO,MIA,222,42,6,18,4.07,0,3500,3500,0,8.13,8.13,8.13,2.4,6.3,0,0,0,0,0,2.3,1.4,0,0.1,4.6,4.7,13
17748,Ja'Tavion,Sanders,Ja'Tavion Sanders,/football/player/jatavion-sanders-17748,,&#9881;,open,,i,,TE,,TE,CAR,LAR,488,45,10.5,17.25,1.97,0,2500,2500,0,5.67,5.67,5.67,4.7,10.6,0.3,0,0,0,0,2.3,1.4,0,0,3.6,3.6,13
16032,Cade,Otton,Cade Otton,/football/player/cade-otton-16032,,&#9881;,open,,i,,TE,,TE,TB,ARI,-165,44.5,-3,23.75,2.76,0,4100,4100,0,9.48,9.48,9.48,8.1,15.2,1.5,0,0,0,0,2.3,1.4,0,0,5.6,5.6,13
20013,Indianapolis,Colts,Indianapolis Colts,/football/player/indianapolis-colts-20013,,&#9881;,open,,i,,D," <small class=""sm-muted"">(DST)</small>",DST,IND,HOU,-219,44.5,-4.5,24.5,6.04,0,3100,3100,0,7.1,7.1,7.1,0,0,0,0,0,0,0,2.3,0,0,0,0,0,13
10161,Tyler,Lockett,Tyler Lockett,/football/player/tyler-lockett-10161,,&#9881;,open,,i,,WR,,WR,LV,LAC,422,41,9.5,15.75,3.3,0,3800,3800,0,8.36,8.36,8.36,4.3,9.2,0.2,0,0,0,0,2.2,1.3,0,0,4.9,4.9,13
18549,Emeka,Egbuka,Emeka Egbuka,/football/player/emeka-egbuka-18549,,&#9881;,open,,i,,WR,,WR,TB,ARI,-165,44.5,-3,23.75,6.85,0,6500,6500,0,14.1,14.1,14.1,14.5,28.2,4.7,0,0,0,0,2.2,1.3,0,0.2,8.2,8.4,13
16689,Josh,Downs,Josh Downs,/football/player/josh-downs-16689,,&#9881;,open,,i,,WR,,WR,IND,HOU,-219,44.5,-4.5,24.5,4.95,0,4200,4200,0,9.31,9.31,9.31,9.4,15.8,2.5,0,0,0,0,2.2,1.3,0,0.1,5.3,5.4,13
10735,Hunter,Henry,Hunter Henry,/football/player/hunter-henry-10735,,&#9881;,open,,i,,TE,,TE,NE,NYG,-422,46.5,-7.5,27,3.09,0,4400,4400,0,9.71,9.71,9.71,10.7,24.4,1.7,0,0,0,0,2.2,1.1,0,0,5,5,13
18449,Woody,Marks,Woody Marks,/football/player/woody-marks-18449,,&#9881;,open,,i,,RB,,RB,HOU,IND,181,44.5,4.5,20,5.63,0,5800,5800,0,12.54,12.54,12.54,10.1,23,2.3,0,0,0,0,2.2,2.9,0,13.7,3.1,16.8,13
15909,Kenneth,Walker,Kenneth Walker,/football/player/kenneth-walker-15909,,&#9881;,open,,i,,RB,,RB,SEA,MIN,-737,41.5,-11.5,26.5,6.7,0,5300,5300,0,11.57,11.57,11.57,12.2,20,5.5,0,0,0,0,2.2,3,0,14.1,1.7,15.8,13
16694,Tre,Tucker,Tre Tucker,/football/player/tre-tucker-16694,,&#9881;,open,,i,,WR,,WR,LV,LAC,422,41,9.5,15.75,4.06,0,4800,4800,0,10.5,10.5,10.5,11.7,33.7,2.1,0,0,0,0,2.2,1.4,0,0.6,5.9,6.5,13
16706,Cedric,Tillman,Cedric Tillman,/football/player/cedric-tillman-16706,,&#9881;,open,,i,,WR,,WR,CLE,SF,202,36.5,5,15.75,3.2,0,3600,3600,0,7.94,7.94,7.94,5,9.4,1.5,0,0,0,0,2.2,1.4,0,0.1,4.9,5,13
18547,Tetairoa,McMillan,Tetairoa McMillan,/football/player/tetairoa-mcmillan-18547,,&#9881;,open,,i,,WR,,WR,CAR,LAR,488,45,10.5,17.25,6.56,0,6100,6100,0,13.48,13.48,13.48,14.4,29.4,6.2,0,0,0,0,2.2,1.4,0,0.2,8.4,8.6,13
18516,Quinshon,Judkins,Quinshon Judkins,/football/player/quinshon-judkins-18516,,&#9881;,open,,i,,RB,,RB,CLE,SF,202,36.5,5,15.75,5.45,0,6200,6200,0,13.49,13.49,13.49,13.3,23.6,4.7,0,0,0,0,2.2,2.8,0,15.1,2,17.1,13
15807,Kyren,Williams,Kyren Williams,/football/player/kyren-williams-15807,,&#9881;,open,,i,,RB,,RB,LAR,CAR,-709,45,-10.5,27.75,8.86,0,6600,6600,0,14.49,14.49,14.49,16.3,28.1,7.2,0,0,0,0,2.2,2.4,0,13.3,2.4,15.7,13
13429,Deebo,Samuel,Deebo Samuel,/football/player/deebo-samuel-13429,,&#9881;,open,,i,,WR,,WR,WAS,DEN,262,43.5,6.5,18.5,6.67,0,5700,5700,0,12.53,12.53,12.53,13.2,22.2,4.9,0,0,0,0,2.2,1.4,0,1.5,6.5,8,13
17976,Jalen,Coker,Jalen Coker,/football/player/jalen-coker-17976,,&#9881;,open,,i,,WR,,WR,CAR,LAR,488,45,10.5,17.25,4.1,0,3400,3400,0,7.46,7.46,7.46,4.8,8.7,0.7,0,0,0,0,2.2,1.3,0,0,4.3,4.3,13
15984,Jaylen,Warren,Jaylen Warren,/football/player/jaylen-warren-15984,,&#9881;,open,,i,,RB,,RB,PIT,BUF,163,47.5,3.5,22,7.42,0,6300,6300,0,14.07,14.07,14.07,13.4,20.5,8.4,0,0,0,0,2.2,2.7,0,14.5,2.3,16.8,13
16933,Chris,Rodriguez,Chris Rodriguez,/football/player/chris-rodriguez-16933,,&#9881;,open,,i,,RB,,RB,WAS,DEN,262,43.5,6.5,18.5,3.63,0,4300,4300,0,9.33,9.33,9.33,5.3,11.1,0.4,0,0,0,0,2.2,2.5,0,9.5,1.2,10.8,13
13424,DK,Metcalf,DK Metcalf,/football/player/dk-metcalf-13424,"&nbsp;<span class=""red upper bold sm-text"">que</span>",&#9881;,open,,i,,WR,,WR,PIT,BUF,163,47.5,3.5,22,5.25,0,5600,5600,0,12.06,12.06,12.06,12.7,23.1,4.2,0,0,0,0,2.2,1.1,0,0,6.3,6.4,13
10133,Stefon,Diggs,Stefon Diggs,/football/player/stefon-diggs-10133,,&#9881;,open,,i,,WR,,WR,NE,NYG,-422,46.5,-7.5,27,7.22,0,6200,6200,0,13.45,13.45,13.45,13.1,24.2,4.7,0,0,0,0,2.2,1.1,0,0.1,6.8,6.8,13
20018,New England,Patriots,New England Patriots,/football/player/new-england-patriots-20018,,&#9881;,open,,i,,D," <small class=""sm-muted"">(DST)</small>",DST,NE,NYG,-422,46.5,-7.5,27,6.14,0,3500,3500,0,7.51,7.51,7.51,0,0,0,0,0,0,0,2.2,0,0,0,0,0,13
11863,Cooper,Kupp,Cooper Kupp,/football/player/cooper-kupp-11863,,&#9881;,open,,i,,WR,,WR,SEA,MIN,-737,41.5,-11.5,26.5,4.35,0,4000,4000,0,8.63,8.63,8.63,8.2,14.3,3.5,0,0,0,0,2.2,1.1,0,0,4.5,4.5,13
15838,Wan'Dale,Robinson,Wan'Dale Robinson,/football/player/wandale-robinson-15838,,&#9881;,open,,i,,WR,,WR,NYG,NE,323,46.5,7.5,19.5,6.94,0,6000,6000,0,13.23,13.23,13.23,14.4,29.1,3.9,0,0,0,0,2.2,1.3,0,0.2,7.8,8,13
11807,Jonnu,Smith,Jonnu Smith,/football/player/jonnu-smith-11807,,&#9881;,open,,i,,TE,,TE,PIT,BUF,163,47.5,3.5,22,2.07,0,2900,2900,0,6.36,6.36,6.36,4.9,10,0.8,0,0,0,0,2.2,1.2,0,0.1,3.4,3.5,13
20016,Miami,Dolphins,Miami Dolphins,/football/player/miami-dolphins-20016,,&#9881;,open,,i,,D," <small class=""sm-muted"">(DST)</small>",DST,MIA,NO,-274,42,-6,24,8.32,0,3300,3300,0,7.34,7.34,7.34,0,0,0,0,0,0,0,2.2,0,0,0,0,0,13
12507,Saquon,Barkley,Saquon Barkley,/football/player/saquon-barkley-12507,"&nbsp;<span class=""red upper bold sm-text"">que</span>",&#9881;,open,,i,,RB,,RB,PHI,CHI,-330,44.5,-7,25.75,9.9,0,7200,7200,0,15.89,15.89,15.89,14.9,30,5.7,0,0,0,0,2.2,2.8,0,16.9,3.3,20.2,13
15385,Travis,Etienne,Travis Etienne,/football/player/travis-etienne-15385,,&#9881;,open,,i,,RB,,RB,JAX,TEN,-314,41.5,-6.5,24,7.54,0,6500,6500,0,14.41,14.41,14.41,14.8,21.4,7.9,0,0,0,0,2.2,2.6,0,14.1,2.7,16.8,13
14378,Michael,Pittman,Michael Pittman,/football/player/michael-pittman-14378,,&#9881;,open,,i,,WR,,WR,IND,HOU,-219,44.5,-4.5,24.5,6.09,0,5800,5800,0,12.63,12.63,12.63,14.5,22.6,5.6,0,0,0,0,2.2,1.2,0,0.1,7,7.1,13
12586,Courtland,Sutton,Courtland Sutton,/football/player/courtland-sutton-12586,,&#9881;,open,,i,,WR,,WR,DEN,WAS,-330,43.5,-6.5,25,6.59,0,5800,5800,0,12.57,12.57,12.57,11.9,23.3,2.8,0,0,0,0,2.2,1.1,0,0,6.5,6.5,13
20031,Washington,Commanders,Washington Commanders,/football/player/washington-commanders-20031,,&#9881;,open,,i,,D," <small class=""sm-muted"">(DST)</small>",DST,WAS,DEN,262,43.5,6.5,18.5,0.36,0,2500,2500,0,5.14,5.14,5.14,0,0,0,0,0,0,0,2.1,0,0,0,0,0,13
14463,Colby,Parkinson,Colby Parkinson,/football/player/colby-parkinson-14463,,&#9881;,open,,i,,TE,,TE,LAR,CAR,-709,45,-10.5,27.75,1.75,0,2800,2800,0,5.73,5.73,5.73,6.5,13.2,0.4,0,0,0,0,2.1,1,0,0,2.9,2.9,13
20012,Houston,Texans,Houston Texans,/football/player/houston-texans-20012,,&#9881;,open,,i,,D," <small class=""sm-muted"">(DST)</small>",DST,HOU,IND,181,44.5,4.5,20,7.17,0,2900,2900,0,5.97,5.97,5.97,0,0,0,0,0,0,0,2.1,0,0,0,0,0,13
9455,Davante,Adams,Davante Adams,/football/player/davante-adams-9455,,&#9881;,open,,i,,WR,,WR,LAR,CAR,-709,45,-10.5,27.75,7.66,0,7500,7500,0,15.8,15.8,15.8,17.7,25.6,8.9,0,0,0,0,2.1,1.1,0,0,8,8,13
20014,Jacksonville,Jaguars,Jacksonville Jaguars,/football/player/jacksonville-jaguars-20014,,&#9881;,open,,i,,D," <small class=""sm-muted"">(DST)</small>",DST,JAX,TEN,-314,41.5,-6.5,24,8.46,0,3700,3700,0,7.85,7.85,7.85,0,0,0,0,0,0,0,2.1,0,0,0,0,0,13
20024,Pittsburgh,Steelers,Pittsburgh Steelers,/football/player/pittsburgh-steelers-20024,,&#9881;,open,,i,,D," <small class=""sm-muted"">(DST)</small>",DST,PIT,BUF,163,47.5,3.5,22,2.92,0,2600,2600,0,5.47,5.47,5.47,0,0,0,0,0,0,0,2.1,0,0,0,0,0,13
14657,Rico,Dowdle,Rico Dowdle,/football/player/rico-dowdle-14657,,&#9881;,open,,i,,RB,,RB,CAR,LAR,488,45,10.5,17.25,5.64,0,6900,6900,0,14.32,14.32,14.32,16.3,32.8,3.4,0,0,0,0,2.1,2.9,0,16.2,3.6,19.8,13
15404,Jaylen,Waddle,Jaylen Waddle,/football/player/jaylen-waddle-15404,,&#9881;,open,,i,,WR,,WR,MIA,NO,-274,42,-6,24,6.37,0,6800,6800,0,14.07,14.07,14.07,14.8,23.9,5.1,0,0,0,0,2.1,1,0,0.1,7,7.1,13
18641,Chimere,Dike,Chimere Dike,/football/player/chimere-dike-18641,,&#9881;,open,,i,,WR,,WR,TEN,JAX,249,41.5,6.5,17.5,3.69,0,4400,4400,0,9.16,9.16,9.16,7.8,18.4,0,0,0,0,0,2.1,1.4,0,0.6,5.7,6.3,13
20009,Denver,Broncos,Denver Broncos,/football/player/denver-broncos-20009,,&#9881;,open,,i,,D," <small class=""sm-muted"">(DST)</small>",DST,DEN,WAS,-330,43.5,-6.5,25,10.48,0,3300,3300,0,7.07,7.07,7.07,0,0,0,0,0,0,0,2.1,0,0,0,0,0,13
16697,Dalton,Kincaid,Dalton Kincaid,/football/player/dalton-kincaid-16697,"&nbsp;<span class=""red upper bold sm-text"">que</span>",&#9881;,open,,i,,TE,,TE,BUF,PIT,-199,47.5,-3.5,25.5,0.93,0,4500,4500,0,9.5,9.5,9.5,12.7,23,3.9,0,0,0,0,2.1,1,0,0,4.6,4.6,13
20030,Tennessee,Titans,Tennessee Titans,/football/player/tennessee-titans-20030,,&#9881;,open,,i,,D," <small class=""sm-muted"">(DST)</small>",DST,TEN,JAX,249,41.5,6.5,17.5,3.79,0,2200,2200,0,4.65,4.65,4.65,0,0,0,0,0,0,0,2.1,0,0,0,0,0,13
15876,James,Cook,James Cook,/football/player/james-cook-15876,,&#9881;,open,,i,,RB,,RB,BUF,PIT,-199,47.5,-3.5,25.5,7.41,0,7600,7600,0,15.94,15.94,15.94,20.3,33.3,7.7,0,0,0,0,2.1,2.4,0,16.2,2.1,18.3,13
17863,Malik,Washington,Malik Washington,/football/player/malik-washington-17863,,&#9881;,open,,i,,WR,,WR,MIA,NO,-274,42,-6,24,3.7,0,4300,4300,0,8.87,8.87,8.87,7.6,12,4.4,0,0,0,0,2.1,1.4,0,1.7,4.3,5.9,13
13610,T.J.,Hockenson,T.J. Hockenson,/football/player/tj-hockenson-13610,,&#9881;,open,,i,,TE,,TE,MIN,SEA,501,41.5,11.5,15,2.06,0,3500,3500,0,7.22,7.22,7.22,7.5,13.8,2.8,0,0,0,0,2.1,1.5,0,0,5.1,5.1,13
12063,Taysom,Hill,Taysom Hill,/football/player/taysom-hill-12063,,&#9881;,open,,i,,TE,,TE,NO,MIA,222,42,6,18,2.65,0,2700,2700,0,5.64,5.64,5.64,2.6,5.2,0.8,0,0,0,0,2.1,2.6,0,6.4,0.5,6.9,13
20026,Seattle,Seahawks,Seattle Seahawks,/football/player/seattle-seahawks-20026,,&#9881;,open,,i,,D," <small class=""sm-muted"">(DST)</small>",DST,SEA,MIN,-737,41.5,-11.5,26.5,5.71,0,3900,3900,0,7.99,7.99,7.99,0,0,0,0,0,0,0,2.1,0,0,0,0,0,13
17668,Adonai,Mitchell,Adonai Mitchell,/football/player/adonai-mitchell-17668,,&#9881;,open,,i,,WR,,WR,NYJ,ATL,121,39.5,2.5,18.5,4.14,0,3600,3600,0,7.63,7.63,7.63,3,9.2,0,0,0,0,0,2.1,1.5,0,0.3,5.2,5.5,13
20020,New York,Giants,New York Giants,/football/player/new-york-giants-20020,,&#9881;,open,,i,,D," <small class=""sm-muted"">(DST)</small>",DST,NYG,NE,323,46.5,7.5,19.5,1.13,0,2200,2200,0,4.59,4.59,4.59,0,0,0,0,0,0,0,2.1,0,0,0,0,0,13
14430,Van,Jefferson,Van Jefferson,/football/player/van-jefferson-14430,,&#9881;,open,,i,,WR,,WR,TEN,JAX,249,41.5,6.5,17.5,2.93,0,3400,3400,0,6.68,6.68,6.68,4.4,10.1,0.1,0,0,0,0,2,1.4,0,0,4.7,4.8,13
16795,Kayshon,Boutte,Kayshon Boutte,/football/player/kayshon-boutte-16795,,&#9881;,open,,i,,WR,,WR,NE,NYG,-422,46.5,-7.5,27,3.73,0,4700,4700,0,9.6,9.6,9.6,9.3,21.9,0.5,0,0,0,0,2,1,0,0.1,4.4,4.5,13
15874,Calvin,Austin,Calvin Austin,/football/player/calvin-austin-15874,,&#9881;,open,,i,,WR,,WR,PIT,BUF,163,47.5,3.5,22,2.31,0,3700,3700,0,7.29,7.29,7.29,6.1,11.2,1.8,0,0,0,0,2,1.1,0,0.1,4,4.1,13
20028,Los Angeles,Rams,Los Angeles Rams,/football/player/los-angeles-rams-20028,,&#9881;,open,,i,,D," <small class=""sm-muted"">(DST)</small>",DST,LAR,CAR,-709,45,-10.5,27.75,6.46,0,3800,3800,0,7.67,7.67,7.67,0,0,0,0,0,0,0,2,0,0,0,0,0,13
10215,Darren,Waller,Darren Waller,/football/player/darren-waller-10215,"&nbsp;<span class=""red upper bold sm-text"">IR</span>",&#9881;,open,,i,,TE,,TE,MIA,NO,-274,42,-6,24,2.63,0,3900,3900,0,7.85,7.85,7.85,11.4,19.5,1.3,0,0,0,0,2,1,0,0,3.9,3.9,13
18552,Elic,Ayomanor,Elic Ayomanor,/football/player/elic-ayomanor-18552,"&nbsp;<span class=""red upper bold sm-text"">que</span>",&#9881;,open,,i,,WR,,WR,TEN,JAX,249,41.5,6.5,17.5,2.61,0,3700,3700,0,7.42,7.42,7.42,7.8,13.9,3.3,0,0,0,0,2,1.5,0,0,5.4,5.4,13
18484,Tez,Johnson,Tez Johnson,/football/player/tez-johnson-18484,,&#9881;,open,,i,,WR,,WR,TB,ARI,-165,44.5,-3,23.75,3.01,0,4200,4200,0,8.42,8.42,8.42,9.2,18.1,1.2,0,0,0,0,2,1.1,0,0,4.6,4.6,13
20027,San Francisco,49ers,San Francisco 49ers,/football/player/san-francisco-49ers-20027,,&#9881;,open,,i,,D," <small class=""sm-muted"">(DST)</small>",DST,SF,CLE,-247,36.5,-5,20.75,2.09,0,3600,3600,0,7.07,7.07,7.07,0,0,0,0,0,0,0,2,0,0,0,0,0,13
17767,Trey,Benson,Trey Benson,/football/player/trey-benson-17767,"&nbsp;<span class=""red upper bold sm-text"">IR-</span>",&#9881;,open,,i,,RB,,RB,ARI,TB,138,44.5,3,20.75,4.17,0,5400,5400,0,10.97,10.97,10.97,9,10.3,7.9,0,0,0,0,2,2.5,0,11.4,2.1,13.5,13
17719,Troy,Franklin,Troy Franklin,/football/player/troy-franklin-17719,,&#9881;,open,,i,,WR,,WR,DEN,WAS,-330,43.5,-6.5,25,4.93,0,5300,5300,0,10.31,10.31,10.31,11.8,23.4,3.3,0,0,0,0,2,1.2,0,0.1,6.2,6.3,13
18445,Omarion,Hampton,Omarion Hampton,/football/player/omarion-hampton-18445,"&nbsp;<span class=""red upper bold sm-text"">IR-</span>",&#9881;,open,,i,,RB,,RB,LAC,LV,-597,41,-9.5,25.25,4.16,0,5900,5900,0,11.8,11.8,11.8,18,30.3,4.7,0,0,0,0,2,2.5,0,12.7,2.1,14.8,13
16941,Tyjae,Spears,Tyjae Spears,/football/player/tyjae-spears-16941,,&#9881;,open,,i,,RB,,RB,TEN,JAX,249,41.5,6.5,17.5,3.37,0,4700,4700,0,9.51,9.51,9.51,8.4,15.2,2.5,0,0,0,0,2,2.3,0,7.6,3,10.6,13
17716,Brian,Thomas,Brian Thomas,/football/player/brian-thomas-17716,"&nbsp;<span class=""red upper bold sm-text"">que</span>",&#9881;,open,,i,,WR,,WR,JAX,TEN,-314,41.5,-6.5,24,3.42,0,6200,6200,0,12.38,12.38,12.38,10.9,19.8,5.7,0,0,0,0,2,1.1,0,0,6.7,6.7,13
16889,Darnell,Washington,Darnell Washington,/football/player/darnell-washington-16889,,&#9881;,open,,i,,TE,,TE,PIT,BUF,163,47.5,3.5,22,1.69,0,2700,2700,0,5.42,5.42,5.42,4.9,9.9,0.3,0,0,0,0,2,1.1,0,0,2.9,2.9,13
20000,Atlanta,Falcons,Atlanta Falcons,/football/player/atlanta-falcons-20000,,&#9881;,open,,i,,D," <small class=""sm-muted"">(DST)</small>",DST,ATL,NYJ,-144,39.5,-2.5,21,4.04,0,3500,3500,0,7.06,7.06,7.06,0,0,0,0,0,0,0,2,0,0,0,0,0,13
17784,Bucky,Irving,Bucky Irving,/football/player/bucky-irving-17784,"&nbsp;<span class=""red upper bold sm-text"">que</span>",&#9881;,open,,i,,RB,,RB,TB,ARI,-165,44.5,-3,23.75,5.92,0,7000,7000,0,14.29,14.29,14.29,20.5,29,13.2,0,0,0,0,2,2.2,0,12.1,3.2,15.3,13
11861,Mack,Hollins,Mack Hollins,/football/player/mack-hollins-11861,,&#9881;,open,,i,,WR,,WR,NE,NYG,-422,46.5,-7.5,27,3.26,0,4200,4200,0,8.28,8.28,8.28,8,16.6,1.2,0,0,0,0,2,1,0,0,4.4,4.4,13
20017,Minnesota,Vikings,Minnesota Vikings,/football/player/minnesota-vikings-20017,,&#9881;,open,,i,,D," <small class=""sm-muted"">(DST)</small>",DST,MIN,SEA,501,41.5,11.5,15,0.95,0,2300,2300,0,4.48,4.48,4.48,0,0,0,0,0,0,0,2,0,0,0,0,0,13
13522,Darius,Slayton,Darius Slayton,/football/player/darius-slayton-13522,,&#9881;,open,,i,,WR,,WR,NYG,NE,323,46.5,7.5,19.5,2.67,0,4300,4300,0,8,8,8,7.5,11.8,3.7,0,0,0,0,1.9,1.1,0,0,4.6,4.6,13
20004,Carolina,Panthers,Carolina Panthers,/football/player/carolina-panthers-20004,,&#9881;,open,,i,,D," <small class=""sm-muted"">(DST)</small>",DST,CAR,LAR,488,45,10.5,17.25,0.05,0,2100,2100,0,3.99,3.99,3.99,0,0,0,0,0,0,0,1.9,0,0,0,0,0,13
18562,Pat,Bryant,Pat Bryant,/football/player/pat-bryant-18562,,&#9881;,open,,i,,WR,,WR,DEN,WAS,-330,43.5,-6.5,25,2.4,0,3200,3200,0,5.94,5.94,5.94,4.4,11.2,0,0,0,0,0,1.9,1,0,0,3.2,3.2,13
17967,Tyrone,Tracy,Tyrone Tracy,/football/player/tyrone-tracy-17967,,&#9881;,open,,i,,RB,,RB,NYG,NE,323,46.5,7.5,19.5,3.52,0,5600,5600,0,10.47,10.47,10.47,9.1,16.1,2.2,0,0,0,0,1.9,2.9,0,12.9,3.1,16,13
15267,Pat,Freiermuth,Pat Freiermuth,/football/player/pat-freiermuth-15267,,&#9881;,open,,i,,TE,,TE,PIT,BUF,163,47.5,3.5,22,1.56,0,3100,3100,0,5.97,5.97,5.97,7.7,23.9,0,0,0,0,0,1.9,0.9,0,0,2.9,2.9,13
20025,Los Angeles,Chargers,Los Angeles Chargers,/football/player/los-angeles-chargers-20025,,&#9881;,open,,i,,D," <small class=""sm-muted"">(DST)</small>",DST,LAC,LV,-597,41,-9.5,25.25,2.55,0,4000,4000,0,7.42,7.42,7.42,0,0,0,0,0,0,0,1.9,0,0,0,0,0,13
14458,Jerry,Jeudy,Jerry Jeudy,/football/player/jerry-jeudy-14458,,&#9881;,open,,i,,WR,,WR,CLE,SF,202,36.5,5,15.75,2.76,0,4100,4100,0,7.9,7.9,7.9,6.5,15.9,0.5,0,0,0,0,1.9,1.3,0,0.1,5.3,5.3,13
17020,Rome,Odunze,Rome Odunze,/football/player/rome-odunze-17020,,&#9881;,open,,i,,WR,,WR,CHI,PHI,263,44.5,7,18.75,3.49,0,5900,5900,0,10.92,10.92,10.92,13.4,29.3,1.5,0,0,0,0,1.9,1.2,0,0.2,7,7.1,13
16666,Michael,Mayer,Michael Mayer,/football/player/michael-mayer-16666,"&nbsp;<span class=""red upper bold sm-text"">que</span>",&#9881;,open,,i,,TE,,TE,LV,LAC,422,41,9.5,15.75,1.24,0,2800,2800,0,5.18,5.18,5.18,4.8,12.8,0,0,0,0,0,1.9,1.2,0,0,3.3,3.3,13
14394,D'Andre,Swift,D'Andre Swift,/football/player/dandre-swift-14394,,&#9881;,open,,i,,RB,,RB,CHI,PHI,263,44.5,7,18.75,3.09,0,5700,5700,0,11.08,11.08,11.08,15.1,25.6,5.2,0,0,0,0,1.9,2.5,0,11.4,2.7,14.1,13
20029,Tampa Bay,Buccaneers,Tampa Bay Buccaneers,/football/player/tampa-bay-buccaneers-20029,,&#9881;,open,,i,,D," <small class=""sm-muted"">(DST)</small>",DST,TB,ARI,-165,44.5,-3,23.75,1.35,0,3200,3200,0,5.98,5.98,5.98,0,0,0,0,0,0,0,1.9,0,0,0,0,0,13
18548,Luther,Burden,Luther Burden,/football/player/luther-burden-18548,,&#9881;,open,,i,,WR,,WR,CHI,PHI,263,44.5,7,18.75,2.72,0,3900,3900,0,7.33,7.33,7.33,6.9,18.3,0.5,0,0,0,0,1.9,1.1,0,0.3,4,4.3,13
17761,Ricky,Pearsall,Ricky Pearsall,/football/player/ricky-pearsall-17761,,&#9881;,open,,i,,WR,,WR,SF,CLE,-247,36.5,-5,20.75,3.22,0,5200,5200,0,9.94,9.94,9.94,8.9,20,0.7,0,0,0,0,1.9,1,0,0.3,5.2,5.4,13
13517,Jakobi,Meyers,Jakobi Meyers,/football/player/jakobi-meyers-13517,,&#9881;,open,,i,,WR,,WR,JAX,TEN,-314,41.5,-6.5,24,4.11,0,5700,5700,0,10.74,10.74,10.74,9.3,13.7,6.3,0,0,0,0,1.9,1,0,0.2,5.6,5.9,13
20019,New Orleans,Saints,New Orleans Saints,/football/player/new-orleans-saints-20019,,&#9881;,open,,i,,D," <small class=""sm-muted"">(DST)</small>",DST,NO,MIA,222,42,6,18,0.41,0,2800,2800,0,5.08,5.08,5.08,0,0,0,0,0,0,0,1.8,0,0,0,0,0,13
17734,Xavier,Legette,Xavier Legette,/football/player/xavier-legette-17734,,&#9881;,open,,i,,WR,,WR,CAR,LAR,488,45,10.5,17.25,2.43,0,3900,3900,0,7.18,7.18,7.18,7.7,20.2,0,0,0,0,0,1.8,1.4,0,0.1,5.2,5.3,13
20005,Chicago,Bears,Chicago Bears,/football/player/chicago-bears-20005,,&#9881;,open,,i,,D," <small class=""sm-muted"">(DST)</small>",DST,CHI,PHI,263,44.5,7,18.75,0.16,0,2600,2600,0,4.63,4.63,4.63,0,0,0,0,0,0,0,1.8,0,0,0,0,0,13
20003,Buffalo,Bills,Buffalo Bills,/football/player/buffalo-bills-20003,,&#9881;,open,,i,,D," <small class=""sm-muted"">(DST)</small>",DST,BUF,PIT,-199,47.5,-3.5,25.5,0.14,0,3400,3400,0,5.99,5.99,5.99,0,0,0,0,0,0,0,1.8,0,0,0,0,0,13
12477,DJ,Moore,DJ Moore,/football/player/dj-moore-12477,,&#9881;,open,,i,,WR,,WR,CHI,PHI,263,44.5,7,18.75,2.61,0,4900,4900,0,8.74,8.74,8.74,10.8,20.9,1.6,0,0,0,0,1.8,1.2,0,1.2,4.8,5.9,13
14509,Justin,Jefferson,Justin Jefferson,/football/player/justin-jefferson-14509,,&#9881;,open,,i,,WR,,WR,MIN,SEA,501,41.5,11.5,15,3.22,0,7100,7100,0,12.44,12.44,12.44,14.3,22.8,8.1,0,0,0,0,1.8,1.1,0,0.1,7.7,7.8,13
16560,Rashid,Shaheed,Rashid Shaheed,/football/player/rashid-shaheed-16560,,&#9881;,open,,i,,WR,,WR,SEA,MIN,-737,41.5,-11.5,26.5,2.76,0,4500,4500,0,8.1,8.1,8.1,9.8,20.4,1.8,0,0,0,0,1.8,1,0,0.5,3.9,4.4,13
13590,Tony,Pollard,Tony Pollard,/football/player/tony-pollard-13590,,&#9881;,open,,i,,RB,,RB,TEN,JAX,249,41.5,6.5,17.5,2.2,0,4900,4900,0,8.58,8.58,8.58,9.6,14.4,5.9,0,0,0,0,1.8,2.8,0,11.2,2.4,13.6,13
16897,Zach,Charbonnet,Zach Charbonnet,/football/player/zach-charbonnet-16897,,&#9881;,open,,i,,RB,,RB,SEA,MIN,-737,41.5,-11.5,26.5,2.65,0,4800,4800,0,8.5,8.5,8.5,9.5,17.3,2.4,0,0,0,0,1.8,2.3,0,9.4,1.4,10.8,13
14510,Darnell,Mooney,Darnell Mooney,/football/player/darnell-mooney-14510,,&#9881;,open,,i,,WR,,WR,ATL,NYJ,-144,39.5,-2.5,21,3.62,0,5300,5300,0,9.16,9.16,9.16,6.1,13.6,1.7,0,0,0,0,1.7,1.1,0,0,5.6,5.6,13
17690,Blake,Corum,Blake Corum,/football/player/blake-corum-17690,,&#9881;,open,,i,,RB,,RB,LAR,CAR,-709,45,-10.5,27.75,1.62,0,4600,4600,0,7.61,7.61,7.61,4.4,8.8,1.5,0,0,0,0,1.7,2.2,0,9,1.1,10.1,13
20001,Arizona,Cardinals,Arizona Cardinals,/football/player/arizona-cardinals-20001,,&#9881;,open,,i,,D," <small class=""sm-muted"">(DST)</small>",DST,ARI,TB,138,44.5,3,20.75,0.5,0,2700,2700,0,4.64,4.64,4.64,0,0,0,0,0,0,0,1.7,0,0,0,0,0,13
16690,Parker,Washington,Parker Washington,/football/player/parker-washington-16690,,&#9881;,open,,i,,WR,,WR,JAX,TEN,-314,41.5,-6.5,24,2.92,0,5400,5400,0,9.18,9.18,9.18,10.8,17.1,4.7,0,0,0,0,1.7,1,0,0.6,4.9,5.4,13
16036,Daniel,Bellinger,Daniel Bellinger,/football/player/daniel-bellinger-16036,,&#9881;,open,,i,,TE,,TE,NYG,NE,323,46.5,7.5,19.5,1.07,0,2500,2500,0,4.14,4.14,4.14,3.6,13.6,0,0,0,0,0,1.7,0.8,0,0,2.1,2.1,13
11763,Aaron,Jones,Aaron Jones,/football/player/aaron-jones-11763,,&#9881;,open,,i,,RB,,RB,MIN,SEA,501,41.5,11.5,15,2.62,0,5600,5600,0,9.34,9.34,9.34,9.1,15,3.3,0,0,0,0,1.7,3,0,13.9,2.8,16.7,13
18524,Bhayshul,Tuten,Bhayshul Tuten,/football/player/bhayshul-tuten-18524,,&#9881;,open,,i,,RB,,RB,JAX,TEN,-314,41.5,-6.5,24,1.91,0,4500,4500,0,7.57,7.57,7.57,6.3,13.4,1.4,0,0,0,0,1.7,1.9,0,7.4,1.2,8.6,13
16895,Jordan,Addison,Jordan Addison,/football/player/jordan-addison-16895,,&#9881;,open,,i,,WR,,WR,MIN,SEA,501,41.5,11.5,15,1.72,0,5100,5100,0,8.4,8.4,8.4,11.9,22.1,2.1,0,0,0,0,1.7,1.1,0,0.2,5.3,5.5,13
12508,Christian,Kirk,Christian Kirk,/football/player/christian-kirk-12508,,&#9881;,open,,i,,WR,,WR,HOU,IND,181,44.5,4.5,20,2.09,0,3400,3400,0,5.71,5.71,5.71,6.7,14.2,1.4,0,0,0,0,1.7,1,0,0,3.2,3.2,13
13449,Devin,Singletary,Devin Singletary,/football/player/devin-singletary-13449,,&#9881;,open,,i,,RB,,RB,NYG,NE,323,46.5,7.5,19.5,1.84,0,4600,4600,0,7.94,7.94,7.94,4.8,13.9,0,0,0,0,0,1.7,2.3,0,9.3,1.4,10.6,13
15896,Treylon,Burks,Treylon Burks,/football/player/treylon-burks-15896,"&nbsp;<span class=""red upper bold sm-text"">que</span>",&#9881;,open,,i,,WR,,WR,WAS,DEN,262,43.5,6.5,18.5,0.24,0,3000,3000,0,4.83,4.83,4.83,5.6,9.5,1.7,0,0,0,0,1.6,1,0,0.2,2.8,3,13
20007,Cleveland,Browns,Cleveland Browns,/football/player/cleveland-browns-20007,,&#9881;,open,,i,,D," <small class=""sm-muted"">(DST)</small>",DST,CLE,SF,202,36.5,5,15.75,0.25,0,3000,3000,0,4.84,4.84,4.84,0,0,0,0,0,0,0,1.6,0,0,0,0,0,13
14436,Cole,Kmet,Cole Kmet,/football/player/cole-kmet-14436,,&#9881;,open,,i,,TE,,TE,CHI,PHI,263,44.5,7,18.75,0.92,0,2500,2500,0,3.96,3.96,3.96,4.3,8.5,1,0,0,0,0,1.6,0.9,0,0,2.3,2.3,13
20022,Las Vegas,Raiders,Las Vegas Raiders,/football/player/las-vegas-raiders-20022,,&#9881;,open,,i,,D," <small class=""sm-muted"">(DST)</small>",DST,LV,LAC,422,41,9.5,15.75,0.09,0,2500,2500,0,4.05,4.05,4.05,0,0,0,0,0,0,0,1.6,0,0,0,0,0,13
18520,Kyle,Monangai,Kyle Monangai,/football/player/kyle-monangai-18520,,&#9881;,open,,i,,RB,,RB,CHI,PHI,263,44.5,7,18.75,1.43,0,5200,5200,0,8.41,8.41,8.41,9.1,21.3,1.6,0,0,0,0,1.6,2,0,8.6,1.6,10.2,13
14750,Nick,Westbrook-Ikhine,Nick Westbrook-Ikhine,/football/player/nick-westbrook-ikhine-14750,,&#9881;,open,,i,,WR,,WR,MIA,NO,-274,42,-6,24,0.9,0,3000,3000,0,4.81,4.81,4.81,1.8,4.2,0,0,0,0,0,1.6,0.9,0,0.1,2.7,2.7,13
16025,Jalen,Nailor,Jalen Nailor,/football/player/jalen-nailor-16025,,&#9881;,open,,i,,WR,,WR,MIN,SEA,501,41.5,11.5,15,1.26,0,3200,3200,0,5.22,5.22,5.22,6.5,20.2,0,0,0,0,0,1.6,1,0,0,3.1,3.1,13
15976,Tyler,Allgeier,Tyler Allgeier,/football/player/tyler-allgeier-15976,,&#9881;,open,,i,,RB,,RB,ATL,NYJ,-144,39.5,-2.5,21,1.4,0,4500,4500,0,7.04,7.04,7.04,8.3,15.9,1.5,0,0,0,0,1.6,1.9,0,8,0.6,8.6,13
17555,Tyrell,Shavers,Tyrell Shavers,/football/player/tyrell-shavers-17555,,&#9881;,open,,i,,WR,,WR,BUF,PIT,-199,47.5,-3.5,25.5,1.75,0,3200,3200,0,5.26,5.26,5.26,3.4,14.2,0,0,0,0,0,1.6,0.8,0,0,2.5,2.5,13
16959,Elijah,Higgins,Elijah Higgins,/football/player/elijah-higgins-16959,,&#9881;,open,,i,,TE,,TE,ARI,TB,138,44.5,3,20.75,1,0,2500,2500,0,3.63,3.63,3.63,3,5.9,0.3,0,0,0,0,1.5,0.8,0,0,1.9,1.9,13
17057,Isaiah,Davis,Isaiah Davis,/football/player/isaiah-davis-17057,,&#9881;,open,,i,,RB,,RB,NYJ,ATL,121,39.5,2.5,18.5,0.83,0,4500,4500,0,6.77,6.77,6.77,3.9,12.3,0,0,0,0,0,1.5,1.5,0,4.9,2,6.9,13
18497,Terrance,Ferguson,Terrance Ferguson,/football/player/terrance-ferguson-18497,,&#9881;,open,,i,,TE,,TE,LAR,CAR,-709,45,-10.5,27.75,0.86,0,2500,2500,0,3.66,3.66,3.66,3.1,8.6,0,0,0,0,0,1.5,0.8,0,0,1.9,1.9,13
16728,Sean,Tucker,Sean Tucker,/football/player/sean-tucker-16728,,&#9881;,open,,i,,RB,,RB,TB,ARI,-165,44.5,-3,23.75,0.56,0,5500,5500,0,7.99,7.99,7.99,7.2,27.6,0,0,0,0,0,1.5,1.4,0,6.9,1,7.9,13
16042,Chig,Okonkwo,Chig Okonkwo,/football/player/chig-okonkwo-16042,,&#9881;,open,,i,,TE,,TE,TEN,JAX,249,41.5,6.5,17.5,1.17,0,3600,3600,0,5.54,5.54,5.54,6.8,11.2,1.4,0,0,0,0,1.5,1,0,0,3.5,3.5,13
14359,Gabe,Davis,Gabe Davis,/football/player/gabe-davis-14359,,&#9881;,open,,i,,WR,,WR,BUF,PIT,-199,47.5,-3.5,25.5,1.42,0,3300,3300,0,4.89,4.89,4.89,5.1,7.4,2.8,0,0,0,0,1.5,0.8,0,0,2.5,2.5,13
15372,Rhamondre,Stevenson,Rhamondre Stevenson,/football/player/rhamondre-stevenson-15372,,&#9881;,open,,i,,RB,,RB,NE,NYG,-422,46.5,-7.5,27,1.21,0,5100,5100,0,7.16,7.16,7.16,9.1,17.7,2,0,0,0,0,1.4,1.4,0,5.6,1.7,7.3,13
17319,Jaleel,McLaughlin,Jaleel McLaughlin,/football/player/jaleel-mclaughlin-17319,,&#9881;,open,,i,,RB,,RB,DEN,WAS,-330,43.5,-6.5,25,0.68,0,4400,4400,0,6.13,6.13,6.13,4.2,9.3,0,0,0,0,0,1.4,1.7,0,6.6,1,7.6,13
11767,Jeremy,McNichols,Jeremy McNichols,/football/player/jeremy-mcnichols-11767,,&#9881;,open,,i,,RB,,RB,WAS,DEN,262,43.5,6.5,18.5,0.47,0,4000,4000,0,5.49,5.49,5.49,5.2,11.8,0.2,0,0,0,0,1.4,1.3,0,3.2,2.1,5.3,13
13587,Ty,Johnson,Ty Johnson,/football/player/ty-johnson-13587,,&#9881;,open,,i,,RB,,RB,BUF,PIT,-199,47.5,-3.5,25.5,0.57,0,4600,4600,0,6.41,6.41,6.41,4.6,12.3,0,0,0,0,0,1.4,1.4,0,4.9,1.8,6.6,13
18811,Jacory,Croskey-Merritt,Jacory Croskey-Merritt,/football/player/jacory-croskey-merritt-18811,,&#9881;,open,,i,,RB,,RB,WAS,DEN,262,43.5,6.5,18.5,0.53,0,4800,4800,0,6.54,6.54,6.54,7.6,23.6,0.4,0,0,0,0,1.4,2,0,8.4,1.2,9.6,13
13466,Dawson,Knox,Dawson Knox,/football/player/dawson-knox-13466,,&#9881;,open,,i,,TE,,TE,BUF,PIT,-199,47.5,-3.5,25.5,1.32,0,3000,3000,0,4.27,4.27,4.27,3.8,7.7,0.5,0,0,0,0,1.4,0.7,0,0,2.2,2.2,13
16105,Bam,Knight,Bam Knight,/football/player/bam-knight-16105,,&#9881;,open,,i,,RB,,RB,ARI,TB,138,44.5,3,20.75,0.48,0,5200,5200,0,6.51,6.51,6.51,7.8,13.9,1.2,0,0,0,0,1.3,1.5,0,6.2,1.4,7.6,13
15229,Tutu,Atwell,Tutu Atwell,/football/player/tutu-atwell-15229,"&nbsp;<span class=""red upper bold sm-text"">IR</span>",&#9881;,open,,i,,WR,,WR,LAR,CAR,-709,45,-10.5,27.75,0.62,0,3300,3300,0,4.37,4.37,4.37,5,14,0,0,0,0,0,1.3,0.7,0,0.1,2.3,2.4,13
16751,DeMario,Douglas,DeMario Douglas,/football/player/demario-douglas-16751,,&#9881;,open,,i,,WR,,WR,NE,NYG,-422,46.5,-7.5,27,1.17,0,3700,3700,0,4.84,4.84,4.84,6.9,18.3,0.1,0,0,0,0,1.3,0.7,0,0.3,2.3,2.6,13
16849,Marvin,Mims,Marvin Mims,/football/player/marvin-mims-16849,,&#9881;,open,,i,,WR,,WR,DEN,WAS,-330,43.5,-6.5,25,0.77,0,3800,3800,0,4.93,4.93,4.93,7.4,17.7,0.1,0,0,0,0,1.3,0.6,0,0.5,1.9,2.4,13
15447,Joshua,Palmer,Joshua Palmer,/football/player/joshua-palmer-15447,,&#9881;,open,,i,,WR,,WR,BUF,PIT,-199,47.5,-3.5,25.5,1.19,0,3600,3600,0,4.67,4.67,4.67,4.9,7.5,2.1,0,0,0,0,1.3,0.7,0,0,2.5,2.5,13
17043,Roman,Wilson,Roman Wilson,/football/player/roman-wilson-17043,,&#9881;,open,,i,,WR,,WR,PIT,BUF,163,47.5,3.5,22,1.13,0,3000,3000,0,4.01,4.01,4.01,4,13.6,0,0,0,0,0,1.3,0.7,0,0,2.2,2.2,13
18107,Mason,Tipton,Mason Tipton,/football/player/mason-tipton-18107,,&#9881;,open,,i,,WR,,WR,NO,MIA,222,42,6,18,0.85,0,3000,3000,0,3.82,3.82,3.82,0.7,4.6,0,0,0,0,0,1.3,0.9,0,0,2.6,2.6,13
15850,Jahan,Dotson,Jahan Dotson,/football/player/jahan-dotson-15850,,&#9881;,open,,i,,WR,,WR,PHI,CHI,-330,44.5,-7,25.75,0.72,0,3100,3100,0,4.04,4.04,4.04,2.7,8.6,0,0,0,0,0,1.3,0.7,0,0.1,2.1,2.2,13
17821,Kimani,Vidal,Kimani Vidal,/football/player/kimani-vidal-17821,,&#9881;,open,,i,,RB,,RB,LAC,LV,-597,41,-9.5,25.25,0.75,0,5700,5700,0,7.48,7.48,7.48,10.4,23.2,0.1,0,0,0,0,1.3,1.7,0,7.9,1.7,9.7,13
18540,Elijah,Arroyo,Elijah Arroyo,/football/player/elijah-arroyo-18540,,&#9881;,open,,i,,TE,,TE,SEA,MIN,-737,41.5,-11.5,26.5,0.87,0,2500,2500,0,3.17,3.17,3.17,3.6,9.1,0,0,0,0,0,1.3,0.7,0,0,1.7,1.7,13
11718,Chris,Godwin,Chris Godwin,/football/player/chris-godwin-11718,,&#9881;,open,,i,,WR,,WR,TB,ARI,-165,44.5,-3,23.75,1.3,0,5000,5000,0,6.43,6.43,6.43,4.7,5.9,3,0,0,0,0,1.3,0.7,0,0,3.6,3.6,13
15371,Tommy,Tremble,Tommy Tremble,/football/player/tommy-tremble-15371,,&#9881;,open,,i,,TE,,TE,CAR,LAR,488,45,10.5,17.25,0.52,0,2500,2500,0,3,3,3,3.8,11.8,0,0,0,0,0,1.2,0.7,0,0,1.8,1.8,13
18450,Ollie,Gordon,Ollie Gordon,/football/player/ollie-gordon-18450,,&#9881;,open,,i,,RB,,RB,MIA,NO,-274,42,-6,24,0.53,0,4300,4300,0,5.23,5.23,5.23,4.2,11.4,0,0,0,0,0,1.2,1.4,0,5.4,0.7,6.1,13
12886,Nick,Chubb,Nick Chubb,/football/player/nick-chubb-12886,,&#9881;,open,,i,,RB,,RB,HOU,IND,181,44.5,4.5,20,0.46,0,4800,4800,0,5.61,5.61,5.61,6.7,13.2,2,0,0,0,0,1.2,1.7,0,6.7,1.3,8,13
15996,Jeremy,Ruckert,Jeremy Ruckert,/football/player/jeremy-ruckert-15996,,&#9881;,open,,i,,TE,,TE,NYJ,ATL,121,39.5,2.5,18.5,0.59,0,2500,2500,0,2.99,2.99,2.99,2.8,6.7,0,0,0,0,0,1.2,0.7,0,0,1.7,1.7,13
18467,Dylan,Sampson,Dylan Sampson,/football/player/dylan-sampson-18467,,&#9881;,open,,i,,RB,,RB,CLE,SF,202,36.5,5,15.75,0.34,0,4700,4700,0,5.54,5.54,5.54,4.6,13.1,0,0,0,0,0,1.2,1.4,0,4.6,1.8,6.4,13
16163,Jordan,Mason,Jordan Mason,/football/player/jordan-mason-16163,,&#9881;,open,,i,,RB,,RB,MIN,SEA,501,41.5,11.5,15,0.43,0,5100,5100,0,6.18,6.18,6.18,9.3,21.6,1.8,0,0,0,0,1.2,1.7,0,7.8,0.9,8.7,13
17030,Davis,Allen,Davis Allen,/football/player/davis-allen-17030,,&#9881;,open,,i,,TE,,TE,LAR,CAR,-709,45,-10.5,27.75,0.6,0,2500,2500,0,2.63,2.63,2.63,3.9,8,0.3,0,0,0,0,1.1,0.5,0,0,1.4,1.4,13
15989,Jerome,Ford,Jerome Ford,/football/player/jerome-ford-15989,,&#9881;,open,,i,,RB,,RB,CLE,SF,202,36.5,5,15.75,0.21,0,4000,4000,0,4.38,4.38,4.38,3.4,8.8,0,0,0,0,0,1.1,0.9,0,1.6,2,3.7,13
10604,Raheem,Mostert,Raheem Mostert,/football/player/raheem-mostert-10604,,&#9881;,open,,i,,RB,,RB,LV,LAC,422,41,9.5,15.75,0.22,0,4000,4000,0,4.57,4.57,4.57,3.1,7,0,0,0,0,0,1.1,1.1,0,2.9,1.5,4.4,13
10988,Sterling,Shepard,Sterling Shepard,/football/player/sterling-shepard-10988,,&#9881;,open,,i,,WR,,WR,TB,ARI,-165,44.5,-3,23.75,0.75,0,4100,4100,0,4.48,4.48,4.48,7.3,11.4,2.9,0,0,0,0,1.1,0.6,0,0.1,2.6,2.7,13
18041,Xavier,Weaver,Xavier Weaver,/football/player/xavier-weaver-18041,,&#9881;,open,,i,,WR,,WR,ARI,TB,138,44.5,3,20.75,0.47,0,3000,3000,0,3.3,3.3,3.3,1.1,3.1,0,0,0,0,0,1.1,0.7,0,0,2.1,2.1,13
17688,Jordan,Whittington,Jordan Whittington,/football/player/jordan-whittington-17688,,&#9881;,open,,i,,WR,,WR,LAR,CAR,-709,45,-10.5,27.75,0.52,0,3000,3000,0,3.25,3.25,3.25,3.1,5.8,0.5,0,0,0,0,1.1,0.6,0,0.2,1.6,1.8,13
15802,Rachaad,White,Rachaad White,/football/player/rachaad-white-15802,,&#9881;,open,,i,,RB,,RB,TB,ARI,-165,44.5,-3,23.75,0.45,0,5000,5000,0,5.62,5.62,5.62,10.7,20,3.5,0,0,0,0,1.1,1.1,0,4,1.6,5.7,13
18478,Tre',Harris,Tre' Harris,/football/player/tre-harris-18478,,&#9881;,open,,i,,WR,,WR,LAC,LV,-597,41,-9.5,25.25,0.46,0,3100,3100,0,3.32,3.32,3.32,3.4,7.6,0.2,0,0,0,0,1.1,0.6,0,0.1,1.8,1.8,13
13822,Foster,Moreau,Foster Moreau,/football/player/foster-moreau-13822,,&#9881;,open,,i,,TE,,TE,NO,MIA,222,42,6,18,0.45,0,2500,2500,0,2.6,2.6,2.6,0.8,2.9,0,0,0,0,0,1,0.5,0,0,1.3,1.3,13
10748,Austin,Hooper,Austin Hooper,/football/player/austin-hooper-10748,,&#9881;,open,,i,,TE,,TE,NE,NYG,-422,46.5,-7.5,27,0.51,0,2500,2500,0,2.46,2.46,2.46,4.1,8.2,0.5,0,0,0,0,1,0.5,0,0,1.3,1.3,13
18555,Jaylin,Noel,Jaylin Noel,/football/player/jaylin-noel-18555,,&#9881;,open,,i,,WR,,WR,HOU,IND,181,44.5,4.5,20,0.56,0,3000,3000,0,3.02,3.02,3.02,4.7,10.6,0,0,0,0,0,1,0.6,0,0.2,1.6,1.8,13
11710,Curtis,Samuel,Curtis Samuel,/football/player/curtis-samuel-11710,"&nbsp;<span class=""red upper bold sm-text"">que</span>",&#9881;,open,,i,,WR,,WR,BUF,PIT,-199,47.5,-3.5,25.5,0.28,0,3100,3100,0,3.17,3.17,3.17,3.5,8.9,0,0,0,0,0,1,0.6,0,0.3,1.6,1.8,13
13833,Olamide,Zaccheaus,Olamide Zaccheaus,/football/player/olamide-zaccheaus-13833,,&#9881;,open,,i,,WR,,WR,CHI,PHI,263,44.5,7,18.75,0.32,0,3000,3000,0,3.12,3.12,3.12,5.9,14.5,0.3,0,0,0,0,1,0.7,0,0.3,1.8,2.1,13
18558,Dont'e,Thornton,Dont'e Thornton,/football/player/donte-thornton-18558,,&#9881;,open,,i,,WR,,WR,LV,LAC,422,41,9.5,15.75,0.15,0,3000,3000,0,2.61,2.61,2.61,1.3,4,0,0,0,0,0,0.9,0.7,0,0,2,2,13
18646,Arian,Smith,Arian Smith,/football/player/arian-smith-18646,,&#9881;,open,,i,,WR,,WR,NYJ,ATL,121,39.5,2.5,18.5,0.12,0,3000,3000,0,2.54,2.54,2.54,1.2,2.8,0,0,0,0,0,0.9,0.6,0,0.2,1.4,1.7,13
16932,Xavier,Hutchinson,Xavier Hutchinson,/football/player/xavier-hutchinson-16932,,&#9881;,open,,i,,WR,,WR,HOU,IND,181,44.5,4.5,20,0.37,0,3000,3000,0,2.64,2.64,2.64,6.4,15.3,0.1,0,0,0,0,0.9,0.5,0,0,1.6,1.6,13
17686,Jamari,Thrash,Jamari Thrash,/football/player/jamari-thrash-17686,"&nbsp;<span class=""red upper bold sm-text"">que</span>",&#9881;,open,,i,,WR,,WR,CLE,SF,202,36.5,5,15.75,0.02,0,3000,3000,0,2.72,2.72,2.72,2.4,4.6,0.3,0,0,0,0,0.9,0.6,0,0.1,1.6,1.8,13
12628,Allen,Lazard,Allen Lazard,/football/player/allen-lazard-12628,,&#9881;,open,,i,,WR,,WR,NYJ,ATL,121,39.5,2.5,18.5,0.14,0,3000,3000,0,2.56,2.56,2.56,2.8,7.6,0,0,0,0,0,0.9,0.5,0,0,1.4,1.4,13
17977,Isaiah,Williams,Isaiah Williams,/football/player/isaiah-williams-17977,,&#9881;,open,,i,,WR,,WR,NYJ,ATL,121,39.5,2.5,18.5,0.21,0,3000,3000,0,2.64,2.64,2.64,1.8,7,0,0,0,0,0,0.9,0.6,0,0.4,1.4,1.9,13
11163,Demarcus,Robinson,Demarcus Robinson,/football/player/demarcus-robinson-11163,,&#9881;,open,,i,,WR,,WR,SF,CLE,-247,36.5,-5,20.75,0.3,0,3000,3000,0,2.66,2.66,2.66,3.3,6.4,0.3,0,0,0,0,0.9,0.5,0,0,1.6,1.6,13
18569,Jimmy,Horn,Jimmy Horn,/football/player/jimmy-horn-18569,,&#9881;,open,,i,,WR,,WR,CAR,LAR,488,45,10.5,17.25,0.11,0,3000,3000,0,2.39,2.39,2.39,2.1,5.6,0,0,0,0,0,0.8,0.6,0,0.5,1.4,1.8,13
16992,Nate,Adkins,Nate Adkins,/football/player/nate-adkins-16992,"&nbsp;<span class=""red upper bold sm-text"">que</span>",&#9881;,open,,i,,TE,,TE,DEN,WAS,-330,43.5,-6.5,25,0.14,0,2500,2500,0,1.92,1.92,1.92,2.8,8.6,0,0,0,0,0,0.8,0.4,0,0,1,1,13
14541,Adam,Trautman,Adam Trautman,/football/player/adam-trautman-14541,,&#9881;,open,,i,,TE,,TE,DEN,WAS,-330,43.5,-6.5,25,0.29,0,2500,2500,0,1.92,1.92,1.92,2.5,7.9,0,0,0,0,0,0.8,0.4,0,0,1,1,13
18466,Xavier,Restrepo,Xavier Restrepo,/football/player/xavier-restrepo-18466,,&#9881;,open,,i,,WR,,WR,TEN,JAX,249,41.5,6.5,17.5,0.07,0,3000,3000,0,2.29,2.29,2.29,4.6,4.6,4.6,0,0,0,0,0.8,0.5,0,0,1.6,1.6,13
17732,Keon,Coleman,Keon Coleman,/football/player/keon-coleman-17732,,&#9881;,open,,i,,WR,,WR,BUF,PIT,-199,47.5,-3.5,25.5,0.3,0,3500,3500,0,2.82,2.82,2.82,7.1,12.1,3.6,0,0,0,0,0.8,0.5,0,0,1.6,1.6,13
15893,Tyler,Badie,Tyler Badie,/football/player/tyler-badie-15893,,&#9881;,open,,i,,RB,,RB,DEN,WAS,-330,43.5,-6.5,25,0.12,0,4000,4000,0,3.05,3.05,3.05,1.9,3.8,0.2,0,0,0,0,0.8,0.6,0,1,1.4,2.4,13
18502,Isaiah,Bond,Isaiah Bond,/football/player/isaiah-bond-18502,,&#9881;,open,,i,,WR,,WR,CLE,SF,202,36.5,5,15.75,0.21,0,3000,3000,0,2.4,2.4,2.4,3.5,7.7,0.1,0,0,0,0,0.8,0.6,0,0.1,1.6,1.8,13
13634,David,Sills,David Sills,/football/player/david-sills-13634,,&#9881;,open,,i,,WR,,WR,ATL,NYJ,-144,39.5,-2.5,21,0.44,0,3500,3500,0,2.91,2.91,2.91,1.7,7.2,0,0,0,0,0,0.8,0.5,0,0,1.8,1.8,13
15273,Michael,Carter,Michael Carter,/football/player/michael-carter-15273,,&#9881;,open,,i,,RB,,RB,ARI,TB,138,44.5,3,20.75,0.15,0,4200,4200,0,3.3,3.3,3.3,7.1,15.8,0.5,0,0,0,0,0.8,0.9,0,2.4,1.4,3.8,13
13786,Josh,Oliver,Josh Oliver,/football/player/josh-oliver-13786,,&#9881;,open,,i,,TE,,TE,MIN,SEA,501,41.5,11.5,15,0.2,0,2500,2500,0,2.05,2.05,2.05,3,9.4,0,0,0,0,0,0.8,0.5,0,0,1.2,1.2,13
15246,Hunter,Long,Hunter Long,/football/player/hunter-long-15246,"&nbsp;<span class=""red upper bold sm-text"">que</span>",&#9881;,open,,i,,TE,,TE,JAX,TEN,-314,41.5,-6.5,24,0.09,0,2500,2500,0,1.76,1.76,1.76,3.6,9.3,0,0,0,0,0,0.7,0.4,0,0,1,1,13
18545,Mitchell,Evans,Mitchell Evans,/football/player/mitchell-evans-18545,,&#9881;,open,,i,,TE,,TE,CAR,LAR,488,45,10.5,17.25,0.18,0,2500,2500,0,1.68,1.68,1.68,3.2,9.1,0,0,0,0,0,0.7,0.4,0,0,1,1,13
15242,Chuba,Hubbard,Chuba Hubbard,/football/player/chuba-hubbard-15242,,&#9881;,open,,i,,RB,,RB,CAR,LAR,488,45,10.5,17.25,0.12,0,4400,4400,0,3.26,3.26,3.26,7.9,15.9,2.3,0,0,0,0,0.7,1.1,0,3.6,1.1,4.7,13
17777,Malachi,Corley,Malachi Corley,/football/player/malachi-corley-17777,,&#9881;,open,,i,,WR,,WR,CLE,SF,202,36.5,5,15.75,0.07,0,3000,3000,0,2.05,2.05,2.05,2.2,3.6,0.4,0,0,0,0,0.7,0.5,0,0.5,1,1.5,13
16705,Tank,Bigsby,Tank Bigsby,/football/player/tank-bigsby-16705,,&#9881;,open,,i,,RB,,RB,PHI,CHI,-330,44.5,-7,25.75,0.06,0,4200,4200,0,2.5,2.5,2.5,2,9.8,0,0,0,0,0,0.6,0.8,0,3,0.2,3.2,13
18457,Jack,Bech,Jack Bech,/football/player/jack-bech-18457,,&#9881;,open,,i,,WR,,WR,LV,LAC,422,41,9.5,15.75,0.06,0,3000,3000,0,1.65,1.65,1.65,1.4,4.6,0,0,0,0,0,0.6,0.3,0,0,1,1,13
15907,Brian,Robinson,Brian Robinson,/football/player/brian-robinson-15907,,&#9881;,open,,i,,RB,,RB,SF,CLE,-247,36.5,-5,20.75,0.08,0,4300,4300,0,2.62,2.62,2.62,4.2,9.8,0.2,0,0,0,0,0.6,1,0,4,0.3,4.3,13
14942,Andre,Baccellia,Andre Baccellia,/football/player/andre-baccellia-14942,,&#9881;,open,,i,,WR,,WR,ARI,TB,138,44.5,3,20.75,0.09,0,3000,3000,0,1.81,1.81,1.81,0.8,1.7,0,0,0,0,0,0.6,0.4,0,0,1.1,1.1,13
17335,Julian,Hill,Julian Hill,/football/player/julian-hill-17335,,&#9881;,open,,i,,TE,,TE,MIA,NO,-274,42,-6,24,0.27,0,2500,2500,0,1.53,1.53,1.53,2.9,5.8,0.2,0,0,0,0,0.6,0.4,0,0,0.9,0.9,13
17788,Audric,Estime,Audric Estime,/football/player/audric-estime-17788,,&#9881;,open,,i,,RB,,RB,NO,MIA,222,42,6,18,0.04,0,4000,4000,0,2.6,2.6,2.6,0,0,0,0,0,0,0,0.6,0.9,0,3.1,0.5,3.6,13
18643,Jaylin,Lane,Jaylin Lane,/football/player/jaylin-lane-18643,"&nbsp;<span class=""red upper bold sm-text"">que</span>",&#9881;,open,,i,,WR,,WR,WAS,DEN,262,43.5,6.5,18.5,0.14,0,3500,3500,0,2.01,2.01,2.01,4.2,7.9,1.3,0,0,0,0,0.6,0.4,0,0.2,1.2,1.4,13
15891,Greg,Dulcich,Greg Dulcich,/football/player/greg-dulcich-15891,,&#9881;,open,,i,,TE,,TE,MIA,NO,-274,42,-6,24,0.22,0,2500,2500,0,1.48,1.48,1.48,4.2,9.1,0.1,0,0,0,0,0.6,0.4,0,0,0.9,0.9,13
18476,LeQuint,Allen,LeQuint Allen,/football/player/lequint-allen-18476,,&#9881;,open,,i,,RB,,RB,JAX,TEN,-314,41.5,-6.5,24,0.03,0,4100,4100,0,2.35,2.35,2.35,1.6,3.1,0.3,0,0,0,0,0.6,0.5,0,0.9,1,1.9,13
12061,Tim,Patrick,Tim Patrick,/football/player/tim-patrick-12061,,&#9881;,open,,i,,WR,,WR,JAX,TEN,-314,41.5,-6.5,24,0.16,0,3000,3000,0,1.47,1.47,1.47,3,9.2,0,0,0,0,0,0.5,0.3,0,0,0.8,0.8,13
8986,Adam,Thielen,Adam Thielen,/football/player/adam-thielen-8986,,&#9881;,open,,i,,WR,,WR,MIN,SEA,501,41.5,11.5,15,0.02,0,3000,3000,0,1.49,1.49,1.49,1.5,3.9,0,0,0,0,0,0.5,0.3,0,0,0.9,0.9,13
15289,John,Bates,John Bates,/football/player/john-bates-15289,,&#9881;,open,,i,,TE,,TE,WAS,DEN,262,43.5,6.5,18.5,0.14,0,2500,2500,0,1.27,1.27,1.27,1.5,3.5,0,0,0,0,0,0.5,0.3,0,0,0.8,0.8,13
12884,Dante,Pettis,Dante Pettis,/football/player/dante-pettis-12884,,&#9881;,open,,i,,WR,,WR,NO,MIA,222,42,6,18,0,0,3000,3000,0,1.56,1.56,1.56,1.2,2.7,0,0,0,0,0,0.5,0.3,0,0,1,1,13
15566,Luke,Farrell,Luke Farrell,/football/player/luke-farrell-15566,,&#9881;,open,,i,,TE,,TE,SF,CLE,-247,36.5,-5,20.75,0.11,0,2500,2500,0,1.19,1.19,1.19,2.7,7.8,0,0,0,0,0,0.5,0.3,0,0,0.6,0.6,13
15280,Elijah,Moore,Elijah Moore,/football/player/elijah-moore-15280,,&#9881;,open,,i,,WR,,WR,BUF,PIT,-199,47.5,-3.5,25.5,0.17,0,3000,3000,0,1.62,1.62,1.62,3.3,8.8,0,0,0,0,0,0.5,0.4,0,0.1,0.9,1.1,13
17794,Cade,Stover,Cade Stover,/football/player/cade-stover-17794,,&#9881;,open,,i,,TE,,TE,HOU,IND,181,44.5,4.5,20,0.13,0,2500,2500,0,1.09,1.09,1.09,0,0,0,0,0,0,0,0.4,0.3,0,0,0.6,0.6,13
10126,Ameer,Abdullah,Ameer Abdullah,/football/player/ameer-abdullah-10126,,&#9881;,open,,i,,RB,,RB,IND,HOU,-219,44.5,-4.5,24.5,0.01,0,4000,4000,0,1.46,1.46,1.46,2.6,5.6,0.2,0,0,0,0,0.4,0.4,0,1.4,0.3,1.7,13
15461,Dee,Eskridge,Dee Eskridge,/football/player/dee-eskridge-15461,"&nbsp;<span class=""red upper bold sm-text"">que</span>",&#9881;,open,,i,,WR,,WR,MIA,NO,-274,42,-6,24,0,0,3000,3000,0,1.18,1.18,1.18,0.9,4.2,0,0,0,0,0,0.4,0.3,0,0.2,0.6,0.8,13
17802,Will,Shipley,Will Shipley,/football/player/will-shipley-17802,,&#9881;,open,,i,,RB,,RB,PHI,CHI,-330,44.5,-7,25.75,0.02,0,4000,4000,0,1.73,1.73,1.73,1.1,4.2,0,0,0,0,0,0.4,0.4,0,1,0.6,1.6,13
13565,Lil'Jordan,Humphrey,Lil'Jordan Humphrey,/football/player/liljordan-humphrey-13565,,&#9881;,open,,i,,WR,,WR,DEN,WAS,-330,43.5,-6.5,25,0.01,0,3000,3000,0,1.18,1.18,1.18,2.4,8.3,0,0,0,0,0,0.4,0.2,0,0,0.6,0.6,13
16939,Derius,Davis,Derius Davis,/football/player/derius-davis-16939,,&#9881;,open,,i,,WR,,WR,LAC,LV,-597,41,-9.5,25.25,0.01,0,3000,3000,0,0.96,0.96,0.96,0.1,1,0,0,0,0,0,0.3,0.2,0,0.6,0.1,0.7,13
12858,Ian,Thomas,Ian Thomas,/football/player/ian-thomas-12858,,&#9881;,open,,i,,TE,,TE,LV,LAC,422,41,9.5,15.75,0.26,0,2500,2500,0,0.8,0.8,0.8,1.9,6.1,0,0,0,0,0,0.3,0.2,0,0,0.5,0.5,13
19126,Kyle,Williams,Kyle Williams,/football/player/kyle-williams-19126,,&#9881;,open,,i,,WR,,WR,NE,NYG,-422,46.5,-7.5,27,0.04,0,3000,3000,0,0.84,0.84,0.84,1.7,10.1,0,0,0,0,0,0.3,0.2,0,0,0.5,0.5,13
18538,Jackson,Hawes,Jackson Hawes,/football/player/jackson-hawes-18538,,&#9881;,open,,i,,TE,,TE,BUF,PIT,-199,47.5,-3.5,25.5,0.28,0,2500,2500,0,0.85,0.85,0.85,3.2,8,0,0,0,0,0,0.3,0.2,0,0,0.4,0.4,13
9260,Brandin,Cooks,Brandin Cooks,/football/player/brandin-cooks-9260,,&#9881;,open,,i,,WR,,WR,BUF,PIT,-199,47.5,-3.5,25.5,0.07,0,3400,3400,0,1.19,1.19,1.19,3.3,5.4,0.7,0,0,0,0,0.3,0.2,0,0,0.6,0.6,13
11847,Kendrick,Bourne,Kendrick Bourne,/football/player/kendrick-bourne-11847,,&#9881;,open,,i,,WR,,WR,SF,CLE,-247,36.5,-5,20.75,0.02,0,3800,3800,0,1.26,1.26,1.26,7.8,21.9,0,0,0,0,0,0.3,0.2,0,0,0.6,0.6,13
12196,Mo,Alie-Cox,Mo Alie-Cox,/football/player/mo-alie-cox-12196,,&#9881;,open,,i,,TE,,TE,IND,HOU,-219,44.5,-4.5,24.5,0.08,0,2500,2500,0,0.8,0.8,0.8,0.8,2.2,0,0,0,0,0,0.3,0.2,0,0,0.5,0.5,13
13806,Alec,Ingold,Alec Ingold,/football/player/alec-ingold-13806,,&#9881;,open,,i,,RB,,RB,MIA,NO,-274,42,-6,24,1.03,0,4000,4000,0,1.27,1.27,1.27,0.8,2.9,0,0,0,0,0,0.3,0.2,0,0.4,0.6,1,13
18515,Kaleb,Johnson,Kaleb Johnson,/football/player/kaleb-johnson-18515,,&#9881;,open,,i,,RB,,RB,PIT,BUF,163,47.5,3.5,22,0.01,0,4000,4000,0,1.19,1.19,1.19,1.3,2.3,0.2,0,0,0,0,0.3,0.4,0,1.5,0.2,1.6,13
17130,Blake,Whiteheart,Blake Whiteheart,/football/player/blake-whiteheart-17130,,&#9881;,open,,i,,TE,,TE,CLE,SF,202,36.5,5,15.75,0.01,0,2500,2500,0,0.78,0.78,0.78,0.2,1.1,0,0,0,0,0,0.3,0.2,0,0,0.5,0.5,13
17045,Xavier,Gipson,Xavier Gipson,/football/player/xavier-gipson-17045,"&nbsp;<span class=""red upper bold sm-text"">que</span>",&#9881;,open,,i,,WR,,WR,PHI,CHI,-330,44.5,-7,25.75,0,0,3000,3000,0,0.99,0.99,0.99,0.3,1.1,0,0,0,0,0,0.3,0.1,0,0,0.4,0.4,13
17330,Brycen,Tremayne,Brycen Tremayne,/football/player/brycen-tremayne-17330,,&#9881;,open,,i,,WR,,WR,CAR,LAR,488,45,10.5,17.25,0.01,0,3000,3000,0,0.76,0.76,0.76,2.5,6.6,0,0,0,0,0,0.3,0.2,0,0,0.5,0.5,13
18650,KeAndre,Lambert-Smith,KeAndre Lambert-Smith,/football/player/keandre-lambert-smith-18650,,&#9881;,open,,i,,WR,,WR,LAC,LV,-597,41,-9.5,25.25,0,0,3000,3000,0,0.86,0.86,0.86,0.2,0.9,0,0,0,0,0,0.3,0.2,0,0,0.5,0.5,13
17792,Ray,Davis,Ray Davis,/football/player/ray-davis-17792,,&#9881;,open,,i,,RB,,RB,BUF,PIT,-199,47.5,-3.5,25.5,0.01,0,4000,4000,0,1.06,1.06,1.06,2.1,7.7,0,0,0,0,0,0.3,0.4,0,1.5,0.2,1.7,13
12316,Johnny,Mundt,Johnny Mundt,/football/player/johnny-mundt-12316,,&#9881;,open,,i,,TE,,TE,JAX,TEN,-314,41.5,-6.5,24,0.09,0,2500,2500,0,0.84,0.84,0.84,1.8,3.9,0.1,0,0,0,0,0.3,0.2,0,0,0.5,0.5,13
14495,Cody,White,Cody White,/football/player/cody-white-14495,,&#9881;,open,,i,,WR,,WR,SEA,MIN,-737,41.5,-11.5,26.5,0.04,0,3000,3000,0,0.9,0.9,0.9,3.3,11.4,0,0,0,0,0,0.3,0.2,0,0,0.5,0.5,13
8930,Kyle,Juszczyk,Kyle Juszczyk,/football/player/kyle-juszczyk-8930,,&#9881;,open,,i,,RB,,RB,SF,CLE,-247,36.5,-5,20.75,1.03,0,4000,4000,0,1.37,1.37,1.37,3.1,6.2,0.4,0,0,0,0,0.3,0.2,0,0.2,0.6,0.9,13
14608,Charlie,Woerner,Charlie Woerner,/football/player/charlie-woerner-14608,,&#9881;,open,,i,,TE,,TE,ATL,NYJ,-144,39.5,-2.5,21,0.08,0,2500,2500,0,0.76,0.76,0.76,0.8,4,0,0,0,0,0,0.3,0.2,0,0,0.4,0.4,13
16039,Grant,Calcaterra,Grant Calcaterra,/football/player/grant-calcaterra-16039,,&#9881;,open,,i,,TE,,TE,PHI,CHI,-330,44.5,-7,25.75,0.12,0,2500,2500,0,0.68,0.68,0.68,1.2,3.2,0,0,0,0,0,0.3,0.1,0,0,0.4,0.4,13
12809,Tyler,Conklin,Tyler Conklin,/football/player/tyler-conklin-12809,,&#9881;,open,,i,,TE,,TE,LAC,LV,-597,41,-9.5,25.25,0.01,0,2600,2600,0,0.79,0.79,0.79,0.9,3.8,0,0,0,0,0,0.3,0.2,0,0,0.4,0.4,13
17800,Jaylen,Wright,Jaylen Wright,/football/player/jaylen-wright-17800,,&#9881;,open,,i,,RB,,RB,MIA,NO,-274,42,-6,24,0,0,4000,4000,0,1.1,1.1,1.1,1.5,3.5,0,0,0,0,0,0.3,0.4,0,1.7,0.1,1.8,13
14318,Gunner,Olszewski,Gunner Olszewski,/football/player/gunner-olszewski-14318,,&#9881;,open,,i,,WR,,WR,NYG,NE,323,46.5,7.5,19.5,0.01,0,3000,3000,0,0.65,0.65,0.65,1.3,6.9,0,0,0,0,0,0.2,0.1,0,0.1,0.3,0.4,13
16720,Payne,Durham,Payne Durham,/football/player/payne-durham-16720,,&#9881;,open,,i,,TE,,TE,TB,ARI,-165,44.5,-3,23.75,0,0,2500,2500,0,0.43,0.43,0.43,0,0,0,0,0,0,0,0.2,0.1,0,0,0.2,0.2,13
14636,Devin,Duvernay,Devin Duvernay,/football/player/devin-duvernay-14636,,&#9881;,open,,i,,WR,,WR,CHI,PHI,263,44.5,7,18.75,0,0,3000,3000,0,0.54,0.54,0.54,0.1,0.9,0,0,0,0,0,0.2,0.1,0,0.1,0.1,0.2,13
15274,Dyami,Brown,Dyami Brown,/football/player/dyami-brown-15274,,&#9881;,open,,i,,WR,,WR,JAX,TEN,-314,41.5,-6.5,24,0.02,0,3000,3000,0,0.54,0.54,0.54,4.5,13.8,0,0,0,0,0,0.2,0.1,0,0,0.3,0.3,13
18506,Trevor,Etienne,Trevor Etienne,/football/player/trevor-etienne-18506,,&#9881;,open,,i,,RB,,RB,CAR,LAR,488,45,10.5,17.25,0,0,4000,4000,0,0.59,0.59,0.59,1,3.2,0,0,0,0,0,0.2,0.2,0,0.7,0.1,0.8,13
11768,Dare,Ogunbowale,Dare Ogunbowale,/football/player/dare-ogunbowale-11768,,&#9881;,open,,i,,RB,,RB,HOU,IND,181,44.5,4.5,20,0,0,4000,4000,0,0.8,0.8,0.8,0.6,2.1,0,0,0,0,0,0.2,0.2,0,0.6,0.3,0.9,13
11191,Robbie,Chosen,Robbie Chosen,/football/player/robbie-chosen-11191,,&#9881;,open,,i,,WR,,WR,WAS,DEN,262,43.5,6.5,18.5,0.02,0,3000,3000,0,0.47,0.47,0.47,3.4,7.4,0,0,0,0,0,0.2,0.1,0,0,0.3,0.3,13
11599,C.J.,Ham,C.J. Ham,/football/player/cj-ham-11599,,&#9881;,open,,i,,RB,,RB,MIN,SEA,501,41.5,11.5,15,1.03,0,4000,4000,0,0.67,0.67,0.67,0.3,1.2,0,0,0,0,0,0.2,0.1,0,0.1,0.4,0.5,13
12773,Cedrick,Wilson,Cedrick Wilson,/football/player/cedrick-wilson-12773,,&#9881;,open,,i,,WR,,WR,MIA,NO,-274,42,-6,24,0.01,0,3000,3000,0,0.65,0.65,0.65,0.7,1.6,0,0,0,0,0,0.2,0.1,0,0,0.3,0.4,13
17833,Ben,Sinnott,Ben Sinnott,/football/player/ben-sinnott-17833,"&nbsp;<span class=""red upper bold sm-text"">que</span>",&#9881;,open,,i,,TE,,TE,WAS,DEN,262,43.5,6.5,18.5,0.06,0,2500,2500,0,0.59,0.59,0.59,1.4,5.7,0,0,0,0,0,0.2,0.1,0,0,0.3,0.3,13
18368,Terrell,Jennings,Terrell Jennings,/football/player/terrell-jennings-18368,,&#9881;,open,,i,,RB,,RB,NE,NYG,-422,46.5,-7.5,27,0.01,0,4100,4100,0,0.81,0.81,0.81,2.5,9.2,0,0,0,0,0,0.2,0.2,0,0.9,0.1,1,13
15921,Julius,Chestnut,Julius Chestnut,/football/player/julius-chestnut-15921,,&#9881;,open,,i,,RB,,RB,TEN,JAX,249,41.5,6.5,17.5,0,0,4000,4000,0,0.7,0.7,0.7,0.4,1.9,0,0,0,0,0,0.2,0.2,0,0.7,0.2,0.9,13
16005,Skyy,Moore,Skyy Moore,/football/player/skyy-moore-16005,,&#9881;,open,,i,,WR,,WR,SF,CLE,-247,36.5,-5,20.75,0,0,3000,3000,0,0.45,0.45,0.45,1,2.7,0,0,0,0,0,0.2,0.1,0,0.1,0.3,0.3,13
13987,Scotty,Miller,Scotty Miller,/football/player/scotty-miller-13987,,&#9881;,open,,i,,WR,,WR,PIT,BUF,163,47.5,3.5,22,0,0,3000,3000,0,0.55,0.55,0.55,0.3,1.4,0,0,0,0,0,0.2,0.1,0,0,0.3,0.3,13
14432,Tyler,Johnson,Tyler Johnson,/football/player/tyler-johnson-14432,,&#9881;,open,,i,,WR,,WR,NYJ,ATL,121,39.5,2.5,18.5,0,0,3000,3000,0,0.54,0.54,0.54,3.7,12.5,0,0,0,0,0,0.2,0.1,0,0,0.3,0.3,13
17467,Xavier,Smith,Xavier Smith,/football/player/xavier-smith-17467,"&nbsp;<span class=""red upper bold sm-text"">que</span>",&#9881;,open,,i,,WR,,WR,LAR,CAR,-709,45,-10.5,27.75,0.02,0,3000,3000,0,0.64,0.64,0.64,1.2,3.1,0,0,0,0,0,0.2,0.2,0,0.2,0.3,0.5,13
12807,Durham,Smythe,Durham Smythe,/football/player/durham-smythe-12807,,&#9881;,open,,i,,TE,,TE,CHI,PHI,263,44.5,7,18.75,0,0,2500,2500,0,0.38,0.38,0.38,0.3,1.4,0,0,0,0,0,0.2,0.1,0,0,0.2,0.2,13
18044,Casey,Washington,Casey Washington,/football/player/casey-washington-18044,,&#9881;,open,,i,,WR,,WR,ATL,NYJ,-144,39.5,-2.5,21,0.02,0,3000,3000,0,0.5,0.5,0.5,1.5,3.4,0,0,0,0,0,0.2,0.1,0,0,0.3,0.3,13
13418,KhaDarel,Hodge,KhaDarel Hodge,/football/player/khadarel-hodge-13418,,&#9881;,open,,i,,WR,,WR,ATL,NYJ,-144,39.5,-2.5,21,0.02,0,3000,3000,0,0.5,0.5,0.5,0.7,4.4,0,0,0,0,0,0.2,0.1,0,0,0.3,0.3,13
15663,Austin,Trammell,Austin Trammell,/football/player/austin-trammell-15663,,&#9881;,open,,i,,WR,,WR,JAX,TEN,-314,41.5,-6.5,24,0.04,0,3000,3000,0,0.55,0.55,0.55,1.9,4.9,0,0,0,0,0,0.2,0.1,0,0,0.3,0.3,13
16714,Jalin,Hyatt,Jalin Hyatt,/football/player/jalin-hyatt-16714,,&#9881;,open,,i,,WR,,WR,NYG,NE,323,46.5,7.5,19.5,0.01,0,3000,3000,0,0.45,0.45,0.45,1.2,4,0,0,0,0,0,0.2,0.1,0,0,0.3,0.3,13
10994,Chris,Moore,Chris Moore,/football/player/chris-moore-10994,,&#9881;,open,,i,,WR,,WR,WAS,DEN,262,43.5,6.5,18.5,0.06,0,3000,3000,0,0.57,0.57,0.57,3.5,10.9,0,0,0,0,0,0.2,0.1,0,0,0.3,0.3,13
14415,James,Proche,James Proche,/football/player/james-proche-14415,,&#9881;,open,,i,,WR,,WR,TEN,JAX,249,41.5,6.5,17.5,0.02,0,3000,3000,0,0.52,0.52,0.52,2.4,6.9,0,0,0,0,0,0.2,0.1,0,0.1,0.3,0.4,13
16970,Eric,Gray,Eric Gray,/football/player/eric-gray-16970,,&#9881;,open,,i,,RB,,RB,NYG,NE,323,46.5,7.5,19.5,0,0,4000,4000,0,0.71,0.71,0.71,0,0,0,0,0,0,0,0.2,0,0,0,0,0,13
16277,Drew,Ogletree,Drew Ogletree,/football/player/drew-ogletree-16277,,&#9881;,open,,i,,TE,,TE,IND,HOU,-219,44.5,-4.5,24.5,0.01,0,2500,2500,0,0.54,0.54,0.54,0.9,6.2,0,0,0,0,0,0.2,0.1,0,0,0.3,0.3,13
17947,Isaac,Guerendo,Isaac Guerendo,/football/player/isaac-guerendo-17947,,&#9881;,open,,i,,RB,,RB,SF,CLE,-247,36.5,-5,20.75,0,0,4000,4000,0,0.31,0.31,0.31,0,0,0,0,0,0,0,0.1,0.1,0,0.4,0,0.4,13
17818,Dylan,Laube,Dylan Laube,/football/player/dylan-laube-17818,,&#9881;,open,,i,,RB,,RB,LV,LAC,422,41,9.5,15.75,0,0,4000,4000,0,0.18,0.18,0.18,0.5,2.7,0,0,0,0,0,0.1,0.1,0,0.2,0,0.2,13
17965,Devin,Culp,Devin Culp,/football/player/devin-culp-17965,,&#9881;,open,,i,,TE,,TE,TB,ARI,-165,44.5,-3,23.75,0,0,2500,2500,0,0.12,0.12,0.12,0,0,0,0,0,0,0,0.1,0,0,0,0.1,0.1,13
17040,Jake,Bobo,Jake Bobo,/football/player/jake-bobo-17040,,&#9881;,open,,i,,WR,,WR,SEA,MIN,-737,41.5,-11.5,26.5,0.01,0,3000,3000,0,0.29,0.29,0.29,0.6,2.2,0,0,0,0,0,0.1,0.1,0,0,0.2,0.2,13
17978,Tahj,Washington,Tahj Washington,/football/player/tahj-washington-17978,,&#9881;,open,,i,,WR,,WR,MIA,NO,-274,42,-6,24,0,0,3000,3000,0,0.26,0.26,0.26,0.3,1,0,0,0,0,0,0.1,0,0,0,0.1,0.1,13
17971,Anthony,Gould,Anthony Gould,/football/player/anthony-gould-17971,,&#9881;,open,,i,,WR,,WR,IND,HOU,-219,44.5,-4.5,24.5,0,0,3000,3000,0,0.18,0.18,0.18,0.2,1,0,0,0,0,0,0.1,0,0,0,0.1,0.1,13
18958,Darius,Cooper,Darius Cooper,/football/player/darius-cooper-18958,,&#9881;,open,,i,,WR,,WR,PHI,CHI,-330,44.5,-7,25.75,0,0,3000,3000,0,0.27,0.27,0.27,0.5,2.1,0,0,0,0,0,0.1,0,0,0,0.1,0.1,13
18443,DJ,Giddens,DJ Giddens,/football/player/dj-giddens-18443,,&#9881;,open,,i,,RB,,RB,IND,HOU,-219,44.5,-4.5,24.5,0,0,4000,4000,0,0.22,0.22,0.22,0.4,1.8,0,0,0,0,0,0.1,0.1,0,0.3,0,0.3,13
12986,Will,Dissly,Will Dissly,/football/player/will-dissly-12986,,&#9881;,open,,i,,TE,,TE,LAC,LV,-597,41,-9.5,25.25,0,0,2500,2500,0,0.21,0.21,0.21,1.8,3.8,0,0,0,0,0,0.1,0,0,0,0.1,0.1,13
18889,Efton,Chism,Efton Chism,/football/player/efton-chism-18889,,&#9881;,open,,i,,WR,,WR,NE,NYG,-422,46.5,-7.5,27,0,0,3000,3000,0,0.23,0.23,0.23,0,0,0,0,0,0,0,0.1,0,0,0,0.1,0.1,13
13749,Hunter,Renfrow,Hunter Renfrow,/football/player/hunter-renfrow-13749,,&#9881;,open,,i,,WR,,WR,CAR,LAR,488,45,10.5,17.25,0,0,3000,3000,0,0.15,0.15,0.15,6.6,20,0,0,0,0,0,0.1,0,0,0,0.1,0.1,13
18307,Kameron,Johnson,Kameron Johnson,/football/player/kameron-johnson-18307,,&#9881;,open,,i,,WR,,WR,TB,ARI,-165,44.5,-3,23.75,0,0,3000,3000,0,0.18,0.18,0.18,1.8,11.7,0,0,0,0,0,0.1,0,0,0,0.1,0.1,13
12205,Jamal,Agnew,Jamal Agnew,/football/player/jamal-agnew-12205,,&#9881;,open,,i,,WR,,WR,ATL,NYJ,-144,39.5,-2.5,21,0.01,0,3000,3000,0,0.18,0.18,0.18,0,0,0,0,0,0,0,0.1,0,0,0,0.1,0.1,13
13911,Alex,Bachman,Alex Bachman,/football/player/alex-bachman-13911,,&#9881;,open,,i,,WR,,WR,LV,LAC,422,41,9.5,15.75,0,0,3000,3000,0,0.28,0.28,0.28,0.2,1.4,0,0,0,0,0,0.1,0.1,0,0,0.2,0.2,13
15510,Jack,Stoll,Jack Stoll,/football/player/jack-stoll-15510,,&#9881;,open,,i,,TE,,TE,NO,MIA,222,42,6,18,0,0,2500,2500,0,0.17,0.17,0.17,1.5,7.5,0,0,0,0,0,0.1,0,0,0,0.1,0.1,13
15990,Tyler,Goodson,Tyler Goodson,/football/player/tyler-goodson-15990,,&#9881;,open,,i,,RB,,RB,IND,HOU,-219,44.5,-4.5,24.5,0,0,4000,4000,0,0.41,0.41,0.41,0.7,1.6,0,0,0,0,0,0.1,0.1,0,0.4,0.1,0.5,13
16627,Tucker,Fisk,Tucker Fisk,/football/player/tucker-fisk-16627,,&#9881;,open,,i,,TE,,TE,LAC,LV,-597,41,-9.5,25.25,0,0,2500,2500,0,0.32,0.32,0.32,0.4,1.8,0,0,0,0,0,0.1,0.1,0,0,0.2,0.2,13
15916,Connor,Heyward,Connor Heyward,/football/player/connor-heyward-15916,,&#9881;,open,,i,,TE,,TE,PIT,BUF,163,47.5,3.5,22,0.09,0,2500,2500,0,0.14,0.14,0.14,1.1,5.9,0,0,0,0,0,0.1,0,0,0,0.1,0.1,13
10033,Chris,Manhertz,Chris Manhertz,/football/player/chris-manhertz-10033,,&#9881;,open,,i,,TE,,TE,NYG,NE,323,46.5,7.5,19.5,0,0,2500,2500,0,0.28,0.28,0.28,0.2,1.2,0,0,0,0,0,0.1,0.1,0,0,0.2,0.2,13
18523,Jarquez,Hunter,Jarquez Hunter,/football/player/jarquez-hunter-18523,,&#9881;,open,,i,,RB,,RB,LAR,CAR,-709,45,-10.5,27.75,0,0,4000,4000,0,0.28,0.28,0.28,0,0,0,0,0,0,0,0.1,0.1,0,0.3,0,0.3,13
17271,Ryan,Miller,Ryan Miller,/football/player/ryan-miller-17271,,&#9881;,open,,i,,WR,,WR,TB,ARI,-165,44.5,-3,23.75,0,0,3000,3000,0,0.36,0.36,0.36,1.1,6.5,0,0,0,0,0,0.1,0.1,0,0,0.2,0.2,13
15467,Ben,Skowronek,Ben Skowronek,/football/player/ben-skowronek-15467,,&#9881;,open,,i,,WR,,WR,PIT,BUF,163,47.5,3.5,22,0,0,3000,3000,0,0.31,0.31,0.31,0.5,2.4,0,0,0,0,0,0.1,0.1,0,0,0.2,0.2,13
16418,Jake,Tonges,Jake Tonges,/football/player/jake-tonges-16418,,&#9881;,open,,i,,TE,,TE,SF,CLE,-247,36.5,-5,20.75,0.05,0,2500,2500,0,0.35,0.35,0.35,5.7,14.6,0,0,0,0,0,0.1,0.1,0,0,0.2,0.2,13
18647,Jordan,Watkins,Jordan Watkins,/football/player/jordan-watkins-18647,,&#9881;,open,,i,,WR,,WR,SF,CLE,-247,36.5,-5,20.75,0.01,0,3000,3000,0,0.24,0.24,0.24,1.5,3,0,0,0,0,0,0.1,0.1,0,0,0.1,0.2,13
15245,Kylen,Granson,Kylen Granson,/football/player/kylen-granson-15245,,&#9881;,open,,i,,TE,,TE,PHI,CHI,-330,44.5,-7,25.75,0.06,0,2500,2500,0,0.36,0.36,0.36,0.3,1.2,0,0,0,0,0,0.1,0.1,0,0,0.2,0.2,13
14629,Josiah,Deguara,Josiah Deguara,/football/player/josiah-deguara-14629,,&#9881;,open,,i,,TE,,TE,ARI,TB,138,44.5,3,20.75,0,0,2500,2500,0,0.13,0.13,0.13,0.3,1.3,0,0,0,0,0,0.1,0,0,0,0.1,0.1,13
16321,Stone,Smartt,Stone Smartt,/football/player/stone-smartt-16321,,&#9881;,open,,i,,TE,,TE,NYJ,ATL,121,39.5,2.5,18.5,0,0,2500,2500,0,0.26,0.26,0.26,0,0,0,0,0,0,0,0.1,0.1,0,0,0.1,0.1,13
12616,Calvin,Ridley,Calvin Ridley,/football/player/calvin-ridley-12616,"&nbsp;<span class=""red upper bold sm-text"">IR</span>",&#9881;,open,,i,,WR,,WR,TEN,JAX,249,41.5,6.5,17.5,0,0,3000,3000,0,0,0,0,7.3,17.8,1.2,0,0,0,0,0,0,0,0,0,0,13
11222,Tyreek,Hill,Tyreek Hill,/football/player/tyreek-hill-11222,"&nbsp;<span class=""red upper bold sm-text"">IR</span>",&#9881;,open,,i,,WR,,WR,MIA,NO,-274,42,-6,24,0,0,3000,3000,0,0,0,0,16.2,19.8,12.6,0,0,0,0,0,0,0,0,0,0,13
9253,Mike,Evans,Mike Evans,/football/player/mike-evans-9253,"&nbsp;<span class=""red upper bold sm-text"">IR</span>",&#9881;,open,,i,,WR,,WR,TB,ARI,-165,44.5,-3,23.75,0,0,3000,3000,0,0,0,0,8,14.2,0.5,0,0,0,0,0,0,0,0,0,0,13
15402,Mac,Jones,Mac Jones,/football/player/mac-jones-15402,,&#9881;,open,,i,,QB,,QB,SF,CLE,-247,36.5,-5,20.75,0,0,5000,5000,0,0,0,0,16.4,26.1,3.6,0,0,0,0,0,0,0,0,0,0,13
18485,Jordan,James,Jordan James,/football/player/jordan-james-18485,,&#9881;,open,,i,,RB,,RB,SF,CLE,-247,36.5,-5,20.75,0,0,4000,4000,0,0.09,0.09,0.09,0,0,0,0,0,0,0,0,0,0,0.1,0,0.1,13
18505,Quinn,Ewers,Quinn Ewers,/football/player/quinn-ewers-18505,,&#9881;,open,,i,,QB,,QB,MIA,NO,-274,42,-6,24,0,0,4000,4000,0,0,0,0,2.1,2.1,2.1,0,0,0,0,0,0,0,0,0,0,13
11673,Zach,Wood,Zach Wood,/football/player/zach-wood-11673,,&#9881;,open,,i,,TE,,TE,NO,MIA,222,42,6,18,0,0,2500,2500,0,0,0,0,0,0,0,0,0,0,0,0,0,0,0,0,0,13
17167,Ben,VanSumeren,Ben VanSumeren,/football/player/ben-vansumeren-17167,"&nbsp;<span class=""red upper bold sm-text"">IR</span>",&#9881;,open,,i,,RB,,RB,PHI,CHI,-330,44.5,-7,25.75,0,0,4000,4000,0,0,0,0,0,0,0,0,0,0,0,0,0,0,0,0,0,13
15744,Adam,Prentice,Adam Prentice,/football/player/adam-prentice-15744,,&#9881;,open,,i,,RB,,RB,DEN,WAS,-330,43.5,-6.5,25,0,0,4000,4000,0,0,0,0,0.6,2,0,0,0,0,0,0,0,0,0,0,0,13
10856,Carson,Wentz,Carson Wentz,/football/player/carson-wentz-10856,"&nbsp;<span class=""red upper bold sm-text"">IR</span>",&#9881;,open,,i,,QB,,QB,MIN,SEA,501,41.5,11.5,15,0,0,4000,4000,0,0,0,0,16.3,24.4,9.4,0,0,0,0,0,0,0,0,0,0,13
9245,Teddy,Bridgewater,Teddy Bridgewater,/football/player/teddy-bridgewater-9245,,&#9881;,open,,i,,QB,,QB,TB,ARI,-165,44.5,-3,23.75,0,0,4400,4400,0,0,0,0,0.7,2.7,0,0,0,0,0,0,0,0,0,0,0,13
18513,Riley,Leonard,Riley Leonard,/football/player/riley-leonard-18513,,&#9881;,open,,i,,QB,,QB,IND,HOU,-219,44.5,-4.5,24.5,0,0,4000,4000,0,0,0,0,0.1,0.1,0.1,0,0,0,0,0,0,0,0,0,0,13
17919,Josh,Williams,Josh Williams,/football/player/josh-williams-17919,"&nbsp;<span class=""red upper bold sm-text"">Res</span>",&#9881;,open,,i,,RB,,RB,TB,ARI,-165,44.5,-3,23.75,0,0,4000,4000,0,0,0,0,0.4,1.1,0,0,0,0,0,0,0,0,0,0,0,13
18565,Kurtis,Rourke,Kurtis Rourke,/football/player/kurtis-rourke-18565,"&nbsp;<span class=""red upper bold sm-text"">NFI</span>",&#9881;,open,,i,,QB,,QB,SF,CLE,-247,36.5,-5,20.75,0,0,4000,4000,0,0,0,0,0,0,0,0,0,0,0,0,0,0,0,0,0,13
16767,Scott,Matlock,Scott Matlock,/football/player/scott-matlock-16767,,&#9881;,open,,i,,RB,,RB,LAC,LV,-597,41,-9.5,25.25,1.03,0,4000,4000,0,0.07,0.07,0.07,0.9,5.3,0,0,0,0,0,0,0,0,0,0,0,13
18526,Raheim,Sanders,Raheim Sanders,/football/player/raheim-sanders-18526,,&#9881;,open,,i,,RB,,RB,CLE,SF,202,36.5,5,15.75,0,0,4000,4000,0,0.02,0.02,0.02,0,0,0,0,0,0,0,0,0,0,0,0,0,13
12746,Justin,Watson,Justin Watson,/football/player/justin-watson-12746,"&nbsp;<span class=""red upper bold sm-text"">IR</span>",&#9881;,open,,i,,WR,,WR,HOU,IND,181,44.5,4.5,20,0,0,3000,3000,0,0,0,0,1.3,1.3,1.3,0,0,0,0,0,0,0,0,0,0,13
18160,Colson,Yankoff,Colson Yankoff,/football/player/colson-yankoff-18160,,&#9881;,open,,i,,TE,,TE,WAS,DEN,262,43.5,6.5,18.5,0,0,2500,2500,0,0,0,0,0.2,1,0,0,0,0,0,0,0,0,0,0,0,13
19211,Jaden,Smith,Jaden Smith,/football/player/jaden-smith-19211,"&nbsp;<span class=""red upper bold sm-text"">IR</span>",&#9881;,open,,i,,WR,,WR,TB,ARI,-165,44.5,-3,23.75,0,0,3000,3000,0,0,0,0,0,0,0,0,0,0,0,0,0,0,0,0,0,13
18223,Emory,Jones,Emory Jones,/football/player/emory-jones-18223,"&nbsp;<span class=""red upper bold sm-text"">IR</span>",&#9881;,open,,i,,QB,,QB,ATL,NYJ,-144,39.5,-2.5,21,0,0,4000,4000,0,0,0,0,0,0,0,0,0,0,0,0,0,0,0,0,0,13
11712,Deshaun,Watson,Deshaun Watson,/football/player/deshaun-watson-11712,"&nbsp;<span class=""red upper bold sm-text"">PUP</span>",&#9881;,open,,i,,QB,,QB,CLE,SF,202,36.5,5,15.75,0,0,4000,4000,0,0,0,0,0,0,0,0,0,0,0,0,0,0,0,0,0,13
17011,Johnny,Wilson,Johnny Wilson,/football/player/johnny-wilson-17011,"&nbsp;<span class=""red upper bold sm-text"">IR</span>",&#9881;,open,,i,,WR,,WR,PHI,CHI,-330,44.5,-7,25.75,0,0,3000,3000,0,0,0,0,0,0,0,0,0,0,0,0,0,0,0,0,0,13
17702,Braelon,Allen,Braelon Allen,/football/player/braelon-allen-17702,"&nbsp;<span class=""red upper bold sm-text"">IR</span>",&#9881;,open,,i,,RB,,RB,NYJ,ATL,121,39.5,2.5,18.5,0,0,4000,4000,0,0,0,0,3.1,6.5,0.6,0,0,0,0,0,0,0,0,0,0,13
13613,Kyler,Murray,Kyler Murray,/football/player/kyler-murray-13613,"&nbsp;<span class=""red upper bold sm-text"">IR</span>",&#9881;,open,,i,,QB,,QB,ARI,TB,138,44.5,3,20.75,0,0,4000,4000,0,0,0,0,15.9,17.9,14.1,0,0,0,0,0,0,0,0,0,0,13
18938,Jahdae,Walker,Jahdae Walker,/football/player/jahdae-walker-18938,,&#9881;,open,,i,,WR,,WR,CHI,PHI,263,44.5,7,18.75,0,0,3000,3000,0,0,0,0,0,0,0,0,0,0,0,0,0,0,0,0,0,13
8043,Russell,Wilson,Russell Wilson,/football/player/russell-wilson-8043,,&#9881;,open,,i,,QB,,QB,NYG,NE,323,46.5,7.5,19.5,0,0,4000,4000,0,0,0,0,8.9,28.9,0,0,0,0,0,0,0,0,0,0,0,13
13532,Mecole,Hardman,Mecole Hardman,/football/player/mecole-hardman-13532,"&nbsp;<span class=""red upper bold sm-text"">IR</span>",&#9881;,open,,i,,WR,,WR,BUF,PIT,-199,47.5,-3.5,25.5,0,0,3000,3000,0,0,0,0,-1,0,0,0,0,0,0,0,0,0,0,0,0,13
18328,Mason,Pline,Mason Pline,/football/player/mason-pline-18328,"&nbsp;<span class=""red upper bold sm-text"">IR</span>",&#9881;,open,,i,,TE,,TE,NO,MIA,222,42,6,18,0,0,2500,2500,0,0,0,0,0,0,0,0,0,0,0,0,0,0,0,0,0,13
17008,Jacob,Cowing,Jacob Cowing,/football/player/jacob-cowing-17008,"&nbsp;<span class=""red upper bold sm-text"">IR</span>",&#9881;,open,,i,,WR,,WR,SF,CLE,-247,36.5,-5,20.75,0,0,3000,3000,0,0,0,0,0,0,0,0,0,0,0,0,0,0,0,0,0,13
17829,Cody,Schrader,Cody Schrader,/football/player/cody-schrader-17829,,&#9881;,open,,i,,RB,,RB,JAX,TEN,-314,41.5,-6.5,24,0,0,4000,4000,0,0.11,0.11,0.11,0,0,0,0,0,0,0,0,0,0,0.1,0,0.1,13
18622,Jalin,Conyers,Jalin Conyers,/football/player/jalin-conyers-18622,"&nbsp;<span class=""red upper bold sm-text"">IR</span>",&#9881;,open,,i,,TE,,TE,MIA,NO,-274,42,-6,24,0,0,2500,2500,0,0,0,0,0,0,0,0,0,0,0,0,0,0,0,0,0,13
19010,Deion,Hankins,Deion Hankins,/football/player/deion-hankins-19010,"&nbsp;<span class=""red upper bold sm-text"">IR</span>",&#9881;,open,,i,,RB,,RB,CHI,PHI,263,44.5,7,18.75,0,0,4000,4000,0,0,0,0,0,0,0,0,0,0,0,0,0,0,0,0,0,13
14573,Patrick,Taylor,Patrick Taylor,/football/player/patrick-taylor-14573,"&nbsp;<span class=""red upper bold sm-text"">IR</span>",&#9881;,open,,i,,RB,,RB,SF,CLE,-247,36.5,-5,20.75,0,0,4000,4000,0,0,0,0,0,0,0,0,0,0,0,0,0,0,0,0,0,13
11732,Alvin,Kamara,Alvin Kamara,/football/player/alvin-kamara-11732,"&nbsp;<span class=""red upper bold sm-text"">que</span>",&#9881;,open,,i,,RB,,RB,NO,MIA,222,42,6,18,0,0,5500,5500,0,0,0,0,8.9,15.4,2.8,0,0,0,0,0,0,0,0,0,0,13
10882,Brandon,Allen,Brandon Allen,/football/player/brandon-allen-10882,,&#9881;,open,,i,,QB,,QB,TEN,JAX,249,41.5,6.5,17.5,0,0,4000,4000,0,0,0,0,0,0,0,0,0,0,0,0,0,0,0,0,0,13
13931,Jakob,Johnson,Jakob Johnson,/football/player/jakob-johnson-13931,,&#9881;,open,,i,,TE,,TE,HOU,IND,181,44.5,4.5,20,0,0,2500,2500,0,0,0,0,0,0,0,0,0,0,0,0,0,0,0,0,0,13
18463,Kalel,Mullings,Kalel Mullings,/football/player/kalel-mullings-18463,,&#9881;,open,,i,,RB,,RB,TEN,JAX,249,41.5,6.5,17.5,0,0,4000,4000,0,0,0,0,0,0,0,0,0,0,0,0,0,0,0,0,0,13
18573,Gavin,Bartholomew,Gavin Bartholomew,/football/player/gavin-bartholomew-18573,"&nbsp;<span class=""red upper bold sm-text"">PUP</span>",&#9881;,open,,i,,TE,,TE,MIN,SEA,501,41.5,11.5,15,0,0,2500,2500,0,0,0,0,0,0,0,0,0,0,0,0,0,0,0,0,0,13
18894,Nathan,Carter,Nathan Carter,/football/player/nathan-carter-18894,,&#9881;,open,,i,,RB,,RB,ATL,NYJ,-144,39.5,-2.5,21,0,0,4000,4000,0,0.08,0.08,0.08,1.3,3.3,0,0,0,0,0,0,0,0,0.1,0,0.1,13
14453,Salvon,Ahmed,Salvon Ahmed,/football/player/salvon-ahmed-14453,"&nbsp;<span class=""red upper bold sm-text"">IR</span>",&#9881;,open,,i,,RB,,RB,IND,HOU,-219,44.5,-4.5,24.5,0,0,4000,4000,0,0,0,0,0,0,0,0,0,0,0,0,0,0,0,0,0,13
11849,Noah,Brown,Noah Brown,/football/player/noah-brown-11849,"&nbsp;<span class=""red upper bold sm-text"">IR-</span>",&#9881;,open,,i,,WR,,WR,WAS,DEN,262,43.5,6.5,18.5,0,0,3000,3000,0,0,0,0,1.9,1.9,1.9,0,0,0,0,0,0,0,0,0,0,13
18536,Ben,Yurosek,Ben Yurosek,/football/player/ben-yurosek-18536,,&#9881;,open,,i,,TE,,TE,MIN,SEA,501,41.5,11.5,15,0,0,2500,2500,0,0.09,0.09,0.09,0.2,1.1,0,0,0,0,0,0,0,0,0,0.1,0.1,13
13713,Andrew,Beck,Andrew Beck,/football/player/andrew-beck-13713,,&#9881;,open,,i,,RB,,RB,NYJ,ATL,121,39.5,2.5,18.5,0,0,4000,4000,0,0,0,0,1.3,5.3,0,0,0,0,0,0,0,0,0,0,0,13
18553,Tai,Felton,Tai Felton,/football/player/tai-felton-18553,,&#9881;,open,,i,,WR,,WR,MIN,SEA,501,41.5,11.5,15,0,0,3000,3000,0,0.05,0.05,0.05,0.2,1.4,0,0,0,0,0,0,0,0,0,0,0,13
14639,Antonio,Gibson,Antonio Gibson,/football/player/antonio-gibson-14639,"&nbsp;<span class=""red upper bold sm-text"">IR</span>",&#9881;,open,,i,,RB,,RB,NE,NYG,-422,46.5,-7.5,27,0,0,4000,4000,0,0,0,0,6,9.8,2,0,0,0,0,0,0,0,0,0,0,13
18496,Dillon,Gabriel,Dillon Gabriel,/football/player/dillon-gabriel-18496,,&#9881;,open,,i,,QB,,QB,CLE,SF,202,36.5,5,15.75,0,0,4200,4200,0,0,0,0,9,18,1,0,0,0,0,0,0,0,0,0,0,13
19095,Myles,Price,Myles Price,/football/player/myles-price-19095,,&#9881;,open,,i,,WR,,WR,MIN,SEA,501,41.5,11.5,15,0,0,3000,3000,0,0,0,0,-0.3,0.1,0,0,0,0,0,0,0,0,0,0,0,13
18653,Graham,Mertz,Graham Mertz,/football/player/graham-mertz-18653,,&#9881;,open,,i,,QB,,QB,HOU,IND,181,44.5,4.5,20,0,0,4000,4000,0,0,0,0,0,0,0,0,0,0,0,0,0,0,0,0,0,13
18648,Beaux,Collins,Beaux Collins,/football/player/beaux-collins-18648,"&nbsp;<span class=""red upper bold sm-text"">IR</span>",&#9881;,open,,i,,WR,,WR,NYG,NE,323,46.5,7.5,19.5,0,0,3000,3000,0,0,0,0,0.6,2.2,0,0,0,0,0,0,0,0,0,0,0,13
18644,Da'Quan,Felton,Da'Quan Felton,/football/player/daquan-felton-18644,"&nbsp;<span class=""red upper bold sm-text"">IR</span>",&#9881;,open,,i,,WR,,WR,NYG,NE,323,46.5,7.5,19.5,0,0,3000,3000,0,0,0,0,0,0,0,0,0,0,0,0,0,0,0,0,0,13
18507,Thomas,Fidone,Thomas Fidone,/football/player/thomas-fidone-18507,"&nbsp;<span class=""red upper bold sm-text"">IR</span>",&#9881;,open,,i,,TE,,TE,NYG,NE,323,46.5,7.5,19.5,0,0,2500,2500,0,0,0,0,0,0,0,0,0,0,0,0,0,0,0,0,0,13
15780,Mitchell,Fraboni,Mitchell Fraboni,/football/player/mitchell-fraboni-15780,,&#9881;,open,,i,,TE,,TE,DEN,WAS,-330,43.5,-6.5,25,0,0,2500,2500,0,0,0,0,0,0,0,0,0,0,0,0,0,0,0,0,0,13
18514,Cam,Skattebo,Cam Skattebo,/football/player/cam-skattebo-18514,"&nbsp;<span class=""red upper bold sm-text"">IR</span>",&#9881;,open,,i,,RB,,RB,NYG,NE,323,46.5,7.5,19.5,0,0,4000,4000,0,0,0,0,17.7,28.1,10.1,0,0,0,0,0,0,0,0,0,0,13
12511,Nick,Mullens,Nick Mullens,/football/player/nick-mullens-12511,,&#9881;,open,,i,,QB,,QB,JAX,TEN,-314,41.5,-6.5,24,0,0,4000,4000,0,0,0,0,0,0,0,0,0,0,0,0,0,0,0,0,0,13
18941,Gage,Larvadain,Gage Larvadain,/football/player/gage-larvadain-18941,,&#9881;,open,,i,,WR,,WR,CLE,SF,202,36.5,5,15.75,0,0,3000,3000,0,0,0,0,0.6,3.2,0,0,0,0,0,0,0,0,0,0,0,13
18888,Brock,Lampe,Brock Lampe,/football/player/brock-lampe-18888,"&nbsp;<span class=""red upper bold sm-text"">IR</span>",&#9881;,open,,i,,RB,,RB,NE,NYG,-422,46.5,-7.5,27,0,0,4000,4000,0,0,0,0,0,0,0,0,0,0,0,0,0,0,0,0,0,13
18578,Travis,Hunter,Travis Hunter,/football/player/travis-hunter-18578,"&nbsp;<span class=""red upper bold sm-text"">IR</span>",&#9881;,open,,i,,WR,,WR,JAX,TEN,-314,41.5,-6.5,24,0,0,3000,3000,0,0,0,0,9.6,22.8,1.9,0,0,0,0,0,0,0,0,0,0,13
18477,Jalen,Milroe,Jalen Milroe,/football/player/jalen-milroe-18477,,&#9881;,open,,i,,QB,,QB,SEA,MIN,-737,41.5,-11.5,26.5,0,0,4000,4000,0,0,0,0,-0.4,0.4,0,0,0,0,0,0,0,0,0,0,0,13
17081,Konata,Mumpfield,Konata Mumpfield,/football/player/konata-mumpfield-17081,,&#9881;,open,,i,,WR,,WR,LAR,CAR,-709,45,-10.5,27.75,0,0,3000,3000,0,0,0,0,1.4,5.7,0,0,0,0,0,0,0,0,0,0,0,13
11707,Joe,Mixon,Joe Mixon,/football/player/joe-mixon-11707,"&nbsp;<span class=""red upper bold sm-text"">NFI</span>",&#9881;,open,,i,,RB,,RB,HOU,IND,181,44.5,4.5,20,0,0,4900,4900,0,0,0,0,0,0,0,0,0,0,0,0,0,0,0,0,0,13
11691,James,Conner,James Conner,/football/player/james-conner-11691,"&nbsp;<span class=""red upper bold sm-text"">IR</span>",&#9881;,open,,i,,RB,,RB,ARI,TB,138,44.5,3,20.75,0,0,4000,4000,0,0,0,0,9.5,12.8,6.1,0,0,0,0,0,0,0,0,0,0,13
12401,Austin,Ekeler,Austin Ekeler,/football/player/austin-ekeler-12401,"&nbsp;<span class=""red upper bold sm-text"">IR</span>",&#9881;,open,,i,,RB,,RB,WAS,DEN,262,43.5,6.5,18.5,0,0,4000,4000,0,0,0,0,4.4,4.4,4.4,0,0,0,0,0,0,0,0,0,0,13
15559,Simi,Fehoko,Simi Fehoko,/football/player/simi-fehoko-15559,"&nbsp;<span class=""red upper bold sm-text"">IR</span>",&#9881;,open,,i,,WR,,WR,ARI,TB,138,44.5,3,20.75,0,0,3000,3000,0,0,0,0,0,0,0,0,0,0,0,0,0,0,0,0,0,13
11709,Mitchell,Trubisky,Mitchell Trubisky,/football/player/mitchell-trubisky-11709,,&#9881;,open,,i,,QB,,QB,BUF,PIT,-199,47.5,-3.5,25.5,0,0,4000,4000,0,0,0,0,0.8,1,0.4,0,0,0,0,0,0,0,0,0,0,13
17772,Tory,Horton,Tory Horton,/football/player/tory-horton-17772,"&nbsp;<span class=""red upper bold sm-text"">IR</span>",&#9881;,open,,i,,WR,,WR,SEA,MIN,-737,41.5,-11.5,26.5,0,0,3000,3000,0,0,0,0,9.3,19.4,0.3,0,0,0,0,0,0,0,0,0,0,13
18968,Nick,Kallerup,Nick Kallerup,/football/player/nick-kallerup-18968,,&#9881;,open,,i,,TE,,TE,SEA,MIN,-737,41.5,-11.5,26.5,0,0,2500,2500,0,0,0,0,0,0,0,0,0,0,0,0,0,0,0,0,0,13
18863,Carter,Runyon,Carter Runyon,/football/player/carter-runyon-18863,,&#9881;,open,,i,,TE,,TE,LV,LAC,422,41,9.5,15.75,0,0,2500,2500,0,0,0,0,0.2,1,0,0,0,0,0,0,0,0,0,0,0,13
18624,Robbie,Ouzts,Robbie Ouzts,/football/player/robbie-ouzts-18624,,&#9881;,open,,i,,RB,,RB,SEA,MIN,-737,41.5,-11.5,26.5,0,0,4000,4000,0,0,0,0,0,0,0,0,0,0,0,0,0,0,0,0,0,13
18474,CJ,Dippre,CJ Dippre,/football/player/cj-dippre-18474,,&#9881;,open,,i,,TE,,TE,NE,NYG,-422,46.5,-7.5,27,0,0,2500,2500,0,0,0,0,0,0,0,0,0,0,0,0,0,0,0,0,0,13
9320,Jimmy,Garoppolo,Jimmy Garoppolo,/football/player/jimmy-garoppolo-9320,,&#9881;,open,,i,,QB,,QB,LAR,CAR,-709,45,-10.5,27.75,0,0,4000,4000,0,0,0,0,-0.3,0,0,0,0,0,0,0,0,0,0,0,0,13
18886,Lan,Larison,Lan Larison,/football/player/lan-larison-18886,"&nbsp;<span class=""red upper bold sm-text"">IR</span>",&#9881;,open,,i,,RB,,RB,NE,NYG,-422,46.5,-7.5,27,0,0,4000,4000,0,0,0,0,0,0,0,0,0,0,0,0,0,0,0,0,0,13
18949,Amar,Johnson,Amar Johnson,/football/player/amar-johnson-18949,,&#9881;,open,,i,,RB,,RB,LAC,LV,-597,41,-9.5,25.25,0,0,4000,4000,0,0,0,0,0.4,0.9,0,0,0,0,0,0,0,0,0,0,0,13
15369,Brevin,Jordan,Brevin Jordan,/football/player/brevin-jordan-15369,"&nbsp;<span class=""red upper bold sm-text"">IR</span>",&#9881;,open,,i,,TE,,TE,HOU,IND,181,44.5,4.5,20,0,0,2500,2500,0,0,0,0,0,0,0,0,0,0,0,0,0,0,0,0,0,13
14386,Brandon,Aiyuk,Brandon Aiyuk,/football/player/brandon-aiyuk-14386,"&nbsp;<span class=""red upper bold sm-text"">PUP</span>",&#9881;,open,,i,,WR,,WR,SF,CLE,-247,36.5,-5,20.75,0,0,4600,4600,0,0,0,0,0,0,0,0,0,0,0,0,0,0,0,0,0,13
18841,Ke'Shawn,Williams,Ke'Shawn Williams,/football/player/keshawn-williams-18841,,&#9881;,open,,i,,WR,,WR,PIT,BUF,163,47.5,3.5,22,0,0,3000,3000,0,0,0,0,-0.1,0.1,0,0,0,0,0,0,0,0,0,0,0,13
13736,Drew,Lock,Drew Lock,/football/player/drew-lock-13736,,&#9881;,open,,i,,QB,,QB,SEA,MIN,-737,41.5,-11.5,26.5,0,0,4000,4000,0,0,0,0,0,0.5,0,0,0,0,0,0,0,0,0,0,0,13
18512,Will,Howard,Will Howard,/football/player/will-howard-18512,,&#9881;,open,,i,,QB,,QB,PIT,BUF,163,47.5,3.5,22,0,0,4000,4000,0,0,0,0,0,0,0,0,0,0,0,0,0,0,0,0,0,13
15315,Jaret,Patterson,Jaret Patterson,/football/player/jaret-patterson-15315,,&#9881;,open,,i,,RB,,RB,LAC,LV,-597,41,-9.5,25.25,0,0,4000,4000,0,0.02,0.02,0.02,2.5,4.6,0.2,0,0,0,0,0,0,0,0,0,0,13
14576,Harrison,Bryant,Harrison Bryant,/football/player/harrison-bryant-14576,"&nbsp;<span class=""red upper bold sm-text"">IR</span>",&#9881;,open,,i,,TE,,TE,HOU,IND,181,44.5,4.5,20,0,0,2500,2500,0,0,0,0,0.3,1.2,0,0,0,0,0,0,0,0,0,0,0,13
17763,Jalen,McMillan,Jalen McMillan,/football/player/jalen-mcmillan-17763,"&nbsp;<span class=""red upper bold sm-text"">IR-</span>",&#9881;,open,,i,,WR,,WR,TB,ARI,-165,44.5,-3,23.75,0,0,4000,4000,0,0,0,0,0,0,0,0,0,0,0,0,0,0,0,0,0,13
11881,Trent,Taylor,Trent Taylor,/football/player/trent-taylor-11881,"&nbsp;<span class=""red upper bold sm-text"">IR</span>",&#9881;,open,,i,,WR,,WR,SF,CLE,-247,36.5,-5,20.75,0,0,3000,3000,0,0,0,0,0,0,0,0,0,0,0,0,0,0,0,0,0,13
15324,Feleipe,Franks,Feleipe Franks,/football/player/feleipe-franks-15324,,&#9881;,open,,i,,TE,,TE,ATL,NYJ,-144,39.5,-2.5,21,0,0,2500,2500,0,0,0,0,0,0.2,0,0,0,0,0,0,0,0,0,0,0,13
15922,Dareke,Young,Dareke Young,/football/player/dareke-young-15922,"&nbsp;<span class=""red upper bold sm-text"">IR</span>",&#9881;,open,,i,,WR,,WR,SEA,MIN,-737,41.5,-11.5,26.5,0,0,3000,3000,0,0,0,0,1.1,3.8,0,0,0,0,0,0,0,0,0,0,0,13
10234,DeAndre,Carter,DeAndre Carter,/football/player/deandre-carter-10234,"&nbsp;<span class=""red upper bold sm-text"">IR</span>",&#9881;,open,,i,,WR,,WR,CLE,SF,202,36.5,5,15.75,0,0,3000,3000,0,0,0,0,0,0,0,0,0,0,0,0,0,0,0,0,0,13
16282,Ko,Kieft,Ko Kieft,/football/player/ko-kieft-16282,"&nbsp;<span class=""red upper bold sm-text"">IR</span>",&#9881;,open,,i,,TE,,TE,TB,ARI,-165,44.5,-3,23.75,0,0,2500,2500,0,0,0,0,0,0,0,0,0,0,0,0,0,0,0,0,0,13
11897,Eric,Saubert,Eric Saubert,/football/player/eric-saubert-11897,"&nbsp;<span class=""red upper bold sm-text"">IR</span>",&#9881;,open,,i,,TE,,TE,SEA,MIN,-737,41.5,-11.5,26.5,0,0,2500,2500,0,0,0,0,0.4,1.7,0,0,0,0,0,0,0,0,0,0,0,13
13854,Ashton,Dulin,Ashton Dulin,/football/player/ashton-dulin-13854,"&nbsp;<span class=""red upper bold sm-text"">IR</span>",&#9881;,open,,i,,WR,,WR,IND,HOU,-219,44.5,-4.5,24.5,0,0,3000,3000,0,0,0,0,2.1,6.2,0,0,0,0,0,0,0,0,0,0,0,13
12678,D'Ernest,Johnson,D'Ernest Johnson,/football/player/dernest-johnson-12678,,&#9881;,open,,i,,RB,,RB,NE,NYG,-422,46.5,-7.5,27,0,0,4000,4000,0,0.11,0.11,0.11,0.2,0.5,0,0,0,0,0,0,0,0,0.1,0,0.1,13
10468,Michael,Burton,Michael Burton,/football/player/michael-burton-10468,"&nbsp;<span class=""red upper bold sm-text"">IR</span>",&#9881;,open,,i,,RB,,RB,DEN,WAS,-330,43.5,-6.5,25,0,0,4000,4000,0,0,0,0,0,0,0,0,0,0,0,0,0,0,0,0,0,13
16935,Tank,Dell,Tank Dell,/football/player/tank-dell-16935,"&nbsp;<span class=""red upper bold sm-text"">PUP</span>",&#9881;,open,,i,,WR,,WR,HOU,IND,181,44.5,4.5,20,0,0,3000,3000,0,0,0,0,0,0,0,0,0,0,0,0,0,0,0,0,0,13
16847,Jared,Wayne,Jared Wayne,/football/player/jared-wayne-16847,,&#9881;,open,,i,,WR,,WR,HOU,IND,181,44.5,4.5,20,0,0,3000,3000,0,0,0,0,4,4,4,0,0,0,0,0,0,0,0,0,0,13
17324,Owen,Wright,Owen Wright,/football/player/owen-wright-17324,,&#9881;,open,,i,,RB,,RB,TB,ARI,-165,44.5,-3,23.75,0,0,4000,4000,0,0.17,0.17,0.17,0.2,0.6,0,0,0,0,0,0,0,0,0.2,0,0.2,13
15957,Cal,Adomitis,Cal Adomitis,/football/player/cal-adomitis-15957,,&#9881;,open,,i,,TE,,TE,PHI,CHI,-330,44.5,-7,25.75,0,0,2500,2500,0,0,0,0,0,0,0,0,0,0,0,0,0,0,0,0,0,13
16746,Travis,Vokolek,Travis Vokolek,/football/player/travis-vokolek-16746,"&nbsp;<span class=""red upper bold sm-text"">IR</span>",&#9881;,open,,i,,TE,,TE,ARI,TB,138,44.5,3,20.75,0,0,2500,2500,0,0,0,0,0,0,0,0,0,0,0,0,0,0,0,0,0,13
16653,Anthony,Richardson,Anthony Richardson,/football/player/anthony-richardson-16653,"&nbsp;<span class=""red upper bold sm-text"">IR</span>",&#9881;,open,,i,,QB,,QB,IND,HOU,-219,44.5,-4.5,24.5,0,0,4000,4000,0,0,0,0,1.1,2.5,0,0,0,0,0,0,0,0,0,0,0,13
16676,Evan,Hull,Evan Hull,/football/player/evan-hull-16676,,&#9881;,open,,i,,RB,,RB,NO,MIA,222,42,6,18,0,0,4000,4000,0,0,0,0,0,0,0,0,0,0,0,0,0,0,0,0,0,13
8065,Case,Keenum,Case Keenum,/football/player/case-keenum-8065,,&#9881;,open,,i,,QB,,QB,CHI,PHI,263,44.5,7,18.75,0,0,4000,4000,0,0,0,0,0,0,0,0,0,0,0,0,0,0,0,0,0,13
17510,Zavier,Scott,Zavier Scott,/football/player/zavier-scott-17510,,&#9881;,open,,i,,RB,,RB,MIN,SEA,501,41.5,11.5,15,0,0,4000,4000,0,0.15,0.15,0.15,2.9,12.3,0,0,0,0,0,0,0.1,0,0.3,0,0.3,13
14844,Reggie,Gilliam,Reggie Gilliam,/football/player/reggie-gilliam-14844,,&#9881;,open,,i,,RB,,RB,BUF,PIT,-199,47.5,-3.5,25.5,0,0,4000,4000,0,0,0,0,0.1,0.9,0,0,0,0,0,0,0,0,0,0,0,13
17014,Will,Mallory,Will Mallory,/football/player/will-mallory-17014,,&#9881;,open,,i,,TE,,TE,IND,HOU,-219,44.5,-4.5,24.5,0,0,2500,2500,0,0.05,0.05,0.05,0,0,0,0,0,0,0,0,0,0,0,0,0,13
16936,Trey,Palmer,Trey Palmer,/football/player/trey-palmer-16936,"&nbsp;<span class=""red upper bold sm-text"">IR</span>",&#9881;,open,,i,,WR,,WR,NO,MIA,222,42,6,18,0,0,3000,3000,0,0,0,0,0,0,0,0,0,0,0,0,0,0,0,0,0,13
17012,Ben,Sims,Ben Sims,/football/player/ben-sims-17012,,&#9881;,open,,i,,TE,,TE,MIN,SEA,501,41.5,11.5,15,0,0,2500,2500,0,0,0,0,0,0,0,0,0,0,0,0,0,0,0,0,0,13
16665,Will,Levis,Will Levis,/football/player/will-levis-16665,"&nbsp;<span class=""red upper bold sm-text"">IR</span>",&#9881;,open,,i,,QB,,QB,TEN,JAX,249,41.5,6.5,17.5,0,0,4000,4000,0,0,0,0,0,0,0,0,0,0,0,0,0,0,0,0,0,13
11834,Joshua,Dobbs,Joshua Dobbs,/football/player/joshua-dobbs-11834,,&#9881;,open,,i,,QB,,QB,NE,NYG,-422,46.5,-7.5,27,0,0,4000,4000,0,0,0,0,0,0.3,0,0,0,0,0,0,0,0,0,0,0,13
13551,Tyree,Jackson,Tyree Jackson,/football/player/tyree-jackson-13551,"&nbsp;<span class=""red upper bold sm-text"">IR</span>",&#9881;,open,,i,,TE,,TE,WAS,DEN,262,43.5,6.5,18.5,0,0,2500,2500,0,0,0,0,0,0,0,0,0,0,0,0,0,0,0,0,0,13
15468,Najee,Harris,Najee Harris,/football/player/najee-harris-15468,"&nbsp;<span class=""red upper bold sm-text"">IR</span>",&#9881;,open,,i,,RB,,RB,LAC,LV,-597,41,-9.5,25.25,0,0,4000,4000,0,0,0,0,4.8,7.2,2.4,0,0,0,0,0,0,0,0,0,0,13
16931,Cameron,Latu,Cameron Latu,/football/player/cameron-latu-16931,,&#9881;,open,,i,,TE,,TE,PHI,CHI,-330,44.5,-7,25.75,0,0,2500,2500,0,0,0,0,0,0,0,0,0,0,0,0,0,0,0,0,0,13
15198,Trey,Lance,Trey Lance,/football/player/trey-lance-15198,,&#9881;,open,,i,,QB,,QB,LAC,LV,-597,41,-9.5,25.25,0,0,4000,4000,0,0,0,0,2.2,3,1.5,0,0,0,0,0,0,0,0,0,0,13
10155,Tyler,Ott,Tyler Ott,/football/player/tyler-ott-10155,,&#9881;,open,,i,,TE,,TE,WAS,DEN,262,43.5,6.5,18.5,0,0,2500,2500,0,0,0,0,0,0,0,0,0,0,0,0,0,0,0,0,0,13
14858,Mason,Kinsey,Mason Kinsey,/football/player/mason-kinsey-14858,,&#9881;,open,,i,,WR,,WR,TEN,JAX,249,41.5,6.5,17.5,0,0,3000,3000,0,0.05,0.05,0.05,0.5,2,0,0,0,0,0,0,0,0,0,0,0,13
16259,Lucas,Krull,Lucas Krull,/football/player/lucas-krull-16259,"&nbsp;<span class=""red upper bold sm-text"">IR</span>",&#9881;,open,,i,,TE,,TE,DEN,WAS,-330,43.5,-6.5,25,0,0,2500,2500,0,0,0,0,1,2.1,0,0,0,0,0,0,0,0,0,0,0,13
15979,Ty,Chandler,Ty Chandler,/football/player/ty-chandler-15979,"&nbsp;<span class=""red upper bold sm-text"">IR</span>",&#9881;,open,,i,,RB,,RB,MIN,SEA,501,41.5,11.5,15,0,0,4000,4000,0,0,0,0,0,0,0,0,0,0,0,0,0,0,0,0,0,13
15514,Rondale,Moore,Rondale Moore,/football/player/rondale-moore-15514,"&nbsp;<span class=""red upper bold sm-text"">IR</span>",&#9881;,open,,i,,WR,,WR,MIN,SEA,501,41.5,11.5,15,0,0,3000,3000,0,0,0,0,0,0,0,0,0,0,0,0,0,0,0,0,0,13
15296,Jermar,Jefferson,Jermar Jefferson,/football/player/jermar-jefferson-15296,,&#9881;,open,,i,,RB,,RB,ARI,TB,138,44.5,3,20.75,0,0,4000,4000,0,0.04,0.04,0.04,0,0,0,0,0,0,0,0,0,0,0,0,0.1,13
15821,Jelani,Woods,Jelani Woods,/football/player/jelani-woods-15821,,&#9881;,open,,i,,TE,,TE,NYJ,ATL,121,39.5,2.5,18.5,0,0,2500,2500,0,0.1,0.1,0.1,0,0,0,0,0,0,0,0,0,0,0,0.1,0.1,13
16034,Teagan,Quitoriano,Teagan Quitoriano,/football/player/teagan-quitoriano-16034,,&#9881;,open,,i,,TE,,TE,ATL,NYJ,-144,39.5,-2.5,21,0,0,2500,2500,0,0,0,0,0,0,0,0,0,0,0,0,0,0,0,0,0,13
15825,Sam,Howell,Sam Howell,/football/player/sam-howell-15825,,&#9881;,open,,i,,QB,,QB,PHI,CHI,-330,44.5,-7,25.75,0,0,4000,4000,0,0,0,0,0,0,0,0,0,0,0,0,0,0,0,0,0,13
15852,Zamir,White,Zamir White,/football/player/zamir-white-15852,,&#9881;,open,,i,,RB,,RB,LV,LAC,422,41,9.5,15.75,0,0,4000,4000,0,0.03,0.03,0.03,2.2,3.7,0.2,0,0,0,0,0,0,0,0,0,0.1,13
15992,Hassan,Haskins,Hassan Haskins,/football/player/hassan-haskins-15992,"&nbsp;<span class=""red upper bold sm-text"">IR</span>",&#9881;,open,,i,,RB,,RB,LAC,LV,-597,41,-9.5,25.25,0,0,4000,4000,0,0,0,0,1.4,3.1,0,0,0,0,0,0,0,0,0,0,0,13
9967,Andrew,DePaola,Andrew DePaola,/football/player/andrew-depaola-9967,,&#9881;,open,,i,,TE,,TE,MIN,SEA,501,41.5,11.5,15,0,0,2500,2500,0,0,0,0,0,0,0,0,0,0,0,0,0,0,0,0,0,13
15841,Kenny,Pickett,Kenny Pickett,/football/player/kenny-pickett-15841,,&#9881;,open,,i,,QB,,QB,LV,LAC,422,41,9.5,15.75,0,0,4000,4000,0,0,0,0,-0.3,0.1,0,0,0,0,0,0,0,0,0,0,0,13
16035,James,Mitchell,James Mitchell,/football/player/james-mitchell-16035,,&#9881;,open,,i,,TE,,TE,CAR,LAR,488,45,10.5,17.25,0,0,2500,2500,0,0,0,0,1.9,3.7,0,0,0,0,0,0,0,0,0,0,0,13
16108,Ronnie,Rivers,Ronnie Rivers,/football/player/ronnie-rivers-16108,,&#9881;,open,,i,,RB,,RB,LAR,CAR,-709,45,-10.5,27.75,0,0,4000,4000,0,0.02,0.02,0.02,0,0,0,0,0,0,0,0,0,0,0,0,0,13
15579,Kene,Nwangwu,Kene Nwangwu,/football/player/kene-nwangwu-15579,,&#9881;,open,,i,,RB,,RB,NYJ,ATL,121,39.5,2.5,18.5,0,0,4000,4000,0,0.13,0.13,0.13,1.2,4.9,0,0,0,0,0,0,0,0,0.1,0,0.2,13
15974,Skylar,Thompson,Skylar Thompson,/football/player/skylar-thompson-15974,"&nbsp;<span class=""red upper bold sm-text"">IR</span>",&#9881;,open,,i,,QB,,QB,PIT,BUF,163,47.5,3.5,22,0,0,4000,4000,0,0,0,0,0,0,0,0,0,0,0,0,0,0,0,0,0,13
15460,Quintin,Morris,Quintin Morris,/football/player/quintin-morris-15460,,&#9881;,open,,i,,TE,,TE,JAX,TEN,-314,41.5,-6.5,24,0.03,0,2500,2500,0,0.11,0.11,0.11,0.3,1.6,0,0,0,0,0,0,0,0,0,0.1,0.1,13
16294,Brittain,Brown,Brittain Brown,/football/player/brittain-brown-16294,,&#9881;,open,,i,,RB,,RB,CHI,PHI,263,44.5,7,18.75,0,0,4000,4000,0,0.08,0.08,0.08,4.9,10.7,0,0,0,0,0,0,0,0,0.1,0,0.1,13
16026,Kevin,Austin,Kevin Austin,/football/player/kevin-austin-16026,,&#9881;,open,,i,,WR,,WR,NO,MIA,222,42,6,18,0,0,3000,3000,0,0,0,0,0,0,0,0,0,0,0,0,0,0,0,0,0,13
16530,Zaire,Mitchell-Paden,Zaire Mitchell-Paden,/football/player/zaire-mitchell-paden-16530,,&#9881;,open,,i,,TE,,TE,NO,MIA,222,42,6,18,0,0,2500,2500,0,0,0,0,0.5,1.9,0,0,0,0,0,0,0,0,0,0,0,13
5653,Josh,Johnson,Josh Johnson,/football/player/josh-johnson-5653,,&#9881;,open,,i,,QB,,QB,WAS,DEN,262,43.5,6.5,18.5,0,0,4000,4000,0,0,0,0,0,0,0,0,0,0,0,0,0,0,0,0,0,13
15829,Garrett,Wilson,Garrett Wilson,/football/player/garrett-wilson-15829,"&nbsp;<span class=""red upper bold sm-text"">IR</span>",&#9881;,open,,i,,WR,,WR,NYJ,ATL,121,39.5,2.5,18.5,0,0,3000,3000,0,0,0,0,12.8,23.5,1.5,0,0,0,0,0,0,0,0,0,0,13
16430,Irvin,Charles,Irvin Charles,/football/player/irvin-charles-16430,"&nbsp;<span class=""red upper bold sm-text"">PUP</span>",&#9881;,open,,i,,WR,,WR,NYJ,ATL,121,39.5,2.5,18.5,0,0,3000,3000,0,0,0,0,0,0,0,0,0,0,0,0,0,0,0,0,0,13
16898,Kendre,Miller,Kendre Miller,/football/player/kendre-miller-16898,"&nbsp;<span class=""red upper bold sm-text"">IR</span>",&#9881;,open,,i,,RB,,RB,NO,MIA,222,42,6,18,0,0,4000,4000,0,0,0,0,5.2,10.9,0.9,0,0,0,0,0,0,0,0,0,0,13
10037,Jameis,Winston,Jameis Winston,/football/player/jameis-winston-10037,,&#9881;,open,,i,,QB,,QB,NYG,NE,323,46.5,7.5,19.5,0,0,5200,5200,0,0,0,0,24.6,38.6,10.6,0,0,0,0,0,0,0,0,0,0,13
17820,Luke,McCaffrey,Luke McCaffrey,/football/player/luke-mccaffrey-17820,"&nbsp;<span class=""red upper bold sm-text"">IR</span>",&#9881;,open,,i,,WR,,WR,WAS,DEN,262,43.5,6.5,18.5,0,0,3000,3000,0,0,0,0,6.2,13,0.5,0,0,0,0,0,0,0,0,0,0,13
15416,Justin,Fields,Justin Fields,/football/player/justin-fields-15416,,&#9881;,open,,i,,QB,,QB,NYJ,ATL,121,39.5,2.5,18.5,0,0,4300,4300,0,0,0,0,14.1,25,4.3,0,0,0,0,0,0,0,0,0,0,13
17979,Kedon,Slovis,Kedon Slovis,/football/player/kedon-slovis-17979,,&#9881;,open,,i,,QB,,QB,ARI,TB,138,44.5,3,20.75,0,0,4000,4000,0,0,0,0,0,0,0,0,0,0,0,0,0,0,0,0,0,13
13627,Easton,Stick,Easton Stick,/football/player/easton-stick-13627,,&#9881;,open,,i,,QB,,QB,ATL,NYJ,-144,39.5,-2.5,21,0,0,4000,4000,0,0,0,0,0,0,0,0,0,0,0,0,0,0,0,0,0,13
17697,Joshua,Cephus,Joshua Cephus,/football/player/joshua-cephus-17697,"&nbsp;<span class=""red upper bold sm-text"">IR</span>",&#9881;,open,,i,,WR,,WR,JAX,TEN,-314,41.5,-6.5,24,0,0,3000,3000,0,0,0,0,0,0,0,0,0,0,0,0,0,0,0,0,0,13
18251,Hayden,Rucci,Hayden Rucci,/football/player/hayden-rucci-18251,,&#9881;,open,,i,,TE,,TE,MIA,NO,-274,42,-6,24,0,0,2500,2500,0,0,0,0,0,0,0,0,0,0,0,0,0,0,0,0,0,13
17782,Spencer,Rattler,Spencer Rattler,/football/player/spencer-rattler-17782,,&#9881;,open,,i,,QB,,QB,NO,MIA,222,42,6,18,0,0,4000,4000,0,0,0,0,13.5,20.2,6.5,0,0,0,0,0,0,0,0,0,0,13
17747,Jonathon,Brooks,Jonathon Brooks,/football/player/jonathon-brooks-17747,"&nbsp;<span class=""red upper bold sm-text"">PUP</span>",&#9881;,open,,i,,RB,,RB,CAR,LAR,488,45,10.5,17.25,0,0,4000,4000,0,0,0,0,0,0,0,0,0,0,0,0,0,0,0,0,0,13
17942,Bub,Means,Bub Means,/football/player/bub-means-17942,"&nbsp;<span class=""red upper bold sm-text"">IR</span>",&#9881;,open,,i,,WR,,WR,NO,MIA,222,42,6,18,0,0,3000,3000,0,0,0,0,0,0,0,0,0,0,0,0,0,0,0,0,0,13
15281,Khalil,Herbert,Khalil Herbert,/football/player/khalil-herbert-15281,,&#9881;,open,,i,,RB,,RB,NYJ,ATL,121,39.5,2.5,18.5,0,0,4000,4000,0,0.17,0.17,0.17,0,0,0,0,0,0,0,0,0,0,0.1,0.1,0.2,13
12629,Mason,Rudolph,Mason Rudolph,/football/player/mason-rudolph-12629,,&#9881;,open,,i,,QB,,QB,PIT,BUF,163,47.5,3.5,22,0,0,4600,4600,0,0,0,0,4.8,9.8,0,0,0,0,0,0,0,0,0,0,0,13
17689,J.J.,McCarthy,J.J. McCarthy,/football/player/jj-mccarthy-17689,"&nbsp;<span class=""red upper bold sm-text"">que</span>",&#9881;,open,,i,,QB,,QB,MIN,SEA,501,41.5,11.5,15,0,0,4700,4700,0,0,0,0,10.6,19,2.8,0,0,0,0,0,0,0,0,0,0,13
17704,Malik,Nabers,Malik Nabers,/football/player/malik-nabers-17704,"&nbsp;<span class=""red upper bold sm-text"">IR</span>",&#9881;,open,,i,,WR,,WR,NYG,NE,323,46.5,7.5,19.5,0,0,3000,3000,0,0,0,0,16,39.1,0,0,0,0,0,0,0,0,0,0,0,13
18301,David,Martin-Robinson,David Martin-Robinson,/football/player/david-martin-robinson-18301,,&#9881;,open,,i,,TE,,TE,TEN,JAX,249,41.5,6.5,17.5,0,0,2500,2500,0,0,0,0,0.7,5,0,0,0,0,0,0,0,0,0,0,0,13
10739,Laquon,Treadwell,Laquon Treadwell,/football/player/laquon-treadwell-10739,,&#9881;,open,,i,,WR,,WR,IND,HOU,-219,44.5,-4.5,24.5,0,0,3000,3000,0,0,0,0,0,0,0,0,0,0,0,0,0,0,0,0,0,13
14129,D.J.,Montgomery,D.J. Montgomery,/football/player/dj-montgomery-14129,"&nbsp;<span class=""red upper bold sm-text"">IR</span>",&#9881;,open,,i,,WR,,WR,IND,HOU,-219,44.5,-4.5,24.5,0,0,3000,3000,0,0,0,0,0,0,0,0,0,0,0,0,0,0,0,0,0,13
12771,Braxton,Berrios,Braxton Berrios,/football/player/braxton-berrios-12771,,&#9881;,open,,i,,WR,,WR,HOU,IND,181,44.5,4.5,20,0,0,3000,3000,0,0.05,0.05,0.05,2.4,7.8,0,0,0,0,0,0,0,0,0,0,0,13
15542,Davis,Mills,Davis Mills,/football/player/davis-mills-15542,,&#9881;,open,,i,,QB,,QB,HOU,IND,181,44.5,4.5,20,0,0,4500,4500,0,0,0,0,13.4,26.3,2,0,0,0,0,0,0,0,0,0,0,13
17968,George,Holani,George Holani,/football/player/george-holani-17968,"&nbsp;<span class=""red upper bold sm-text"">dou</span>",&#9881;,open,,i,,RB,,RB,SEA,MIN,-737,41.5,-11.5,26.5,0,0,4000,4000,0,0,0,0,1.6,6.9,0,0,0,0,0,0,0,0,0,0,0,13
13477,Alexander,Mattison,Alexander Mattison,/football/player/alexander-mattison-13477,"&nbsp;<span class=""red upper bold sm-text"">IR</span>",&#9881;,open,,i,,RB,,RB,MIA,NO,-274,42,-6,24,0,0,4000,4000,0,0,0,0,0,0,0,0,0,0,0,0,0,0,0,0,0,13
7355,Andy,Dalton,Andy Dalton,/football/player/andy-dalton-7355,,&#9881;,open,,i,,QB,,QB,CAR,LAR,488,45,10.5,17.25,0,0,4000,4000,0,0,0,0,3.1,6.1,0.2,0,0,0,0,0,0,0,0,0,0,13
12216,David,Moore,David Moore,/football/player/david-moore-12216,"&nbsp;<span class=""red upper bold sm-text"">IR</span>",&#9881;,open,,i,,WR,,WR,CAR,LAR,488,45,10.5,17.25,0,0,3000,3000,0,0,0,0,0.9,1.6,0.1,0,0,0,0,0,0,0,0,0,0,13
18083,Jack,Westover,Jack Westover,/football/player/jack-westover-18083,,&#9881;,open,,i,,RB,,RB,NE,NYG,-422,46.5,-7.5,27,0,0,4000,4000,0,0,0,0,0,0,0,0,0,0,0,0,0,0,0,0,0,13
17692,Jayden,Daniels,Jayden Daniels,/football/player/jayden-daniels-17692,"&nbsp;<span class=""red upper bold sm-text"">que</span>",&#9881;,open,,i,,QB,,QB,WAS,DEN,262,43.5,6.5,18.5,0,0,6200,6200,0,0,0,0,19.1,22.8,16.2,0,0,0,0,0,0,0,0,0,0,13
11871,Josh,Reynolds,Josh Reynolds,/football/player/josh-reynolds-11871,"&nbsp;<span class=""red upper bold sm-text"">IR</span>",&#9881;,open,,i,,WR,,WR,NYJ,ATL,121,39.5,2.5,18.5,0,0,3000,3000,0,0,0,0,4.3,6.6,0.7,0,0,0,0,0,0,0,0,0,0,13
17684,Ja'Lynn,Polk,Ja'Lynn Polk,/football/player/jalynn-polk-17684,"&nbsp;<span class=""red upper bold sm-text"">IR</span>",&#9881;,open,,i,,WR,,WR,NO,MIA,222,42,6,18,0,0,3000,3000,0,0,0,0,0,0,0,0,0,0,0,0,0,0,0,0,0,13
18302,Bryce,Oliver,Bryce Oliver,/football/player/bryce-oliver-18302,"&nbsp;<span class=""red upper bold sm-text"">IR</span>",&#9881;,open,,i,,WR,,WR,TEN,JAX,249,41.5,6.5,17.5,0,0,3000,3000,0,0,0,0,0,0,0,0,0,0,0,0,0,0,0,0,0,13
17091,Emari,Demercado,Emari Demercado,/football/player/emari-demercado-17091,"&nbsp;<span class=""red upper bold sm-text"">que</span>",&#9881;,open,,i,,RB,,RB,ARI,TB,138,44.5,3,20.75,0,0,4400,4400,0,0,0,0,5.4,12,0.1,0,0,0,0,0,0,0,0,0,0,13
16797,Tommy,DeVito,Tommy DeVito,/football/player/tommy-devito-16797,,&#9881;,open,,i,,QB,,QB,NE,NYG,-422,46.5,-7.5,27,0,0,4000,4000,0,0,0,0,0,0,0,0,0,0,0,0,0,0,0,0,0,13
16946,Tyson,Bagent,Tyson Bagent,/football/player/tyson-bagent-16946,,&#9881;,open,,i,,QB,,QB,CHI,PHI,263,44.5,7,18.75,0,0,4000,4000,0,0,0,0,0.9,1.8,0,0,0,0,0,0,0,0,0,0,0,13
16772,Roschon,Johnson,Roschon Johnson,/football/player/roschon-johnson-16772,"&nbsp;<span class=""red upper bold sm-text"">IR</span>",&#9881;,open,,i,,RB,,RB,CHI,PHI,263,44.5,7,18.75,0,0,4000,4000,0,0,0,0,0.2,0.9,0,0,0,0,0,0,0,0,0,0,0,13
16716,Aidan,O'Connell,Aidan O'Connell,/football/player/aidan-oconnell-16716,,&#9881;,open,,i,,QB,,QB,LV,LAC,422,41,9.5,15.75,0,0,4000,4000,0,0,0,0,0,0,0,0,0,0,0,0,0,0,0,0,0,13
11751,Zay,Jones,Zay Jones,/football/player/zay-jones-11751,"&nbsp;<span class=""red upper bold sm-text"">IR</span>",&#9881;,open,,i,,WR,,WR,ARI,TB,138,44.5,3,20.75,0,0,3000,3000,0,0,0,0,4.1,11,0,0,0,0,0,0,0,0,0,0,0,13
10854,Tyler,Higbee,Tyler Higbee,/football/player/tyler-higbee-10854,"&nbsp;<span class=""red upper bold sm-text"">IR</span>",&#9881;,open,,i,,TE,,TE,LAR,CAR,-709,45,-10.5,27.75,0,0,2500,2500,0,0,0,0,6.4,12.4,1,0,0,0,0,0,0,0,0,0,0,13
16686,Tanner,McKee,Tanner McKee,/football/player/tanner-mckee-16686,,&#9881;,open,,i,,QB,,QB,PHI,CHI,-330,44.5,-7,25.75,0,0,4000,4000,0,0,0,0,-0.2,0,0,0,0,0,0,0,0,0,0,0,0,13
17235,Brady,Russell,Brady Russell,/football/player/brady-russell-17235,,&#9881;,open,,i,,RB,,RB,SEA,MIN,-737,41.5,-11.5,26.5,0,0,4000,4000,0,0,0,0,0,0,0,0,0,0,0,0,0,0,0,0,0,13
16871,Stetson,Bennett,Stetson Bennett,/football/player/stetson-bennett-16871,,&#9881;,open,,i,,QB,,QB,LAR,CAR,-709,45,-10.5,27.75,0,0,4000,4000,0,0,0,0,0,0,0,0,0,0,0,0,0,0,0,0,0,13
13438,Jarrett,Stidham,Jarrett Stidham,/football/player/jarrett-stidham-13438,,&#9881;,open,,i,,QB,,QB,DEN,WAS,-330,43.5,-6.5,25,0,0,4000,4000,0,0,0,0,-0.1,0,0,0,0,0,0,0,0,0,0,0,0,13
17002,Kenny,McIntosh,Kenny McIntosh,/football/player/kenny-mcintosh-17002,"&nbsp;<span class=""red upper bold sm-text"">IR</span>",&#9881;,open,,i,,RB,,RB,SEA,MIN,-737,41.5,-11.5,26.5,0,0,4000,4000,0,0,0,0,0,0,0,0,0,0,0,0,0,0,0,0,0,13
13484,Travis,Homer,Travis Homer,/football/player/travis-homer-13484,,&#9881;,open,,i,,RB,,RB,CHI,PHI,263,44.5,7,18.75,0,0,4000,4000,0,0.03,0.03,0.03,0,0,0,0,0,0,0,0,0,0,0,0,0,13
17626,Dylan,Drummond,Dylan Drummond,/football/player/dylan-drummond-17626,,&#9881;,open,,i,,WR,,WR,ATL,NYJ,-144,39.5,-2.5,21,0,0,3000,3000,0,0,0,0,1.6,4.6,0,0,0,0,0,0,0,0,0,0,0,13
17966,Tip,Reiman,Tip Reiman,/football/player/tip-reiman-17966,"&nbsp;<span class=""red upper bold sm-text"">IR</span>",&#9881;,open,,i,,TE,,TE,ARI,TB,138,44.5,3,20.75,0,0,2500,2500,0,0,0,0,0.9,2.7,0,0,0,0,0,0,0,0,0,0,0,13
13548,Trayveon,Williams,Trayveon Williams,/football/player/trayveon-williams-13548,,&#9881;,open,,i,,RB,,RB,LAC,LV,-597,41,-9.5,25.25,0,0,4000,4000,0,0.02,0.02,0.02,0.5,1,0,0,0,0,0,0,0,0,0,0,0,13
17126,Deneric,Prince,Deneric Prince,/football/player/deneric-prince-17126,"&nbsp;<span class=""red upper bold sm-text"">IR</span>",&#9881;,open,,i,,RB,,RB,NE,NYG,-422,46.5,-7.5,27,0,0,4000,4000,0,0,0,0,0,0,0,0,0,0,0,0,0,0,0,0,0,13
17404,Evan,Deckers,Evan Deckers,/football/player/evan-deckers-17404,,&#9881;,open,,i,,TE,,TE,TB,ARI,-165,44.5,-3,23.75,0,0,2500,2500,0,0,0,0,0,0,0,0,0,0,0,0,0,0,0,0,0,13
13602,Donald,Parham,Donald Parham,/football/player/donald-parham-13602,"&nbsp;<span class=""red upper bold sm-text"">IR</span>",&#9881;,open,,i,,TE,,TE,PIT,BUF,163,47.5,3.5,22,0,0,2500,2500,0,0,0,0,0,0,0,0,0,0,0,0,0,0,0,0,0,13
18253,Brenden,Bates,Brenden Bates,/football/player/brenden-bates-18253,,&#9881;,open,,i,,TE,,TE,CLE,SF,202,36.5,5,15.75,0,0,2500,2500,0,0,0,0,0.9,3.5,0,0,0,0,0,0,0,0,0,0,0,13
18300,British,Brooks,British Brooks,/football/player/british-brooks-18300,,&#9881;,open,,i,,RB,,RB,HOU,IND,181,44.5,4.5,20,0,0,4000,4000,0,0.02,0.02,0.02,0.2,1.1,0,0,0,0,0,0,0,0,0,0,0,13
14418,J.K.,Dobbins,J.K. Dobbins,/football/player/jk-dobbins-14418,"&nbsp;<span class=""red upper bold sm-text"">IR</span>",&#9881;,open,,i,,RB,,RB,DEN,WAS,-330,43.5,-6.5,25,0,0,4000,4000,0,0,0,0,11.9,16.8,5.6,0,0,0,0,0,0,0,0,0,0,13
17700,Michael,Penix,Michael Penix,/football/player/michael-penix-17700,"&nbsp;<span class=""red upper bold sm-text"">IR</span>",&#9881;,open,,i,,QB,,QB,ATL,NYJ,-144,39.5,-2.5,21,0,0,4000,4000,0,0,0,0,13,21.3,5.7,0,0,0,0,0,0,0,0,0,0,13
15330,Zach,Wilson,Zach Wilson,/football/player/zach-wilson-15330,,&#9881;,open,,i,,QB,,QB,MIA,NO,-274,42,-6,24,0,0,4000,4000,0,0,0,0,0,0,0,0,0,0,0,0,0,0,0,0,0,13
14370,AJ,Dillon,AJ Dillon,/football/player/aj-dillon-14370,,&#9881;,open,,i,,RB,,RB,PHI,CHI,-330,44.5,-7,25.75,0,0,4000,4000,0,0.1,0.1,0.1,1.6,2.8,0.2,0,0,0,0,0,0,0,0.1,0,0.1,13
17674,Marvin,Harrison,Marvin Harrison,/football/player/marvin-harrison-17674,"&nbsp;<span class=""red upper bold sm-text"">que</span>",&#9881;,open,,i,,WR,,WR,ARI,TB,138,44.5,3,20.75,0,0,6000,6000,0,0,0,0,11.6,20.3,4.9,0,0,0,0,0,0,0,0,0,0,13
16743,Bryce,Ford-Wheaton,Bryce Ford-Wheaton,/football/player/bryce-ford-wheaton-16743,"&nbsp;<span class=""red upper bold sm-text"">IR</span>",&#9881;,open,,i,,WR,,WR,NYG,NE,323,46.5,7.5,19.5,0,0,3000,3000,0,0,0,0,0,0,0,0,0,0,0,0,0,0,0,0,0,13
11839,Patrick,Mahomes,Patrick Mahomes,/football/player/patrick-mahomes-11839,,&#9881;,open,,i,,QB,,QB,KC,DAL,-183,52,-3.5,27.75,89.37,0,6500,6500,0,24.15,24.15,24.15,22.4,30.5,13.3,0,0,0,0,3.7,6.1,34.8,5.1,0,5.1,13
12561,Lamar,Jackson,Lamar Jackson,/football/player/lamar-jackson-12561,,&#9881;,open,,i,,QB,,QB,BAL,CIN,-336,52,-7,29.5,9.05,0,6800,6800,0,23.18,23.18,23.18,17.5,26.7,7.6,0,0,0,0,3.4,4.8,27.7,5.3,0,5.3,13
14371,Jordan,Love,Jordan Love,/football/player/jordan-love-14371,,&#9881;,open,,i,,QB,,QB,GB,DET,123,49,2.5,23.25,0.05,0,5500,5500,0,17.38,17.38,17.38,16.8,28.3,7.7,0,0,0,0,3.2,6.1,30.7,2.8,0,2.8,13
11008,Dak,Prescott,Dak Prescott,/football/player/dak-prescott-11008,,&#9881;,open,,i,,QB,,QB,DAL,KC,151,52,3.5,24.25,1.34,0,6300,6300,0,20.12,20.12,20.12,22.9,32.4,11.8,0,0,0,0,3.2,6.2,36.5,2.5,0,2.5,13
12559,Mark,Andrews,Mark Andrews,/football/player/mark-andrews-12559,,&#9881;,open,,i,,TE,,TE,BAL,CIN,-336,52,-7,29.5,25.46,0,3600,3600,0,10.62,10.62,10.62,10.1,22.5,1.8,0,0,0,0,3,1.3,0,0.4,4.3,4.7,13
14442,Joe,Burrow,Joe Burrow,/football/player/joe-burrow-14442,"&nbsp;<span class=""red upper bold sm-text"">IR-</span>",&#9881;,open,,i,,QB,,QB,CIN,BAL,267,52,7,22.5,0.2,0,6000,6000,0,17.89,17.89,17.89,7,7,7,0,0,0,0,3,6.2,34.5,2.5,0,2.5,13
15681,Brock,Wright,Brock Wright,/football/player/brock-wright-15681,"&nbsp;<span class=""red upper bold sm-text"">que</span>",&#9881;,open,,i,,TE,,TE,DET,GB,-146,49,-2.5,25.75,13.09,0,2800,2800,0,8.03,8.03,8.03,3.7,9.8,0,0,0,0,0,2.9,1.5,0,0,4.2,4.2,13
10729,Jared,Goff,Jared Goff,/football/player/jared-goff-10729,,&#9881;,open,,i,,QB,,QB,DET,GB,-146,49,-2.5,25.75,0,0,5800,5800,0,17.02,17.02,17.02,19.2,32,11.8,0,0,0,0,2.9,5.7,31.1,1.8,0,1.8,13
15306,Javonte,Williams,Javonte Williams,/football/player/javonte-williams-15306,,&#9881;,open,,i,,RB,,RB,DAL,KC,151,52,3.5,24.25,45.8,0,6300,6300,0,17.56,17.56,17.56,16.6,26.9,8.8,0,0,0,0,2.8,3.4,0,17.5,4.2,21.7,13
14411,CeeDee,Lamb,CeeDee Lamb,/football/player/ceedee-lamb-14411,,&#9881;,open,,i,,WR,,WR,DAL,KC,151,52,3.5,24.25,38.04,0,6900,6900,0,18.38,18.38,18.38,15.3,24.3,3.5,0,0,0,0,2.7,1.4,0,0.5,9.3,9.8,13
16033,Isaiah,Likely,Isaiah Likely,/football/player/isaiah-likely-16033,,&#9881;,open,,i,,TE,,TE,BAL,CIN,-336,52,-7,29.5,15,0,2600,2600,0,7.02,7.02,7.02,3.2,7.4,0.3,0,0,0,0,2.7,1.2,0,0,3.2,3.2,13
8783,Travis,Kelce,Travis Kelce,/football/player/travis-kelce-8783,,&#9881;,open,,i,,TE,,TE,KC,DAL,-183,52,-3.5,27.75,21.1,0,5000,5000,0,12.85,12.85,12.85,13.3,21.8,6.8,0,0,0,0,2.6,1.2,0,0,6,6,13
16919,Zay,Flowers,Zay Flowers,/football/player/zay-flowers-16919,,&#9881;,open,,i,,WR,,WR,BAL,CIN,-336,52,-7,29.5,37.57,0,6100,6100,0,15.82,15.82,15.82,11.5,14.9,5.8,0,0,0,0,2.6,1.3,0,0.6,7.4,7.9,13
16808,Jahmyr,Gibbs,Jahmyr Gibbs,/football/player/jahmyr-gibbs-16808,,&#9881;,open,,i,,RB,,RB,DET,GB,-146,49,-2.5,25.75,57.02,0,8800,8800,0,22.52,22.52,22.52,25.6,50.2,7.5,0,0,0,0,2.6,2.3,0,16,4.5,20.5,13
15183,Ja'Marr,Chase,Ja'Marr Chase,/football/player/jamarr-chase-15183,,&#9881;,open,,i,,WR,,WR,CIN,BAL,267,52,7,22.5,38.29,0,8000,8000,0,20.18,20.18,20.18,22.5,38.4,7.6,0,0,0,0,2.5,1.3,0,0.4,10.2,10.6,13
15853,George,Pickens,George Pickens,/football/player/george-pickens-15853,"&nbsp;<span class=""red upper bold sm-text"">que</span>",&#9881;,open,,i,,WR,,WR,DAL,KC,151,52,3.5,24.25,27.88,0,7000,7000,0,17.26,17.26,17.26,22.6,34.5,12.4,0,0,0,0,2.5,1.2,0,0.1,8.2,8.3,13
16963,Rashee,Rice,Rashee Rice,/football/player/rashee-rice-16963,,&#9881;,open,,i,,WR,,WR,KC,DAL,-183,52,-3.5,27.75,42.6,0,7500,7500,0,18.52,18.52,18.52,20.4,26.2,11.9,0,0,0,0,2.5,1.2,0,0.2,8.4,8.6,13
17687,Xavier,Worthy,Xavier Worthy,/football/player/xavier-worthy-17687,,&#9881;,open,,i,,WR,,WR,KC,DAL,-183,52,-3.5,27.75,27.15,0,4500,4500,0,11.3,11.3,11.3,9.8,15.3,5.8,0,0,0,0,2.5,1.5,0,1.1,5.7,6.9,13
15332,Amon-Ra,St. Brown,Amon-Ra St. Brown,/football/player/amon-ra-st-brown-15332,,&#9881;,open,,i,,WR,,WR,DET,GB,-146,49,-2.5,25.75,33.3,0,7800,7800,0,19.23,19.23,19.23,21.9,37.1,9,0,0,0,0,2.5,1.2,0,0.2,9.1,9.3,13
15849,Jameson,Williams,Jameson Williams,/football/player/jameson-williams-15849,,&#9881;,open,,i,,WR,,WR,DET,GB,-146,49,-2.5,25.75,24.46,0,4800,4800,0,11.92,11.92,11.92,11.8,24.3,0.9,0,0,0,0,2.5,1.3,0,0.4,5.8,6.2,13
10819,Derrick,Henry,Derrick Henry,/football/player/derrick-henry-10819,,&#9881;,open,,i,,RB,,RB,BAL,CIN,-336,52,-7,29.5,57.84,0,7300,7300,0,18.04,18.04,18.04,14.1,22,4.8,0,0,0,0,2.5,2.6,0,17.6,1.2,18.8,13
13582,Josh,Jacobs,Josh Jacobs,/football/player/josh-jacobs-13582,"&nbsp;<span class=""red upper bold sm-text"">que</span>",&#9881;,open,,i,,RB,,RB,GB,DET,123,49,2.5,23.25,27.51,0,6800,6800,0,16.08,16.08,16.08,18.6,29.8,6.8,0,0,0,0,2.4,2.6,0,14.7,3.2,17.9,13
15946,Christian,Watson,Christian Watson,/football/player/christian-watson-15946,,&#9881;,open,,i,,WR,,WR,GB,DET,123,49,2.5,23.25,16.23,0,4700,4700,0,10.65,10.65,10.65,11.5,18.8,6.2,0,0,0,0,2.3,1.1,0,0,5.2,5.2,13
16027,Romeo,Doubs,Romeo Doubs,/football/player/romeo-doubs-16027,,&#9881;,open,,i,,WR,,WR,GB,DET,123,49,2.5,23.25,14.15,0,4600,4600,0,9.99,9.99,9.99,10.8,24.3,2.2,0,0,0,0,2.2,1.2,0,0,5.5,5.5,13
16934,Chase,Brown,Chase Brown,/football/player/chase-brown-16934,,&#9881;,open,,i,,RB,,RB,CIN,BAL,267,52,7,22.5,24.07,0,6500,6500,0,14,14,14,14,22.9,6.8,0,0,0,0,2.2,2.8,0,14.4,4,18.4,13
15947,Jake,Ferguson,Jake Ferguson,/football/player/jake-ferguson-15947,,&#9881;,open,,i,,TE,,TE,DAL,KC,151,52,3.5,24.25,14.23,0,5100,5100,0,11.39,11.39,11.39,14.5,22.8,3.7,0,0,0,0,2.2,1.2,0,0,6.2,6.2,13
12764,Mike,Gesicki,Mike Gesicki,/football/player/mike-gesicki-12764,,&#9881;,open,,i,,TE,,TE,CIN,BAL,267,52,7,22.5,9.51,0,3100,3100,0,6.68,6.68,6.68,3.2,6.7,0.3,0,0,0,0,2.2,1.2,0,0,3.8,3.8,13
15210,Rashod,Bateman,Rashod Bateman,/football/player/rashod-bateman-15210,"&nbsp;<span class=""red upper bold sm-text"">que</span>",&#9881;,open,,i,,WR,,WR,BAL,CIN,-336,52,-7,29.5,9.14,0,3800,3800,0,7.84,7.84,7.84,5.6,14.2,0,0,0,0,0,2.1,0.9,0,0,3.6,3.6,13
20002,Baltimore,Ravens,Baltimore Ravens,/football/player/baltimore-ravens-20002,,&#9881;,open,,i,,D," <small class=""sm-muted"">(DST)</small>",DST,BAL,CIN,-336,52,-7,29.5,37.12,0,3000,3000,0,6.14,6.14,6.14,0,0,0,0,0,0,0,2.1,0,0,0,0,0,13
20015,Kansas City,Chiefs,Kansas City Chiefs,/football/player/kansas-city-chiefs-20015,,&#9881;,open,,i,,D," <small class=""sm-muted"">(DST)</small>",DST,KC,DAL,-183,52,-3.5,27.75,29.22,0,2800,2800,0,5.73,5.73,5.73,0,0,0,0,0,0,0,2.1,0,0,0,0,0,13
16104,Isiah,Pacheco,Isiah Pacheco,/football/player/isiah-pacheco-16104,,&#9881;,open,,i,,RB,,RB,KC,DAL,-183,52,-3.5,27.75,10.35,0,5000,5000,0,9.78,9.78,9.78,7.9,12.1,4.2,0,0,0,0,2,2.4,0,10.4,1.8,12.2,13
20008,Dallas,Cowboys,Dallas Cowboys,/football/player/dallas-cowboys-20008,,&#9881;,open,,i,,D," <small class=""sm-muted"">(DST)</small>",DST,DAL,KC,151,52,3.5,24.25,12.99,0,2400,2400,0,4.88,4.88,4.88,0,0,0,0,0,0,0,2,0,0,0,0,0,13
16834,Mitchell,Tinsley,Mitchell Tinsley,/football/player/mitchell-tinsley-16834,,&#9881;,open,,i,,WR,,WR,CIN,BAL,267,52,7,22.5,4.01,0,3500,3500,0,6.84,6.84,6.84,2.5,8.7,0,0,0,0,0,2,1.1,0,0,3.8,3.8,13
20011,Green Bay,Packers,Green Bay Packers,/football/player/green-bay-packers-20011,,&#9881;,open,,i,,D," <small class=""sm-muted"">(DST)</small>",DST,GB,DET,123,49,2.5,23.25,15.56,0,2600,2600,0,5.14,5.14,5.14,0,0,0,0,0,0,0,2,0,0,0,0,0,13
16965,Andrei,Iosivas,Andrei Iosivas,/football/player/andrei-iosivas-16965,,&#9881;,open,,i,,WR,,WR,CIN,BAL,267,52,7,22.5,9.52,0,4300,4300,0,8.63,8.63,8.63,6.2,15.2,0.1,0,0,0,0,2,1.1,0,0.1,4.8,4.9,13
11698,Samaje,Perine,Samaje Perine,/football/player/samaje-perine-11698,,&#9881;,open,,i,,RB,,RB,CIN,BAL,267,52,7,22.5,2.95,0,4000,4000,0,7.38,7.38,7.38,4,13.3,0,0,0,0,0,1.9,1.8,0,5.1,2.2,7.3,13
13556,David,Montgomery,David Montgomery,/football/player/david-montgomery-13556,,&#9881;,open,,i,,RB,,RB,DET,GB,-146,49,-2.5,25.75,9.98,0,4800,4800,0,9.11,9.11,9.11,11,26.2,1.7,0,0,0,0,1.9,2.2,0,8.6,1.9,10.5,13
20010,Detroit,Lions,Detroit Lions,/football/player/detroit-lions-20010,,&#9881;,open,,i,,D," <small class=""sm-muted"">(DST)</small>",DST,DET,GB,-146,49,-2.5,25.75,5.11,0,3200,3200,0,5.73,5.73,5.73,0,0,0,0,0,0,0,1.8,0,0,0,0,0,13
13426,Noah,Fant,Noah Fant,/football/player/noah-fant-13426,,&#9881;,open,,i,,TE,,TE,CIN,BAL,267,52,7,22.5,3.38,0,3000,3000,0,4.91,4.91,4.91,6.8,12.7,1.3,0,0,0,0,1.6,0.8,0,0,2.4,2.4,13
16977,Jayden,Reed,Jayden Reed,/football/player/jayden-reed-16977,"&nbsp;<span class=""red upper bold sm-text"">IR-</span>",&#9881;,open,,i,,WR,,WR,GB,DET,123,49,2.5,23.25,0.69,0,4200,4200,0,6.55,6.55,6.55,0,0,0,0,0,0,0,1.6,0.7,0,0.1,3.1,3.1,13
13502,Hollywood,Brown,Hollywood Brown,/football/player/hollywood-brown-13502,,&#9881;,open,,i,,WR,,WR,KC,DAL,-183,52,-3.5,27.75,4.59,0,4000,4000,0,5.97,5.97,5.97,8.7,17.4,1.6,0,0,0,0,1.5,0.8,0,0,3.1,3.2,13
11877,JuJu,Smith-Schuster,JuJu Smith-Schuster,/football/player/juju-smith-schuster-11877,,&#9881;,open,,i,,WR,,WR,KC,DAL,-183,52,-3.5,27.75,3.11,0,3000,3000,0,4.57,4.57,4.57,5.1,11.6,0.4,0,0,0,0,1.5,0.7,0,0,2.2,2.2,13
16663,Luke,Musgrave,Luke Musgrave,/football/player/luke-musgrave-16663,,&#9881;,open,,i,,TE,,TE,GB,DET,123,49,2.5,23.25,2.86,0,2700,2700,0,4.02,4.02,4.02,2.4,5.6,0.1,0,0,0,0,1.5,0.8,0,0,2.2,2.2,13
13894,KaVontae,Turpin,KaVontae Turpin,/football/player/kavontae-turpin-13894,"&nbsp;<span class=""red upper bold sm-text"">que</span>",&#9881;,open,,i,,WR,,WR,DAL,KC,151,52,3.5,24.25,2.24,0,3000,3000,0,4.41,4.41,4.41,5.4,12.8,0.7,0,0,0,0,1.5,0.9,0,1,1.8,2.8,13
11429,Kalif,Raymond,Kalif Raymond,/football/player/kalif-raymond-11429,"&nbsp;<span class=""red upper bold sm-text"">que</span>",&#9881;,open,,i,,WR,,WR,DET,GB,-146,49,-2.5,25.75,1.18,0,3000,3000,0,4.04,4.04,4.04,3.4,8.6,0,0,0,0,0,1.4,0.6,0,0.1,1.9,1.9,13
20006,Cincinnati,Bengals,Cincinnati Bengals,/football/player/cincinnati-bengals-20006,,&#9881;,open,,i,,D," <small class=""sm-muted"">(DST)</small>",DST,CIN,BAL,267,52,7,22.5,0,0,2200,2200,0,3.1,3.1,3.1,0,0,0,0,0,0,0,1.4,0,0,0,0,0,13
8619,DeAndre,Hopkins,DeAndre Hopkins,/football/player/deandre-hopkins-8619,,&#9881;,open,,i,,WR,,WR,BAL,CIN,-336,52,-7,29.5,4.37,0,3300,3300,0,4.36,4.36,4.36,3.9,11.2,0,0,0,0,0,1.3,0.6,0,0,2,2,13
11739,Kareem,Hunt,Kareem Hunt,/football/player/kareem-hunt-11739,,&#9881;,open,,i,,RB,,RB,KC,DAL,-183,52,-3.5,27.75,3.71,0,5300,5300,0,6.54,6.54,6.54,11.3,21.3,2.9,0,0,0,0,1.2,1.2,0,4.8,1.6,6.4,13
16866,Josh,Whyle,Josh Whyle,/football/player/josh-whyle-16866,,&#9881;,open,,i,,TE,,TE,GB,DET,123,49,2.5,23.25,1.52,0,2500,2500,0,3.1,3.1,3.1,2.8,6.9,0,0,0,0,0,1.2,0.6,0,0,1.6,1.6,13
17593,Emanuel,Wilson,Emanuel Wilson,/football/player/emanuel-wilson-17593,,&#9881;,open,,i,,RB,,RB,GB,DET,123,49,2.5,23.25,1.6,0,5800,5800,0,7.14,7.14,7.14,7.5,23,0,0,0,0,0,1.2,1.4,0,6.4,1.7,8.1,13
18529,Brashard,Smith,Brashard Smith,/football/player/brashard-smith-18529,,&#9881;,open,,i,,RB,,RB,KC,DAL,-183,52,-3.5,27.75,1.7,0,4200,4200,0,5.17,5.17,5.17,4.4,10.8,0.3,0,0,0,0,1.2,1.1,0,2.5,2,4.5,13
13427,Justice,Hill,Justice Hill,/football/player/justice-hill-13427,"&nbsp;<span class=""red upper bold sm-text"">que</span>",&#9881;,open,,i,,RB,,RB,BAL,CIN,-336,52,-7,29.5,1.11,0,4000,4000,0,4.22,4.22,4.22,7.3,22.4,0,0,0,0,0,1.1,0.8,0,1.6,1.5,3.1,13
18500,Matthew,Golden,Matthew Golden,/football/player/matthew-golden-18500,"&nbsp;<span class=""red upper bold sm-text"">que</span>",&#9881;,open,,i,,WR,,WR,GB,DET,123,49,2.5,23.25,1.37,0,3900,3900,0,4.23,4.23,4.23,6.7,12.2,1.9,0,0,0,0,1.1,0.6,0,0.3,2.1,2.4,13
17974,Ryan,Flournoy,Ryan Flournoy,/football/player/ryan-flournoy-17974,,&#9881;,open,,i,,WR,,WR,DAL,KC,151,52,3.5,24.25,1.17,0,3200,3200,0,3.4,3.4,3.4,5.5,16.7,0,0,0,0,0,1.1,0.6,0,0,1.8,1.8,13
16810,Keaton,Mitchell,Keaton Mitchell,/football/player/keaton-mitchell-16810,,&#9881;,open,,i,,RB,,RB,BAL,CIN,-336,52,-7,29.5,1.16,0,4500,4500,0,4.59,4.59,4.59,3.3,6.5,0.5,0,0,0,0,1,1.1,0,4.1,0.7,4.7,13
15924,Charlie,Kolar,Charlie Kolar,/football/player/charlie-kolar-15924,,&#9881;,open,,i,,TE,,TE,BAL,CIN,-336,52,-7,29.5,0.65,0,2500,2500,0,2.44,2.44,2.44,2.8,8.4,0,0,0,0,0,1,0.4,0,0,1.1,1.1,13
15831,Tyquan,Thornton,Tyquan Thornton,/football/player/tyquan-thornton-15831,,&#9881;,open,,i,,WR,,WR,KC,DAL,-183,52,-3.5,27.75,1.2,0,3000,3000,0,2.7,2.7,2.7,6.4,15.6,0,0,0,0,0,0.9,0.5,0,0,1.3,1.4,13
16658,Dontayvion,Wicks,Dontayvion Wicks,/football/player/dontayvion-wicks-16658,"&nbsp;<span class=""red upper bold sm-text"">que</span>",&#9881;,open,,i,,WR,,WR,GB,DET,123,49,2.5,23.25,1.15,0,3400,3400,0,3.16,3.16,3.16,4.5,7.7,1.8,0,0,0,0,0.9,0.5,0,0,1.8,1.9,13
13286,Tanner,Hudson,Tanner Hudson,/football/player/tanner-hudson-13286,,&#9881;,open,,i,,TE,,TE,CIN,BAL,267,52,7,22.5,0.68,0,2500,2500,0,2.34,2.34,2.34,3.3,9.1,0,0,0,0,0,0.9,0.5,0,0,1.2,1.2,13
16170,John,FitzPatrick,John FitzPatrick,/football/player/john-fitzpatrick-16170,,&#9881;,open,,i,,TE,,TE,GB,DET,123,49,2.5,23.25,0.83,0,2500,2500,0,2.11,2.11,2.11,1.6,6.8,0,0,0,0,0,0.8,0.4,0,0,1.1,1.1,13
13030,Ross,Dwelley,Ross Dwelley,/football/player/ross-dwelley-13030,,&#9881;,open,,i,,TE,,TE,DET,GB,-146,49,-2.5,25.75,0.49,0,2500,2500,0,1.88,1.88,1.88,0,0,0,0,0,0,0,0.8,0.4,0,0,0.9,0.9,13
17728,Devontez,Walker,Devontez Walker,/football/player/devontez-walker-17728,,&#9881;,open,,i,,WR,,WR,BAL,CIN,-336,52,-7,29.5,0.66,0,3000,3000,0,2.04,2.04,2.04,4.2,13.6,0,0,0,0,0,0.7,0.3,0,0.1,0.8,0.9,13
15310,Tylan,Wallace,Tylan Wallace,/football/player/tylan-wallace-15310,,&#9881;,open,,i,,WR,,WR,BAL,CIN,-336,52,-7,29.5,0.29,0,3000,3000,0,1.84,1.84,1.84,1.5,7.6,0,0,0,0,0,0.6,0.3,0,0.1,0.8,0.9,13
18554,Savion,Williams,Savion Williams,/football/player/savion-williams-18554,"&nbsp;<span class=""red upper bold sm-text"">que</span>",&#9881;,open,,i,,WR,,WR,GB,DET,123,49,2.5,23.25,0.18,0,3000,3000,0,1.9,1.9,1.9,2.5,6.5,0,0,0,0,0,0.6,0.4,0,0.2,0.9,1.1,13
18642,Isaac,TeSlaa,Isaac TeSlaa,/football/player/isaac-teslaa-18642,"&nbsp;<span class=""red upper bold sm-text"">que</span>",&#9881;,open,,i,,WR,,WR,DET,GB,-146,49,-2.5,25.75,0.36,0,3000,3000,0,1.75,1.75,1.75,1.4,6.2,0,0,0,0,0,0.6,0.3,0,0.1,0.9,1,13
15828,Malik,Davis,Malik Davis,/football/player/malik-davis-15828,,&#9881;,open,,i,,RB,,RB,DAL,KC,151,52,3.5,24.25,0.09,0,4000,4000,0,2.37,2.37,2.37,1,2.3,0,0,0,0,0,0.6,0.7,0,2.2,0.5,2.8,13
12389,Robert,Tonyan,Robert Tonyan,/football/player/robert-tonyan-12389,,&#9881;,open,,i,,TE,,TE,KC,DAL,-183,52,-3.5,27.75,0.61,0,2500,2500,0,1.54,1.54,1.54,0.1,0.8,0,0,0,0,0,0.6,0.3,0,0,0.7,0.7,13
16855,Luke,Schoonmaker,Luke Schoonmaker,/football/player/luke-schoonmaker-16855,,&#9881;,open,,i,,TE,,TE,DAL,KC,151,52,3.5,24.25,0.26,0,2500,2500,0,1.24,1.24,1.24,1.4,3.7,0,0,0,0,0,0.5,0.3,0,0,0.7,0.7,13
13809,Drew,Sample,Drew Sample,/football/player/drew-sample-13809,,&#9881;,open,,i,,TE,,TE,CIN,BAL,267,52,7,22.5,0.15,0,2500,2500,0,1.07,1.07,1.07,1.4,7.3,0,0,0,0,0,0.4,0.2,0,0,0.6,0.6,13
16741,Chris,Brooks,Chris Brooks,/football/player/chris-brooks-16741,,&#9881;,open,,i,,RB,,RB,GB,DET,123,49,2.5,23.25,0.06,0,4300,4300,0,1.78,1.78,1.78,1.6,4.7,0,0,0,0,0,0.4,0.4,0,1.1,0.6,1.7,13
17908,Brevyn,Spann-Ford,Brevyn Spann-Ford,/football/player/brevyn-spann-ford-17908,,&#9881;,open,,i,,TE,,TE,DAL,KC,151,52,3.5,24.25,0.02,0,2500,2500,0,0.68,0.68,0.68,1.3,5.5,0,0,0,0,0,0.3,0.1,0,0,0.4,0.4,13
17000,Hunter,Luepke,Hunter Luepke,/football/player/hunter-luepke-17000,,&#9881;,open,,i,,RB,,RB,DAL,KC,151,52,3.5,24.25,1.1,0,4000,4000,0,1.25,1.25,1.25,2.2,7,0,0,0,0,0,0.3,0.2,0,0.4,0.5,1,13
17894,Jared,Wiley,Jared Wiley,/football/player/jared-wiley-17894,,&#9881;,open,,i,,TE,,TE,KC,DAL,-183,52,-3.5,27.75,0.16,0,2500,2500,0,0.39,0.39,0.39,0,0,0,0,0,0,0,0.2,0.1,0,0,0.2,0.2,13
16010,Jalen,Tolbert,Jalen Tolbert,/football/player/jalen-tolbert-16010,,&#9881;,open,,i,,WR,,WR,DAL,KC,151,52,3.5,24.25,0.03,0,3000,3000,0,0.69,0.69,0.69,4,10.7,0,0,0,0,0,0.2,0.1,0,0,0.4,0.4,13
16744,Nikko,Remigio,Nikko Remigio,/football/player/nikko-remigio-16744,,&#9881;,open,,i,,WR,,WR,KC,DAL,-183,52,-3.5,27.75,0,0,3000,3000,0,0.14,0.14,0.14,0.4,2.3,0,0,0,0,0,0.1,0,0,0,0.1,0.1,13
18499,Jaydon,Blue,Jaydon Blue,/football/player/jaydon-blue-18499,,&#9881;,open,,i,,RB,,RB,DAL,KC,151,52,3.5,24.25,0,0,4000,4000,0,0.19,0.19,0.19,2,4.2,0,0,0,0,0,0.1,0.1,0,0.2,0,0.3,13
16937,Jonathan,Mingo,Jonathan Mingo,/football/player/jonathan-mingo-16937,,&#9881;,open,,i,,WR,,WR,DAL,KC,151,52,3.5,24.25,0.02,0,3000,3000,0,0.24,0.24,0.24,0,0,0,0,0,0,0,0.1,0.1,0,0,0.2,0.2,13
16719,Charlie,Jones,Charlie Jones,/football/player/charlie-jones-16719,,&#9881;,open,,i,,WR,,WR,CIN,BAL,267,52,7,22.5,0,0,3000,3000,0,0.21,0.21,0.21,0.6,4.3,0,0,0,0,0,0.1,0,0,0,0.1,0.1,13
12298,Patrick,Ricard,Patrick Ricard,/football/player/patrick-ricard-12298,,&#9881;,open,,i,,RB,,RB,BAL,CIN,-336,52,-7,29.5,1.1,0,4000,4000,0,0.29,0.29,0.29,0.1,0.3,0,0,0,0,0,0.1,0,0,0,0.1,0.2,13
14514,Clyde,Edwards-Helaire,Clyde Edwards-Helaire,/football/player/clyde-edwards-helaire-14514,,&#9881;,open,,i,,RB,,RB,KC,DAL,-183,52,-3.5,27.75,0.06,0,4000,4000,0,0.56,0.56,0.56,2.1,4,0.2,0,0,0,0,0.1,0.1,0,0.4,0.1,0.6,13
13960,Craig,Reynolds,Craig Reynolds,/football/player/craig-reynolds-13960,,&#9881;,open,,i,,RB,,RB,DET,GB,-146,49,-2.5,25.75,0,0,4000,4000,0,0.5,0.5,0.5,0.1,0.3,0,0,0,0,0,0.1,0.2,0,0.7,0.1,0.8,13
5648,Joe,Flacco,Joe Flacco,/football/player/joe-flacco-5648,,&#9881;,open,,i,,QB,,QB,CIN,BAL,267,52,7,22.5,0,0,5000,5000,0,0,0,0,16.7,32.3,4.8,0,0,0,0,0,0,0,0,0,0,13
17760,Sione,Vaki,Sione Vaki,/football/player/sione-vaki-17760,"&nbsp;<span class=""red upper bold sm-text"">que</span>",&#9881;,open,,i,,RB,,RB,DET,GB,-146,49,-2.5,25.75,0,0,4000,4000,0,0.09,0.09,0.09,0.1,0.3,0,0,0,0,0,0,0,0,0.1,0,0.1,13
18948,Kye,Robichaux,Kye Robichaux,/football/player/kye-robichaux-18948,"&nbsp;<span class=""red upper bold sm-text"">IR</span>",&#9881;,open,,i,,RB,,RB,DET,GB,-146,49,-2.5,25.75,0,0,4000,4000,0,0,0,0,0,0,0,0,0,0,0,0,0,0,0,0,0,13
10606,James,Winchester,James Winchester,/football/player/james-winchester-10606,,&#9881;,open,,i,,TE,,TE,KC,DAL,-183,52,-3.5,27.75,0,0,2500,2500,0,0,0,0,0,0,0,0,0,0,0,0,0,0,0,0,0,13
17858,Dominic,Lovett,Dominic Lovett,/football/player/dominic-lovett-17858,,&#9881;,open,,i,,WR,,WR,DET,GB,-146,49,-2.5,25.75,0,0,3000,3000,0,0,0,0,0,0,0,0,0,0,0,0,0,0,0,0,0,13
18519,Tahj,Brooks,Tahj Brooks,/football/player/tahj-brooks-18519,"&nbsp;<span class=""red upper bold sm-text"">Out</span>",&#9881;,open,,i,,RB,,RB,CIN,BAL,267,52,7,22.5,0,0,4000,4000,0,0,0,0,0.3,1.3,0,0,0,0,0,0,0,0,0,0,0,13
19055,William,Wagner,William Wagner,/football/player/william-wagner-19055,,&#9881;,open,,i,,TE,,TE,CIN,BAL,267,52,7,22.5,0,0,2500,2500,0,0,0,0,0,0,0,0,0,0,0,0,0,0,0,0,0,13
17795,MarShawn,Lloyd,MarShawn Lloyd,/football/player/marshawn-lloyd-17795,"&nbsp;<span class=""red upper bold sm-text"">IR-</span>",&#9881;,open,,i,,RB,,RB,GB,DET,123,49,2.5,23.25,0,0,4000,4000,0,0,0,0,0,0,0,0,0,0,0,0,0,0,0,0,0,13
18567,LaJohntay,Wester,LaJohntay Wester,/football/player/lajohntay-wester-18567,,&#9881;,open,,i,,WR,,WR,BAL,CIN,-336,52,-7,29.5,0.01,0,3000,3000,0,0.06,0.06,0.06,-0.1,0.1,0,0,0,0,0,0,0,0,0,0,0,13
15459,Noah,Gray,Noah Gray,/football/player/noah-gray-15459,"&nbsp;<span class=""red upper bold sm-text"">que</span>",&#9881;,open,,i,,TE,,TE,KC,DAL,-183,52,-3.5,27.75,0,0,2500,2500,0,0,0,0,2.8,5.2,0.4,0,0,0,0,0,0,0,0,0,0,13
15379,Elijah,Mitchell,Elijah Mitchell,/football/player/elijah-mitchell-15379,,&#9881;,open,,i,,RB,,RB,KC,DAL,-183,52,-3.5,27.75,0,0,4000,4000,0,0,0,0,0,0,0,0,0,0,0,0,0,0,0,0,0,13
15701,Shane,Zylstra,Shane Zylstra,/football/player/shane-zylstra-15701,"&nbsp;<span class=""red upper bold sm-text"">IR</span>",&#9881;,open,,i,,TE,,TE,DET,GB,-146,49,-2.5,25.75,0,0,2500,2500,0,0,0,0,0,0,0,0,0,0,0,0,0,0,0,0,0,13
18531,Phil,Mafah,Phil Mafah,/football/player/phil-mafah-18531,"&nbsp;<span class=""red upper bold sm-text"">IR</span>",&#9881;,open,,i,,RB,,RB,DAL,KC,151,52,3.5,24.25,0,0,4000,4000,0,0,0,0,0,0,0,0,0,0,0,0,0,0,0,0,0,13
13504,Jake,Browning,Jake Browning,/football/player/jake-browning-13504,,&#9881;,open,,i,,QB,,QB,CIN,BAL,267,52,7,22.5,0,0,4000,4000,0,0,0,0,11.4,21.5,1.2,0,0,0,0,0,0,0,0,0,0,13
18550,Jalen,Royals,Jalen Royals,/football/player/jalen-royals-18550,,&#9881;,open,,i,,WR,,WR,KC,DAL,-183,52,-3.5,27.75,0,0,3000,3000,0,0.07,0.07,0.07,0,0,0,0,0,0,0,0,0,0,0,0,0,13
11841,Cooper,Rush,Cooper Rush,/football/player/cooper-rush-11841,,&#9881;,open,,i,,QB,,QB,BAL,CIN,-336,52,-7,29.5,0,0,4000,4000,0,0,0,0,1.7,3.9,0,0,0,0,0,0,0,0,0,0,0,13
12623,Kyle,Allen,Kyle Allen,/football/player/kyle-allen-12623,,&#9881;,open,,i,,QB,,QB,DET,GB,-146,49,-2.5,25.75,0,0,4000,4000,0,0,0,0,-0.1,0,0,0,0,0,0,0,0,0,0,0,0,13
18127,Dayton,Wade,Dayton Wade,/football/player/dayton-wade-18127,"&nbsp;<span class=""red upper bold sm-text"">IR</span>",&#9881;,open,,i,,WR,,WR,BAL,CIN,-336,52,-7,29.5,0,0,3000,3000,0,0,0,0,0,0,0,0,0,0,0,0,0,0,0,0,0,13
15872,Malik,Willis,Malik Willis,/football/player/malik-willis-15872,,&#9881;,open,,i,,QB,,QB,GB,DET,123,49,2.5,23.25,0,0,4000,4000,0,0,0,0,3.2,6.4,0,0,0,0,0,0,0,0,0,0,0,13
17184,Malik,Heath,Malik Heath,/football/player/malik-heath-17184,,&#9881;,open,,i,,WR,,WR,GB,DET,123,49,2.5,23.25,0.01,0,3000,3000,0,0.06,0.06,0.06,1.6,4.9,0,0,0,0,0,0,0,0,0,0,0,13
13521,Miles,Sanders,Miles Sanders,/football/player/miles-sanders-13521,"&nbsp;<span class=""red upper bold sm-text"">IR</span>",&#9881;,open,,i,,RB,,RB,DAL,KC,151,52,3.5,24.25,0,0,4000,4000,0,0,0,0,7.6,10.1,4.7,0,0,0,0,0,0,0,0,0,0,13
16649,Tucker,Kraft,Tucker Kraft,/football/player/tucker-kraft-16649,"&nbsp;<span class=""red upper bold sm-text"">IR</span>",&#9881;,open,,i,,TE,,TE,GB,DET,123,49,2.5,23.25,0,0,2500,2500,0,0,0,0,16.2,32.1,4.2,0,0,0,0,0,0,0,0,0,0,13
15847,Keaontay,Ingram,Keaontay Ingram,/football/player/keaontay-ingram-15847,"&nbsp;<span class=""red upper bold sm-text"">IR</span>",&#9881;,open,,i,,RB,,RB,KC,DAL,-183,52,-3.5,27.75,0,0,4000,4000,0,0,0,0,0,0,0,0,0,0,0,0,0,0,0,0,0,13
14506,Tee,Higgins,Tee Higgins,/football/player/tee-higgins-14506,"&nbsp;<span class=""red upper bold sm-text"">Out</span>",&#9881;,open,,i,,WR,,WR,CIN,BAL,267,52,7,22.5,0,0,6000,6000,0,0,0,0,13.6,28.3,3.6,0,0,0,0,0,0,0,0,0,0,13
17033,Sam,LaPorta,Sam LaPorta,/football/player/sam-laporta-17033,"&nbsp;<span class=""red upper bold sm-text"">IR</span>",&#9881;,open,,i,,TE,,TE,DET,GB,-146,49,-2.5,25.75,0,0,2500,2500,0,0,0,0,11.6,20.1,4.6,0,0,0,0,0,0,0,0,0,0,13
13741,Gardner,Minshew,Gardner Minshew,/football/player/gardner-minshew-13741,,&#9881;,open,,i,,QB,,QB,KC,DAL,-183,52,-3.5,27.75,0,0,4000,4000,0,0,0,0,-0.3,0,0,0,0,0,0,0,0,0,0,0,0,13
17584,Jacob,Saylors,Jacob Saylors,/football/player/jacob-saylors-17584,"&nbsp;<span class=""red upper bold sm-text"">que</span>",&#9881;,open,,i,,RB,,RB,DET,GB,-146,49,-2.5,25.75,0,0,4000,4000,0,0,0,0,0.1,0.8,0,0,0,0,0,0,0,0,0,0,0,13
14563,Tyler,Huntley,Tyler Huntley,/football/player/tyler-huntley-14563,,&#9881;,open,,i,,QB,,QB,BAL,CIN,-336,52,-7,29.5,0,0,4000,4000,0,0,0,0,11.7,17.8,5.6,0,0,0,0,0,0,0,0,0,0,13
17830,Joe,Milton,Joe Milton,/football/player/joe-milton-17830,,&#9881;,open,,i,,QB,,QB,DAL,KC,151,52,3.5,24.25,0,0,4000,4000,0,0,0,0,3.5,6.9,0.1,0,0,0,0,0,0,0,0,0,0,13
17738,Jermaine,Burton,Jermaine Burton,/football/player/jermaine-burton-17738,,&#9881;,open,,i,,WR,,WR,CIN,BAL,267,52,7,22.5,0,0,3000,3000,0,0.05,0.05,0.05,0,0,0,0,0,0,0,0,0,0,0,0,0,13
17696,Erick,All,Erick All,/football/player/erick-all-17696,"&nbsp;<span class=""red upper bold sm-text"">PUP</span>",&#9881;,open,,i,,TE,,TE,CIN,BAL,267,52,7,22.5,0,0,2500,2500,0,0,0,0,0,0,0,0,0,0,0,0,0,0,0,0,0,13
18284,Cam,Grandy,Cam Grandy,/football/player/cam-grandy-18284,,&#9881;,open,,i,,TE,,TE,CIN,BAL,267,52,7,22.5,0,0,2500,2500,0,0.07,0.07,0.07,0.5,1.5,0,0,0,0,0,0,0,0,0,0,0,13
17026,Rasheen,Ali,Rasheen Ali,/football/player/rasheen-ali-17026,,&#9881;,open,,i,,RB,,RB,BAL,CIN,-336,52,-7,29.5,0,0,4000,4000,0,0.03,0.03,0.03,0.3,1.9,0,0,0,0,0,0,0,0,0,0,0,13
18542,Jake,Briningstool,Jake Briningstool,/football/player/jake-briningstool-18542,"&nbsp;<span class=""red upper bold sm-text"">IR-</span>",&#9881;,open,,i,,TE,,TE,KC,DAL,-183,52,-3.5,27.75,0,0,2500,2500,0,0,0,0,0,0,0,0,0,0,0,0,0,0,0,0,0,13