id,first_name,last_name,player,URL,injury,actions,actions_trigger,lock,exclude,like,position,real_position,actual_position,team,opponent,money_line,over_under,point_spread,team_points,ownership,multiplier,salary,salary_original,salary_custom,proj_points,proj_rotowire,proj_original,proj_avg,proj_ceiling,proj_floor,proj_third_party_one,proj_third_party_two,proj_third_party_three,proj_custom,value,dfsopp,pa,ra,targets,touches,week
18574,Jaxson,Dart,Jaxson Dart,/football/player/jaxson-dart-18574,,&#9881;,open,,i,,QB,,QB,NYG,CHI,157,47.50,3.50,22.00,18.14,0,5700,5700,0,21.91,21.91,21.91,17.3,29.0,2.8,0,0,0,0,3.8,6.4,30.6,5.9,0.0,5.9,10
12561,Lamar,Jackson,Lamar Jackson,/football/player/lamar-jackson-12561,,&#9881;,open,,i,,QB,,QB,BAL,MIN,-222,49.00,-4.00,26.50,15.03,0,6800,6800,0,23.67,23.67,23.67,22.9,28.4,14.4,0,0,0,0,3.5,5.1,27.7,7.1,0.0,7.1,10
15416,Justin,Fields,Justin Fields,/football/player/justin-fields-15416,,&#9881;,open,,i,,QB,,QB,NYJ,CLE,119,37.50,2.50,17.50,4.16,0,5200,5200,0,18.32,18.32,18.32,14.1,25.5,3.7,0,0,0,0,3.5,6.9,29.1,6.7,0.0,6.7,10
10729,Jared,Goff,Jared Goff,/football/player/jared-goff-10729,,&#9881;,open,,i,,QB,,QB,DET,WAS,-479,49.50,-8.50,29.00,5.43,0,5900,5900,0,19.85,19.85,19.85,19.0,32.3,11.4,0,0,0,0,3.4,5.6,31.1,1.8,0.0,1.8,10
10074,Marcus,Mariota,Marcus Mariota,/football/player/marcus-mariota-10074,,&#9881;,open,,i,,QB,,QB,WAS,DET,359,49.50,8.50,20.50,3.16,0,5300,5300,0,17.79,17.79,17.79,11.4,20.7,1.3,0,0,0,0,3.4,6.6,30.5,4.6,0.0,4.6,10
14465,Tua,Tagovailoa,Tua Tagovailoa,/football/player/tua-tagovailoa-14465,,&#9881;,open,,i,,QB,,QB,MIA,BUF,382,50.00,9.50,20.25,2.22,0,4800,4800,0,16.24,16.24,16.24,15.0,23.6,4.3,0,0,0,0,3.4,6.9,31.7,1.5,0.0,1.5,10
12483,Josh,Allen,Josh Allen,/football/player/josh-allen-12483,,&#9881;,open,,i,,QB,,QB,BUF,MIA,-526,50.00,-9.50,29.75,15.13,0,7000,7000,0,23.90,23.90,23.90,21.7,28.0,13.9,0,0,0,0,3.4,5.3,31.2,6.1,0.0,6.1,10
13491,Daniel,Jones,Daniel Jones,/football/player/daniel-jones-13491,,&#9881;,open,,i,,QB,,QB,IND,ATL,-283,48.50,-6.50,27.50,5.73,0,6100,6100,0,19.98,19.98,19.98,20.2,25.4,14.0,0,0,0,0,3.3,6.0,30.6,6.3,0.0,6.3,10
17037,Tyler,Shough,Tyler Shough,/football/player/tyler-shough-17037,,&#9881;,open,,i,,QB,,QB,NO,CAR,203,39.50,5.50,17.00,1.48,0,4300,4300,0,14.40,14.40,14.40,5.2,10.3,0.0,0,0,0,0,3.3,8.2,32.4,2.7,0.0,2.7,10
12619,Baker,Mayfield,Baker Mayfield,/football/player/baker-mayfield-12619,,&#9881;,open,,i,,QB,,QB,TB,NE,-142,48.50,-2.50,25.50,4.50,0,6200,6200,0,19.91,19.91,19.91,17.7,27.5,7.6,0,0,0,0,3.2,5.9,33.0,3.5,0.0,3.5,10
16886,C.J.,Stroud,C.J. Stroud,/football/player/cj-stroud-16886,"&nbsp;<span class=""red upper bold sm-text"">que</span>",&#9881;,open,,i,,QB,,QB,HOU,JAX,-120,38.00,-1.50,19.75,0.07,0,5000,5000,0,16.20,16.20,16.20,17.0,27.0,6.6,0,0,0,0,3.2,6.9,32.0,2.7,0.0,2.7,10
15357,Trevor,Lawrence,Trevor Lawrence,/football/player/trevor-lawrence-15357,,&#9881;,open,,i,,QB,,QB,JAX,HOU,100,38.00,1.50,18.25,1.56,0,5100,5100,0,16.43,16.43,16.43,18.4,26.6,10.3,0,0,0,0,3.2,7.3,33.5,4.0,0.0,4.0,10
15834,Brock,Purdy,Brock Purdy,/football/player/brock-purdy-15834,"&nbsp;<span class=""red upper bold sm-text"">que</span>",&#9881;,open,,i,,QB,,QB,SF,LAR,174,49.50,4.00,22.75,0.27,0,5500,5500,0,17.71,17.71,17.71,23.7,23.7,23.7,0,0,0,0,3.2,6.3,31.3,3.2,0.0,3.2,10
18496,Dillon,Gabriel,Dillon Gabriel,/football/player/dillon-gabriel-18496,,&#9881;,open,,i,,QB,,QB,CLE,NYJ,-142,37.50,-2.50,20.00,0.33,0,4400,4400,0,14.21,14.21,14.21,8.2,15.1,1.1,0,0,0,0,3.2,7.7,31.8,2.1,0.0,2.1,10
11892,George,Kittle,George Kittle,/football/player/george-kittle-11892,,&#9881;,open,,i,,TE,,TE,SF,LAR,174,49.50,4.00,22.75,5.60,0,4500,4500,0,14.25,14.25,14.25,7.1,14.3,0.0,0,0,0,0,3.2,1.4,0.0,0.0,6.1,6.1,10
17673,Drake,Maye,Drake Maye,/football/player/drake-maye-17673,,&#9881;,open,,i,,QB,,QB,NE,TB,119,48.50,2.50,23.00,4.94,0,6400,6400,0,20.33,20.33,20.33,22.1,27.2,14.6,0,0,0,0,3.2,5.8,31.3,5.8,0.0,5.8,10
16995,Bo,Nix,Bo Nix,/football/player/bo-nix-16995,,&#9881;,open,,i,,QB,,QB,DEN,LV,-511,42.50,-9.50,26.00,3.93,0,6200,6200,0,19.54,19.54,19.54,22.5,35.7,13.5,0,0,0,0,3.2,6.0,32.2,5.3,0.0,5.3,10
8743,Geno,Smith,Geno Smith,/football/player/geno-smith-8743,,&#9881;,open,,i,,QB,,QB,LV,DEN,375,42.50,9.50,16.50,0.92,0,4900,4900,0,15.48,15.48,15.48,13.2,25.1,3.2,0,0,0,0,3.2,7.2,32.8,2.5,0.0,2.5,10
17689,J.J.,McCarthy,J.J. McCarthy,/football/player/jj-mccarthy-17689,,&#9881;,open,,i,,QB,,QB,MIN,BAL,182,49.00,4.00,22.50,1.46,0,4900,4900,0,15.11,15.11,15.11,12.9,21.4,4.4,0,0,0,0,3.1,7.3,31.9,3.9,0.0,3.9,10
17700,Michael,Penix,Michael Penix,/football/player/michael-penix-17700,,&#9881;,open,,i,,QB,,QB,ATL,IND,229,48.50,6.50,21.00,0.83,0,4800,4800,0,14.68,14.68,14.68,14.1,22.3,5.8,0,0,0,0,3.1,7.1,31.3,2.8,0.0,2.8,10
14416,Jalen,Hurts,Jalen Hurts,/football/player/jalen-hurts-14416,,&#9881;,open,,i,,QB,,QB,PHI,GB,115,45.00,2.50,21.25,3.37,0,6700,6700,0,20.91,20.91,20.91,22.1,29.1,13.8,0,0,0,0,3.1,5.4,28.6,7.6,0.0,7.6,10
16790,Puka,Nacua,Puka Nacua,/football/player/puka-nacua-16790,"&nbsp;<span class=""red upper bold sm-text"">que</span>",&#9881;,open,,i,,WR,,WR,LAR,SF,-212,49.50,-4.00,26.75,15.88,0,8700,8700,0,26.77,26.77,26.77,24.1,37.1,8.9,0,0,0,0,3.1,1.4,0.0,0.7,11.3,12.0,10
4307,Aaron,Rodgers,Aaron Rodgers,/football/player/aaron-rodgers-4307,,&#9881;,open,,i,,QB,,QB,PIT,LAC,129,45.00,3.00,21.00,0.60,0,5500,5500,0,16.35,16.35,16.35,15.6,22.3,11.6,0,0,0,0,3.0,5.9,30.9,1.8,0.0,1.8,10
12490,Sam,Darnold,Sam Darnold,/football/player/sam-darnold-12490,,&#9881;,open,,i,,QB,,QB,SEA,ARI,-315,45.00,-6.50,25.75,1.35,0,5800,5800,0,17.53,17.53,17.53,20.6,30.1,11.6,0,0,0,0,3.0,5.7,31.0,2.3,0.0,2.3,10
17033,Sam,LaPorta,Sam LaPorta,/football/player/sam-laporta-17033,,&#9881;,open,,i,,TE,,TE,DET,WAS,-479,49.50,-8.50,29.00,5.12,0,4400,4400,0,13.05,13.05,13.05,11.8,20.5,4.5,0,0,0,0,3.0,1.4,0.0,0.0,6.0,6.0,10
10919,Jacoby,Brissett,Jacoby Brissett,/football/player/jacoby-brissett-10919,,&#9881;,open,,i,,QB,,QB,ARI,SEA,251,45.00,6.50,19.25,0.92,0,4600,4600,0,13.98,13.98,13.98,14.1,25.9,0.6,0,0,0,0,3.0,7.9,32.8,3.4,0.0,3.4,10
16654,Jaxon,Smith-Njigba,Jaxon Smith-Njigba,/football/player/jaxon-smith-njigba-16654,,&#9881;,open,,i,,WR,,WR,SEA,ARI,-315,45.00,-6.50,25.75,13.54,0,8600,8600,0,26.12,26.12,26.12,24.7,32.4,15.4,0,0,0,0,3.0,1.3,0.0,0.4,10.8,11.2,10
14630,Juwan,Johnson,Juwan Johnson,/football/player/juwan-johnson-14630,,&#9881;,open,,i,,TE,,TE,NO,CAR,203,39.50,5.50,17.00,4.22,0,3700,3700,0,10.66,10.66,10.66,9.3,15.0,3.5,0,0,0,0,2.9,1.6,0.0,0.0,6.0,6.0,10
10735,Hunter,Henry,Hunter Henry,/football/player/hunter-henry-10735,,&#9881;,open,,i,,TE,,TE,NE,TB,119,48.50,2.50,23.00,4.54,0,3500,3500,0,10.26,10.26,10.26,9.9,23.6,1.8,0,0,0,0,2.9,1.5,0.0,0.0,5.3,5.3,10
16807,Bryce,Young,Bryce Young,/football/player/bryce-young-16807,,&#9881;,open,,i,,QB,,QB,CAR,NO,-252,39.50,-5.50,22.50,0.50,0,5400,5400,0,15.72,15.72,15.72,13.8,23.7,5.3,0,0,0,0,2.9,6.4,30.6,3.8,0.0,3.8,10
14371,Jordan,Love,Jordan Love,/football/player/jordan-love-14371,,&#9881;,open,,i,,QB,,QB,GB,PHI,-137,45.00,-2.50,23.75,0.69,0,5800,5800,0,16.76,16.76,16.76,19.1,29.6,10.2,0,0,0,0,2.9,5.6,29.6,3.0,0.0,3.0,10
13610,T.J.,Hockenson,T.J. Hockenson,/football/player/tj-hockenson-13610,,&#9881;,open,,i,,TE,,TE,MIN,BAL,182,49.00,4.00,22.50,3.83,0,3300,3300,0,9.41,9.41,9.41,8.5,14.4,3.2,0,0,0,0,2.8,1.8,0.0,0.0,5.8,5.8,10
14657,Rico,Dowdle,Rico Dowdle,/football/player/rico-dowdle-14657,,&#9881;,open,,i,,RB,,RB,CAR,NO,-252,39.50,-5.50,22.50,15.20,0,6300,6300,0,17.56,17.56,17.56,17.1,34.4,2.7,0,0,0,0,2.8,3.3,0.0,17.2,3.4,20.6,10
12559,Mark,Andrews,Mark Andrews,/football/player/mark-andrews-12559,,&#9881;,open,,i,,TE,,TE,BAL,MIN,-222,49.00,-4.00,26.50,4.10,0,3400,3400,0,9.60,9.60,9.60,10.3,23.1,1.5,0,0,0,0,2.8,1.2,0.0,0.1,3.9,4.0,10
14446,Justin,Herbert,Justin Herbert,/football/player/justin-herbert-14446,,&#9881;,open,,i,,QB,,QB,LAC,PIT,-154,45.00,-3.00,24.00,1.66,0,6600,6600,0,18.84,18.84,18.84,21.7,30.8,13.6,0,0,0,0,2.8,5.7,33.9,3.6,0.0,3.6,10
17695,Caleb,Williams,Caleb Williams,/football/player/caleb-williams-17695,,&#9881;,open,,i,,QB,,QB,CHI,NYG,-192,47.50,-3.50,25.50,0.96,0,6000,6000,0,16.87,16.87,16.87,19.6,34.7,7.1,0,0,0,0,2.8,5.9,30.3,4.9,0.0,4.9,10
5971,Matthew,Stafford,Matthew Stafford,/football/player/matthew-stafford-5971,,&#9881;,open,,i,,QB,,QB,LAR,SF,-212,49.50,-4.00,26.75,0.67,0,6500,6500,0,17.66,17.66,17.66,22.5,30.4,12.5,0,0,0,0,2.7,5.3,32.5,1.8,0.0,1.8,10
17693,Brock,Bowers,Brock Bowers,/football/player/brock-bowers-17693,,&#9881;,open,,i,,TE,,TE,LV,DEN,375,42.50,9.50,16.50,5.30,0,5900,5900,0,15.74,15.74,15.74,18.1,41.6,3.6,0,0,0,0,2.7,1.4,0.0,0.2,8.4,8.5,10
15838,Wan'Dale,Robinson,Wan'Dale Robinson,/football/player/wandale-robinson-15838,,&#9881;,open,,i,,WR,,WR,NYG,CHI,157,47.50,3.50,22.00,9.56,0,5300,5300,0,14.45,14.45,14.45,13.1,26.8,3.7,0,0,0,0,2.7,1.5,0.0,0.4,7.6,8.0,10
11690,Christian,McCaffrey,Christian McCaffrey,/football/player/christian-mccaffrey-11690,,&#9881;,open,,i,,RB,,RB,SF,LAR,174,49.50,4.00,22.75,18.41,0,9000,9000,0,23.97,23.97,23.97,26.8,39.3,13.4,0,0,0,0,2.7,2.8,0.0,18.1,7.0,25.1,10
16661,De'Von,Achane,De'Von Achane,/football/player/devon-achane-16661,,&#9881;,open,,i,,RB,,RB,MIA,BUF,382,50.00,9.50,20.25,14.19,0,7400,7400,0,19.85,19.85,19.85,19.9,30.4,12.9,0,0,0,0,2.7,2.5,0.0,12.0,6.3,18.3,10
15902,Trey,McBride,Trey McBride,/football/player/trey-mcbride-15902,,&#9881;,open,,i,,TE,,TE,ARI,SEA,251,45.00,6.50,19.25,5.25,0,6000,6000,0,15.88,15.88,15.88,16.8,26.5,9.6,0,0,0,0,2.7,1.5,0.0,0.1,8.9,9.1,10
15829,Garrett,Wilson,Garrett Wilson,/football/player/garrett-wilson-15829,"&nbsp;<span class=""red upper bold sm-text"">que</span>",&#9881;,open,,i,,WR,,WR,NYJ,CLE,119,37.50,2.50,17.50,7.82,0,6100,6100,0,16.38,16.38,16.38,15.4,24.1,5.7,0,0,0,0,2.7,1.6,0.0,0.5,9.5,10.0,10
15984,Jaylen,Warren,Jaylen Warren,/football/player/jaylen-warren-15984,,&#9881;,open,,i,,RB,,RB,PIT,LAC,129,45.00,3.00,21.00,11.23,0,5800,5800,0,15.58,15.58,15.58,14.6,21.5,8.7,0,0,0,0,2.7,3.0,0.0,14.2,3.2,17.4,10
16808,Jahmyr,Gibbs,Jahmyr Gibbs,/football/player/jahmyr-gibbs-16808,,&#9881;,open,,i,,RB,,RB,DET,WAS,-479,49.50,-8.50,29.00,14.78,0,8000,8000,0,21.50,21.50,21.50,19.1,35.3,6.7,0,0,0,0,2.7,2.4,0.0,14.8,4.2,19.0,10
16919,Zay,Flowers,Zay Flowers,/football/player/zay-flowers-16919,,&#9881;,open,,i,,WR,,WR,BAL,MIN,-222,49.00,-4.00,26.50,9.79,0,5900,5900,0,15.06,15.06,15.06,11.4,15.2,5.3,0,0,0,0,2.6,1.3,0.0,0.6,7.4,7.9,10
11734,David,Njoku,David Njoku,/football/player/david-njoku-11734,,&#9881;,open,,i,,TE,,TE,CLE,NYJ,-142,37.50,-2.50,20.00,2.80,0,3200,3200,0,8.24,8.24,8.24,9.7,17.0,3.6,0,0,0,0,2.6,1.6,0.0,0.0,5.1,5.1,10
20007,Cleveland,Browns,Cleveland Browns,/football/player/cleveland-browns-20007,,&#9881;,open,,i,,D," <small class=""sm-muted"">(DST)</small>",DST,CLE,NYJ,-142,37.50,-2.50,20.00,30.55,0,2900,2900,0,7.44,7.44,7.44,0.0,0.0,0.0,0,0,0,0,2.6,0.0,0.0,0.0,0.0,0.0,10
18534,Tyler,Warren,Tyler Warren,/football/player/tyler-warren-18534,,&#9881;,open,,i,,TE,,TE,IND,ATL,-283,48.50,-6.50,27.50,4.54,0,5400,5400,0,13.99,13.99,13.99,12.9,18.0,7.5,0,0,0,0,2.6,1.3,0.0,0.4,6.8,7.2,10
15332,Amon-Ra,St. Brown,Amon-Ra St. Brown,/football/player/amon-ra-st-brown-15332,,&#9881;,open,,i,,WR,,WR,DET,WAS,-479,49.50,-8.50,29.00,13.17,0,8400,8400,0,21.52,21.52,21.52,23.3,37.3,13.9,0,0,0,0,2.6,1.1,0.0,0.2,9.1,9.3,10
11807,Jonnu,Smith,Jonnu Smith,/football/player/jonnu-smith-11807,,&#9881;,open,,i,,TE,,TE,PIT,LAC,129,45.00,3.00,21.00,2.72,0,3100,3100,0,8.16,8.16,8.16,5.9,10.3,2.8,0,0,0,0,2.6,1.4,0.0,0.2,4.0,4.2,10
12514,Dalton,Schultz,Dalton Schultz,/football/player/dalton-schultz-12514,,&#9881;,open,,i,,TE,,TE,HOU,JAX,-120,38.00,-1.50,19.75,3.22,0,3600,3600,0,9.42,9.42,9.42,10.1,16.9,4.8,0,0,0,0,2.6,1.5,0.0,0.0,5.3,5.3,10
20014,Jacksonville,Jaguars,Jacksonville Jaguars,/football/player/jacksonville-jaguars-20014,,&#9881;,open,,i,,D," <small class=""sm-muted"">(DST)</small>",DST,JAX,HOU,100,38.00,1.50,18.25,11.50,0,2600,2600,0,6.69,6.69,6.69,0.0,0.0,0.0,0,0,0,0,2.6,0.0,0.0,0.0,0.0,0.0,10
18535,Mason,Taylor,Mason Taylor,/football/player/mason-taylor-18535,,&#9881;,open,,i,,TE,,TE,NYJ,CLE,119,37.50,2.50,17.50,3.37,0,3200,3200,0,8.44,8.44,8.44,8.0,14.8,1.7,0,0,0,0,2.6,1.7,0.0,0.0,5.3,5.3,10
15895,Chris,Olave,Chris Olave,/football/player/chris-olave-15895,,&#9881;,open,,i,,WR,,WR,NO,CAR,203,39.50,5.50,17.00,6.96,0,6200,6200,0,15.20,15.20,15.20,14.4,23.4,8.8,0,0,0,0,2.5,1.5,0.0,0.1,9.4,9.4,10
17021,Theo,Johnson,Theo Johnson,/football/player/theo-johnson-17021,,&#9881;,open,,i,,TE,,TE,NYG,CHI,157,47.50,3.50,22.00,3.27,0,3800,3800,0,9.32,9.32,9.32,9.8,18.8,2.7,0,0,0,0,2.5,1.3,0.0,0.0,4.9,4.9,10
10133,Stefon,Diggs,Stefon Diggs,/football/player/stefon-diggs-10133,,&#9881;,open,,i,,WR,,WR,NE,TB,119,48.50,2.50,23.00,7.45,0,5800,5800,0,14.41,14.41,14.41,12.8,24.0,5.2,0,0,0,0,2.5,1.2,0.0,0.1,6.9,7.0,10
13432,A.J.,Brown,A.J. Brown,/football/player/aj-brown-13432,"&nbsp;<span class=""red upper bold sm-text"">que</span>",&#9881;,open,,i,,WR,,WR,PHI,GB,115,45.00,2.50,21.25,6.87,0,6100,6100,0,15.04,15.04,15.04,15.1,28.7,3.4,0,0,0,0,2.5,1.2,0.0,0.0,7.5,7.5,10
15406,DeVonta,Smith,DeVonta Smith,/football/player/devonta-smith-15406,,&#9881;,open,,i,,WR,,WR,PHI,GB,115,45.00,2.50,21.25,6.73,0,6000,6000,0,14.74,14.74,14.74,16.6,31.8,5.4,0,0,0,0,2.5,1.2,0.0,0.1,6.9,7.0,10
13522,Darius,Slayton,Darius Slayton,/football/player/darius-slayton-13522,,&#9881;,open,,i,,WR,,WR,NYG,CHI,157,47.50,3.50,22.00,5.70,0,4300,4300,0,10.76,10.76,10.76,7.2,10.4,4.7,0,0,0,0,2.5,1.4,0.0,0.0,5.8,5.9,10
15807,Kyren,Williams,Kyren Williams,/football/player/kyren-williams-15807,,&#9881;,open,,i,,RB,,RB,LAR,SF,-212,49.50,-4.00,26.75,9.87,0,6600,6600,0,16.38,16.38,16.38,16.9,28.6,8.6,0,0,0,0,2.5,2.9,0.0,16.5,2.7,19.2,10
13429,Deebo,Samuel,Deebo Samuel,/football/player/deebo-samuel-13429,,&#9881;,open,,i,,WR,,WR,WAS,DET,359,49.50,8.50,20.50,7.53,0,5600,5600,0,13.96,13.96,13.96,12.1,21.9,4.1,0,0,0,0,2.5,1.6,0.0,1.5,7.5,9.0,10
12860,Dallas,Goedert,Dallas Goedert,/football/player/dallas-goedert-12860,,&#9881;,open,,i,,TE,,TE,PHI,GB,115,45.00,2.50,21.25,3.35,0,4700,4700,0,11.17,11.17,11.17,15.4,26.5,5.8,0,0,0,0,2.4,1.1,0.0,0.0,5.2,5.2,10
17674,Marvin,Harrison,Marvin Harrison,/football/player/marvin-harrison-17674,,&#9881;,open,,i,,WR,,WR,ARI,SEA,251,45.00,6.50,19.25,6.07,0,5300,5300,0,12.71,12.71,12.71,11.4,20.5,4.6,0,0,0,0,2.4,1.4,0.0,0.1,7.2,7.3,10
15892,Khalil,Shakir,Khalil Shakir,/football/player/khalil-shakir-15892,,&#9881;,open,,i,,WR,,WR,BUF,MIA,-526,50.00,-9.50,29.75,7.22,0,5100,5100,0,12.35,12.35,12.35,12.0,19.6,3.9,0,0,0,0,2.4,1.2,0.0,0.1,6.1,6.2,10
18481,Oronde,Gadsden,Oronde Gadsden,/football/player/oronde-gadsden-18481,,&#9881;,open,,i,,TE,,TE,LAC,PIT,-154,45.00,-3.00,24.00,3.70,0,5100,5100,0,12.11,12.11,12.11,13.0,27.8,2.6,0,0,0,0,2.4,1.1,0.0,0.0,5.8,5.9,10
20012,Houston,Texans,Houston Texans,/football/player/houston-texans-20012,,&#9881;,open,,i,,D," <small class=""sm-muted"">(DST)</small>",DST,HOU,JAX,-120,38.00,-1.50,19.75,11.72,0,3100,3100,0,7.40,7.40,7.40,0.0,0.0,0.0,0,0,0,0,2.4,0.0,0.0,0.0,0.0,0.0,10
15200,Nico,Collins,Nico Collins,/football/player/nico-collins-15200,,&#9881;,open,,i,,WR,,WR,HOU,JAX,-120,38.00,-1.50,19.75,6.80,0,6700,6700,0,15.81,15.81,15.81,15.0,23.9,7.6,0,0,0,0,2.4,1.3,0.0,0.1,8.3,8.4,10
8781,Zach,Ertz,Zach Ertz,/football/player/zach-ertz-8781,,&#9881;,open,,i,,TE,,TE,WAS,DET,359,49.50,8.50,20.50,2.78,0,4000,4000,0,9.66,9.66,9.66,9.1,16.9,1.4,0,0,0,0,2.4,1.4,0.0,0.0,5.6,5.6,10
13833,Olamide,Zaccheaus,Olamide Zaccheaus,/football/player/olamide-zaccheaus-13833,,&#9881;,open,,i,,WR,,WR,CHI,NYG,-192,47.50,-3.50,25.50,4.82,0,3600,3600,0,8.59,8.59,8.59,7.9,15.4,2.9,0,0,0,0,2.4,1.4,0.0,0.3,4.8,5.1,10
8627,Keenan,Allen,Keenan Allen,/football/player/keenan-allen-8627,,&#9881;,open,,i,,WR,,WR,LAC,PIT,-154,45.00,-3.00,24.00,5.77,0,5500,5500,0,12.96,12.96,12.96,13.7,27.2,5.5,0,0,0,0,2.4,1.2,0.0,0.0,6.8,6.8,10
17811,AJ,Barner,AJ Barner,/football/player/aj-barner-17811,,&#9881;,open,,i,,TE,,TE,SEA,ARI,-315,45.00,-6.50,25.75,2.39,0,3100,3100,0,7.49,7.49,7.49,10.6,21.1,2.6,0,0,0,0,2.4,1.2,0.0,0.5,3.3,3.8,10
20017,Minnesota,Vikings,Minnesota Vikings,/football/player/minnesota-vikings-20017,,&#9881;,open,,i,,D," <small class=""sm-muted"">(DST)</small>",DST,MIN,BAL,182,49.00,4.00,22.50,3.60,0,2300,2300,0,5.52,5.52,5.52,0.0,0.0,0.0,0,0,0,0,2.4,0.0,0.0,0.0,0.0,0.0,10
20021,New York,Jets,New York Jets,/football/player/new-york-jets-20021,,&#9881;,open,,i,,D," <small class=""sm-muted"">(DST)</small>",DST,NYJ,CLE,119,37.50,2.50,17.50,5.51,0,2800,2800,0,6.66,6.66,6.66,0.0,0.0,0.0,0,0,0,0,2.4,0.0,0.0,0.0,0.0,0.0,10
15868,Drake,London,Drake London,/football/player/drake-london-15868,,&#9881;,open,,i,,WR,,WR,ATL,IND,229,48.50,6.50,21.00,8.44,0,6900,6900,0,16.35,16.35,16.35,21.7,39.3,6.7,0,0,0,0,2.4,1.4,0.0,0.1,9.3,9.4,10
15810,Breece,Hall,Breece Hall,/football/player/breece-hall-15810,,&#9881;,open,,i,,RB,,RB,NYJ,CLE,119,37.50,2.50,17.50,7.60,0,6000,6000,0,14.35,14.35,14.35,14.5,30.7,4.6,0,0,0,0,2.4,3.1,0.0,14.9,3.5,18.4,10
15222,Kenneth,Gainwell,Kenneth Gainwell,/football/player/kenneth-gainwell-15222,,&#9881;,open,,i,,RB,,RB,PIT,LAC,129,45.00,3.00,21.00,4.09,0,4300,4300,0,10.31,10.31,10.31,10.4,25.7,2.2,0,0,0,0,2.4,2.5,0.0,7.6,3.0,10.6,10
13556,David,Montgomery,David Montgomery,/football/player/david-montgomery-13556,,&#9881;,open,,i,,RB,,RB,DET,WAS,-479,49.50,-8.50,29.00,6.85,0,5000,5000,0,12.03,12.03,12.03,13.0,27.8,2.0,0,0,0,0,2.4,2.4,0.0,10.0,2.2,12.2,10
14376,Jauan,Jennings,Jauan Jennings,/football/player/jauan-jennings-14376,,&#9881;,open,,i,,WR,,WR,SF,LAR,174,49.50,4.00,22.75,6.32,0,4600,4600,0,11.15,11.15,11.15,9.3,17.9,2.2,0,0,0,0,2.4,1.4,0.0,0.1,6.3,6.3,10
15265,Kyle,Pitts,Kyle Pitts,/football/player/kyle-pitts-15265,,&#9881;,open,,i,,TE,,TE,ATL,IND,229,48.50,6.50,21.00,3.47,0,4100,4100,0,9.80,9.80,9.80,10.6,16.7,5.3,0,0,0,0,2.4,1.4,0.0,0.0,5.8,5.8,10
14455,Jonathan,Taylor,Jonathan Taylor,/football/player/jonathan-taylor-14455,,&#9881;,open,,i,,RB,,RB,IND,ATL,-283,48.50,-6.50,27.50,14.96,0,9500,9500,0,22.78,22.78,22.78,27.7,39.6,12.1,0,0,0,0,2.4,2.4,0.0,19.2,3.9,23.0,10
13582,Josh,Jacobs,Josh Jacobs,/football/player/josh-jacobs-13582,,&#9881;,open,,i,,RB,,RB,GB,PHI,-137,45.00,-2.50,23.75,8.48,0,7600,7600,0,18.21,18.21,18.21,20.4,30.4,12.3,0,0,0,0,2.4,2.6,0.0,16.7,3.4,20.1,10
16895,Jordan,Addison,Jordan Addison,/football/player/jordan-addison-16895,,&#9881;,open,,i,,WR,,WR,MIN,BAL,182,49.00,4.00,22.50,5.22,0,5400,5400,0,12.45,12.45,12.45,15.7,23.4,8.9,0,0,0,0,2.3,1.2,0.0,0.2,6.4,6.6,10
16663,Luke,Musgrave,Luke Musgrave,/football/player/luke-musgrave-16663,,&#9881;,open,,i,,TE,,TE,GB,PHI,-137,45.00,-2.50,23.75,2.35,0,3500,3500,0,7.92,7.92,7.92,2.3,5.6,0.0,0,0,0,0,2.3,1.3,0.0,0.0,4.5,4.5,10
15404,Jaylen,Waddle,Jaylen Waddle,/football/player/jaylen-waddle-15404,,&#9881;,open,,i,,WR,,WR,MIA,BUF,382,50.00,9.50,20.25,5.99,0,6400,6400,0,14.81,14.81,14.81,15.0,24.2,5.1,0,0,0,0,2.3,1.1,0.0,0.0,7.3,7.3,10
20009,Denver,Broncos,Denver Broncos,/football/player/denver-broncos-20009,,&#9881;,open,,i,,D," <small class=""sm-muted"">(DST)</small>",DST,DEN,LV,-511,42.50,-9.50,26.00,8.42,0,3500,3500,0,8.04,8.04,8.04,0.0,0.0,0.0,0,0,0,0,2.3,0.0,0.0,0.0,0.0,0.0,10
17784,Bucky,Irving,Bucky Irving,/football/player/bucky-irving-17784,"&nbsp;<span class=""red upper bold sm-text"">que</span>",&#9881;,open,,i,,RB,,RB,TB,NE,-142,48.50,-2.50,25.50,5.23,0,6900,6900,0,16.12,16.12,16.12,20.5,29.0,13.2,0,0,0,0,2.3,2.7,0.0,14.9,3.9,18.8,10
13424,DK,Metcalf,DK Metcalf,/football/player/dk-metcalf-13424,,&#9881;,open,,i,,WR,,WR,PIT,LAC,129,45.00,3.00,21.00,6.01,0,5400,5400,0,12.61,12.61,12.61,13.8,24.1,4.2,0,0,0,0,2.3,1.2,0.0,0.0,6.5,6.6,10
11805,Evan,Engram,Evan Engram,/football/player/evan-engram-11805,,&#9881;,open,,i,,TE,,TE,DEN,LV,-511,42.50,-9.50,26.00,2.71,0,3700,3700,0,8.54,8.54,8.54,7.0,12.4,1.2,0,0,0,0,2.3,1.3,0.0,0.0,4.9,4.9,10
10819,Derrick,Henry,Derrick Henry,/football/player/derrick-henry-10819,,&#9881;,open,,i,,RB,,RB,BAL,MIN,-222,49.00,-4.00,26.50,7.28,0,6800,6800,0,15.87,15.87,15.87,11.9,18.5,4.1,0,0,0,0,2.3,2.7,0.0,17.1,1.1,18.3,10
18487,Ashton,Jeanty,Ashton Jeanty,/football/player/ashton-jeanty-18487,,&#9881;,open,,i,,RB,,RB,LV,DEN,375,42.50,9.50,16.50,5.98,0,6500,6500,0,14.88,14.88,14.88,15.4,32.2,4.2,0,0,0,0,2.3,3.2,0.0,16.9,3.7,20.6,10
18457,Jack,Bech,Jack Bech,/football/player/jack-bech-18457,,&#9881;,open,,i,,WR,,WR,LV,DEN,375,42.50,9.50,16.50,3.13,0,3000,3000,0,6.99,6.99,6.99,1.6,4.8,0.0,0,0,0,0,2.3,1.4,0.0,0.0,4.3,4.3,10
16027,Romeo,Doubs,Romeo Doubs,/football/player/romeo-doubs-16027,,&#9881;,open,,i,,WR,,WR,GB,PHI,-137,45.00,-2.50,23.75,6.33,0,4900,4900,0,11.05,11.05,11.05,13.3,25.7,4.8,0,0,0,0,2.3,1.3,0.0,0.0,6.3,6.3,10
16739,Bijan,Robinson,Bijan Robinson,/football/player/bijan-robinson-16739,,&#9881;,open,,i,,RB,,RB,ATL,IND,229,48.50,6.50,21.00,10.17,0,8500,8500,0,19.89,19.89,19.89,22.1,35.6,9.2,0,0,0,0,2.3,2.7,0.0,17.5,5.5,23.0,10
15876,James,Cook,James Cook,/football/player/james-cook-15876,"&nbsp;<span class=""red upper bold sm-text"">que</span>",&#9881;,open,,i,,RB,,RB,BUF,MIA,-526,50.00,-9.50,29.75,9.49,0,7500,7500,0,17.02,17.02,17.02,20.8,34.4,7.2,0,0,0,0,2.3,2.2,0.0,14.2,2.7,16.9,10
14378,Michael,Pittman,Michael Pittman,/football/player/michael-pittman-14378,,&#9881;,open,,i,,WR,,WR,IND,ATL,-283,48.50,-6.50,27.50,6.80,0,6300,6300,0,14.45,14.45,14.45,15.9,23.2,6.5,0,0,0,0,2.3,1.2,0.0,0.1,7.3,7.4,10
14510,Darnell,Mooney,Darnell Mooney,/football/player/darnell-mooney-14510,,&#9881;,open,,i,,WR,,WR,ATL,IND,229,48.50,6.50,21.00,4.30,0,4000,4000,0,9.34,9.34,9.34,4.9,9.0,1.8,0,0,0,0,2.3,1.4,0.0,0.0,5.7,5.7,10
20019,New Orleans,Saints,New Orleans Saints,/football/player/new-orleans-saints-20019,,&#9881;,open,,i,,D," <small class=""sm-muted"">(DST)</small>",DST,NO,CAR,203,39.50,5.50,17.00,2.90,0,2400,2400,0,5.44,5.44,5.44,0.0,0.0,0.0,0,0,0,0,2.3,0.0,0.0,0.0,0.0,0.0,10
16697,Dalton,Kincaid,Dalton Kincaid,/football/player/dalton-kincaid-16697,,&#9881;,open,,i,,TE,,TE,BUF,MIA,-526,50.00,-9.50,29.75,3.34,0,4300,4300,0,9.72,9.72,9.72,13.9,23.6,4.5,0,0,0,0,2.3,1.1,0.0,0.0,4.7,4.7,10
17863,Malik,Washington,Malik Washington,/football/player/malik-washington-17863,,&#9881;,open,,i,,WR,,WR,MIA,BUF,382,50.00,9.50,20.25,3.37,0,4200,4200,0,9.06,9.06,9.06,7.5,12.1,4.2,0,0,0,0,2.2,1.4,0.0,1.4,4.5,6.0,10
18472,Harold,Fannin,Harold Fannin,/football/player/harold-fannin-18472,,&#9881;,open,,i,,TE,,TE,CLE,NYJ,-142,37.50,-2.50,20.00,2.88,0,4200,4200,0,9.39,9.39,9.39,10.3,16.9,4.9,0,0,0,0,2.2,1.3,0.0,0.2,5.4,5.6,10
16689,Josh,Downs,Josh Downs,/football/player/josh-downs-16689,,&#9881;,open,,i,,WR,,WR,IND,ATL,-283,48.50,-6.50,27.50,4.94,0,4400,4400,0,9.82,9.82,9.82,11.4,16.3,6.2,0,0,0,0,2.2,1.1,0.0,0.1,4.9,5.0,10
15385,Travis,Etienne,Travis Etienne,/football/player/travis-etienne-15385,,&#9881;,open,,i,,RB,,RB,JAX,HOU,100,38.00,1.50,18.25,4.99,0,5700,5700,0,12.24,12.24,12.24,13.2,20.7,7.0,0,0,0,0,2.2,3.0,0.0,14.2,3.1,17.3,10
17976,Jalen,Coker,Jalen Coker,/football/player/jalen-coker-17976,,&#9881;,open,,i,,WR,,WR,CAR,NO,-252,39.50,-5.50,22.50,3.53,0,3300,3300,0,7.13,7.13,7.13,2.8,6.4,0.0,0,0,0,0,2.2,1.2,0.0,0.0,4.0,4.0,10
16694,Tre,Tucker,Tre Tucker,/football/player/tre-tucker-16694,,&#9881;,open,,i,,WR,,WR,LV,DEN,375,42.50,9.50,16.50,3.46,0,5000,5000,0,10.91,10.91,10.91,13.0,35.4,1.7,0,0,0,0,2.2,1.3,0.0,0.6,5.9,6.5,10
17821,Kimani,Vidal,Kimani Vidal,/football/player/kimani-vidal-17821,,&#9881;,open,,i,,RB,,RB,LAC,PIT,-154,45.00,-3.00,24.00,5.91,0,5900,5900,0,12.82,12.82,12.82,10.3,23.6,0.0,0,0,0,0,2.2,2.7,0.0,13.2,2.9,16.1,10
16032,Cade,Otton,Cade Otton,/football/player/cade-otton-16032,,&#9881;,open,,i,,TE,,TE,TB,NE,-142,48.50,-2.50,25.50,2.51,0,3900,3900,0,8.38,8.38,8.38,7.6,12.9,1.4,0,0,0,0,2.2,1.2,0.0,0.0,4.7,4.7,10
18547,Tetairoa,McMillan,Tetairoa McMillan,/football/player/tetairoa-mcmillan-18547,,&#9881;,open,,i,,WR,,WR,CAR,NO,-252,39.50,-5.50,22.50,5.57,0,5700,5700,0,12.62,12.62,12.62,12.5,18.2,6.9,0,0,0,0,2.2,1.4,0.0,0.2,7.8,8.0,10
17724,Ladd,McConkey,Ladd McConkey,/football/player/ladd-mcconkey-17724,,&#9881;,open,,i,,WR,,WR,LAC,PIT,-154,45.00,-3.00,24.00,5.71,0,6300,6300,0,13.69,13.69,13.69,13.4,23.5,3.9,0,0,0,0,2.2,1.2,0.0,0.1,7.2,7.3,10
15946,Christian,Watson,Christian Watson,/football/player/christian-watson-15946,,&#9881;,open,,i,,WR,,WR,GB,PHI,-137,45.00,-2.50,23.75,4.24,0,4200,4200,0,9.11,9.11,9.11,10.2,13.0,7.3,0,0,0,0,2.2,1.1,0.0,0.0,4.7,4.7,10
12508,Christian,Kirk,Christian Kirk,/football/player/christian-kirk-12508,,&#9881;,open,,i,,WR,,WR,HOU,JAX,-120,38.00,-1.50,19.75,3.24,0,4100,4100,0,9.10,9.10,9.10,6.9,9.9,4.7,0,0,0,0,2.2,1.3,0.0,0.0,5.1,5.2,10
14458,Jerry,Jeudy,Jerry Jeudy,/football/player/jerry-jeudy-14458,,&#9881;,open,,i,,WR,,WR,CLE,NYJ,-142,37.50,-2.50,20.00,3.41,0,3900,3900,0,8.46,8.46,8.46,5.2,9.0,0.8,0,0,0,0,2.2,1.4,0.0,0.1,5.3,5.4,10
14418,J.K.,Dobbins,J.K. Dobbins,/football/player/jk-dobbins-14418,,&#9881;,open,,i,,RB,,RB,DEN,LV,-511,42.50,-9.50,26.00,5.65,0,5700,5700,0,12.38,12.38,12.38,12.2,17.1,5.7,0,0,0,0,2.2,2.7,0.0,13.6,1.9,15.6,10
13449,Devin,Singletary,Devin Singletary,/football/player/devin-singletary-13449,,&#9881;,open,,i,,RB,,RB,NYG,CHI,157,47.50,3.50,22.00,4.37,0,4300,4300,0,9.50,9.50,9.50,2.6,6.0,0.3,0,0,0,0,2.2,2.8,0.0,10.2,1.9,12.1,10
11732,Alvin,Kamara,Alvin Kamara,/football/player/alvin-kamara-11732,,&#9881;,open,,i,,RB,,RB,NO,CAR,203,39.50,5.50,17.00,5.32,0,5400,5400,0,12.03,12.03,12.03,8.9,15.3,2.9,0,0,0,0,2.2,2.9,0.0,12.5,3.3,15.9,10
15210,Rashod,Bateman,Rashod Bateman,/football/player/rashod-bateman-15210,,&#9881;,open,,i,,WR,,WR,BAL,MIN,-222,49.00,-4.00,26.50,3.70,0,3900,3900,0,8.73,8.73,8.73,6.1,14.6,0.1,0,0,0,0,2.2,1.1,0.0,0.0,4.2,4.2,10
20020,New York,Giants,New York Giants,/football/player/new-york-giants-20020,,&#9881;,open,,i,,D," <small class=""sm-muted"">(DST)</small>",DST,NYG,CHI,157,47.50,3.50,22.00,4.32,0,2500,2500,0,5.57,5.57,5.57,0.0,0.0,0.0,0,0,0,0,2.2,0.0,0.0,0.0,0.0,0.0,10
20001,Arizona,Cardinals,Arizona Cardinals,/football/player/arizona-cardinals-20001,,&#9881;,open,,i,,D," <small class=""sm-muted"">(DST)</small>",DST,ARI,SEA,251,45.00,6.50,19.25,2.28,0,2200,2200,0,4.77,4.77,4.77,0.0,0.0,0.0,0,0,0,0,2.2,0.0,0.0,0.0,0.0,0.0,10
15849,Jameson,Williams,Jameson Williams,/football/player/jameson-williams-15849,,&#9881;,open,,i,,WR,,WR,DET,WAS,-479,49.50,-8.50,29.00,5.33,0,4900,4900,0,10.75,10.75,10.75,10.1,20.3,0.7,0,0,0,0,2.2,1.1,0.0,0.4,4.9,5.3,10
18460,Colston,Loveland,Colston Loveland,/football/player/colston-loveland-18460,,&#9881;,open,,i,,TE,,TE,CHI,NYG,-192,47.50,-3.50,25.50,2.90,0,4100,4100,0,9.16,9.16,9.16,8.7,26.8,0.0,0,0,0,0,2.2,1.2,0.0,0.1,5.0,5.1,10
17975,Devaughn,Vele,Devaughn Vele,/football/player/devaughn-vele-17975,,&#9881;,open,,i,,WR,,WR,NO,CAR,203,39.50,5.50,17.00,1.65,0,3300,3300,0,7.17,7.17,7.17,1.8,5.9,0.0,0,0,0,0,2.2,1.2,0.0,0.1,3.9,4.0,10
14394,D'Andre,Swift,D'Andre Swift,/football/player/dandre-swift-14394,"&nbsp;<span class=""red upper bold sm-text"">que</span>",&#9881;,open,,i,,RB,,RB,CHI,NYG,-192,47.50,-3.50,25.50,2.55,0,6100,6100,0,12.95,12.95,12.95,18.2,26.6,11.2,0,0,0,0,2.1,2.4,0.0,11.9,2.6,14.5,10
14509,Justin,Jefferson,Justin Jefferson,/football/player/justin-jefferson-14509,,&#9881;,open,,i,,WR,,WR,MIN,BAL,182,49.00,4.00,22.50,6.27,0,7900,7900,0,16.93,16.93,16.93,16.5,23.8,11.1,0,0,0,0,2.1,1.2,0.0,0.1,9.1,9.1,10
18516,Quinshon,Judkins,Quinshon Judkins,/football/player/quinshon-judkins-18516,"&nbsp;<span class=""red upper bold sm-text"">que</span>",&#9881;,open,,i,,RB,,RB,CLE,NYJ,-142,37.50,-2.50,20.00,5.50,0,6500,6500,0,13.88,13.88,13.88,14.2,24.6,4.7,0,0,0,0,2.1,2.9,0.0,16.6,2.0,18.6,10
12586,Courtland,Sutton,Courtland Sutton,/football/player/courtland-sutton-12586,,&#9881;,open,,i,,WR,,WR,DEN,LV,-511,42.50,-9.50,26.00,5.32,0,6200,6200,0,13.06,13.06,13.06,12.9,24.1,3.0,0,0,0,0,2.1,1.1,0.0,0.0,6.6,6.6,10
12507,Saquon,Barkley,Saquon Barkley,/football/player/saquon-barkley-12507,"&nbsp;<span class=""red upper bold sm-text"">que</span>",&#9881;,open,,i,,RB,,RB,PHI,GB,115,45.00,2.50,21.25,5.28,0,7800,7800,0,16.47,16.47,16.47,16.1,31.4,5.5,0,0,0,0,2.1,2.7,0.0,17.5,3.4,20.9,10
18449,Woody,Marks,Woody Marks,/football/player/woody-marks-18449,,&#9881;,open,,i,,RB,,RB,HOU,JAX,-120,38.00,-1.50,19.75,3.52,0,5100,5100,0,10.79,10.79,10.79,10.2,23.6,1.7,0,0,0,0,2.1,2.6,0.0,10.3,2.9,13.2,10
15372,Rhamondre,Stevenson,Rhamondre Stevenson,/football/player/rhamondre-stevenson-15372,"&nbsp;<span class=""red upper bold sm-text"">que</span>",&#9881;,open,,i,,RB,,RB,NE,TB,119,48.50,2.50,23.00,1.70,0,5400,5400,0,11.07,11.07,11.07,10.2,18.1,2.6,0,0,0,0,2.1,2.7,0.0,12.5,2.3,14.8,10
16849,Marvin,Mims,Marvin Mims,/football/player/marvin-mims-16849,"&nbsp;<span class=""red upper bold sm-text"">que</span>",&#9881;,open,,i,,WR,,WR,DEN,LV,-511,42.50,-9.50,26.00,1.70,0,4100,4100,0,8.61,8.61,8.61,8.4,18.2,1.2,0,0,0,0,2.1,1.0,0.0,0.5,3.6,4.1,10
17020,Rome,Odunze,Rome Odunze,/football/player/rome-odunze-17020,,&#9881;,open,,i,,WR,,WR,CHI,NYG,-192,47.50,-3.50,25.50,5.32,0,6000,6000,0,12.31,12.31,12.31,14.1,30.4,1.1,0,0,0,0,2.1,1.2,0.0,0.1,7.3,7.4,10
20018,New England,Patriots,New England Patriots,/football/player/new-england-patriots-20018,,&#9881;,open,,i,,D," <small class=""sm-muted"">(DST)</small>",DST,NE,TB,119,48.50,2.50,23.00,1.76,0,2600,2600,0,5.33,5.33,5.33,0.0,0.0,0.0,0,0,0,0,2.1,0.0,0.0,0.0,0.0,0.0,10
20029,Tampa Bay,Buccaneers,Tampa Bay Buccaneers,/football/player/tampa-bay-buccaneers-20029,,&#9881;,open,,i,,D," <small class=""sm-muted"">(DST)</small>",DST,TB,NE,-142,48.50,-2.50,25.50,2.32,0,2700,2700,0,5.74,5.74,5.74,0.0,0.0,0.0,0,0,0,0,2.1,0.0,0.0,0.0,0.0,0.0,10
20026,Seattle,Seahawks,Seattle Seahawks,/football/player/seattle-seahawks-20026,,&#9881;,open,,i,,D," <small class=""sm-muted"">(DST)</small>",DST,SEA,ARI,-315,45.00,-6.50,25.75,3.55,0,3600,3600,0,7.44,7.44,7.44,0.0,0.0,0.0,0,0,0,0,2.1,0.0,0.0,0.0,0.0,0.0,10
20004,Carolina,Panthers,Carolina Panthers,/football/player/carolina-panthers-20004,,&#9881;,open,,i,,D," <small class=""sm-muted"">(DST)</small>",DST,CAR,NO,-252,39.50,-5.50,22.50,2.58,0,3500,3500,0,7.38,7.38,7.38,0.0,0.0,0.0,0,0,0,0,2.1,0.0,0.0,0.0,0.0,0.0,10
15874,Calvin,Austin,Calvin Austin,/football/player/calvin-austin-15874,,&#9881;,open,,i,,WR,,WR,PIT,LAC,129,45.00,3.00,21.00,2.67,0,4200,4200,0,8.73,8.73,8.73,7.3,11.9,3.1,0,0,0,0,2.1,1.1,0.0,0.1,4.7,4.8,10
16022,Alec,Pierce,Alec Pierce,/football/player/alec-pierce-16022,,&#9881;,open,,i,,WR,,WR,IND,ATL,-283,48.50,-6.50,27.50,4.11,0,4700,4700,0,9.80,9.80,9.80,12.1,18.7,7.0,0,0,0,0,2.1,1.1,0.0,0.0,4.9,4.9,10
16899,Quentin,Johnston,Quentin Johnston,/football/player/quentin-johnston-16899,,&#9881;,open,,i,,WR,,WR,LAC,PIT,-154,45.00,-3.00,24.00,4.63,0,5300,5300,0,10.92,10.92,10.92,12.7,22.0,2.6,0,0,0,0,2.1,1.1,0.0,0.2,5.8,6.0,10
18811,Jacory,Croskey-Merritt,Jacory Croskey-Merritt,/football/player/jacory-croskey-merritt-18811,,&#9881;,open,,i,,RB,,RB,WAS,DET,359,49.50,8.50,20.50,3.08,0,5200,5200,0,10.32,10.32,10.32,8.6,24.5,0.5,0,0,0,0,2.0,2.7,0.0,12.8,1.4,14.1,10
17967,Tyrone,Tracy,Tyrone Tracy,/football/player/tyrone-tracy-17967,,&#9881;,open,,i,,RB,,RB,NYG,CHI,157,47.50,3.50,22.00,3.73,0,5800,5800,0,11.33,11.33,11.33,6.7,10.4,1.9,0,0,0,0,2.0,2.5,0.0,11.4,3.1,14.5,10
9455,Davante,Adams,Davante Adams,/football/player/davante-adams-9455,,&#9881;,open,,i,,WR,,WR,LAR,SF,-212,49.50,-4.00,26.75,5.33,0,7700,7700,0,15.11,15.11,15.11,18.1,25.8,9.5,0,0,0,0,2.0,1.0,0.0,0.0,7.9,7.9,10
18549,Emeka,Egbuka,Emeka Egbuka,/football/player/emeka-egbuka-18549,,&#9881;,open,,i,,WR,,WR,TB,NE,-142,48.50,-2.50,25.50,5.82,0,7000,7000,0,14.14,14.14,14.14,14.8,28.5,4.7,0,0,0,0,2.0,1.1,0.0,0.2,7.5,7.8,10
20027,San Francisco,49ers,San Francisco 49ers,/football/player/san-francisco-49ers-20027,,&#9881;,open,,i,,D," <small class=""sm-muted"">(DST)</small>",DST,SF,LAR,174,49.50,4.00,22.75,0.13,0,2700,2700,0,5.27,5.27,5.27,0.0,0.0,0.0,0,0,0,0,2.0,0.0,0.0,0.0,0.0,0.0,10
17748,Ja'Tavion,Sanders,Ja'Tavion Sanders,/football/player/jatavion-sanders-17748,,&#9881;,open,,i,,TE,,TE,CAR,NO,-252,39.50,-5.50,22.50,1.60,0,2800,2800,0,5.66,5.66,5.66,4.4,10.8,0.0,0,0,0,0,2.0,1.2,0.0,0.0,3.4,3.4,10
16897,Zach,Charbonnet,Zach Charbonnet,/football/player/zach-charbonnet-16897,,&#9881;,open,,i,,RB,,RB,SEA,ARI,-315,45.00,-6.50,25.75,3.05,0,5100,5100,0,10.20,10.20,10.20,9.2,17.7,1.7,0,0,0,0,2.0,2.3,0.0,10.2,1.5,11.6,10
11763,Aaron,Jones,Aaron Jones,/football/player/aaron-jones-11763,"&nbsp;<span class=""red upper bold sm-text"">que</span>",&#9881;,open,,i,,RB,,RB,MIN,BAL,182,49.00,4.00,22.50,3.07,0,5200,5200,0,10.24,10.24,10.24,6.4,11.5,1.9,0,0,0,0,2.0,2.5,0.0,10.4,2.7,13.2,10
20005,Chicago,Bears,Chicago Bears,/football/player/chicago-bears-20005,,&#9881;,open,,i,,D," <small class=""sm-muted"">(DST)</small>",DST,CHI,NYG,-192,47.50,-3.50,25.50,2.45,0,3000,3000,0,5.97,5.97,5.97,0.0,0.0,0.0,0,0,0,0,2.0,0.0,0.0,0.0,0.0,0.0,10
15909,Kenneth,Walker,Kenneth Walker,/football/player/kenneth-walker-15909,,&#9881;,open,,i,,RB,,RB,SEA,ARI,-315,45.00,-6.50,25.75,4.10,0,5300,5300,0,10.70,10.70,10.70,11.5,19.8,5.0,0,0,0,0,2.0,2.5,0.0,11.9,1.6,13.5,10
16033,Isaiah,Likely,Isaiah Likely,/football/player/isaiah-likely-16033,,&#9881;,open,,i,,TE,,TE,BAL,MIN,-222,49.00,-4.00,26.50,1.74,0,2900,2900,0,5.76,5.76,5.76,3.3,7.8,0.0,0,0,0,0,2.0,0.9,0.0,0.0,2.5,2.5,10
17732,Keon,Coleman,Keon Coleman,/football/player/keon-coleman-17732,,&#9881;,open,,i,,WR,,WR,BUF,MIA,-526,50.00,-9.50,29.75,3.42,0,4400,4400,0,8.68,8.68,8.68,6.2,10.0,3.6,0,0,0,0,2.0,1.1,0.0,0.0,4.7,4.7,10
16957,Michael,Wilson,Michael Wilson,/football/player/michael-wilson-16957,,&#9881;,open,,i,,WR,,WR,ARI,SEA,251,45.00,6.50,19.25,2.51,0,3300,3300,0,6.64,6.64,6.64,6.0,9.0,2.3,0,0,0,0,2.0,1.1,0.0,0.0,3.6,3.7,10
18484,Tez,Johnson,Tez Johnson,/football/player/tez-johnson-18484,,&#9881;,open,,i,,WR,,WR,TB,NE,-142,48.50,-2.50,25.50,3.62,0,4500,4500,0,8.59,8.59,8.59,8.2,15.0,1.1,0,0,0,0,1.9,1.0,0.0,0.0,4.6,4.6,10
10994,Chris,Moore,Chris Moore,/football/player/chris-moore-10994,,&#9881;,open,,i,,WR,,WR,WAS,DET,359,49.50,8.50,20.50,2.33,0,3100,3100,0,6.02,6.02,6.02,3.8,11.3,0.0,0,0,0,0,1.9,1.0,0.0,0.0,3.2,3.2,10
16706,Cedric,Tillman,Cedric Tillman,/football/player/cedric-tillman-16706,"&nbsp;<span class=""red upper bold sm-text"">IR-</span>",&#9881;,open,,i,,WR,,WR,CLE,NYJ,-142,37.50,-2.50,20.00,2.01,0,3500,3500,0,6.73,6.73,6.73,5.8,10.2,1.6,0,0,0,0,1.9,1.3,0.0,0.1,4.5,4.5,10
20028,Los Angeles,Rams,Los Angeles Rams,/football/player/los-angeles-rams-20028,,&#9881;,open,,i,,D," <small class=""sm-muted"">(DST)</small>",DST,LAR,SF,-212,49.50,-4.00,26.75,1.04,0,3200,3200,0,6.00,6.00,6.00,0.0,0.0,0.0,0,0,0,0,1.9,0.0,0.0,0.0,0.0,0.0,10
20002,Baltimore,Ravens,Baltimore Ravens,/football/player/baltimore-ravens-20002,,&#9881;,open,,i,,D," <small class=""sm-muted"">(DST)</small>",DST,BAL,MIN,-222,49.00,-4.00,26.50,1.08,0,3300,3300,0,6.24,6.24,6.24,0.0,0.0,0.0,0,0,0,0,1.9,0.0,0.0,0.0,0.0,0.0,10
16690,Parker,Washington,Parker Washington,/football/player/parker-washington-16690,,&#9881;,open,,i,,WR,,WR,JAX,HOU,100,38.00,1.50,18.25,2.56,0,4700,4700,0,9.05,9.05,9.05,9.7,15.4,5.2,0,0,0,0,1.9,1.3,0.0,0.3,5.6,5.9,10
20022,Las Vegas,Raiders,Las Vegas Raiders,/football/player/las-vegas-raiders-20022,,&#9881;,open,,i,,D," <small class=""sm-muted"">(DST)</small>",DST,LV,DEN,375,42.50,9.50,16.50,0.05,0,2200,2200,0,4.24,4.24,4.24,0.0,0.0,0.0,0,0,0,0,1.9,0.0,0.0,0.0,0.0,0.0,10
20023,Philadelphia,Eagles,Philadelphia Eagles,/football/player/philadelphia-eagles-20023,,&#9881;,open,,i,,D," <small class=""sm-muted"">(DST)</small>",DST,PHI,GB,115,45.00,2.50,21.25,0.12,0,2900,2900,0,5.45,5.45,5.45,0.0,0.0,0.0,0,0,0,0,1.9,0.0,0.0,0.0,0.0,0.0,10
17719,Troy,Franklin,Troy Franklin,/football/player/troy-franklin-17719,,&#9881;,open,,i,,WR,,WR,DEN,LV,-511,42.50,-9.50,26.00,3.30,0,5200,5200,0,9.73,9.73,9.73,11.4,23.7,2.5,0,0,0,0,1.9,1.2,0.0,0.1,6.0,6.1,10
20011,Green Bay,Packers,Green Bay Packers,/football/player/green-bay-packers-20011,,&#9881;,open,,i,,D," <small class=""sm-muted"">(DST)</small>",DST,GB,PHI,-137,45.00,-2.50,23.75,0.24,0,3000,3000,0,5.75,5.75,5.75,0.0,0.0,0.0,0,0,0,0,1.9,0.0,0.0,0.0,0.0,0.0,10
17734,Xavier,Legette,Xavier Legette,/football/player/xavier-legette-17734,,&#9881;,open,,i,,WR,,WR,CAR,NO,-252,39.50,-5.50,22.50,2.40,0,3800,3800,0,7.07,7.07,7.07,7.7,20.4,0.0,0,0,0,0,1.9,1.3,0.0,0.2,4.9,5.0,10
20031,Washington,Commanders,Washington Commanders,/football/player/washington-commanders-20031,,&#9881;,open,,i,,D," <small class=""sm-muted"">(DST)</small>",DST,WAS,DET,359,49.50,8.50,20.50,0.21,0,2100,2100,0,4.06,4.06,4.06,0.0,0.0,0.0,0,0,0,0,1.9,0.0,0.0,0.0,0.0,0.0,10
9260,Brandin,Cooks,Brandin Cooks,/football/player/brandin-cooks-9260,,&#9881;,open,,i,,WR,,WR,NO,CAR,203,39.50,5.50,17.00,1.85,0,3400,3400,0,6.59,6.59,6.59,3.7,5.4,1.7,0,0,0,0,1.9,1.1,0.0,0.0,3.9,3.9,10
12477,DJ,Moore,DJ Moore,/football/player/dj-moore-12477,,&#9881;,open,,i,,WR,,WR,CHI,NYG,-192,47.50,-3.50,25.50,3.54,0,5500,5500,0,10.15,10.15,10.15,11.6,20.0,7.0,0,0,0,0,1.9,1.2,0.0,1.3,5.2,6.6,10
20024,Pittsburgh,Steelers,Pittsburgh Steelers,/football/player/pittsburgh-steelers-20024,,&#9881;,open,,i,,D," <small class=""sm-muted"">(DST)</small>",DST,PIT,LAC,129,45.00,3.00,21.00,0.62,0,2800,2800,0,5.25,5.25,5.25,0.0,0.0,0.0,0,0,0,0,1.9,0.0,0.0,0.0,0.0,0.0,10
20013,Indianapolis,Colts,Indianapolis Colts,/football/player/indianapolis-colts-20013,,&#9881;,open,,i,,D," <small class=""sm-muted"">(DST)</small>",DST,IND,ATL,-283,48.50,-6.50,27.50,0.23,0,3400,3400,0,6.29,6.29,6.29,0.0,0.0,0.0,0,0,0,0,1.9,0.0,0.0,0.0,0.0,0.0,10
15267,Pat,Freiermuth,Pat Freiermuth,/football/player/pat-freiermuth-15267,,&#9881;,open,,i,,TE,,TE,PIT,LAC,129,45.00,3.00,21.00,1.25,0,3300,3300,0,6.11,6.11,6.11,8.1,25.0,0.0,0,0,0,0,1.9,0.9,0.0,0.0,2.9,2.9,10
20000,Atlanta,Falcons,Atlanta Falcons,/football/player/atlanta-falcons-20000,,&#9881;,open,,i,,D," <small class=""sm-muted"">(DST)</small>",DST,ATL,IND,229,48.50,6.50,21.00,0.65,0,2500,2500,0,4.50,4.50,4.50,0.0,0.0,0.0,0,0,0,0,1.8,0.0,0.0,0.0,0.0,0.0,10
20025,Los Angeles,Chargers,Los Angeles Chargers,/football/player/los-angeles-chargers-20025,,&#9881;,open,,i,,D," <small class=""sm-muted"">(DST)</small>",DST,LAC,PIT,-154,45.00,-3.00,24.00,0.13,0,3300,3300,0,5.95,5.95,5.95,0.0,0.0,0.0,0,0,0,0,1.8,0.0,0.0,0.0,0.0,0.0,10
17761,Ricky,Pearsall,Ricky Pearsall,/football/player/ricky-pearsall-17761,"&nbsp;<span class=""red upper bold sm-text"">que</span>",&#9881;,open,,i,,WR,,WR,SF,LAR,174,49.50,4.00,22.75,1.04,0,5400,5400,0,9.45,9.45,9.45,13.5,22.1,7.1,0,0,0,0,1.8,0.9,0.0,0.3,4.7,5.0,10
18540,Elijah,Arroyo,Elijah Arroyo,/football/player/elijah-arroyo-18540,,&#9881;,open,,i,,TE,,TE,SEA,ARI,-315,45.00,-6.50,25.75,1.42,0,2600,2600,0,4.75,4.75,4.75,4.7,9.7,0.5,0,0,0,0,1.8,1.0,0.0,0.0,2.5,2.5,10
20016,Miami,Dolphins,Miami Dolphins,/football/player/miami-dolphins-20016,,&#9881;,open,,i,,D," <small class=""sm-muted"">(DST)</small>",DST,MIA,BUF,382,50.00,9.50,20.25,0.01,0,2000,2000,0,3.57,3.57,3.57,0.0,0.0,0.0,0,0,0,0,1.8,0.0,0.0,0.0,0.0,0.0,10
12063,Taysom,Hill,Taysom Hill,/football/player/taysom-hill-12063,,&#9881;,open,,i,,TE,,TE,NO,CAR,203,39.50,5.50,17.00,1.40,0,2700,2700,0,4.91,4.91,4.91,3.0,5.5,0.8,0,0,0,0,1.8,1.5,0.0,2.4,1.6,3.9,10
20010,Detroit,Lions,Detroit Lions,/football/player/detroit-lions-20010,,&#9881;,open,,i,,D," <small class=""sm-muted"">(DST)</small>",DST,DET,WAS,-479,49.50,-8.50,29.00,1.64,0,3400,3400,0,6.24,6.24,6.24,0.0,0.0,0.0,0,0,0,0,1.8,0.0,0.0,0.0,0.0,0.0,10
13466,Dawson,Knox,Dawson Knox,/football/player/dawson-knox-13466,,&#9881;,open,,i,,TE,,TE,BUF,MIA,-526,50.00,-9.50,29.75,1.27,0,2500,2500,0,4.46,4.46,4.46,3.3,7.6,0.1,0,0,0,0,1.8,0.9,0.0,0.0,2.2,2.2,10
15246,Hunter,Long,Hunter Long,/football/player/hunter-long-15246,"&nbsp;<span class=""red upper bold sm-text"">que</span>",&#9881;,open,,i,,TE,,TE,JAX,HOU,100,38.00,1.50,18.25,1.28,0,3000,3000,0,5.17,5.17,5.17,3.6,9.3,0.0,0,0,0,0,1.7,1.1,0.0,0.0,3.2,3.2,10
11861,Mack,Hollins,Mack Hollins,/football/player/mack-hollins-11861,,&#9881;,open,,i,,WR,,WR,NE,TB,119,48.50,2.50,23.00,1.88,0,3500,3500,0,5.90,5.90,5.90,6.6,13.6,1.0,0,0,0,0,1.7,0.8,0.0,0.0,2.9,2.9,10
13587,Ty,Johnson,Ty Johnson,/football/player/ty-johnson-13587,,&#9881;,open,,i,,RB,,RB,BUF,MIA,-526,50.00,-9.50,29.75,0.83,0,4000,4000,0,6.67,6.67,6.67,2.6,8.0,0.0,0,0,0,0,1.7,1.7,0.0,4.9,1.8,6.6,10
17716,Brian,Thomas,Brian Thomas,/football/player/brian-thomas-17716,"&nbsp;<span class=""red upper bold sm-text"">que</span>",&#9881;,open,,i,,WR,,WR,JAX,HOU,100,38.00,1.50,18.25,1.73,0,6500,6500,0,11.25,11.25,11.25,10.9,19.8,5.7,0,0,0,0,1.7,1.0,0.0,0.0,6.7,6.7,10
12886,Nick,Chubb,Nick Chubb,/football/player/nick-chubb-12886,,&#9881;,open,,i,,RB,,RB,HOU,JAX,-120,38.00,-1.50,19.75,1.99,0,4600,4600,0,7.93,7.93,7.93,8.1,14.0,2.8,0,0,0,0,1.7,2.5,0.0,10.1,1.2,11.3,10
11718,Chris,Godwin,Chris Godwin,/football/player/chris-godwin-11718,"&nbsp;<span class=""red upper bold sm-text"">que</span>",&#9881;,open,,i,,WR,,WR,TB,NE,-142,48.50,-2.50,25.50,1.29,0,5500,5500,0,9.39,9.39,9.39,5.6,5.6,5.6,0,0,0,0,1.7,0.9,0.0,0.0,5.0,5.0,10
20003,Buffalo,Bills,Buffalo Bills,/football/player/buffalo-bills-20003,,&#9881;,open,,i,,D," <small class=""sm-muted"">(DST)</small>",DST,BUF,MIA,-526,50.00,-9.50,29.75,0.37,0,3700,3700,0,6.35,6.35,6.35,0.0,0.0,0.0,0,0,0,0,1.7,0.0,0.0,0.0,0.0,0.0,10
16795,Kayshon,Boutte,Kayshon Boutte,/football/player/kayshon-boutte-16795,"&nbsp;<span class=""red upper bold sm-text"">que</span>",&#9881;,open,,i,,WR,,WR,NE,TB,119,48.50,2.50,23.00,0.99,0,5000,5000,0,8.66,8.66,8.66,10.0,22.4,0.7,0,0,0,0,1.7,0.8,0.0,0.1,4.1,4.1,10
18520,Kyle,Monangai,Kyle Monangai,/football/player/kyle-monangai-18520,,&#9881;,open,,i,,RB,,RB,CHI,NYG,-192,47.50,-3.50,25.50,3.51,0,5600,5600,0,9.23,9.23,9.23,8.6,21.9,0.6,0,0,0,0,1.7,1.8,0.0,8.0,1.9,9.9,10
14750,Nick,Westbrook-Ikhine,Nick Westbrook-Ikhine,/football/player/nick-westbrook-ikhine-14750,,&#9881;,open,,i,,WR,,WR,MIA,BUF,382,50.00,9.50,20.25,1.14,0,3200,3200,0,5.44,5.44,5.44,2.1,4.3,0.0,0,0,0,0,1.7,0.9,0.0,0.0,2.8,2.9,10
11751,Zay,Jones,Zay Jones,/football/player/zay-jones-11751,,&#9881;,open,,i,,WR,,WR,ARI,SEA,251,45.00,6.50,19.25,0.90,0,3700,3700,0,5.86,5.86,5.86,4.8,11.4,0.0,0,0,0,0,1.6,1.0,0.0,0.1,3.4,3.5,10
15447,Joshua,Palmer,Joshua Palmer,/football/player/joshua-palmer-15447,"&nbsp;<span class=""red upper bold sm-text"">que</span>",&#9881;,open,,i,,WR,,WR,BUF,MIA,-526,50.00,-9.50,29.75,0.88,0,3400,3400,0,5.38,5.38,5.38,5.3,7.9,2.1,0,0,0,0,1.6,0.8,0.0,0.0,2.8,2.8,10
11847,Kendrick,Bourne,Kendrick Bourne,/football/player/kendrick-bourne-11847,,&#9881;,open,,i,,WR,,WR,SF,LAR,174,49.50,4.00,22.75,1.81,0,4500,4500,0,7.28,7.28,7.28,10.3,23.3,1.9,0,0,0,0,1.6,0.8,0.0,0.1,3.4,3.6,10
18522,RJ,Harvey,RJ Harvey,/football/player/rj-harvey-18522,,&#9881;,open,,i,,RB,,RB,DEN,LV,-511,42.50,-9.50,26.00,1.69,0,5200,5200,0,8.31,8.31,8.31,11.0,21.5,3.3,0,0,0,0,1.6,1.6,0.0,5.8,2.6,8.4,10
17772,Tory,Horton,Tory Horton,/football/player/tory-horton-17772,,&#9881;,open,,i,,WR,,WR,SEA,ARI,-315,45.00,-6.50,25.75,1.16,0,4600,4600,0,7.34,7.34,7.34,9.3,19.4,0.3,0,0,0,0,1.6,0.9,0.0,0.2,3.7,3.9,10
13517,Jakobi,Meyers,Jakobi Meyers,/football/player/jakobi-meyers-13517,,&#9881;,open,,i,,WR,,WR,JAX,HOU,100,38.00,1.50,18.25,1.47,0,4800,4800,0,7.73,7.73,7.73,8.4,11.8,6.2,0,0,0,0,1.6,1.0,0.0,0.2,4.7,4.9,10
17688,Jordan,Whittington,Jordan Whittington,/football/player/jordan-whittington-17688,,&#9881;,open,,i,,WR,,WR,LAR,SF,-212,49.50,-4.00,26.75,0.94,0,3200,3200,0,4.65,4.65,4.65,3.5,6.0,0.7,0,0,0,0,1.5,0.8,0.0,0.2,2.4,2.5,10
18643,Jaylin,Lane,Jaylin Lane,/football/player/jaylin-lane-18643,,&#9881;,open,,i,,WR,,WR,WAS,DET,359,49.50,8.50,20.50,1.58,0,3600,3600,0,5.40,5.40,5.40,4.3,8.1,1.3,0,0,0,0,1.5,1.1,0.0,0.4,3.4,3.8,10
16338,Tanner,Conner,Tanner Conner,/football/player/tanner-conner-16338,,&#9881;,open,,i,,TE,,TE,MIA,BUF,382,50.00,9.50,20.25,0.77,0,2800,2800,0,4.08,4.08,4.08,1.8,3.6,0.1,0,0,0,0,1.5,0.9,0.0,0.0,2.4,2.4,10
15976,Tyler,Allgeier,Tyler Allgeier,/football/player/tyler-allgeier-15976,,&#9881;,open,,i,,RB,,RB,ATL,IND,229,48.50,6.50,21.00,0.84,0,4500,4500,0,6.69,6.69,6.69,7.1,14.0,1.0,0,0,0,0,1.5,1.9,0.0,7.9,0.7,8.5,10
16889,Darnell,Washington,Darnell Washington,/football/player/darnell-washington-16889,,&#9881;,open,,i,,TE,,TE,PIT,LAC,129,45.00,3.00,21.00,0.78,0,2800,2800,0,4.09,4.09,4.09,4.5,9.1,0.0,0,0,0,0,1.5,0.8,0.0,0.0,2.3,2.3,10
16666,Michael,Mayer,Michael Mayer,/football/player/michael-mayer-16666,,&#9881;,open,,i,,TE,,TE,LV,DEN,375,42.50,9.50,16.50,0.82,0,2900,2900,0,4.34,4.34,4.34,5.3,13.8,0.0,0,0,0,0,1.5,1.0,0.0,0.0,2.8,2.8,10
17043,Roman,Wilson,Roman Wilson,/football/player/roman-wilson-17043,,&#9881;,open,,i,,WR,,WR,PIT,LAC,129,45.00,3.00,21.00,0.83,0,3100,3100,0,4.64,4.64,4.64,3.6,13.6,0.0,0,0,0,0,1.5,0.8,0.0,0.0,2.5,2.5,10
11767,Jeremy,McNichols,Jeremy McNichols,/football/player/jeremy-mcnichols-11767,,&#9881;,open,,i,,RB,,RB,WAS,DET,359,49.50,8.50,20.50,0.71,0,4100,4100,0,6.16,6.16,6.16,5.3,12.2,0.0,0,0,0,0,1.5,1.4,0.0,3.8,2.1,5.9,10
18517,TreVeyon,Henderson,TreVeyon Henderson,/football/player/treveyon-henderson-18517,,&#9881;,open,,i,,RB,,RB,NE,TB,119,48.50,2.50,23.00,1.84,0,5600,5600,0,7.66,7.66,7.66,6.9,11.9,1.7,0,0,0,0,1.4,1.7,0.0,7.2,2.3,9.5,10
16751,DeMario,Douglas,DeMario Douglas,/football/player/demario-douglas-16751,,&#9881;,open,,i,,WR,,WR,NE,TB,119,48.50,2.50,23.00,1.37,0,4000,4000,0,5.73,5.73,5.73,7.2,19.1,0.0,0,0,0,0,1.4,0.8,0.0,0.3,2.8,3.1,10
16560,Rashid,Shaheed,Rashid Shaheed,/football/player/rashid-shaheed-16560,,&#9881;,open,,i,,WR,,WR,SEA,ARI,-315,45.00,-6.50,25.75,1.00,0,5200,5200,0,7.16,7.16,7.16,12.4,21.3,6.7,0,0,0,0,1.4,0.7,0.0,0.2,3.3,3.6,10
18500,Matthew,Golden,Matthew Golden,/football/player/matthew-golden-18500,"&nbsp;<span class=""red upper bold sm-text"">que</span>",&#9881;,open,,i,,WR,,WR,GB,PHI,-137,45.00,-2.50,23.75,1.30,0,4400,4400,0,6.27,6.27,6.27,7.2,12.5,2.0,0,0,0,0,1.4,0.9,0.0,0.3,3.5,3.8,10
11863,Cooper,Kupp,Cooper Kupp,/football/player/cooper-kupp-11863,"&nbsp;<span class=""red upper bold sm-text"">que</span>",&#9881;,open,,i,,WR,,WR,SEA,ARI,-315,45.00,-6.50,25.75,0.75,0,4100,4100,0,5.73,5.73,5.73,9.1,15.0,3.7,0,0,0,0,1.4,0.7,0.0,0.0,2.8,2.8,10
16025,Jalen,Nailor,Jalen Nailor,/football/player/jalen-nailor-16025,,&#9881;,open,,i,,WR,,WR,MIN,BAL,182,49.00,4.00,22.50,0.95,0,3100,3100,0,4.46,4.46,4.46,5.1,7.5,1.2,0,0,0,0,1.4,0.9,0.0,0.0,2.6,2.7,10
16163,Jordan,Mason,Jordan Mason,/football/player/jordan-mason-16163,,&#9881;,open,,i,,RB,,RB,MIN,BAL,182,49.00,4.00,22.50,0.94,0,6200,6200,0,8.67,8.67,8.67,10.6,22.7,2.0,0,0,0,0,1.4,1.8,0.0,10.2,1.3,11.4,10
17335,Julian,Hill,Julian Hill,/football/player/julian-hill-17335,"&nbsp;<span class=""red upper bold sm-text"">que</span>",&#9881;,open,,i,,TE,,TE,MIA,BUF,382,50.00,9.50,20.25,0.60,0,2700,2700,0,3.89,3.89,3.89,3.0,5.9,0.2,0,0,0,0,1.4,0.9,0.0,0.0,2.3,2.3,10
10988,Sterling,Shepard,Sterling Shepard,/football/player/sterling-shepard-10988,,&#9881;,open,,i,,WR,,WR,TB,NE,-142,48.50,-2.50,25.50,0.98,0,4200,4200,0,5.86,5.86,5.86,7.5,11.7,2.8,0,0,0,0,1.4,0.8,0.0,0.1,3.3,3.4,10
12316,Johnny,Mundt,Johnny Mundt,/football/player/johnny-mundt-12316,,&#9881;,open,,i,,TE,,TE,JAX,HOU,100,38.00,1.50,18.25,0.54,0,2500,2500,0,3.41,3.41,3.41,1.1,2.3,0.0,0,0,0,0,1.4,0.9,0.0,0.0,2.2,2.2,10
10854,Tyler,Higbee,Tyler Higbee,/football/player/tyler-higbee-10854,,&#9881;,open,,i,,TE,,TE,LAR,SF,-212,49.50,-4.00,26.75,0.99,0,2900,2900,0,4.15,4.15,4.15,6.9,12.9,1.0,0,0,0,0,1.4,0.8,0.0,0.0,2.3,2.3,10
18521,Devin,Neal,Devin Neal,/football/player/devin-neal-18521,,&#9881;,open,,i,,RB,,RB,NO,CAR,203,39.50,5.50,17.00,0.51,0,4400,4400,0,5.96,5.96,5.96,1.6,3.8,0.0,0,0,0,0,1.4,1.6,0.0,5.8,1.1,6.9,10
17057,Isaiah,Davis,Isaiah Davis,/football/player/isaiah-davis-17057,,&#9881;,open,,i,,RB,,RB,NYJ,CLE,119,37.50,2.50,17.50,0.67,0,5000,5000,0,6.74,6.74,6.74,5.0,13.1,0.0,0,0,0,0,1.4,1.4,0.0,5.3,1.7,7.1,10
10748,Austin,Hooper,Austin Hooper,/football/player/austin-hooper-10748,,&#9881;,open,,i,,TE,,TE,NE,TB,119,48.50,2.50,23.00,0.69,0,2500,2500,0,3.50,3.50,3.50,4.3,8.2,0.7,0,0,0,0,1.4,0.7,0.0,0.0,1.7,1.7,10
10161,Tyler,Lockett,Tyler Lockett,/football/player/tyler-lockett-10161,,&#9881;,open,,i,,WR,,WR,LV,DEN,375,42.50,9.50,16.50,0.39,0,3300,3300,0,4.13,4.13,4.13,2.4,6.4,0.0,0,0,0,0,1.3,0.7,0.0,0.0,2.5,2.5,10
18524,Bhayshul,Tuten,Bhayshul Tuten,/football/player/bhayshul-tuten-18524,,&#9881;,open,,i,,RB,,RB,JAX,HOU,100,38.00,1.50,18.25,0.55,0,4700,4700,0,6.12,6.12,6.12,6.5,13.4,1.9,0,0,0,0,1.3,1.5,0.0,5.5,1.5,7.0,10
11429,Kalif,Raymond,Kalif Raymond,/football/player/kalif-raymond-11429,,&#9881;,open,,i,,WR,,WR,DET,WAS,-479,49.50,-8.50,29.00,0.43,0,3000,3000,0,3.80,3.80,3.80,2.7,7.7,0.0,0,0,0,0,1.3,0.6,0.0,0.1,1.6,1.7,10
12570,Ray-Ray,McCloud,Ray-Ray McCloud,/football/player/ray-ray-mccloud-12570,,&#9881;,open,,i,,WR,,WR,NYG,CHI,157,47.50,3.50,22.00,0.58,0,3300,3300,0,4.23,4.23,4.23,1.5,3.6,0.0,0,0,0,0,1.3,0.7,0.0,0.2,2.3,2.5,10
18562,Pat,Bryant,Pat Bryant,/football/player/pat-bryant-18562,,&#9881;,open,,i,,WR,,WR,DEN,LV,-511,42.50,-9.50,26.00,0.89,0,3200,3200,0,4.11,4.11,4.11,3.2,9.6,0.0,0,0,0,0,1.3,0.7,0.0,0.0,2.4,2.4,10
17593,Emanuel,Wilson,Emanuel Wilson,/football/player/emanuel-wilson-17593,,&#9881;,open,,i,,RB,,RB,GB,PHI,-137,45.00,-2.50,23.75,0.55,0,4300,4300,0,5.46,5.46,5.46,4.6,10.5,0.0,0,0,0,0,1.3,1.5,0.0,5.3,1.4,6.7,10
8619,DeAndre,Hopkins,DeAndre Hopkins,/football/player/deandre-hopkins-8619,,&#9881;,open,,i,,WR,,WR,BAL,MIN,-222,49.00,-4.00,26.50,0.97,0,3400,3400,0,4.43,4.43,4.43,4.2,11.8,0.0,0,0,0,0,1.3,0.6,0.0,0.0,2.0,2.0,10
13427,Justice,Hill,Justice Hill,/football/player/justice-hill-13427,,&#9881;,open,,i,,RB,,RB,BAL,MIN,-222,49.00,-4.00,26.50,0.41,0,4300,4300,0,5.08,5.08,5.08,8.1,23.2,0.0,0,0,0,0,1.2,0.9,0.0,1.6,2.0,3.7,10
17091,Emari,Demercado,Emari Demercado,/football/player/emari-demercado-17091,,&#9881;,open,,i,,RB,,RB,ARI,SEA,251,45.00,6.50,19.25,0.51,0,4500,4500,0,5.38,5.38,5.38,4.4,9.6,0.0,0,0,0,0,1.2,1.3,0.0,4.6,1.1,5.7,10
18450,Ollie,Gordon,Ollie Gordon,/football/player/ollie-gordon-18450,"&nbsp;<span class=""red upper bold sm-text"">que</span>",&#9881;,open,,i,,RB,,RB,MIA,BUF,382,50.00,9.50,20.25,0.36,0,4400,4400,0,5.31,5.31,5.31,4.0,11.3,0.0,0,0,0,0,1.2,1.6,0.0,6.1,0.9,7.1,10
16932,Xavier,Hutchinson,Xavier Hutchinson,/football/player/xavier-hutchinson-16932,,&#9881;,open,,i,,WR,,WR,HOU,JAX,-120,38.00,-1.50,19.75,0.66,0,3400,3400,0,4.00,4.00,4.00,8.0,16.2,1.9,0,0,0,0,1.2,0.7,0.0,0.0,2.5,2.5,10
15315,Jaret,Patterson,Jaret Patterson,/football/player/jaret-patterson-15315,,&#9881;,open,,i,,RB,,RB,LAC,PIT,-154,45.00,-3.00,24.00,0.38,0,4400,4400,0,5.06,5.06,5.06,3.7,4.5,2.9,0,0,0,0,1.2,1.6,0.0,6.4,0.9,7.2,10
18551,Jayden,Higgins,Jayden Higgins,/football/player/jayden-higgins-18551,,&#9881;,open,,i,,WR,,WR,HOU,JAX,-120,38.00,-1.50,19.75,0.62,0,3200,3200,0,3.92,3.92,3.92,5.2,11.8,0.2,0,0,0,0,1.2,0.7,0.0,0.0,2.2,2.3,10
15371,Tommy,Tremble,Tommy Tremble,/football/player/tommy-tremble-15371,,&#9881;,open,,i,,TE,,TE,CAR,NO,-252,39.50,-5.50,22.50,0.40,0,2500,2500,0,2.89,2.89,2.89,4.5,12.4,0.0,0,0,0,0,1.2,0.7,0.0,0.0,1.7,1.7,10
16959,Elijah,Higgins,Elijah Higgins,/football/player/elijah-higgins-16959,,&#9881;,open,,i,,TE,,TE,ARI,SEA,251,45.00,6.50,19.25,0.45,0,3000,3000,0,3.59,3.59,3.59,3.4,6.2,0.4,0,0,0,0,1.2,0.6,0.0,0.0,1.9,1.9,10
15310,Tylan,Wallace,Tylan Wallace,/football/player/tylan-wallace-15310,,&#9881;,open,,i,,WR,,WR,BAL,MIN,-222,49.00,-4.00,26.50,0.18,0,3000,3000,0,3.20,3.20,3.20,2.1,8.2,0.0,0,0,0,0,1.1,0.5,0.0,0.1,1.4,1.4,10
15802,Rachaad,White,Rachaad White,/football/player/rachaad-white-15802,,&#9881;,open,,i,,RB,,RB,TB,NE,-142,48.50,-2.50,25.50,1.07,0,6400,6400,0,6.99,6.99,6.99,11.8,21.0,3.6,0,0,0,0,1.1,1.2,0.0,6.2,1.7,7.9,10
17690,Blake,Corum,Blake Corum,/football/player/blake-corum-17690,,&#9881;,open,,i,,RB,,RB,LAR,SF,-212,49.50,-4.00,26.75,0.44,0,4600,4600,0,5.06,5.06,5.06,4.9,9.1,1.6,0,0,0,0,1.1,1.5,0.0,5.8,0.9,6.7,10
15850,Jahan,Dotson,Jahan Dotson,/football/player/jahan-dotson-15850,,&#9881;,open,,i,,WR,,WR,PHI,GB,115,45.00,2.50,21.25,0.34,0,3500,3500,0,3.80,3.80,3.80,2.9,8.8,0.0,0,0,0,0,1.1,0.6,0.0,0.1,2.1,2.1,10
15989,Jerome,Ford,Jerome Ford,/football/player/jerome-ford-15989,,&#9881;,open,,i,,RB,,RB,CLE,NYJ,-142,37.50,-2.50,20.00,0.22,0,4800,4800,0,5.31,5.31,5.31,4.9,9.4,1.2,0,0,0,0,1.1,1.1,0.0,3.5,1.9,5.5,10
15896,Treylon,Burks,Treylon Burks,/football/player/treylon-burks-15896,,&#9881;,open,,i,,WR,,WR,WAS,DET,359,49.50,8.50,20.50,0.48,0,3000,3000,0,3.31,3.31,3.31,2.4,2.4,2.4,0,0,0,0,1.1,0.7,0.0,0.1,2.0,2.1,10
17686,Jamari,Thrash,Jamari Thrash,/football/player/jamari-thrash-17686,,&#9881;,open,,i,,WR,,WR,CLE,NYJ,-142,37.50,-2.50,20.00,0.22,0,3000,3000,0,3.07,3.07,3.07,2.7,4.7,0.6,0,0,0,0,1.0,0.7,0.0,0.1,1.9,2.0,10
16933,Chris,Rodriguez,Chris Rodriguez,/football/player/chris-rodriguez-16933,,&#9881;,open,,i,,RB,,RB,WAS,DET,359,49.50,8.50,20.50,0.14,0,4200,4200,0,4.15,4.15,4.15,4.3,10.7,0.0,0,0,0,0,1.0,1.3,0.0,4.8,0.5,5.3,10
13786,Josh,Oliver,Josh Oliver,/football/player/josh-oliver-13786,"&nbsp;<span class=""red upper bold sm-text"">que</span>",&#9881;,open,,i,,TE,,TE,MIN,BAL,182,49.00,4.00,22.50,0.11,0,2500,2500,0,2.46,2.46,2.46,3.6,10.1,0.0,0,0,0,0,1.0,0.5,0.0,0.0,1.3,1.3,10
14432,Tyler,Johnson,Tyler Johnson,/football/player/tyler-johnson-14432,,&#9881;,open,,i,,WR,,WR,NYJ,CLE,119,37.50,2.50,17.50,0.21,0,3600,3600,0,3.62,3.62,3.62,4.9,13.3,0.0,0,0,0,0,1.0,0.6,0.0,0.0,2.0,2.1,10
11710,Curtis,Samuel,Curtis Samuel,/football/player/curtis-samuel-11710,,&#9881;,open,,i,,WR,,WR,BUF,MIA,-526,50.00,-9.50,29.75,0.41,0,3100,3100,0,3.19,3.19,3.19,3.5,9.5,0.0,0,0,0,0,1.0,0.6,0.0,0.3,1.6,1.8,10
16036,Daniel,Bellinger,Daniel Bellinger,/football/player/daniel-bellinger-16036,"&nbsp;<span class=""red upper bold sm-text"">que</span>",&#9881;,open,,i,,TE,,TE,NYG,CHI,157,47.50,3.50,22.00,0.33,0,2500,2500,0,2.36,2.36,2.36,4.9,14.6,0.0,0,0,0,0,0.9,0.4,0.0,0.0,1.0,1.0,10
16658,Dontayvion,Wicks,Dontayvion Wicks,/football/player/dontayvion-wicks-16658,"&nbsp;<span class=""red upper bold sm-text"">que</span>",&#9881;,open,,i,,WR,,WR,GB,PHI,-137,45.00,-2.50,23.75,0.03,0,3800,3800,0,3.30,3.30,3.30,4.3,7.6,1.6,0,0,0,0,0.9,0.5,0.0,0.0,2.0,2.0,10
16810,Keaton,Mitchell,Keaton Mitchell,/football/player/keaton-mitchell-16810,,&#9881;,open,,i,,RB,,RB,BAL,MIN,-222,49.00,-4.00,26.50,0.10,0,4000,4000,0,3.44,3.44,3.44,2.4,4.2,0.3,0,0,0,0,0.9,1.0,0.0,3.3,0.5,3.8,10
15274,Dyami,Brown,Dyami Brown,/football/player/dyami-brown-15274,"&nbsp;<span class=""red upper bold sm-text"">que</span>",&#9881;,open,,i,,WR,,WR,JAX,HOU,100,38.00,1.50,18.25,0.31,0,3700,3700,0,3.17,3.17,3.17,6.8,15.0,2.0,0,0,0,0,0.9,0.6,0.0,0.2,2.0,2.2,10
17555,Tyrell,Shavers,Tyrell Shavers,/football/player/tyrell-shavers-17555,,&#9881;,open,,i,,WR,,WR,BUF,MIA,-526,50.00,-9.50,29.75,0.22,0,3000,3000,0,2.74,2.74,2.74,1.7,4.9,0.0,0,0,0,0,0.9,0.5,0.0,0.0,1.4,1.4,10
15242,Chuba,Hubbard,Chuba Hubbard,/football/player/chuba-hubbard-15242,,&#9881;,open,,i,,RB,,RB,CAR,NO,-252,39.50,-5.50,22.50,0.32,0,5300,5300,0,5.04,5.04,5.04,9.5,16.8,2.9,0,0,0,0,0.9,1.4,0.0,6.4,1.0,7.4,10
19126,Kyle,Williams,Kyle Williams,/football/player/kyle-williams-19126,,&#9881;,open,,i,,WR,,WR,NE,TB,119,48.50,2.50,23.00,0.24,0,3000,3000,0,2.70,2.70,2.70,0.2,1.3,0.0,0,0,0,0,0.9,0.5,0.0,0.0,1.6,1.6,10
10604,Raheem,Mostert,Raheem Mostert,/football/player/raheem-mostert-10604,,&#9881;,open,,i,,RB,,RB,LV,DEN,375,42.50,9.50,16.50,0.08,0,4000,4000,0,3.40,3.40,3.40,2.7,7.2,0.0,0,0,0,0,0.9,1.0,0.0,3.3,0.9,4.2,10
18467,Dylan,Sampson,Dylan Sampson,/football/player/dylan-sampson-18467,,&#9881;,open,,i,,RB,,RB,CLE,NYJ,-142,37.50,-2.50,20.00,0.16,0,4700,4700,0,4.07,4.07,4.07,3.9,9.5,0.0,0,0,0,0,0.9,1.0,0.0,2.9,1.7,4.5,10
18502,Isaiah,Bond,Isaiah Bond,/football/player/isaiah-bond-18502,"&nbsp;<span class=""red upper bold sm-text"">que</span>",&#9881;,open,,i,,WR,,WR,CLE,NYJ,-142,37.50,-2.50,20.00,0.25,0,3100,3100,0,2.64,2.64,2.64,3.2,7.5,0.1,0,0,0,0,0.9,0.7,0.0,0.3,1.9,2.2,10
16105,Bam,Knight,Bam Knight,/football/player/bam-knight-16105,,&#9881;,open,,i,,RB,,RB,ARI,SEA,251,45.00,6.50,19.25,0.16,0,5500,5500,0,4.33,4.33,4.33,6.3,12.0,0.6,0,0,0,0,0.8,1.0,0.0,4.2,1.2,5.4,10
18569,Jimmy,Horn,Jimmy Horn,/football/player/jimmy-horn-18569,,&#9881;,open,,i,,WR,,WR,CAR,NO,-252,39.50,-5.50,22.50,0.15,0,3000,3000,0,2.43,2.43,2.43,2.8,6.1,0.1,0,0,0,0,0.8,0.6,0.0,0.6,1.3,1.8,10
18497,Terrance,Ferguson,Terrance Ferguson,/football/player/terrance-ferguson-18497,,&#9881;,open,,i,,TE,,TE,LAR,SF,-212,49.50,-4.00,26.75,0.20,0,2500,2500,0,1.93,1.93,1.93,4.1,9.4,0.0,0,0,0,0,0.8,0.4,0.0,0.0,1.0,1.0,10
11849,Noah,Brown,Noah Brown,/football/player/noah-brown-11849,"&nbsp;<span class=""red upper bold sm-text"">IR</span>",&#9881;,open,,i,,WR,,WR,WAS,DET,359,49.50,8.50,20.50,0.02,0,3000,3000,0,2.52,2.52,2.52,1.9,1.9,1.9,0,0,0,0,0.8,0.5,0.0,0.0,1.5,1.5,10
16992,Nate,Adkins,Nate Adkins,/football/player/nate-adkins-16992,"&nbsp;<span class=""red upper bold sm-text"">que</span>",&#9881;,open,,i,,TE,,TE,DEN,LV,-511,42.50,-9.50,26.00,0.15,0,2500,2500,0,1.95,1.95,1.95,2.8,8.6,0.0,0,0,0,0,0.8,0.4,0.0,0.0,1.0,1.0,10
14541,Adam,Trautman,Adam Trautman,/football/player/adam-trautman-14541,,&#9881;,open,,i,,TE,,TE,DEN,LV,-511,42.50,-9.50,26.00,0.19,0,2500,2500,0,1.89,1.89,1.89,2.7,8.2,0.0,0,0,0,0,0.8,0.4,0.0,0.0,1.0,1.0,10
18555,Jaylin,Noel,Jaylin Noel,/football/player/jaylin-noel-18555,,&#9881;,open,,i,,WR,,WR,HOU,JAX,-120,38.00,-1.50,19.75,0.23,0,3700,3700,0,2.85,2.85,2.85,5.0,11.2,0.0,0,0,0,0,0.8,0.5,0.0,0.2,1.5,1.8,10
13469,Greg,Dortch,Greg Dortch,/football/player/greg-dortch-13469,,&#9881;,open,,i,,WR,,WR,ARI,SEA,251,45.00,6.50,19.25,0.19,0,3100,3100,0,2.48,2.48,2.48,4.2,8.7,0.9,0,0,0,0,0.8,0.5,0.0,0.2,1.3,1.5,10
18476,LeQuint,Allen,LeQuint Allen,/football/player/lequint-allen-18476,,&#9881;,open,,i,,RB,,RB,JAX,HOU,100,38.00,1.50,18.25,0.03,0,4000,4000,0,2.84,2.84,2.84,1.5,2.2,0.4,0,0,0,0,0.7,0.6,0.0,1.1,1.4,2.4,10
18478,Tre',Harris,Tre' Harris,/football/player/tre-harris-18478,,&#9881;,open,,i,,WR,,WR,LAC,PIT,-154,45.00,-3.00,24.00,0.23,0,3400,3400,0,2.51,2.51,2.51,3.6,7.9,0.1,0,0,0,0,0.7,0.4,0.0,0.0,1.4,1.4,10
15996,Jeremy,Ruckert,Jeremy Ruckert,/football/player/jeremy-ruckert-15996,,&#9881;,open,,i,,TE,,TE,NYJ,CLE,119,37.50,2.50,17.50,0.19,0,2500,2500,0,1.81,1.81,1.81,3.0,6.9,0.0,0,0,0,0,0.7,0.4,0.0,0.0,1.1,1.1,10
18548,Luther,Burden,Luther Burden,/football/player/luther-burden-18548,"&nbsp;<span class=""red upper bold sm-text"">que</span>",&#9881;,open,,i,,WR,,WR,CHI,NYG,-192,47.50,-3.50,25.50,0.17,0,3800,3800,0,2.72,2.72,2.72,6.5,18.9,0.0,0,0,0,0,0.7,0.4,0.0,0.4,1.3,1.7,10
17030,Davis,Allen,Davis Allen,/football/player/davis-allen-17030,,&#9881;,open,,i,,TE,,TE,LAR,SF,-212,49.50,-4.00,26.75,0.25,0,2500,2500,0,1.80,1.80,1.80,3.5,7.1,0.8,0,0,0,0,0.7,0.4,0.0,0.0,1.0,1.0,10
16039,Grant,Calcaterra,Grant Calcaterra,/football/player/grant-calcaterra-16039,,&#9881;,open,,i,,TE,,TE,PHI,GB,115,45.00,2.50,21.25,0.15,0,2500,2500,0,1.76,1.76,1.76,1.6,3.5,0.0,0,0,0,0,0.7,0.4,0.0,0.0,0.9,0.9,10
18545,Mitchell,Evans,Mitchell Evans,/football/player/mitchell-evans-18545,,&#9881;,open,,i,,TE,,TE,CAR,NO,-252,39.50,-5.50,22.50,0.14,0,2500,2500,0,1.67,1.67,1.67,3.8,9.5,0.0,0,0,0,0,0.7,0.4,0.0,0.0,0.9,0.9,10
15893,Tyler,Badie,Tyler Badie,/football/player/tyler-badie-15893,,&#9881;,open,,i,,RB,,RB,DEN,LV,-511,42.50,-9.50,26.00,0.04,0,4000,4000,0,2.32,2.32,2.32,2.3,4.0,0.4,0,0,0,0,0.6,0.5,0.0,1.1,1.0,2.0,10
17792,Ray,Davis,Ray Davis,/football/player/ray-davis-17792,,&#9881;,open,,i,,RB,,RB,BUF,MIA,-526,50.00,-9.50,29.75,0.06,0,4500,4500,0,2.88,2.88,2.88,2.0,7.8,0.0,0,0,0,0,0.6,0.9,0.0,3.7,0.4,4.1,10
14576,Harrison,Bryant,Harrison Bryant,/football/player/harrison-bryant-14576,,&#9881;,open,,i,,TE,,TE,HOU,JAX,-120,38.00,-1.50,19.75,0.12,0,2500,2500,0,1.54,1.54,1.54,0.4,1.3,0.0,0,0,0,0,0.6,0.4,0.0,0.0,0.9,0.9,10
13634,David,Sills,David Sills,/football/player/david-sills-13634,,&#9881;,open,,i,,WR,,WR,ATL,IND,229,48.50,6.50,21.00,0.05,0,3000,3000,0,1.92,1.92,1.92,0.8,2.8,0.0,0,0,0,0,0.6,0.4,0.0,0.0,1.3,1.3,10
15461,Dee,Eskridge,Dee Eskridge,/football/player/dee-eskridge-15461,,&#9881;,open,,i,,WR,,WR,MIA,BUF,382,50.00,9.50,20.25,0.03,0,3000,3000,0,1.83,1.83,1.83,0.9,4.2,0.0,0,0,0,0,0.6,0.4,0.0,0.1,1.0,1.2,10
15907,Brian,Robinson,Brian Robinson,/football/player/brian-robinson-15907,,&#9881;,open,,i,,RB,,RB,SF,LAR,174,49.50,4.00,22.75,0.08,0,4500,4500,0,2.64,2.64,2.64,3.4,9.1,0.0,0,0,0,0,0.6,1.0,0.0,4.0,0.3,4.4,10
17467,Xavier,Smith,Xavier Smith,/football/player/xavier-smith-17467,,&#9881;,open,,i,,WR,,WR,LAR,SF,-212,49.50,-4.00,26.75,0.09,0,3000,3000,0,1.81,1.81,1.81,1.0,3.1,0.0,0,0,0,0,0.6,0.4,0.0,0.3,1.0,1.3,10
11163,Demarcus,Robinson,Demarcus Robinson,/football/player/demarcus-robinson-11163,,&#9881;,open,,i,,WR,,WR,SF,LAR,174,49.50,4.00,22.75,0.12,0,3000,3000,0,1.65,1.65,1.65,3.1,6.5,0.1,0,0,0,0,0.6,0.3,0.0,0.0,0.9,0.9,10
18558,Dont'e,Thornton,Dont'e Thornton,/football/player/donte-thornton-18558,,&#9881;,open,,i,,WR,,WR,LV,DEN,375,42.50,9.50,16.50,0.03,0,3000,3000,0,1.72,1.72,1.72,1.3,4.2,0.0,0,0,0,0,0.6,0.4,0.0,0.0,1.3,1.3,10
12628,Allen,Lazard,Allen Lazard,/football/player/allen-lazard-12628,,&#9881;,open,,i,,WR,,WR,NYJ,CLE,119,37.50,2.50,17.50,0.06,0,3300,3300,0,2.07,2.07,2.07,2.9,7.8,0.0,0,0,0,0,0.6,0.4,0.0,0.0,1.2,1.2,10
15663,Austin,Trammell,Austin Trammell,/football/player/austin-trammell-15663,,&#9881;,open,,i,,WR,,WR,JAX,HOU,100,38.00,1.50,18.25,0.02,0,3000,3000,0,1.65,1.65,1.65,0.0,0.0,0.0,0,0,0,0,0.6,0.4,0.0,0.0,1.1,1.1,10
14436,Cole,Kmet,Cole Kmet,/football/player/cole-kmet-14436,"&nbsp;<span class=""red upper bold sm-text"">que</span>",&#9881;,open,,i,,TE,,TE,CHI,NYG,-192,47.50,-3.50,25.50,0.17,0,3100,3100,0,1.84,1.84,1.84,4.4,7.7,1.2,0,0,0,0,0.6,0.3,0.0,0.0,1.0,1.0,10
17184,Malik,Heath,Malik Heath,/football/player/malik-heath-17184,,&#9881;,open,,i,,WR,,WR,GB,PHI,-137,45.00,-2.50,23.75,0.15,0,3000,3000,0,1.94,1.94,1.94,2.1,5.2,0.0,0,0,0,0,0.6,0.4,0.0,0.0,1.0,1.1,10
16418,Jake,Tonges,Jake Tonges,/football/player/jake-tonges-16418,,&#9881;,open,,i,,TE,,TE,SF,LAR,174,49.50,4.00,22.75,0.07,0,2500,2500,0,1.19,1.19,1.19,7.8,15.6,0.7,0,0,0,0,0.5,0.3,0.0,0.0,0.6,0.6,10
16170,John,FitzPatrick,John FitzPatrick,/football/player/john-fitzpatrick-16170,,&#9881;,open,,i,,TE,,TE,GB,PHI,-137,45.00,-2.50,23.75,0.14,0,2500,2500,0,1.35,1.35,1.35,1.7,7.2,0.0,0,0,0,0,0.5,0.3,0.0,0.0,0.7,0.7,10
18107,Mason,Tipton,Mason Tipton,/football/player/mason-tipton-18107,,&#9881;,open,,i,,WR,,WR,NO,CAR,203,39.50,5.50,17.00,0.04,0,3100,3100,0,1.65,1.65,1.65,0.0,0.0,0.0,0,0,0,0,0.5,0.4,0.0,0.1,1.1,1.2,10
15924,Charlie,Kolar,Charlie Kolar,/football/player/charlie-kolar-15924,,&#9881;,open,,i,,TE,,TE,BAL,MIN,-222,49.00,-4.00,26.50,0.08,0,2500,2500,0,1.35,1.35,1.35,3.5,9.0,0.0,0,0,0,0,0.5,0.2,0.0,0.0,0.6,0.6,10
14463,Colby,Parkinson,Colby Parkinson,/football/player/colby-parkinson-14463,,&#9881;,open,,i,,TE,,TE,LAR,SF,-212,49.50,-4.00,26.75,0.09,0,2500,2500,0,1.19,1.19,1.19,2.9,6.9,0.0,0,0,0,0,0.5,0.3,0.0,0.0,0.6,0.6,10
17668,Adonai,Mitchell,Adonai Mitchell,/football/player/adonai-mitchell-17668,,&#9881;,open,,i,,WR,,WR,NYJ,CLE,119,37.50,2.50,17.50,0.03,0,3000,3000,0,1.37,1.37,1.37,2.7,9.3,0.0,0,0,0,0,0.5,0.3,0.0,0.1,0.9,0.9,10
10126,Ameer,Abdullah,Ameer Abdullah,/football/player/ameer-abdullah-10126,,&#9881;,open,,i,,RB,,RB,IND,ATL,-283,48.50,-6.50,27.50,0.02,0,4000,4000,0,1.88,1.88,1.88,3.2,6.0,1.3,0,0,0,0,0.5,0.5,0.0,1.8,0.4,2.2,10
18646,Arian,Smith,Arian Smith,/football/player/arian-smith-18646,,&#9881;,open,,i,,WR,,WR,NYJ,CLE,119,37.50,2.50,17.50,0.03,0,3200,3200,0,1.46,1.46,1.46,1.4,3.0,0.1,0,0,0,0,0.5,0.3,0.0,0.1,0.9,1.0,10
15280,Elijah,Moore,Elijah Moore,/football/player/elijah-moore-15280,,&#9881;,open,,i,,WR,,WR,BUF,MIA,-526,50.00,-9.50,29.75,0.20,0,3200,3200,0,1.71,1.71,1.71,3.8,9.3,0.0,0,0,0,0,0.5,0.3,0.0,0.1,0.9,1.1,10
16741,Chris,Brooks,Chris Brooks,/football/player/chris-brooks-16741,,&#9881;,open,,i,,RB,,RB,GB,PHI,-137,45.00,-2.50,23.75,0.02,0,4000,4000,0,1.90,1.90,1.90,1.6,4.9,0.0,0,0,0,0,0.5,0.4,0.0,0.8,0.9,1.6,10
16277,Drew,Ogletree,Drew Ogletree,/football/player/drew-ogletree-16277,,&#9881;,open,,i,,TE,,TE,IND,ATL,-283,48.50,-6.50,27.50,0.05,0,2500,2500,0,1.15,1.15,1.15,0.0,0.0,0.0,0,0,0,0,0.5,0.2,0.0,0.0,0.6,0.6,10
8986,Adam,Thielen,Adam Thielen,/football/player/adam-thielen-8986,,&#9881;,open,,i,,WR,,WR,MIN,BAL,182,49.00,4.00,22.50,0.03,0,3000,3000,0,1.47,1.47,1.47,1.4,3.9,0.0,0,0,0,0,0.5,0.3,0.0,0.0,0.8,0.8,10
15289,John,Bates,John Bates,/football/player/john-bates-15289,,&#9881;,open,,i,,TE,,TE,WAS,DET,359,49.50,8.50,20.50,0.09,0,2500,2500,0,1.32,1.32,1.32,1.8,3.7,0.1,0,0,0,0,0.5,0.3,0.0,0.0,0.8,0.8,10
16714,Jalin,Hyatt,Jalin Hyatt,/football/player/jalin-hyatt-16714,,&#9881;,open,,i,,WR,,WR,NYG,CHI,157,47.50,3.50,22.00,0.08,0,3000,3000,0,1.52,1.52,1.52,0.8,3.7,0.0,0,0,0,0,0.5,0.3,0.0,0.0,0.9,0.9,10
16069,John,Metchie,John Metchie,/football/player/john-metchie-16069,,&#9881;,open,,i,,WR,,WR,NYJ,CLE,119,37.50,2.50,17.50,0.04,0,3000,3000,0,1.47,1.47,1.47,1.0,2.6,0.0,0,0,0,0,0.5,0.3,0.0,0.1,0.9,0.9,10
13806,Alec,Ingold,Alec Ingold,/football/player/alec-ingold-13806,,&#9881;,open,,i,,RB,,RB,MIA,BUF,382,50.00,9.50,20.25,1.03,0,4000,4000,0,2.00,2.00,2.00,1.0,3.0,0.0,0,0,0,0,0.5,0.3,0.0,0.4,1.0,1.4,10
15681,Brock,Wright,Brock Wright,/football/player/brock-wright-15681,,&#9881;,open,,i,,TE,,TE,DET,WAS,-479,49.50,-8.50,29.00,0.14,0,2500,2500,0,1.03,1.03,1.03,4.0,10.3,0.0,0,0,0,0,0.4,0.2,0.0,0.0,0.5,0.5,10
13822,Foster,Moreau,Foster Moreau,/football/player/foster-moreau-13822,,&#9881;,open,,i,,TE,,TE,NO,CAR,203,39.50,5.50,17.00,0.06,0,2500,2500,0,0.95,0.95,0.95,0.4,1.6,0.0,0,0,0,0,0.4,0.2,0.0,0.0,0.5,0.5,10
16705,Tank,Bigsby,Tank Bigsby,/football/player/tank-bigsby-16705,,&#9881;,open,,i,,RB,,RB,PHI,GB,115,45.00,2.50,21.25,0.03,0,4000,4000,0,1.77,1.77,1.77,2.2,10.3,0.0,0,0,0,0,0.4,0.7,0.0,2.5,0.2,2.7,10
17800,Jaylen,Wright,Jaylen Wright,/football/player/jaylen-wright-17800,,&#9881;,open,,i,,RB,,RB,MIA,BUF,382,50.00,9.50,20.25,0.01,0,4000,4000,0,1.53,1.53,1.53,1.9,4.2,0.0,0,0,0,0,0.4,0.5,0.0,1.8,0.3,2.1,10
16728,Sean,Tucker,Sean Tucker,/football/player/sean-tucker-16728,,&#9881;,open,,i,,RB,,RB,TB,NE,-142,48.50,-2.50,25.50,0.02,0,4900,4900,0,2.00,2.00,2.00,3.3,8.9,0.0,0,0,0,0,0.4,0.3,0.0,1.2,0.3,1.4,10
15891,Greg,Dulcich,Greg Dulcich,/football/player/greg-dulcich-15891,,&#9881;,open,,i,,TE,,TE,MIA,BUF,382,50.00,9.50,20.25,0.22,0,2600,2600,0,1.10,1.10,1.10,5.0,10.9,0.0,0,0,0,0,0.4,0.2,0.0,0.0,0.6,0.6,10
18648,Beaux,Collins,Beaux Collins,/football/player/beaux-collins-18648,"&nbsp;<span class=""red upper bold sm-text"">que</span>",&#9881;,open,,i,,WR,,WR,NYG,CHI,157,47.50,3.50,22.00,0.02,0,3000,3000,0,1.09,1.09,1.09,0.6,2.2,0.0,0,0,0,0,0.4,0.2,0.0,0.0,0.6,0.6,10
13911,Alex,Bachman,Alex Bachman,/football/player/alex-bachman-13911,,&#9881;,open,,i,,WR,,WR,LV,DEN,375,42.50,9.50,16.50,0.00,0,3000,3000,0,1.28,1.28,1.28,0.3,1.5,0.0,0,0,0,0,0.4,0.3,0.0,0.0,0.8,0.8,10
17977,Isaiah,Williams,Isaiah Williams,/football/player/isaiah-williams-17977,,&#9881;,open,,i,,WR,,WR,NYJ,CLE,119,37.50,2.50,17.50,0.01,0,3000,3000,0,1.19,1.19,1.19,1.3,6.7,0.0,0,0,0,0,0.4,0.3,0.0,0.1,0.6,0.8,10
18642,Isaac,TeSlaa,Isaac TeSlaa,/football/player/isaac-teslaa-18642,,&#9881;,open,,i,,WR,,WR,DET,WAS,-479,49.50,-8.50,29.00,0.09,0,3000,3000,0,1.17,1.17,1.17,1.7,6.6,0.0,0,0,0,0,0.4,0.2,0.0,0.0,0.6,0.6,10
16720,Payne,Durham,Payne Durham,/football/player/payne-durham-16720,,&#9881;,open,,i,,TE,,TE,TB,NE,-142,48.50,-2.50,25.50,0.13,0,2500,2500,0,1.10,1.10,1.10,0.0,0.0,0.0,0,0,0,0,0.4,0.2,0.0,0.0,0.6,0.6,10
17728,Devontez,Walker,Devontez Walker,/football/player/devontez-walker-17728,,&#9881;,open,,i,,WR,,WR,BAL,MIN,-222,49.00,-4.00,26.50,0.04,0,3000,3000,0,1.31,1.31,1.31,5.3,14.9,0.0,0,0,0,0,0.4,0.2,0.0,0.1,0.6,0.6,10
18515,Kaleb,Johnson,Kaleb Johnson,/football/player/kaleb-johnson-18515,,&#9881;,open,,i,,RB,,RB,PIT,LAC,129,45.00,3.00,21.00,0.01,0,4000,4000,0,1.29,1.29,1.29,1.5,2.4,0.3,0,0,0,0,0.3,0.4,0.0,1.5,0.2,1.7,10
17330,Brycen,Tremayne,Brycen Tremayne,/football/player/brycen-tremayne-17330,,&#9881;,open,,i,,WR,,WR,CAR,NO,-252,39.50,-5.50,22.50,0.01,0,3000,3000,0,0.75,0.75,0.75,2.7,6.8,0.0,0,0,0,0,0.3,0.2,0.0,0.0,0.4,0.5,10
17130,Blake,Whiteheart,Blake Whiteheart,/football/player/blake-whiteheart-17130,,&#9881;,open,,i,,TE,,TE,CLE,NYJ,-142,37.50,-2.50,20.00,0.02,0,2500,2500,0,0.73,0.73,0.73,0.3,1.2,0.0,0,0,0,0,0.3,0.2,0.0,0.0,0.4,0.4,10
12061,Tim,Patrick,Tim Patrick,/football/player/tim-patrick-12061,"&nbsp;<span class=""red upper bold sm-text"">que</span>",&#9881;,open,,i,,WR,,WR,JAX,HOU,100,38.00,1.50,18.25,0.01,0,3200,3200,0,0.89,0.89,0.89,2.7,8.0,0.0,0,0,0,0,0.3,0.2,0.0,0.0,0.5,0.5,10
16321,Stone,Smartt,Stone Smartt,/football/player/stone-smartt-16321,"&nbsp;<span class=""red upper bold sm-text"">que</span>",&#9881;,open,,i,,TE,,TE,NYJ,CLE,119,37.50,2.50,17.50,0.00,0,2500,2500,0,0.71,0.71,0.71,0.0,0.0,0.0,0,0,0,0,0.3,0.2,0.0,0.0,0.4,0.4,10
16939,Derius,Davis,Derius Davis,/football/player/derius-davis-16939,,&#9881;,open,,i,,WR,,WR,LAC,PIT,-154,45.00,-3.00,24.00,0.01,0,3000,3000,0,0.91,0.91,0.91,-0.2,0.1,0.0,0,0,0,0,0.3,0.2,0.0,0.5,0.1,0.7,10
17777,Malachi,Corley,Malachi Corley,/football/player/malachi-corley-17777,,&#9881;,open,,i,,WR,,WR,CLE,NYJ,-142,37.50,-2.50,20.00,0.01,0,3000,3000,0,0.84,0.84,0.84,2.0,3.7,0.1,0,0,0,0,0.3,0.2,0.0,0.1,0.5,0.6,10
10033,Chris,Manhertz,Chris Manhertz,/football/player/chris-manhertz-10033,,&#9881;,open,,i,,TE,,TE,NYG,CHI,157,47.50,3.50,22.00,0.06,0,2500,2500,0,0.80,0.80,0.80,0.2,1.3,0.0,0,0,0,0,0.3,0.2,0.0,0.0,0.4,0.4,10
8930,Kyle,Juszczyk,Kyle Juszczyk,/football/player/kyle-juszczyk-8930,,&#9881;,open,,i,,RB,,RB,SF,LAR,174,49.50,4.00,22.75,1.03,0,4000,4000,0,1.40,1.40,1.40,3.4,6.4,1.2,0,0,0,0,0.3,0.2,0.0,0.3,0.6,0.9,10
12858,Ian,Thomas,Ian Thomas,/football/player/ian-thomas-12858,,&#9881;,open,,i,,TE,,TE,LV,DEN,375,42.50,9.50,16.50,0.03,0,2500,2500,0,0.76,0.76,0.76,1.2,4.0,0.0,0,0,0,0,0.3,0.2,0.0,0.0,0.5,0.5,10
11768,Dare,Ogunbowale,Dare Ogunbowale,/football/player/dare-ogunbowale-11768,,&#9881;,open,,i,,RB,,RB,HOU,JAX,-120,38.00,-1.50,19.75,0.00,0,4000,4000,0,0.98,0.98,0.98,0.6,2.2,0.0,0,0,0,0,0.3,0.2,0.0,0.6,0.4,1.0,10
17802,Will,Shipley,Will Shipley,/football/player/will-shipley-17802,,&#9881;,open,,i,,RB,,RB,PHI,GB,115,45.00,2.50,21.25,0.00,0,4800,4800,0,1.39,1.39,1.39,0.7,1.6,0.0,0,0,0,0,0.3,0.4,0.0,1.2,0.5,1.7,10
14608,Charlie,Woerner,Charlie Woerner,/football/player/charlie-woerner-14608,,&#9881;,open,,i,,TE,,TE,ATL,IND,229,48.50,6.50,21.00,0.04,0,2500,2500,0,0.74,0.74,0.74,0.1,0.4,0.0,0,0,0,0,0.3,0.2,0.0,0.0,0.5,0.5,10
18307,Kameron,Johnson,Kameron Johnson,/football/player/kameron-johnson-18307,,&#9881;,open,,i,,WR,,WR,TB,NE,-142,48.50,-2.50,25.50,0.04,0,3500,3500,0,0.90,0.90,0.90,2.4,12.5,0.0,0,0,0,0,0.3,0.1,0.0,0.0,0.5,0.5,10
18538,Jackson,Hawes,Jackson Hawes,/football/player/jackson-hawes-18538,,&#9881;,open,,i,,TE,,TE,BUF,MIA,-526,50.00,-9.50,29.75,0.09,0,2500,2500,0,0.82,0.82,0.82,2.5,6.3,0.0,0,0,0,0,0.3,0.2,0.0,0.0,0.4,0.4,10
12809,Tyler,Conklin,Tyler Conklin,/football/player/tyler-conklin-12809,,&#9881;,open,,i,,TE,,TE,LAC,PIT,-154,45.00,-3.00,24.00,0.12,0,2500,2500,0,0.72,0.72,0.72,0.8,3.8,0.0,0,0,0,0,0.3,0.2,0.0,0.0,0.4,0.4,10
18044,Casey,Washington,Casey Washington,/football/player/casey-washington-18044,"&nbsp;<span class=""red upper bold sm-text"">que</span>",&#9881;,open,,i,,WR,,WR,ATL,IND,229,48.50,6.50,21.00,0.03,0,3000,3000,0,0.98,0.98,0.98,2.3,3.7,0.4,0,0,0,0,0.3,0.2,0.0,0.0,0.6,0.7,10
17833,Ben,Sinnott,Ben Sinnott,/football/player/ben-sinnott-17833,,&#9881;,open,,i,,TE,,TE,WAS,DET,359,49.50,8.50,20.50,0.04,0,2500,2500,0,0.75,0.75,0.75,0.6,2.5,0.0,0,0,0,0,0.3,0.2,0.0,0.0,0.4,0.4,10
18554,Savion,Williams,Savion Williams,/football/player/savion-williams-18554,,&#9881;,open,,i,,WR,,WR,GB,PHI,-137,45.00,-2.50,23.75,0.05,0,3000,3000,0,0.63,0.63,0.63,2.6,6.8,0.0,0,0,0,0,0.2,0.2,0.0,0.2,0.3,0.5,10
13418,KhaDarel,Hodge,KhaDarel Hodge,/football/player/khadarel-hodge-13418,,&#9881;,open,,i,,WR,,WR,ATL,IND,229,48.50,6.50,21.00,0.01,0,3000,3000,0,0.51,0.51,0.51,1.0,4.8,0.0,0,0,0,0,0.2,0.1,0.0,0.0,0.3,0.3,10
18368,Terrell,Jennings,Terrell Jennings,/football/player/terrell-jennings-18368,,&#9881;,open,,i,,RB,,RB,NE,TB,119,48.50,2.50,23.00,0.02,0,4900,4900,0,1.07,1.07,1.07,3.7,10.1,0.0,0,0,0,0,0.2,0.3,0.0,1.6,0.1,1.7,10
18506,Trevor,Etienne,Trevor Etienne,/football/player/trevor-etienne-18506,,&#9881;,open,,i,,RB,,RB,CAR,NO,-252,39.50,-5.50,22.50,0.00,0,4000,4000,0,0.75,0.75,0.75,1.3,3.5,0.0,0,0,0,0,0.2,0.2,0.0,0.9,0.1,1.0,10
18443,DJ,Giddens,DJ Giddens,/football/player/dj-giddens-18443,,&#9881;,open,,i,,RB,,RB,IND,ATL,-283,48.50,-6.50,27.50,0.00,0,4000,4000,0,0.61,0.61,0.61,0.4,1.8,0.0,0,0,0,0,0.2,0.2,0.0,0.9,0.1,0.9,10
18889,Efton,Chism,Efton Chism,/football/player/efton-chism-18889,,&#9881;,open,,i,,WR,,WR,NE,TB,119,48.50,2.50,23.00,0.02,0,3000,3000,0,0.60,0.60,0.60,0.0,0.0,0.0,0,0,0,0,0.2,0.1,0.0,0.0,0.3,0.3,10
17968,George,Holani,George Holani,/football/player/george-holani-17968,,&#9881;,open,,i,,RB,,RB,SEA,ARI,-315,45.00,-6.50,25.75,0.00,0,4000,4000,0,0.60,0.60,0.60,0.9,4.0,0.0,0,0,0,0,0.2,0.2,0.0,0.8,0.1,0.9,10
12807,Durham,Smythe,Durham Smythe,/football/player/durham-smythe-12807,,&#9881;,open,,i,,TE,,TE,CHI,NYG,-192,47.50,-3.50,25.50,0.03,0,2500,2500,0,0.39,0.39,0.39,0.0,0.0,0.0,0,0,0,0,0.2,0.1,0.0,0.0,0.2,0.2,10
12196,Mo,Alie-Cox,Mo Alie-Cox,/football/player/mo-alie-cox-12196,,&#9881;,open,,i,,TE,,TE,IND,ATL,-283,48.50,-6.50,27.50,0.03,0,2500,2500,0,0.58,0.58,0.58,0.8,2.2,0.0,0,0,0,0,0.2,0.1,0.0,0.0,0.3,0.3,10
11599,C.J.,Ham,C.J. Ham,/football/player/cj-ham-11599,"&nbsp;<span class=""red upper bold sm-text"">que</span>",&#9881;,open,,i,,RB,,RB,MIN,BAL,182,49.00,4.00,22.50,1.03,0,4000,4000,0,0.78,0.78,0.78,0.8,1.7,0.0,0,0,0,0,0.2,0.1,0.0,0.1,0.4,0.5,10
18647,Jordan,Watkins,Jordan Watkins,/football/player/jordan-watkins-18647,,&#9881;,open,,i,,WR,,WR,SF,LAR,174,49.50,4.00,22.75,0.02,0,3000,3000,0,0.64,0.64,0.64,2.3,3.0,1.6,0,0,0,0,0.2,0.1,0.0,0.0,0.3,0.4,10
16970,Eric,Gray,Eric Gray,/football/player/eric-gray-16970,"&nbsp;<span class=""red upper bold sm-text"">PUP</span>",&#9881;,open,,i,,RB,,RB,NYG,CHI,157,47.50,3.50,22.00,0.00,0,4000,4000,0,0.74,0.74,0.74,0.0,0.0,0.0,0,0,0,0,0.2,0.0,0.0,0.0,0.0,0.0,10
14636,Devin,Duvernay,Devin Duvernay,/football/player/devin-duvernay-14636,,&#9881;,open,,i,,WR,,WR,CHI,NYG,-192,47.50,-3.50,25.50,0.01,0,3000,3000,0,0.60,0.60,0.60,0.2,0.9,0.0,0,0,0,0,0.2,0.1,0.0,0.1,0.1,0.2,10
17271,Ryan,Miller,Ryan Miller,/football/player/ryan-miller-17271,,&#9881;,open,,i,,WR,,WR,TB,NE,-142,48.50,-2.50,25.50,0.03,0,3200,3200,0,0.68,0.68,0.68,1.6,7.0,0.0,0,0,0,0,0.2,0.1,0.0,0.0,0.4,0.4,10
15245,Kylen,Granson,Kylen Granson,/football/player/kylen-granson-15245,,&#9881;,open,,i,,TE,,TE,PHI,GB,115,45.00,2.50,21.25,0.02,0,2500,2500,0,0.54,0.54,0.54,0.2,1.1,0.0,0,0,0,0,0.2,0.1,0.0,0.0,0.3,0.3,10
13987,Scotty,Miller,Scotty Miller,/football/player/scotty-miller-13987,"&nbsp;<span class=""red upper bold sm-text"">que</span>",&#9881;,open,,i,,WR,,WR,PIT,LAC,129,45.00,3.00,21.00,0.00,0,3000,3000,0,0.55,0.55,0.55,0.4,1.6,0.0,0,0,0,0,0.2,0.1,0.0,0.0,0.3,0.3,10
12773,Cedrick,Wilson,Cedrick Wilson,/football/player/cedrick-wilson-12773,,&#9881;,open,,i,,WR,,WR,MIA,BUF,382,50.00,9.50,20.25,0.01,0,3000,3000,0,0.70,0.70,0.70,1.5,1.8,1.2,0,0,0,0,0.2,0.1,0.0,0.0,0.3,0.4,10
15566,Luke,Farrell,Luke Farrell,/football/player/luke-farrell-15566,,&#9881;,open,,i,,TE,,TE,SF,LAR,174,49.50,4.00,22.75,0.02,0,2500,2500,0,0.41,0.41,0.41,2.3,7.5,0.0,0,0,0,0,0.2,0.1,0.0,0.0,0.2,0.2,10
15464,Tim,Jones,Tim Jones,/football/player/tim-jones-15464,,&#9881;,open,,i,,WR,,WR,JAX,HOU,100,38.00,1.50,18.25,0.02,0,3000,3000,0,0.55,0.55,0.55,1.3,2.8,0.0,0,0,0,0,0.2,0.1,0.0,0.0,0.4,0.4,10
17045,Xavier,Gipson,Xavier Gipson,/football/player/xavier-gipson-17045,,&#9881;,open,,i,,WR,,WR,PHI,GB,115,45.00,2.50,21.25,0.00,0,3000,3000,0,0.52,0.52,0.52,0.7,1.4,0.0,0,0,0,0,0.2,0.0,0.0,0.0,0.1,0.1,10
16005,Skyy,Moore,Skyy Moore,/football/player/skyy-moore-16005,,&#9881;,open,,i,,WR,,WR,SF,LAR,174,49.50,4.00,22.75,0.02,0,3000,3000,0,0.61,0.61,0.61,1.0,2.7,0.0,0,0,0,0,0.2,0.1,0.0,0.1,0.3,0.4,10
15916,Connor,Heyward,Connor Heyward,/football/player/connor-heyward-15916,,&#9881;,open,,i,,TE,,TE,PIT,LAC,129,45.00,3.00,21.00,0.05,0,2500,2500,0,0.14,0.14,0.14,1.5,6.4,0.0,0,0,0,0,0.1,0.0,0.0,0.0,0.1,0.1,10
15273,Michael,Carter,Michael Carter,/football/player/michael-carter-15273,,&#9881;,open,,i,,RB,,RB,ARI,SEA,251,45.00,6.50,19.25,0.01,0,4000,4000,0,0.45,0.45,0.45,8.1,17.0,0.3,0,0,0,0,0.1,0.2,0.0,0.5,0.1,0.6,10
15281,Khalil,Herbert,Khalil Herbert,/football/player/khalil-herbert-15281,,&#9881;,open,,i,,RB,,RB,NYJ,CLE,119,37.50,2.50,17.50,0.00,0,4000,4000,0,0.18,0.18,0.18,0.0,0.0,0.0,0,0,0,0,0.1,0.0,0.0,0.1,0.1,0.2,10
13854,Ashton,Dulin,Ashton Dulin,/football/player/ashton-dulin-13854,,&#9881;,open,,i,,WR,,WR,IND,ATL,-283,48.50,-6.50,27.50,0.01,0,3000,3000,0,0.38,0.38,0.38,1.5,5.9,0.0,0,0,0,0,0.1,0.1,0.0,0.1,0.2,0.2,10
15852,Zamir,White,Zamir White,/football/player/zamir-white-15852,,&#9881;,open,,i,,RB,,RB,LV,DEN,375,42.50,9.50,16.50,0.00,0,4000,4000,0,0.34,0.34,0.34,2.2,3.7,0.2,0,0,0,0,0.1,0.1,0.0,0.5,0.1,0.6,10
18650,KeAndre,Lambert-Smith,KeAndre Lambert-Smith,/football/player/keandre-lambert-smith-18650,,&#9881;,open,,i,,WR,,WR,LAC,PIT,-154,45.00,-3.00,24.00,0.01,0,3000,3000,0,0.16,0.16,0.16,0.2,0.9,0.0,0,0,0,0,0.1,0.0,0.0,0.0,0.1,0.1,10
15467,Ben,Skowronek,Ben Skowronek,/football/player/ben-skowronek-15467,,&#9881;,open,,i,,WR,,WR,PIT,LAC,129,45.00,3.00,21.00,0.00,0,3000,3000,0,0.30,0.30,0.30,0.3,1.8,0.0,0,0,0,0,0.1,0.1,0.0,0.0,0.2,0.2,10
13960,Craig,Reynolds,Craig Reynolds,/football/player/craig-reynolds-13960,"&nbsp;<span class=""red upper bold sm-text"">que</span>",&#9881;,open,,i,,RB,,RB,DET,WAS,-479,49.50,-8.50,29.00,0.01,0,4000,4000,0,0.56,0.56,0.56,0.1,0.3,0.0,0,0,0,0,0.1,0.2,0.0,0.7,0.1,0.8,10
17971,Anthony,Gould,Anthony Gould,/football/player/anthony-gould-17971,"&nbsp;<span class=""red upper bold sm-text"">que</span>",&#9881;,open,,i,,WR,,WR,IND,ATL,-283,48.50,-6.50,27.50,0.00,0,3000,3000,0,0.19,0.19,0.19,0.2,1.0,0.0,0,0,0,0,0.1,0.0,0.0,0.0,0.1,0.1,10
17965,Devin,Culp,Devin Culp,/football/player/devin-culp-17965,,&#9881;,open,,i,,TE,,TE,TB,NE,-142,48.50,-2.50,25.50,0.00,0,2500,2500,0,0.13,0.13,0.13,0.0,0.0,0.0,0,0,0,0,0.1,0.0,0.0,0.0,0.1,0.1,10
13749,Hunter,Renfrow,Hunter Renfrow,/football/player/hunter-renfrow-13749,,&#9881;,open,,i,,WR,,WR,CAR,NO,-252,39.50,-5.50,22.50,0.00,0,3000,3000,0,0.15,0.15,0.15,6.6,20.0,0.0,0,0,0,0,0.1,0.0,0.0,0.0,0.1,0.1,10
13548,Trayveon,Williams,Trayveon Williams,/football/player/trayveon-williams-13548,,&#9881;,open,,i,,RB,,RB,LAC,PIT,-154,45.00,-3.00,24.00,0.00,0,4000,4000,0,0.56,0.56,0.56,0.0,0.0,0.0,0,0,0,0,0.1,0.2,0.0,0.6,0.1,0.7,10
17319,Jaleel,McLaughlin,Jaleel McLaughlin,/football/player/jaleel-mclaughlin-17319,,&#9881;,open,,i,,RB,,RB,DEN,LV,-511,42.50,-9.50,26.00,0.00,0,4000,4000,0,0.21,0.21,0.21,0.0,0.0,0.0,0,0,0,0,0.1,0.1,0.0,0.3,0.0,0.3,10
13061,Trent,Sherfield,Trent Sherfield,/football/player/trent-sherfield-13061,,&#9881;,open,,i,,WR,,WR,DEN,LV,-511,42.50,-9.50,26.00,0.00,0,3000,3000,0,0.28,0.28,0.28,0.5,2.0,0.0,0,0,0,0,0.1,0.1,0.0,0.0,0.2,0.2,10
12298,Patrick,Ricard,Patrick Ricard,/football/player/patrick-ricard-12298,,&#9881;,open,,i,,RB,,RB,BAL,MIN,-222,49.00,-4.00,26.50,1.03,0,4000,4000,0,0.29,0.29,0.29,0.0,0.0,0.0,0,0,0,0,0.1,0.0,0.0,0.0,0.1,0.2,10
17947,Isaac,Guerendo,Isaac Guerendo,/football/player/isaac-guerendo-17947,,&#9881;,open,,i,,RB,,RB,SF,LAR,174,49.50,4.00,22.75,0.00,0,4000,4000,0,0.32,0.32,0.32,0.0,0.0,0.0,0,0,0,0,0.1,0.1,0.0,0.4,0.0,0.4,10
12986,Will,Dissly,Will Dissly,/football/player/will-dissly-12986,"&nbsp;<span class=""red upper bold sm-text"">que</span>",&#9881;,open,,i,,TE,,TE,LAC,PIT,-154,45.00,-3.00,24.00,0.00,0,2500,2500,0,0.20,0.20,0.20,1.8,3.8,0.0,0,0,0,0,0.1,0.0,0.0,0.0,0.1,0.1,10
12205,Jamal,Agnew,Jamal Agnew,/football/player/jamal-agnew-12205,,&#9881;,open,,i,,WR,,WR,ATL,IND,229,48.50,6.50,21.00,0.00,0,3000,3000,0,0.18,0.18,0.18,0.0,0.0,0.0,0,0,0,0,0.1,0.0,0.0,0.0,0.1,0.1,10
16294,Brittain,Brown,Brittain Brown,/football/player/brittain-brown-16294,,&#9881;,open,,i,,RB,,RB,CHI,NYG,-192,47.50,-3.50,25.50,0.00,0,4000,4000,0,0.49,0.49,0.49,9.7,9.7,9.7,0,0,0,0,0.1,0.1,0.0,0.6,0.0,0.6,10
14495,Cody,White,Cody White,/football/player/cody-white-14495,,&#9881;,open,,i,,WR,,WR,SEA,ARI,-315,45.00,-6.50,25.75,0.01,0,3100,3100,0,0.31,0.31,0.31,13.0,13.0,13.0,0,0,0,0,0.1,0.0,0.0,0.0,0.2,0.2,10
16772,Roschon,Johnson,Roschon Johnson,/football/player/roschon-johnson-16772,"&nbsp;<span class=""red upper bold sm-text"">que</span>",&#9881;,open,,i,,RB,,RB,CHI,NYG,-192,47.50,-3.50,25.50,0.00,0,4100,4100,0,0.24,0.24,0.24,0.3,1.0,0.0,0,0,0,0,0.1,0.1,0.0,0.3,0.0,0.3,10
13030,Ross,Dwelley,Ross Dwelley,/football/player/ross-dwelley-13030,,&#9881;,open,,i,,TE,,TE,DET,WAS,-479,49.50,-8.50,29.00,0.06,0,2500,2500,0,0.13,0.13,0.13,0.0,0.0,0.0,0,0,0,0,0.1,0.0,0.0,0.0,0.1,0.1,10
16627,Tucker,Fisk,Tucker Fisk,/football/player/tucker-fisk-16627,,&#9881;,open,,i,,TE,,TE,LAC,PIT,-154,45.00,-3.00,24.00,0.02,0,2500,2500,0,0.29,0.29,0.29,0.3,1.7,0.0,0,0,0,0,0.1,0.1,0.0,0.0,0.2,0.2,10
15990,Tyler,Goodson,Tyler Goodson,/football/player/tyler-goodson-15990,,&#9881;,open,,i,,RB,,RB,IND,ATL,-283,48.50,-6.50,27.50,0.00,0,4000,4000,0,0.30,0.30,0.30,0.9,1.7,0.2,0,0,0,0,0.1,0.1,0.0,0.4,0.0,0.4,10
18523,Jarquez,Hunter,Jarquez Hunter,/football/player/jarquez-hunter-18523,,&#9881;,open,,i,,RB,,RB,LAR,SF,-212,49.50,-4.00,26.75,0.00,0,4000,4000,0,0.27,0.27,0.27,0.0,0.0,0.0,0,0,0,0,0.1,0.1,0.0,0.3,0.0,0.3,10
15559,Simi,Fehoko,Simi Fehoko,/football/player/simi-fehoko-15559,,&#9881;,open,,i,,WR,,WR,ARI,SEA,251,45.00,6.50,19.25,0,0,3000,3000,0,0.00,0.00,0.00,0.0,0.0,0.0,0,0,0,0,0.0,0.0,0.0,0.0,0.0,0.0,10
18968,Nick,Kallerup,Nick Kallerup,/football/player/nick-kallerup-18968,,&#9881;,open,,i,,TE,,TE,SEA,ARI,-315,45.00,-6.50,25.75,0,0,2500,2500,0,0.00,0.00,0.00,0.0,0.0,0.0,0,0,0,0,0.0,0.0,0.0,0.0,0.0,0.0,10
18886,Lan,Larison,Lan Larison,/football/player/lan-larison-18886,"&nbsp;<span class=""red upper bold sm-text"">IR</span>",&#9881;,open,,i,,RB,,RB,NE,TB,119,48.50,2.50,23.00,0,0,4000,4000,0,0.00,0.00,0.00,0.0,0.0,0.0,0,0,0,0,0.0,0.0,0.0,0.0,0.0,0.0,10
18863,Carter,Runyon,Carter Runyon,/football/player/carter-runyon-18863,,&#9881;,open,,i,,TE,,TE,LV,DEN,375,42.50,9.50,16.50,0,0,2500,2500,0,0.00,0.00,0.00,0.3,1.1,0.0,0,0,0,0,0.0,0.0,0.0,0.0,0.0,0.0,10
18624,Robbie,Ouzts,Robbie Ouzts,/football/player/robbie-ouzts-18624,,&#9881;,open,,i,,RB,,RB,SEA,ARI,-315,45.00,-6.50,25.75,0,0,4000,4000,0,0.00,0.00,0.00,0.0,0.0,0.0,0,0,0,0,0.0,0.0,0.0,0.0,0.0,0.0,10
9320,Jimmy,Garoppolo,Jimmy Garoppolo,/football/player/jimmy-garoppolo-9320,,&#9881;,open,,i,,QB,,QB,LAR,SF,-212,49.50,-4.00,26.75,0,0,4000,4000,0,0.00,0.00,0.00,-0.3,0.0,0.0,0,0,0,0,0.0,0.0,0.0,0.0,0.0,0.0,10
13931,Jakob,Johnson,Jakob Johnson,/football/player/jakob-johnson-13931,"&nbsp;<span class=""red upper bold sm-text"">IR-</span>",&#9881;,open,,i,,TE,,TE,HOU,JAX,-120,38.00,-1.50,19.75,0,0,2500,2500,0,0.00,0.00,0.00,0.0,0.0,0.0,0,0,0,0,0.0,0.0,0.0,0.0,0.0,0.0,10
12623,Kyle,Allen,Kyle Allen,/football/player/kyle-allen-12623,,&#9881;,open,,i,,QB,,QB,DET,WAS,-479,49.50,-8.50,29.00,0,0,4000,4000,0,0.00,0.00,0.00,-0.1,0.0,0.0,0,0,0,0,0.0,0.0,0.0,0.0,0.0,0.0,10
14453,Salvon,Ahmed,Salvon Ahmed,/football/player/salvon-ahmed-14453,"&nbsp;<span class=""red upper bold sm-text"">IR</span>",&#9881;,open,,i,,RB,,RB,IND,ATL,-283,48.50,-6.50,27.50,0,0,4000,4000,0,0.00,0.00,0.00,0.0,0.0,0.0,0,0,0,0,0.0,0.0,0.0,0.0,0.0,0.0,10
9253,Mike,Evans,Mike Evans,/football/player/mike-evans-9253,"&nbsp;<span class=""red upper bold sm-text"">IR</span>",&#9881;,open,,i,,WR,,WR,TB,NE,-142,48.50,-2.50,25.50,0,0,3000,3000,0,0.00,0.00,0.00,8.0,14.2,0.5,0,0,0,0,0.0,0.0,0.0,0.0,0.0,0.0,10
18888,Brock,Lampe,Brock Lampe,/football/player/brock-lampe-18888,"&nbsp;<span class=""red upper bold sm-text"">IR</span>",&#9881;,open,,i,,RB,,RB,NE,TB,119,48.50,2.50,23.00,0,0,4000,4000,0,0.00,0.00,0.00,0.0,0.0,0.0,0,0,0,0,0.0,0.0,0.0,0.0,0.0,0.0,10
18894,Nathan,Carter,Nathan Carter,/football/player/nathan-carter-18894,,&#9881;,open,,i,,RB,,RB,ATL,IND,229,48.50,6.50,21.00,0,0,4000,4000,0,0.00,0.00,0.00,1.7,3.5,0.0,0,0,0,0,0.0,0.0,0.0,0.0,0.0,0.0,10
15875,Dameon,Pierce,Dameon Pierce,/football/player/dameon-pierce-15875,,&#9881;,open,,i,,RB,,RB,HOU,JAX,-120,38.00,-1.50,19.75,0.00,0,4000,4000,0,0.13,0.13,0.13,1.1,2.3,0.0,0,0,0,0,0.0,0.0,0.0,0.1,0.0,0.2,10
15579,Kene,Nwangwu,Kene Nwangwu,/football/player/kene-nwangwu-15579,"&nbsp;<span class=""red upper bold sm-text"">que</span>",&#9881;,open,,i,,RB,,RB,NYJ,CLE,119,37.50,2.50,17.50,0.00,0,4000,4000,0,0.13,0.13,0.13,0.0,0.0,0.0,0,0,0,0,0.0,0.0,0.0,0.1,0.0,0.2,10
11841,Cooper,Rush,Cooper Rush,/football/player/cooper-rush-11841,,&#9881;,open,,i,,QB,,QB,BAL,MIN,-222,49.00,-4.00,26.50,0,0,4000,4000,0,0.00,0.00,0.00,1.7,3.9,0.0,0,0,0,0,0.0,0.0,0.0,0.0,0.0,0.0,10
17858,Dominic,Lovett,Dominic Lovett,/football/player/dominic-lovett-17858,,&#9881;,open,,i,,WR,,WR,DET,WAS,-479,49.50,-8.50,29.00,0,0,3000,3000,0,0.00,0.00,0.00,0.0,0.0,0.0,0,0,0,0,0.0,0.0,0.0,0.0,0.0,0.0,10
18328,Mason,Pline,Mason Pline,/football/player/mason-pline-18328,"&nbsp;<span class=""red upper bold sm-text"">IR</span>",&#9881;,open,,i,,TE,,TE,NO,CAR,203,39.50,5.50,17.00,0,0,2500,2500,0,0.00,0.00,0.00,0.0,0.0,0.0,0,0,0,0,0.0,0.0,0.0,0.0,0.0,0.0,10
17008,Jacob,Cowing,Jacob Cowing,/football/player/jacob-cowing-17008,"&nbsp;<span class=""red upper bold sm-text"">IR</span>",&#9881;,open,,i,,WR,,WR,SF,LAR,174,49.50,4.00,22.75,0,0,3000,3000,0,0.00,0.00,0.00,0.0,0.0,0.0,0,0,0,0,0.0,0.0,0.0,0.0,0.0,0.0,10
17829,Cody,Schrader,Cody Schrader,/football/player/cody-schrader-17829,,&#9881;,open,,i,,RB,,RB,JAX,HOU,100,38.00,1.50,18.25,0.00,0,4000,4000,0,0.09,0.09,0.09,0.0,0.0,0.0,0,0,0,0,0.0,0.0,0.0,0.1,0.0,0.1,10
12771,Braxton,Berrios,Braxton Berrios,/football/player/braxton-berrios-12771,,&#9881;,open,,i,,WR,,WR,HOU,JAX,-120,38.00,-1.50,19.75,0.01,0,3000,3000,0,0.05,0.05,0.05,3.2,8.4,0.0,0,0,0,0,0.0,0.0,0.0,0.0,0.0,0.0,10
15992,Hassan,Haskins,Hassan Haskins,/football/player/hassan-haskins-15992,"&nbsp;<span class=""red upper bold sm-text"">IR</span>",&#9881;,open,,i,,RB,,RB,LAC,PIT,-154,45.00,-3.00,24.00,0,0,4000,4000,0,0.00,0.00,0.00,1.4,3.1,0.0,0,0,0,0,0.0,0.0,0.0,0.0,0.0,0.0,10
17760,Sione,Vaki,Sione Vaki,/football/player/sione-vaki-17760,,&#9881;,open,,i,,RB,,RB,DET,WAS,-479,49.50,-8.50,29.00,0.00,0,4000,4000,0,0.10,0.10,0.10,0.0,0.0,0.0,0,0,0,0,0.0,0.0,0.0,0.1,0.0,0.1,10
16767,Scott,Matlock,Scott Matlock,/football/player/scott-matlock-16767,,&#9881;,open,,i,,RB,,RB,LAC,PIT,-154,45.00,-3.00,24.00,1.03,0,4000,4000,0,0.06,0.06,0.06,1.2,5.5,0.0,0,0,0,0,0.0,0.0,0.0,0.0,0.0,0.0,10
18948,Kye,Robichaux,Kye Robichaux,/football/player/kye-robichaux-18948,"&nbsp;<span class=""red upper bold sm-text"">IR</span>",&#9881;,open,,i,,RB,,RB,DET,WAS,-479,49.50,-8.50,29.00,0,0,4000,4000,0,0.00,0.00,0.00,0.0,0.0,0.0,0,0,0,0,0.0,0.0,0.0,0.0,0.0,0.0,10
15872,Malik,Willis,Malik Willis,/football/player/malik-willis-15872,,&#9881;,open,,i,,QB,,QB,GB,PHI,-137,45.00,-2.50,23.75,0,0,4000,4000,0,0.00,0.00,0.00,0.0,0.0,0.0,0,0,0,0,0.0,0.0,0.0,0.0,0.0,0.0,10
18445,Omarion,Hampton,Omarion Hampton,/football/player/omarion-hampton-18445,"&nbsp;<span class=""red upper bold sm-text"">IR</span>",&#9881;,open,,i,,RB,,RB,LAC,PIT,-154,45.00,-3.00,24.00,0,0,5900,5900,0,0.00,0.00,0.00,18.0,30.3,4.7,0,0,0,0,0.0,0.0,0.0,0.0,0.0,0.0,10
11871,Josh,Reynolds,Josh Reynolds,/football/player/josh-reynolds-11871,"&nbsp;<span class=""red upper bold sm-text"">IR</span>",&#9881;,open,,i,,WR,,WR,NYJ,CLE,119,37.50,2.50,17.50,0,0,3000,3000,0,0.00,0.00,0.00,4.3,6.6,0.7,0,0,0,0,0.0,0.0,0.0,0.0,0.0,0.0,10
18526,Raheim,Sanders,Raheim Sanders,/football/player/raheim-sanders-18526,,&#9881;,open,,i,,RB,,RB,CLE,NYJ,-142,37.50,-2.50,20.00,0.00,0,4000,4000,0,0.02,0.02,0.02,0.0,0.0,0.0,0,0,0,0,0.0,0.0,0.0,0.0,0.0,0.0,10
15825,Sam,Howell,Sam Howell,/football/player/sam-howell-15825,,&#9881;,open,,i,,QB,,QB,PHI,GB,115,45.00,2.50,21.25,0,0,4000,4000,0,0.00,0.00,0.00,0.0,0.0,0.0,0,0,0,0,0.0,0.0,0.0,0.0,0.0,0.0,10
16034,Teagan,Quitoriano,Teagan Quitoriano,/football/player/teagan-quitoriano-16034,,&#9881;,open,,i,,TE,,TE,ATL,IND,229,48.50,6.50,21.00,0,0,2500,2500,0,0.00,0.00,0.00,0.0,0.0,0.0,0,0,0,0,0.0,0.0,0.0,0.0,0.0,0.0,10
17167,Ben,VanSumeren,Ben VanSumeren,/football/player/ben-vansumeren-17167,"&nbsp;<span class=""red upper bold sm-text"">IR</span>",&#9881;,open,,i,,RB,,RB,PHI,GB,115,45.00,2.50,21.25,0,0,4000,4000,0,0.00,0.00,0.00,0.0,0.0,0.0,0,0,0,0,0.0,0.0,0.0,0.0,0.0,0.0,10
18958,Darius,Cooper,Darius Cooper,/football/player/darius-cooper-18958,,&#9881;,open,,i,,WR,,WR,PHI,GB,115,45.00,2.50,21.25,0,0,3000,3000,0,0.00,0.00,0.00,0.0,0.0,0.0,0,0,0,0,0.0,0.0,0.0,0.0,0.0,0.0,10
13477,Alexander,Mattison,Alexander Mattison,/football/player/alexander-mattison-13477,"&nbsp;<span class=""red upper bold sm-text"">IR</span>",&#9881;,open,,i,,RB,,RB,MIA,BUF,382,50.00,9.50,20.25,0,0,4000,4000,0,0.00,0.00,0.00,0.0,0.0,0.0,0,0,0,0,0.0,0.0,0.0,0.0,0.0,0.0,10
15821,Jelani,Woods,Jelani Woods,/football/player/jelani-woods-15821,,&#9881;,open,,i,,TE,,TE,NYJ,CLE,119,37.50,2.50,17.50,0.00,0,2500,2500,0,0.10,0.10,0.10,0.0,0.0,0.0,0,0,0,0,0.0,0.0,0.0,0.0,0.1,0.1,10
18567,LaJohntay,Wester,LaJohntay Wester,/football/player/lajohntay-wester-18567,,&#9881;,open,,i,,WR,,WR,BAL,MIN,-222,49.00,-4.00,26.50,0.00,0,3000,3000,0,0.06,0.06,0.06,0.0,0.0,0.0,0,0,0,0,0.0,0.0,0.0,0.0,0.0,0.0,10
12216,David,Moore,David Moore,/football/player/david-moore-12216,"&nbsp;<span class=""red upper bold sm-text"">IR</span>",&#9881;,open,,i,,WR,,WR,CAR,NO,-252,39.50,-5.50,22.50,0,0,3000,3000,0,0.00,0.00,0.00,0.9,1.6,0.1,0,0,0,0,0.0,0.0,0.0,0.0,0.0,0.0,10
18477,Jalen,Milroe,Jalen Milroe,/football/player/jalen-milroe-18477,,&#9881;,open,,i,,QB,,QB,SEA,ARI,-315,45.00,-6.50,25.75,0,0,4000,4000,0,0.00,0.00,0.00,-0.4,0.4,0.0,0,0,0,0,0.0,0.0,0.0,0.0,0.0,0.0,10
18513,Riley,Leonard,Riley Leonard,/football/player/riley-leonard-18513,,&#9881;,open,,i,,QB,,QB,IND,ATL,-283,48.50,-6.50,27.50,0,0,4000,4000,0,0.00,0.00,0.00,0.1,0.1,0.1,0,0,0,0,0.0,0.0,0.0,0.0,0.0,0.0,10
18941,Gage,Larvadain,Gage Larvadain,/football/player/gage-larvadain-18941,,&#9881;,open,,i,,WR,,WR,CLE,NYJ,-142,37.50,-2.50,20.00,0,0,3000,3000,0,0.00,0.00,0.00,1.1,3.7,0.0,0,0,0,0,0.0,0.0,0.0,0.0,0.0,0.0,10
11691,James,Conner,James Conner,/football/player/james-conner-11691,"&nbsp;<span class=""red upper bold sm-text"">IR</span>",&#9881;,open,,i,,RB,,RB,ARI,SEA,251,45.00,6.50,19.25,0,0,4000,4000,0,0.00,0.00,0.00,9.5,12.8,6.1,0,0,0,0,0.0,0.0,0.0,0.0,0.0,0.0,10
10856,Carson,Wentz,Carson Wentz,/football/player/carson-wentz-10856,"&nbsp;<span class=""red upper bold sm-text"">IR</span>",&#9881;,open,,i,,QB,,QB,MIN,BAL,182,49.00,4.00,22.50,0,0,4000,4000,0,0.00,0.00,0.00,16.3,24.4,9.4,0,0,0,0,0.0,0.0,0.0,0.0,0.0,0.0,10
12401,Austin,Ekeler,Austin Ekeler,/football/player/austin-ekeler-12401,"&nbsp;<span class=""red upper bold sm-text"">IR</span>",&#9881;,open,,i,,RB,,RB,WAS,DET,359,49.50,8.50,20.50,0,0,4000,4000,0,0.00,0.00,0.00,4.4,4.4,4.4,0,0,0,0,0.0,0.0,0.0,0.0,0.0,0.0,10
15229,Tutu,Atwell,Tutu Atwell,/football/player/tutu-atwell-15229,"&nbsp;<span class=""red upper bold sm-text"">IR</span>",&#9881;,open,,i,,WR,,WR,LAR,SF,-212,49.50,-4.00,26.75,0,0,3000,3000,0,0.00,0.00,0.00,5.0,14.0,0.0,0,0,0,0,0.0,0.0,0.0,0.0,0.0,0.0,10
17081,Konata,Mumpfield,Konata Mumpfield,/football/player/konata-mumpfield-17081,,&#9881;,open,,i,,WR,,WR,LAR,SF,-212,49.50,-4.00,26.75,0,0,3000,3000,0,0.00,0.00,0.00,1.3,5.8,0.0,0,0,0,0,0.0,0.0,0.0,0.0,0.0,0.0,10
11707,Joe,Mixon,Joe Mixon,/football/player/joe-mixon-11707,"&nbsp;<span class=""red upper bold sm-text"">NFI</span>",&#9881;,open,,i,,RB,,RB,HOU,JAX,-120,38.00,-1.50,19.75,0,0,4800,4800,0,0.00,0.00,0.00,0.0,0.0,0.0,0,0,0,0,0.0,0.0,0.0,0.0,0.0,0.0,10
17919,Josh,Williams,Josh Williams,/football/player/josh-williams-17919,,&#9881;,open,,i,,RB,,RB,TB,NE,-142,48.50,-2.50,25.50,0.00,0,4000,4000,0,0.02,0.02,0.02,0.6,1.2,0.0,0,0,0,0,0.0,0.0,0.0,0.0,0.0,0.0,10
10215,Darren,Waller,Darren Waller,/football/player/darren-waller-10215,"&nbsp;<span class=""red upper bold sm-text"">IR</span>",&#9881;,open,,i,,TE,,TE,MIA,BUF,382,50.00,9.50,20.25,0,0,2500,2500,0,0.00,0.00,0.00,11.4,19.5,1.3,0,0,0,0,0.0,0.0,0.0,0.0,0.0,0.0,10
9245,Teddy,Bridgewater,Teddy Bridgewater,/football/player/teddy-bridgewater-9245,,&#9881;,open,,i,,QB,,QB,TB,NE,-142,48.50,-2.50,25.50,0,0,4000,4000,0,0.00,0.00,0.00,-0.1,0.0,0.0,0,0,0,0,0.0,0.0,0.0,0.0,0.0,0.0,10
18565,Kurtis,Rourke,Kurtis Rourke,/football/player/kurtis-rourke-18565,"&nbsp;<span class=""red upper bold sm-text"">NFI</span>",&#9881;,open,,i,,QB,,QB,SF,LAR,174,49.50,4.00,22.75,0,0,4000,4000,0,0.00,0.00,0.00,0.0,0.0,0.0,0,0,0,0,0.0,0.0,0.0,0.0,0.0,0.0,10
18485,Jordan,James,Jordan James,/football/player/jordan-james-18485,,&#9881;,open,,i,,RB,,RB,SF,LAR,174,49.50,4.00,22.75,0.00,0,4000,4000,0,0.09,0.09,0.09,0.0,0.0,0.0,0,0,0,0,0.0,0.0,0.0,0.1,0.0,0.1,10
8057,Kirk,Cousins,Kirk Cousins,/football/player/kirk-cousins-8057,,&#9881;,open,,i,,QB,,QB,ATL,IND,229,48.50,6.50,21.00,0,0,4300,4300,0,0.00,0.00,0.00,4.1,7.7,0.5,0,0,0,0,0.0,0.0,0.0,0.0,0.0,0.0,10
18841,Ke'Shawn,Williams,Ke'Shawn Williams,/football/player/keshawn-williams-18841,,&#9881;,open,,i,,WR,,WR,PIT,LAC,129,45.00,3.00,21.00,0,0,3000,3000,0,0.00,0.00,0.00,0.0,0.0,0.0,0,0,0,0,0.0,0.0,0.0,0.0,0.0,0.0,10
18505,Quinn,Ewers,Quinn Ewers,/football/player/quinn-ewers-18505,,&#9881;,open,,i,,QB,,QB,MIA,BUF,382,50.00,9.50,20.25,0,0,4000,4000,0,0.00,0.00,0.00,2.1,2.1,2.1,0,0,0,0,0.0,0.0,0.0,0.0,0.0,0.0,10
11222,Tyreek,Hill,Tyreek Hill,/football/player/tyreek-hill-11222,"&nbsp;<span class=""red upper bold sm-text"">IR</span>",&#9881;,open,,i,,WR,,WR,MIA,BUF,382,50.00,9.50,20.25,0,0,3000,3000,0,0.00,0.00,0.00,16.2,19.8,12.6,0,0,0,0,0.0,0.0,0.0,0.0,0.0,0.0,10
8043,Russell,Wilson,Russell Wilson,/football/player/russell-wilson-8043,,&#9881;,open,,i,,QB,,QB,NYG,CHI,157,47.50,3.50,22.00,0,0,4000,4000,0,0.00,0.00,0.00,10.4,30.5,0.0,0,0,0,0,0.0,0.0,0.0,0.0,0.0,0.0,10
19010,Deion,Hankins,Deion Hankins,/football/player/deion-hankins-19010,"&nbsp;<span class=""red upper bold sm-text"">IR</span>",&#9881;,open,,i,,RB,,RB,CHI,NYG,-192,47.50,-3.50,25.50,0,0,4000,4000,0,0.00,0.00,0.00,0.0,0.0,0.0,0,0,0,0,0.0,0.0,0.0,0.0,0.0,0.0,10
18622,Jalin,Conyers,Jalin Conyers,/football/player/jalin-conyers-18622,"&nbsp;<span class=""red upper bold sm-text"">IR</span>",&#9881;,open,,i,,TE,,TE,MIA,BUF,382,50.00,9.50,20.25,0,0,2500,2500,0,0.00,0.00,0.00,0.0,0.0,0.0,0,0,0,0,0.0,0.0,0.0,0.0,0.0,0.0,10
18938,Jahdae,Walker,Jahdae Walker,/football/player/jahdae-walker-18938,,&#9881;,open,,i,,WR,,WR,CHI,NYG,-192,47.50,-3.50,25.50,0,0,3000,3000,0,0.00,0.00,0.00,0.0,0.0,0.0,0,0,0,0,0.0,0.0,0.0,0.0,0.0,0.0,10
13613,Kyler,Murray,Kyler Murray,/football/player/kyler-murray-13613,"&nbsp;<span class=""red upper bold sm-text"">que</span>",&#9881;,open,,i,,QB,,QB,ARI,SEA,251,45.00,6.50,19.25,0,0,5600,5600,0,0.00,0.00,0.00,15.9,17.9,14.1,0,0,0,0,0.0,0.0,0.0,0.0,0.0,0.0,10
11712,Deshaun,Watson,Deshaun Watson,/football/player/deshaun-watson-11712,"&nbsp;<span class=""red upper bold sm-text"">PUP</span>",&#9881;,open,,i,,QB,,QB,CLE,NYJ,-142,37.50,-2.50,20.00,0,0,4000,4000,0,0.00,0.00,0.00,0.0,0.0,0.0,0,0,0,0,0.0,0.0,0.0,0.0,0.0,0.0,10
19211,Jaden,Smith,Jaden Smith,/football/player/jaden-smith-19211,"&nbsp;<span class=""red upper bold sm-text"">IR</span>",&#9881;,open,,i,,WR,,WR,TB,NE,-142,48.50,-2.50,25.50,0,0,3000,3000,0,0.00,0.00,0.00,0.0,0.0,0.0,0,0,0,0,0.0,0.0,0.0,0.0,0.0,0.0,10
11709,Mitchell,Trubisky,Mitchell Trubisky,/football/player/mitchell-trubisky-11709,,&#9881;,open,,i,,QB,,QB,BUF,MIA,-526,50.00,-9.50,29.75,0,0,4000,4000,0,0.00,0.00,0.00,0.9,1.0,0.9,0,0,0,0,0.0,0.0,0.0,0.0,0.0,0.0,10
5653,Josh,Johnson,Josh Johnson,/football/player/josh-johnson-5653,,&#9881;,open,,i,,QB,,QB,WAS,DET,359,49.50,8.50,20.50,0,0,4000,4000,0,0.00,0.00,0.00,0.0,0.0,0.0,0,0,0,0,0.0,0.0,0.0,0.0,0.0,0.0,10
12511,Nick,Mullens,Nick Mullens,/football/player/nick-mullens-12511,,&#9881;,open,,i,,QB,,QB,JAX,HOU,100,38.00,1.50,18.25,0,0,4000,4000,0,0.00,0.00,0.00,0.0,0.0,0.0,0,0,0,0,0.0,0.0,0.0,0.0,0.0,0.0,10
18644,Da'Quan,Felton,Da'Quan Felton,/football/player/daquan-felton-18644,"&nbsp;<span class=""red upper bold sm-text"">IR</span>",&#9881;,open,,i,,WR,,WR,NYG,CHI,157,47.50,3.50,22.00,0,0,3000,3000,0,0.00,0.00,0.00,0.0,0.0,0.0,0,0,0,0,0.0,0.0,0.0,0.0,0.0,0.0,10
14639,Antonio,Gibson,Antonio Gibson,/football/player/antonio-gibson-14639,"&nbsp;<span class=""red upper bold sm-text"">IR</span>",&#9881;,open,,i,,RB,,RB,NE,TB,119,48.50,2.50,23.00,0,0,4000,4000,0,0.00,0.00,0.00,6.0,9.8,2.0,0,0,0,0,0.0,0.0,0.0,0.0,0.0,0.0,10
15979,Ty,Chandler,Ty Chandler,/football/player/ty-chandler-15979,"&nbsp;<span class=""red upper bold sm-text"">IR</span>",&#9881;,open,,i,,RB,,RB,MIN,BAL,182,49.00,4.00,22.50,0,0,4000,4000,0,0.00,0.00,0.00,0.0,0.0,0.0,0,0,0,0,0.0,0.0,0.0,0.0,0.0,0.0,10
16259,Lucas,Krull,Lucas Krull,/football/player/lucas-krull-16259,"&nbsp;<span class=""red upper bold sm-text"">IR</span>",&#9881;,open,,i,,TE,,TE,DEN,LV,-511,42.50,-9.50,26.00,0,0,2500,2500,0,0.00,0.00,0.00,1.0,2.1,0.0,0,0,0,0,0.0,0.0,0.0,0.0,0.0,0.0,10
18479,Shedeur,Sanders,Shedeur Sanders,/football/player/shedeur-sanders-18479,"&nbsp;<span class=""red upper bold sm-text"">que</span>",&#9881;,open,,i,,QB,,QB,CLE,NYJ,-142,37.50,-2.50,20.00,0,0,4000,4000,0,0.00,0.00,0.00,0.0,0.0,0.0,0,0,0,0,0.0,0.0,0.0,0.0,0.0,0.0,10
17012,Ben,Sims,Ben Sims,/football/player/ben-sims-17012,,&#9881;,open,,i,,TE,,TE,MIN,BAL,182,49.00,4.00,22.50,0,0,2500,2500,0,0.00,0.00,0.00,0.0,0.0,0.0,0,0,0,0,0.0,0.0,0.0,0.0,0.0,0.0,10
12746,Justin,Watson,Justin Watson,/football/player/justin-watson-12746,"&nbsp;<span class=""red upper bold sm-text"">IR</span>",&#9881;,open,,i,,WR,,WR,HOU,JAX,-120,38.00,-1.50,19.75,0,0,3000,3000,0,0.00,0.00,0.00,1.3,1.3,1.3,0,0,0,0,0.0,0.0,0.0,0.0,0.0,0.0,10
18514,Cam,Skattebo,Cam Skattebo,/football/player/cam-skattebo-18514,"&nbsp;<span class=""red upper bold sm-text"">IR</span>",&#9881;,open,,i,,RB,,RB,NYG,CHI,157,47.50,3.50,22.00,0,0,4000,4000,0,0.00,0.00,0.00,17.7,28.1,10.1,0,0,0,0,0.0,0.0,0.0,0.0,0.0,0.0,10
7355,Andy,Dalton,Andy Dalton,/football/player/andy-dalton-7355,,&#9881;,open,,i,,QB,,QB,CAR,NO,-252,39.50,-5.50,22.50,0,0,4000,4000,0,0.00,0.00,0.00,3.1,6.1,0.2,0,0,0,0,0.0,0.0,0.0,0.0,0.0,0.0,10
18507,Thomas,Fidone,Thomas Fidone,/football/player/thomas-fidone-18507,,&#9881;,open,,i,,TE,,TE,NYG,CHI,157,47.50,3.50,22.00,0,0,2500,2500,0,0.00,0.00,0.00,0.0,0.0,0.0,0,0,0,0,0.0,0.0,0.0,0.0,0.0,0.0,10
18653,Graham,Mertz,Graham Mertz,/football/player/graham-mertz-18653,,&#9881;,open,,i,,QB,,QB,HOU,JAX,-120,38.00,-1.50,19.75,0,0,4000,4000,0,0.00,0.00,0.00,0.0,0.0,0.0,0,0,0,0,0.0,0.0,0.0,0.0,0.0,0.0,10
14386,Brandon,Aiyuk,Brandon Aiyuk,/football/player/brandon-aiyuk-14386,"&nbsp;<span class=""red upper bold sm-text"">PUP</span>",&#9881;,open,,i,,WR,,WR,SF,LAR,174,49.50,4.00,22.75,0,0,4800,4800,0,0.00,0.00,0.00,0.0,0.0,0.0,0,0,0,0,0.0,0.0,0.0,0.0,0.0,0.0,10
18573,Gavin,Bartholomew,Gavin Bartholomew,/football/player/gavin-bartholomew-18573,"&nbsp;<span class=""red upper bold sm-text"">PUP</span>",&#9881;,open,,i,,TE,,TE,MIN,BAL,182,49.00,4.00,22.50,0,0,2500,2500,0,0.00,0.00,0.00,0.0,0.0,0.0,0,0,0,0,0.0,0.0,0.0,0.0,0.0,0.0,10
18652,Max,Brosmer,Max Brosmer,/football/player/max-brosmer-18652,,&#9881;,open,,i,,QB,,QB,MIN,BAL,182,49.00,4.00,22.50,0,0,4000,4000,0,0.00,0.00,0.00,0.5,1.2,0.0,0,0,0,0,0.0,0.0,0.0,0.0,0.0,0.0,10
13536,Terry,McLaurin,Terry McLaurin,/football/player/terry-mclaurin-13536,"&nbsp;<span class=""red upper bold sm-text"">que</span>",&#9881;,open,,i,,WR,,WR,WAS,DET,359,49.50,8.50,20.50,0,0,5100,5100,0,0.00,0.00,0.00,11.5,14.2,9.4,0,0,0,0,0.0,0.0,0.0,0.0,0.0,0.0,10
18553,Tai,Felton,Tai Felton,/football/player/tai-felton-18553,,&#9881;,open,,i,,WR,,WR,MIN,BAL,182,49.00,4.00,22.50,0.00,0,3000,3000,0,0.06,0.06,0.06,0.3,1.4,0.0,0,0,0,0,0.0,0.0,0.0,0.0,0.0,0.0,10
13736,Drew,Lock,Drew Lock,/football/player/drew-lock-13736,,&#9881;,open,,i,,QB,,QB,SEA,ARI,-315,45.00,-6.50,25.75,0,0,4000,4000,0,0.00,0.00,0.00,0.3,0.6,0.0,0,0,0,0,0.0,0.0,0.0,0.0,0.0,0.0,10
18536,Ben,Yurosek,Ben Yurosek,/football/player/ben-yurosek-18536,,&#9881;,open,,i,,TE,,TE,MIN,BAL,182,49.00,4.00,22.50,0.01,0,2500,2500,0,0.10,0.10,0.10,0.3,1.2,0.0,0,0,0,0,0.0,0.0,0.0,0.0,0.1,0.1,10
19095,Myles,Price,Myles Price,/football/player/myles-price-19095,,&#9881;,open,,i,,WR,,WR,MIN,BAL,182,49.00,4.00,22.50,0,0,3000,3000,0,0.00,0.00,0.00,-0.1,0.1,0.0,0,0,0,0,0.0,0.0,0.0,0.0,0.0,0.0,10
18578,Travis,Hunter,Travis Hunter,/football/player/travis-hunter-18578,"&nbsp;<span class=""red upper bold sm-text"">IR</span>",&#9881;,open,,i,,WR,,WR,JAX,HOU,100,38.00,1.50,18.25,0,0,3000,3000,0,0.00,0.00,0.00,9.6,22.8,1.9,0,0,0,0,0.0,0.0,0.0,0.0,0.0,0.0,10
18512,Will,Howard,Will Howard,/football/player/will-howard-18512,"&nbsp;<span class=""red upper bold sm-text"">IR-</span>",&#9881;,open,,i,,QB,,QB,PIT,LAC,129,45.00,3.00,21.00,0,0,4000,4000,0,0.00,0.00,0.00,0.0,0.0,0.0,0,0,0,0,0.0,0.0,0.0,0.0,0.0,0.0,10
12629,Mason,Rudolph,Mason Rudolph,/football/player/mason-rudolph-12629,,&#9881;,open,,i,,QB,,QB,PIT,LAC,129,45.00,3.00,21.00,0,0,4000,4000,0,0.00,0.00,0.00,0.2,0.5,0.0,0,0,0,0,0.0,0.0,0.0,0.0,0.0,0.0,10
17011,Johnny,Wilson,Johnny Wilson,/football/player/johnny-wilson-17011,"&nbsp;<span class=""red upper bold sm-text"">IR</span>",&#9881;,open,,i,,WR,,WR,PHI,GB,115,45.00,2.50,21.25,0,0,3000,3000,0,0.00,0.00,0.00,0.0,0.0,0.0,0,0,0,0,0.0,0.0,0.0,0.0,0.0,0.0,10
17795,MarShawn,Lloyd,MarShawn Lloyd,/football/player/marshawn-lloyd-17795,"&nbsp;<span class=""red upper bold sm-text"">IR-</span>",&#9881;,open,,i,,RB,,RB,GB,PHI,-137,45.00,-2.50,23.75,0,0,4000,4000,0,0.00,0.00,0.00,0.0,0.0,0.0,0,0,0,0,0.0,0.0,0.0,0.0,0.0,0.0,10
15701,Shane,Zylstra,Shane Zylstra,/football/player/shane-zylstra-15701,"&nbsp;<span class=""red upper bold sm-text"">IR</span>",&#9881;,open,,i,,TE,,TE,DET,WAS,-479,49.50,-8.50,29.00,0,0,2500,2500,0,0.00,0.00,0.00,0.0,0.0,0.0,0,0,0,0,0.0,0.0,0.0,0.0,0.0,0.0,10
16847,Jared,Wayne,Jared Wayne,/football/player/jared-wayne-16847,,&#9881;,open,,i,,WR,,WR,HOU,JAX,-120,38.00,-1.50,19.75,0,0,3000,3000,0,0.00,0.00,0.00,4.0,4.0,4.0,0,0,0,0,0.0,0.0,0.0,0.0,0.0,0.0,10
9967,Andrew,DePaola,Andrew DePaola,/football/player/andrew-depaola-9967,,&#9881;,open,,i,,TE,,TE,MIN,BAL,182,49.00,4.00,22.50,0,0,2500,2500,0,0.00,0.00,0.00,0.0,0.0,0.0,0,0,0,0,0.0,0.0,0.0,0.0,0.0,0.0,10
16797,Tommy,DeVito,Tommy DeVito,/football/player/tommy-devito-16797,,&#9881;,open,,i,,QB,,QB,NE,TB,119,48.50,2.50,23.00,0,0,4000,4000,0,0.00,0.00,0.00,0.0,0.0,0.0,0,0,0,0,0.0,0.0,0.0,0.0,0.0,0.0,10
17266,Adrian,Martinez,Adrian Martinez,/football/player/adrian-martinez-17266,,&#9881;,open,,i,,QB,,QB,SF,LAR,174,49.50,4.00,22.75,0,0,4000,4000,0,0.00,0.00,0.00,-0.1,0.0,0.0,0,0,0,0,0.0,0.0,0.0,0.0,0.0,0.0,10
11881,Trent,Taylor,Trent Taylor,/football/player/trent-taylor-11881,"&nbsp;<span class=""red upper bold sm-text"">IR</span>",&#9881;,open,,i,,WR,,WR,SF,LAR,174,49.50,4.00,22.75,0,0,3000,3000,0,0.00,0.00,0.00,0.0,0.0,0.0,0,0,0,0,0.0,0.0,0.0,0.0,0.0,0.0,10
16935,Tank,Dell,Tank Dell,/football/player/tank-dell-16935,"&nbsp;<span class=""red upper bold sm-text"">PUP</span>",&#9881;,open,,i,,WR,,WR,HOU,JAX,-120,38.00,-1.50,19.75,0,0,3000,3000,0,0.00,0.00,0.00,0.0,0.0,0.0,0,0,0,0,0.0,0.0,0.0,0.0,0.0,0.0,10
15786,Michael,Bandy,Michael Bandy,/football/player/michael-bandy-15786,,&#9881;,open,,i,,WR,,WR,DEN,LV,-511,42.50,-9.50,26.00,0,0,3000,3000,0,0.00,0.00,0.00,1.6,1.6,1.6,0,0,0,0,0.0,0.0,0.0,0.0,0.0,0.0,10
16743,Bryce,Ford-Wheaton,Bryce Ford-Wheaton,/football/player/bryce-ford-wheaton-16743,"&nbsp;<span class=""red upper bold sm-text"">IR</span>",&#9881;,open,,i,,WR,,WR,NYG,CHI,157,47.50,3.50,22.00,0,0,3000,3000,0,0.00,0.00,0.00,0.0,0.0,0.0,0,0,0,0,0.0,0.0,0.0,0.0,0.0,0.0,10
15330,Zach,Wilson,Zach Wilson,/football/player/zach-wilson-15330,,&#9881;,open,,i,,QB,,QB,MIA,BUF,382,50.00,9.50,20.25,0,0,4000,4000,0,0.00,0.00,0.00,0.0,0.0,0.0,0,0,0,0,0.0,0.0,0.0,0.0,0.0,0.0,10
8065,Case,Keenum,Case Keenum,/football/player/case-keenum-8065,,&#9881;,open,,i,,QB,,QB,CHI,NYG,-192,47.50,-3.50,25.50,0,0,4000,4000,0,0.00,0.00,0.00,0.0,0.0,0.0,0,0,0,0,0.0,0.0,0.0,0.0,0.0,0.0,10
17040,Jake,Bobo,Jake Bobo,/football/player/jake-bobo-17040,"&nbsp;<span class=""red upper bold sm-text"">que</span>",&#9881;,open,,i,,WR,,WR,SEA,ARI,-315,45.00,-6.50,25.75,0.00,0,3000,3000,0,0.06,0.06,0.06,0.7,2.3,0.0,0,0,0,0,0.0,0.0,0.0,0.0,0.0,0.0,10
17126,Deneric,Prince,Deneric Prince,/football/player/deneric-prince-17126,"&nbsp;<span class=""red upper bold sm-text"">IR</span>",&#9881;,open,,i,,RB,,RB,NE,TB,119,48.50,2.50,23.00,0,0,4000,4000,0,0.00,0.00,0.00,0.0,0.0,0.0,0,0,0,0,0.0,0.0,0.0,0.0,0.0,0.0,10
17404,Evan,Deckers,Evan Deckers,/football/player/evan-deckers-17404,,&#9881;,open,,i,,TE,,TE,TB,NE,-142,48.50,-2.50,25.50,0,0,2500,2500,0,0.00,0.00,0.00,0.0,0.0,0.0,0,0,0,0,0.0,0.0,0.0,0.0,0.0,0.0,10
14844,Reggie,Gilliam,Reggie Gilliam,/football/player/reggie-gilliam-14844,,&#9881;,open,,i,,RB,,RB,BUF,MIA,-526,50.00,-9.50,29.75,0,0,4000,4000,0,0.00,0.00,0.00,0.0,0.0,0.0,0,0,0,0,0.0,0.0,0.0,0.0,0.0,0.0,10
14318,Gunner,Olszewski,Gunner Olszewski,/football/player/gunner-olszewski-14318,,&#9881;,open,,i,,WR,,WR,NYG,CHI,157,47.50,3.50,22.00,0.00,0,3000,3000,0,0.13,0.13,0.13,1.2,7.0,0.0,0,0,0,0,0.0,0.0,0.0,0.0,0.1,0.1,10
17794,Cade,Stover,Cade Stover,/football/player/cade-stover-17794,"&nbsp;<span class=""red upper bold sm-text"">IR</span>",&#9881;,open,,i,,TE,,TE,HOU,JAX,-120,38.00,-1.50,19.75,0,0,2500,2500,0,0.00,0.00,0.00,0.0,0.0,0.0,0,0,0,0,0.0,0.0,0.0,0.0,0.0,0.0,10
18253,Brenden,Bates,Brenden Bates,/football/player/brenden-bates-18253,,&#9881;,open,,i,,TE,,TE,CLE,NYJ,-142,37.50,-2.50,20.00,0,0,2500,2500,0,0.00,0.00,0.00,1.4,4.1,0.0,0,0,0,0,0.0,0.0,0.0,0.0,0.0,0.0,10
14563,Tyler,Huntley,Tyler Huntley,/football/player/tyler-huntley-14563,,&#9881;,open,,i,,QB,,QB,BAL,MIN,-222,49.00,-4.00,26.50,0,0,4000,4000,0,0.00,0.00,0.00,11.7,17.8,5.6,0,0,0,0,0.0,0.0,0.0,0.0,0.0,0.0,10
12826,Mike,White,Mike White,/football/player/mike-white-12826,,&#9881;,open,,i,,QB,,QB,CAR,NO,-252,39.50,-5.50,22.50,0,0,4000,4000,0,0.00,0.00,0.00,0.0,0.0,0.0,0,0,0,0,0.0,0.0,0.0,0.0,0.0,0.0,10
16282,Ko,Kieft,Ko Kieft,/football/player/ko-kieft-16282,"&nbsp;<span class=""red upper bold sm-text"">IR</span>",&#9881;,open,,i,,TE,,TE,TB,NE,-142,48.50,-2.50,25.50,0,0,2500,2500,0,0.00,0.00,0.00,0.0,0.0,0.0,0,0,0,0,0.0,0.0,0.0,0.0,0.0,0.0,10
10155,Tyler,Ott,Tyler Ott,/football/player/tyler-ott-10155,,&#9881;,open,,i,,TE,,TE,WAS,DET,359,49.50,8.50,20.50,0,0,2500,2500,0,0.00,0.00,0.00,0.0,0.0,0.0,0,0,0,0,0.0,0.0,0.0,0.0,0.0,0.0,10
10468,Michael,Burton,Michael Burton,/football/player/michael-burton-10468,"&nbsp;<span class=""red upper bold sm-text"">IR</span>",&#9881;,open,,i,,RB,,RB,DEN,LV,-511,42.50,-9.50,26.00,0,0,4000,4000,0,0.00,0.00,0.00,0.0,0.0,0.0,0,0,0,0,0.0,0.0,0.0,0.0,0.0,0.0,10
17767,Trey,Benson,Trey Benson,/football/player/trey-benson-17767,"&nbsp;<span class=""red upper bold sm-text"">IR</span>",&#9881;,open,,i,,RB,,RB,ARI,SEA,251,45.00,6.50,19.25,0,0,5500,5500,0,0.00,0.00,0.00,9.0,10.3,7.9,0,0,0,0,0.0,0.0,0.0,0.0,0.0,0.0,10
15510,Jack,Stoll,Jack Stoll,/football/player/jack-stoll-15510,"&nbsp;<span class=""red upper bold sm-text"">dou</span>",&#9881;,open,,i,,TE,,TE,NO,CAR,203,39.50,5.50,17.00,0,0,2500,2500,0,0.00,0.00,0.00,1.5,7.6,0.0,0,0,0,0,0.0,0.0,0.0,0.0,0.0,0.0,10
15460,Quintin,Morris,Quintin Morris,/football/player/quintin-morris-15460,"&nbsp;<span class=""red upper bold sm-text"">que</span>",&#9881;,open,,i,,TE,,TE,JAX,HOU,100,38.00,1.50,18.25,0.03,0,2500,2500,0,0.10,0.10,0.10,0.0,0.0,0.0,0,0,0,0,0.0,0.0,0.0,0.0,0.1,0.1,10
17017,Brenton,Strange,Brenton Strange,/football/player/brenton-strange-17017,"&nbsp;<span class=""red upper bold sm-text"">IR</span>",&#9881;,open,,i,,TE,,TE,JAX,HOU,100,38.00,1.50,18.25,0,0,2500,2500,0,0.00,0.00,0.00,7.6,12.0,3.2,0,0,0,0,0.0,0.0,0.0,0.0,0.0,0.0,10
16946,Tyson,Bagent,Tyson Bagent,/football/player/tyson-bagent-16946,,&#9881;,open,,i,,QB,,QB,CHI,NYG,-192,47.50,-3.50,25.50,0,0,4000,4000,0,0.00,0.00,0.00,1.3,1.9,0.7,0,0,0,0,0.0,0.0,0.0,0.0,0.0,0.0,10
16977,Jayden,Reed,Jayden Reed,/football/player/jayden-reed-16977,"&nbsp;<span class=""red upper bold sm-text"">IR</span>",&#9881;,open,,i,,WR,,WR,GB,PHI,-137,45.00,-2.50,23.75,0,0,4500,4500,0,0.00,0.00,0.00,0.0,0.0,0.0,0,0,0,0,0.0,0.0,0.0,0.0,0.0,0.0,10
17510,Zavier,Scott,Zavier Scott,/football/player/zavier-scott-17510,,&#9881;,open,,i,,RB,,RB,MIN,BAL,182,49.00,4.00,22.50,0,0,4200,4200,0,0.00,0.00,0.00,4.2,13.2,0.0,0,0,0,0,0.0,0.0,0.0,0.0,0.0,0.0,10
15198,Trey,Lance,Trey Lance,/football/player/trey-lance-15198,,&#9881;,open,,i,,QB,,QB,LAC,PIT,-154,45.00,-3.00,24.00,0,0,4000,4000,0,0.00,0.00,0.00,2.9,2.9,2.9,0,0,0,0,0.0,0.0,0.0,0.0,0.0,0.0,10
15468,Najee,Harris,Najee Harris,/football/player/najee-harris-15468,"&nbsp;<span class=""red upper bold sm-text"">IR</span>",&#9881;,open,,i,,RB,,RB,LAC,PIT,-154,45.00,-3.00,24.00,0,0,4000,4000,0,0.00,0.00,0.00,4.8,7.2,2.4,0,0,0,0,0.0,0.0,0.0,0.0,0.0,0.0,10
16649,Tucker,Kraft,Tucker Kraft,/football/player/tucker-kraft-16649,"&nbsp;<span class=""red upper bold sm-text"">IR</span>",&#9881;,open,,i,,TE,,TE,GB,PHI,-137,45.00,-2.50,23.75,0,0,2500,2500,0,0.00,0.00,0.00,16.2,32.1,4.2,0,0,0,0,0.0,0.0,0.0,0.0,0.0,0.0,10
16716,Aidan,O'Connell,Aidan O'Connell,/football/player/aidan-oconnell-16716,"&nbsp;<span class=""red upper bold sm-text"">IR-</span>",&#9881;,open,,i,,QB,,QB,LV,DEN,375,42.50,9.50,16.50,0,0,4000,4000,0,0.00,0.00,0.00,0.0,0.0,0.0,0,0,0,0,0.0,0.0,0.0,0.0,0.0,0.0,10
13551,Tyree,Jackson,Tyree Jackson,/football/player/tyree-jackson-13551,"&nbsp;<span class=""red upper bold sm-text"">IR</span>",&#9881;,open,,i,,TE,,TE,WAS,DET,359,49.50,8.50,20.50,0,0,2500,2500,0,0.00,0.00,0.00,0.0,0.0,0.0,0,0,0,0,0.0,0.0,0.0,0.0,0.0,0.0,10
17002,Kenny,McIntosh,Kenny McIntosh,/football/player/kenny-mcintosh-17002,"&nbsp;<span class=""red upper bold sm-text"">IR</span>",&#9881;,open,,i,,RB,,RB,SEA,ARI,-315,45.00,-6.50,25.75,0,0,4000,4000,0,0.00,0.00,0.00,0.0,0.0,0.0,0,0,0,0,0.0,0.0,0.0,0.0,0.0,0.0,10
16653,Anthony,Richardson,Anthony Richardson,/football/player/anthony-richardson-16653,"&nbsp;<span class=""red upper bold sm-text"">IR</span>",&#9881;,open,,i,,QB,,QB,IND,ATL,-283,48.50,-6.50,27.50,0,0,4000,4000,0,0.00,0.00,0.00,1.1,2.5,0.0,0,0,0,0,0.0,0.0,0.0,0.0,0.0,0.0,10
17584,Jacob,Saylors,Jacob Saylors,/football/player/jacob-saylors-17584,,&#9881;,open,,i,,RB,,RB,DET,WAS,-479,49.50,-8.50,29.00,0,0,4000,4000,0,0.00,0.00,0.00,0.2,0.8,0.0,0,0,0,0,0.0,0.0,0.0,0.0,0.0,0.0,10
15324,Feleipe,Franks,Feleipe Franks,/football/player/feleipe-franks-15324,,&#9881;,open,,i,,TE,,TE,ATL,IND,229,48.50,6.50,21.00,0,0,2500,2500,0,0.00,0.00,0.00,0.0,0.2,0.0,0,0,0,0,0.0,0.0,0.0,0.0,0.0,0.0,10
16746,Travis,Vokolek,Travis Vokolek,/football/player/travis-vokolek-16746,"&nbsp;<span class=""red upper bold sm-text"">IR</span>",&#9881;,open,,i,,TE,,TE,ARI,SEA,251,45.00,6.50,19.25,0,0,2500,2500,0,0.00,0.00,0.00,0.0,0.0,0.0,0,0,0,0,0.0,0.0,0.0,0.0,0.0,0.0,10
10234,DeAndre,Carter,DeAndre Carter,/football/player/deandre-carter-10234,"&nbsp;<span class=""red upper bold sm-text"">IR</span>",&#9881;,open,,i,,WR,,WR,CLE,NYJ,-142,37.50,-2.50,20.00,0,0,3000,3000,0,0.00,0.00,0.00,0.0,0.0,0.0,0,0,0,0,0.0,0.0,0.0,0.0,0.0,0.0,10
15514,Rondale,Moore,Rondale Moore,/football/player/rondale-moore-15514,"&nbsp;<span class=""red upper bold sm-text"">IR</span>",&#9881;,open,,i,,WR,,WR,MIN,BAL,182,49.00,4.00,22.50,0,0,3000,3000,0,0.00,0.00,0.00,0.0,0.0,0.0,0,0,0,0,0.0,0.0,0.0,0.0,0.0,0.0,10
11897,Eric,Saubert,Eric Saubert,/football/player/eric-saubert-11897,"&nbsp;<span class=""red upper bold sm-text"">IR</span>",&#9881;,open,,i,,TE,,TE,SEA,ARI,-315,45.00,-6.50,25.75,0,0,2500,2500,0,0.00,0.00,0.00,0.4,1.7,0.0,0,0,0,0,0.0,0.0,0.0,0.0,0.0,0.0,10
16686,Tanner,McKee,Tanner McKee,/football/player/tanner-mckee-16686,,&#9881;,open,,i,,QB,,QB,PHI,GB,115,45.00,2.50,21.25,0,0,4000,4000,0,0.00,0.00,0.00,-0.2,0.0,0.0,0,0,0,0,0.0,0.0,0.0,0.0,0.0,0.0,10
17235,Brady,Russell,Brady Russell,/football/player/brady-russell-17235,,&#9881;,open,,i,,RB,,RB,SEA,ARI,-315,45.00,-6.50,25.75,0,0,4000,4000,0,0.00,0.00,0.00,0.0,0.0,0.0,0,0,0,0,0.0,0.0,0.0,0.0,0.0,0.0,10
16871,Stetson,Bennett,Stetson Bennett,/football/player/stetson-bennett-16871,,&#9881;,open,,i,,QB,,QB,LAR,SF,-212,49.50,-4.00,26.75,0,0,4000,4000,0,0.00,0.00,0.00,0.0,0.0,0.0,0,0,0,0,0.0,0.0,0.0,0.0,0.0,0.0,10
11834,Joshua,Dobbs,Joshua Dobbs,/football/player/joshua-dobbs-11834,,&#9881;,open,,i,,QB,,QB,NE,TB,119,48.50,2.50,23.00,0,0,4000,4000,0,0.00,0.00,0.00,0.0,0.3,0.0,0,0,0,0,0.0,0.0,0.0,0.0,0.0,0.0,10
15922,Dareke,Young,Dareke Young,/football/player/dareke-young-15922,"&nbsp;<span class=""red upper bold sm-text"">que</span>",&#9881;,open,,i,,WR,,WR,SEA,ARI,-315,45.00,-6.50,25.75,0,0,3000,3000,0,0.00,0.00,0.00,1.1,3.8,0.0,0,0,0,0,0.0,0.0,0.0,0.0,0.0,0.0,10
16898,Kendre,Miller,Kendre Miller,/football/player/kendre-miller-16898,"&nbsp;<span class=""red upper bold sm-text"">IR</span>",&#9881;,open,,i,,RB,,RB,NO,CAR,203,39.50,5.50,17.00,0,0,4000,4000,0,0.00,0.00,0.00,5.2,10.9,0.9,0,0,0,0,0.0,0.0,0.0,0.0,0.0,0.0,10
15974,Skylar,Thompson,Skylar Thompson,/football/player/skylar-thompson-15974,"&nbsp;<span class=""red upper bold sm-text"">IR</span>",&#9881;,open,,i,,QB,,QB,PIT,LAC,129,45.00,3.00,21.00,0,0,4000,4000,0,0.00,0.00,0.00,0.0,0.0,0.0,0,0,0,0,0.0,0.0,0.0,0.0,0.0,0.0,10
16530,Zaire,Mitchell-Paden,Zaire Mitchell-Paden,/football/player/zaire-mitchell-paden-16530,,&#9881;,open,,i,,TE,,TE,NO,CAR,203,39.50,5.50,17.00,0,0,2500,2500,0,0.00,0.00,0.00,0.3,1.1,0.0,0,0,0,0,0.0,0.0,0.0,0.0,0.0,0.0,10
7357,Tyrod,Taylor,Tyrod Taylor,/football/player/tyrod-taylor-7357,"&nbsp;<span class=""red upper bold sm-text"">que</span>",&#9881;,open,,i,,QB,,QB,NYJ,CLE,119,37.50,2.50,17.50,0,0,4700,4700,0,0.00,0.00,0.00,10.4,18.3,3.5,0,0,0,0,0.0,0.0,0.0,0.0,0.0,0.0,10
14573,Patrick,Taylor,Patrick Taylor,/football/player/patrick-taylor-14573,"&nbsp;<span class=""red upper bold sm-text"">IR</span>",&#9881;,open,,i,,RB,,RB,SF,LAR,174,49.50,4.00,22.75,0,0,4000,4000,0,0.00,0.00,0.00,0.0,0.0,0.0,0,0,0,0,0.0,0.0,0.0,0.0,0.0,0.0,10
18083,Jack,Westover,Jack Westover,/football/player/jack-westover-18083,,&#9881;,open,,i,,RB,,RB,NE,TB,119,48.50,2.50,23.00,0,0,4000,4000,0,0.00,0.00,0.00,0.0,0.0,0.0,0,0,0,0,0.0,0.0,0.0,0.0,0.0,0.0,10
17692,Jayden,Daniels,Jayden Daniels,/football/player/jayden-daniels-17692,"&nbsp;<span class=""red upper bold sm-text"">Out</span>",&#9881;,open,,i,,QB,,QB,WAS,DET,359,49.50,8.50,20.50,0,0,6300,6300,0,0.00,0.00,0.00,19.1,22.8,16.2,0,0,0,0,0.0,0.0,0.0,0.0,0.0,0.0,10
11673,Zach,Wood,Zach Wood,/football/player/zach-wood-11673,,&#9881;,open,,i,,TE,,TE,NO,CAR,203,39.50,5.50,17.00,0,0,2500,2500,0,0.00,0.00,0.00,0.0,0.0,0.0,0,0,0,0,0.0,0.0,0.0,0.0,0.0,0.0,10
17820,Luke,McCaffrey,Luke McCaffrey,/football/player/luke-mccaffrey-17820,"&nbsp;<span class=""red upper bold sm-text"">IR</span>",&#9881;,open,,i,,WR,,WR,WAS,DET,359,49.50,8.50,20.50,0,0,4300,4300,0,0.00,0.00,0.00,6.2,13.0,0.5,0,0,0,0,0.0,0.0,0.0,0.0,0.0,0.0,10
17763,Jalen,McMillan,Jalen McMillan,/football/player/jalen-mcmillan-17763,"&nbsp;<span class=""red upper bold sm-text"">IR-</span>",&#9881;,open,,i,,WR,,WR,TB,NE,-142,48.50,-2.50,25.50,0,0,4000,4000,0,0.00,0.00,0.00,0.0,0.0,0.0,0,0,0,0,0.0,0.0,0.0,0.0,0.0,0.0,10
15744,Adam,Prentice,Adam Prentice,/football/player/adam-prentice-15744,,&#9881;,open,,i,,RB,,RB,DEN,LV,-511,42.50,-9.50,26.00,0,0,4000,4000,0,0.00,0.00,0.00,0.2,0.7,0.0,0,0,0,0,0.0,0.0,0.0,0.0,0.0,0.0,10
18160,Colson,Yankoff,Colson Yankoff,/football/player/colson-yankoff-18160,"&nbsp;<span class=""red upper bold sm-text"">que</span>",&#9881;,open,,i,,TE,,TE,WAS,DET,359,49.50,8.50,20.50,0,0,2500,2500,0,0.00,0.00,0.00,0.0,0.0,0.0,0,0,0,0,0.0,0.0,0.0,0.0,0.0,0.0,10
14370,AJ,Dillon,AJ Dillon,/football/player/aj-dillon-14370,,&#9881;,open,,i,,RB,,RB,PHI,GB,115,45.00,2.50,21.25,0.00,0,4300,4300,0,0.15,0.15,0.15,1.6,2.8,0.2,0,0,0,0,0.0,0.1,0.0,0.2,0.0,0.2,10
16936,Trey,Palmer,Trey Palmer,/football/player/trey-palmer-16936,"&nbsp;<span class=""red upper bold sm-text"">IR</span>",&#9881;,open,,i,,WR,,WR,NO,CAR,203,39.50,5.50,17.00,0,0,3000,3000,0,0.00,0.00,0.00,0.0,0.0,0.0,0,0,0,0,0.0,0.0,0.0,0.0,0.0,0.0,10
18223,Emory,Jones,Emory Jones,/football/player/emory-jones-18223,"&nbsp;<span class=""red upper bold sm-text"">IR</span>",&#9881;,open,,i,,QB,,QB,ATL,IND,229,48.50,6.50,21.00,0,0,4000,4000,0,0.00,0.00,0.00,0.0,0.0,0.0,0,0,0,0,0.0,0.0,0.0,0.0,0.0,0.0,10
16108,Ronnie,Rivers,Ronnie Rivers,/football/player/ronnie-rivers-16108,,&#9881;,open,,i,,RB,,RB,LAR,SF,-212,49.50,-4.00,26.75,0,0,4000,4000,0,0.00,0.00,0.00,0.0,0.0,0.0,0,0,0,0,0.0,0.0,0.0,0.0,0.0,0.0,10
17026,Rasheen,Ali,Rasheen Ali,/football/player/rasheen-ali-17026,,&#9881;,open,,i,,RB,,RB,BAL,MIN,-222,49.00,-4.00,26.50,0.00,0,4000,4000,0,0.02,0.02,0.02,0.0,0.0,0.0,0,0,0,0,0.0,0.0,0.0,0.0,0.0,0.0,10
17014,Will,Mallory,Will Mallory,/football/player/will-mallory-17014,,&#9881;,open,,i,,TE,,TE,IND,ATL,-283,48.50,-6.50,27.50,0.00,0,2500,2500,0,0.05,0.05,0.05,0.0,0.0,0.0,0,0,0,0,0.0,0.0,0.0,0.0,0.0,0.0,10
16035,James,Mitchell,James Mitchell,/football/player/james-mitchell-16035,,&#9881;,open,,i,,TE,,TE,CAR,NO,-252,39.50,-5.50,22.50,0,0,2500,2500,0,0.00,0.00,0.00,1.9,3.7,0.0,0,0,0,0,0.0,0.0,0.0,0.0,0.0,0.0,10
18127,Dayton,Wade,Dayton Wade,/football/player/dayton-wade-18127,"&nbsp;<span class=""red upper bold sm-text"">IR</span>",&#9881;,open,,i,,WR,,WR,BAL,MIN,-222,49.00,-4.00,26.50,0,0,3000,3000,0,0.00,0.00,0.00,0.0,0.0,0.0,0,0,0,0,0.0,0.0,0.0,0.0,0.0,0.0,10
17702,Braelon,Allen,Braelon Allen,/football/player/braelon-allen-17702,"&nbsp;<span class=""red upper bold sm-text"">IR</span>",&#9881;,open,,i,,RB,,RB,NYJ,CLE,119,37.50,2.50,17.50,0,0,4000,4000,0,0.00,0.00,0.00,3.1,6.5,0.6,0,0,0,0,0.0,0.0,0.0,0.0,0.0,0.0,10
13713,Andrew,Beck,Andrew Beck,/football/player/andrew-beck-13713,,&#9881;,open,,i,,RB,,RB,NYJ,CLE,119,37.50,2.50,17.50,0,0,4000,4000,0,0.00,0.00,0.00,1.5,5.6,0.0,0,0,0,0,0.0,0.0,0.0,0.0,0.0,0.0,10
15402,Mac,Jones,Mac Jones,/football/player/mac-jones-15402,,&#9881;,open,,i,,QB,,QB,SF,LAR,174,49.50,4.00,22.75,0,0,5000,5000,0,0.00,0.00,0.00,17.2,24.3,8.6,0,0,0,0,0.0,0.0,0.0,0.0,0.0,0.0,10
15780,Mitchell,Fraboni,Mitchell Fraboni,/football/player/mitchell-fraboni-15780,,&#9881;,open,,i,,TE,,TE,DEN,LV,-511,42.50,-9.50,26.00,0,0,2500,2500,0,0.00,0.00,0.00,0.0,0.0,0.0,0,0,0,0,0.0,0.0,0.0,0.0,0.0,0.0,10
10037,Jameis,Winston,Jameis Winston,/football/player/jameis-winston-10037,,&#9881;,open,,i,,QB,,QB,NYG,CHI,157,47.50,3.50,22.00,0,0,4000,4000,0,0.00,0.00,0.00,0.0,0.0,0.0,0,0,0,0,0.0,0.0,0.0,0.0,0.0,0.0,10
16866,Josh,Whyle,Josh Whyle,/football/player/josh-whyle-16866,,&#9881;,open,,i,,TE,,TE,GB,PHI,-137,45.00,-2.50,23.75,0,0,2500,2500,0,0.00,0.00,0.00,0.0,0.0,0.0,0,0,0,0,0.0,0.0,0.0,0.0,0.0,0.0,10
18041,Xavier,Weaver,Xavier Weaver,/football/player/xavier-weaver-18041,,&#9881;,open,,i,,WR,,WR,ARI,SEA,251,45.00,6.50,19.25,0,0,3000,3000,0,0.00,0.00,0.00,0.0,0.0,0.0,0,0,0,0,0.0,0.0,0.0,0.0,0.0,0.0,10
17966,Tip,Reiman,Tip Reiman,/football/player/tip-reiman-17966,"&nbsp;<span class=""red upper bold sm-text"">IR</span>",&#9881;,open,,i,,TE,,TE,ARI,SEA,251,45.00,6.50,19.25,0,0,2500,2500,0,0.00,0.00,0.00,0.9,2.7,0.0,0,0,0,0,0.0,0.0,0.0,0.0,0.0,0.0,10
14129,D.J.,Montgomery,D.J. Montgomery,/football/player/dj-montgomery-14129,"&nbsp;<span class=""red upper bold sm-text"">IR</span>",&#9881;,open,,i,,WR,,WR,IND,ATL,-283,48.50,-6.50,27.50,0,0,3000,3000,0,0.00,0.00,0.00,0.0,0.0,0.0,0,0,0,0,0.0,0.0,0.0,0.0,0.0,0.0,10
15542,Davis,Mills,Davis Mills,/football/player/davis-mills-15542,,&#9881;,open,,i,,QB,,QB,HOU,JAX,-120,38.00,-1.50,19.75,0,0,4500,4500,0,0.00,0.00,0.00,3.7,6.7,0.7,0,0,0,0,0.0,0.0,0.0,0.0,0.0,0.0,10
17684,Ja'Lynn,Polk,Ja'Lynn Polk,/football/player/jalynn-polk-17684,"&nbsp;<span class=""red upper bold sm-text"">IR</span>",&#9881;,open,,i,,WR,,WR,NO,CAR,203,39.50,5.50,17.00,0,0,3000,3000,0,0.00,0.00,0.00,0.0,0.0,0.0,0,0,0,0,0.0,0.0,0.0,0.0,0.0,0.0,10
17979,Kedon,Slovis,Kedon Slovis,/football/player/kedon-slovis-17979,,&#9881;,open,,i,,QB,,QB,ARI,SEA,251,45.00,6.50,19.25,0,0,4000,4000,0,0.00,0.00,0.00,0.0,0.0,0.0,0,0,0,0,0.0,0.0,0.0,0.0,0.0,0.0,10
15957,Cal,Adomitis,Cal Adomitis,/football/player/cal-adomitis-15957,,&#9881;,open,,i,,TE,,TE,PHI,GB,115,45.00,2.50,21.25,0,0,2500,2500,0,0.00,0.00,0.00,0.0,0.0,0.0,0,0,0,0,0.0,0.0,0.0,0.0,0.0,0.0,10
16931,Cameron,Latu,Cameron Latu,/football/player/cameron-latu-16931,,&#9881;,open,,i,,TE,,TE,PHI,GB,115,45.00,2.50,21.25,0,0,2500,2500,0,0.00,0.00,0.00,0.0,0.0,0.0,0,0,0,0,0.0,0.0,0.0,0.0,0.0,0.0,10
17697,Joshua,Cephus,Joshua Cephus,/football/player/joshua-cephus-17697,"&nbsp;<span class=""red upper bold sm-text"">IR</span>",&#9881;,open,,i,,WR,,WR,JAX,HOU,100,38.00,1.50,18.25,0,0,3000,3000,0,0.00,0.00,0.00,0.0,0.0,0.0,0,0,0,0,0.0,0.0,0.0,0.0,0.0,0.0,10
17978,Tahj,Washington,Tahj Washington,/football/player/tahj-washington-17978,,&#9881;,open,,i,,WR,,WR,MIA,BUF,382,50.00,9.50,20.25,0,0,3000,3000,0,0.00,0.00,0.00,0.6,1.2,0.0,0,0,0,0,0.0,0.0,0.0,0.0,0.0,0.0,10
17818,Dylan,Laube,Dylan Laube,/football/player/dylan-laube-17818,,&#9881;,open,,i,,RB,,RB,LV,DEN,375,42.50,9.50,16.50,0.00,0,4000,4000,0,0.09,0.09,0.09,0.8,2.9,0.0,0,0,0,0,0.0,0.0,0.0,0.1,0.0,0.1,10
17782,Spencer,Rattler,Spencer Rattler,/football/player/spencer-rattler-17782,,&#9881;,open,,i,,QB,,QB,NO,CAR,203,39.50,5.50,17.00,0,0,4000,4000,0,0.00,0.00,0.00,13.5,20.2,6.5,0,0,0,0,0.0,0.0,0.0,0.0,0.0,0.0,10
17747,Jonathon,Brooks,Jonathon Brooks,/football/player/jonathon-brooks-17747,"&nbsp;<span class=""red upper bold sm-text"">PUP</span>",&#9881;,open,,i,,RB,,RB,CAR,NO,-252,39.50,-5.50,22.50,0,0,4000,4000,0,0.00,0.00,0.00,0.0,0.0,0.0,0,0,0,0,0.0,0.0,0.0,0.0,0.0,0.0,10
13438,Jarrett,Stidham,Jarrett Stidham,/football/player/jarrett-stidham-13438,,&#9881;,open,,i,,QB,,QB,DEN,LV,-511,42.50,-9.50,26.00,0,0,4000,4000,0,0.00,0.00,0.00,-0.1,0.0,0.0,0,0,0,0,0.0,0.0,0.0,0.0,0.0,0.0,10
15841,Kenny,Pickett,Kenny Pickett,/football/player/kenny-pickett-15841,,&#9881;,open,,i,,QB,,QB,LV,DEN,375,42.50,9.50,16.50,0,0,4000,4000,0,0.00,0.00,0.00,-0.7,0.0,0.0,0,0,0,0,0.0,0.0,0.0,0.0,0.0,0.0,10
17942,Bub,Means,Bub Means,/football/player/bub-means-17942,"&nbsp;<span class=""red upper bold sm-text"">IR</span>",&#9881;,open,,i,,WR,,WR,NO,CAR,203,39.50,5.50,17.00,0,0,3000,3000,0,0.00,0.00,0.00,0.0,0.0,0.0,0,0,0,0,0.0,0.0,0.0,0.0,0.0,0.0,10
15369,Brevin,Jordan,Brevin Jordan,/football/player/brevin-jordan-15369,"&nbsp;<span class=""red upper bold sm-text"">IR</span>",&#9881;,open,,i,,TE,,TE,HOU,JAX,-120,38.00,-1.50,19.75,0,0,2500,2500,0,0.00,0.00,0.00,0.0,0.0,0.0,0,0,0,0,0.0,0.0,0.0,0.0,0.0,0.0,10
16430,Irvin,Charles,Irvin Charles,/football/player/irvin-charles-16430,"&nbsp;<span class=""red upper bold sm-text"">PUP</span>",&#9881;,open,,i,,WR,,WR,NYJ,CLE,119,37.50,2.50,17.50,0,0,3000,3000,0,0.00,0.00,0.00,0.0,0.0,0.0,0,0,0,0,0.0,0.0,0.0,0.0,0.0,0.0,10
13484,Travis,Homer,Travis Homer,/football/player/travis-homer-13484,,&#9881;,open,,i,,RB,,RB,CHI,NYG,-192,47.50,-3.50,25.50,0,0,4000,4000,0,0.00,0.00,0.00,0.0,0.0,0.0,0,0,0,0,0.0,0.0,0.0,0.0,0.0,0.0,10
17704,Malik,Nabers,Malik Nabers,/football/player/malik-nabers-17704,"&nbsp;<span class=""red upper bold sm-text"">IR</span>",&#9881;,open,,i,,WR,,WR,NYG,CHI,157,47.50,3.50,22.00,0,0,3000,3000,0,0.00,0.00,0.00,16.0,39.1,0.0,0,0,0,0,0.0,0.0,0.0,0.0,0.0,0.0,10
13602,Donald,Parham,Donald Parham,/football/player/donald-parham-13602,"&nbsp;<span class=""red upper bold sm-text"">IR</span>",&#9881;,open,,i,,TE,,TE,PIT,LAC,129,45.00,3.00,21.00,0,0,2500,2500,0,0.00,0.00,0.00,0.0,0.0,0.0,0,0,0,0,0.0,0.0,0.0,0.0,0.0,0.0,10
18300,British,Brooks,British Brooks,/football/player/british-brooks-18300,,&#9881;,open,,i,,RB,,RB,HOU,JAX,-120,38.00,-1.50,19.75,0.00,0,4000,4000,0,0.02,0.02,0.02,0.3,1.2,0.0,0,0,0,0,0.0,0.0,0.0,0.0,0.0,0.0,10
