player_name,stat_field,line,category_original,team,opponent,home_away,over_odds,over_book,under_odds,under_book,moneyline_odds,moneyline_book,site_projection,projection_diff
Joe Burrow,pass_yds,265.5,passing-yards,cin,tam,h,-115,fanatics,-110,bet365,,,269.0,-0.5
Matthew Stafford,pass_yds,264.5,passing-yards,,sfo,h,-110,bet365,-111,draftkings,,,265.0,-3.5
Jared Goff,pass_yds,260.5,passing-yards,det,nor,h,-117,riverscasino,-110,bet365,,,270.0,7.5
Dak Prescott,pass_yds,254.5,passing-yards,dal,nyg,a,-117,riverscasino,-112,draftkings,,,260.0,-0.5
Tyler Shough,pass_yds,243.5,passing-yards,nor,det,a,-110,bet365,-114,fanduel,,,245.0,0.5
Brock Purdy,pass_yds,243.5,passing-yards,sfo,,a,-111,draftkings,-110,bet365,,,246.0,2.5
Justin Herbert,pass_yds,233.5,passing-yards,lac,ari,h,-114,fanduel,-111,draftkings,,,237.0,-1.5
Jordan Love,pass_yds,235.5,passing-yards,gnb,min,a,-115,fanatics,-110,bet365,,,236.0,-2.5
Trevor Lawrence,pass_yds,230.5,passing-yards,jax,cle,h,-110,bet365,-114,fanduel,,,235.0,0.5
Daniel Jones,pass_yds,229.5,passing-yards,ind,bal,h,-110,bet365,-114,fanduel,,,231.0,-1.5
Baker Mayfield,pass_yds,229.5,passing-yards,tam,cin,a,-110,bet365,-115,riverscasino,,,244.0,14.5
Caleb Williams,pass_yds,225.5,passing-yards,chi,car,a,-110,fanatics,-110,bet365,,,230.0,0.5
Patrick Mahomes,pass_yds,225.5,passing-yards,kan,den,h,-114,fanduel,-110,bet365,,,230.0,0.5
Drake Maye,pass_yds,224.5,passing-yards,nwe,sea,a,-115,riverscasino,-114,fanduel,,,230.0,1.5
Sam Darnold,pass_yds,228.5,passing-yards,sea,nwe,h,-111,draftkings,-110,bet365,,,230.0,1.5
Bo Nix,pass_yds,219.5,passing-yards,den,kan,a,-110,bet365,-114,fanduel,,,229.0,4.5
Jacoby Brissett,pass_yds,219.5,passing-yards,ari,lac,a,-110,bet365,-111,draftkings,,,227.0,3.5
Josh Allen,pass_yds,215.5,passing-yards,buf,hou,a,-110,bet365,-113,draftkings,,,220.0,-3.5
Kyler Murray,pass_yds,220.5,passing-yards,min,gnb,h,-115,fanatics,-110,bet365,,,222.0,-0.5
Lamar Jackson,pass_yds,212.5,passing-yards,bal,ind,a,-110,bet365,-111,draftkings,,,220.0,-0.5
C.J. Stroud,pass_yds,213.5,passing-yards,hou,buf,h,-115,riverscasino,-120,fanatics,,,222.0,3.5
Kirk Cousins,pass_yds,209.5,passing-yards,lvr,mia,h,-110,bet365,-111,draftkings,,,210.0,-5.5
Aaron Rodgers,pass_yds,210.5,passing-yards,pit,atl,h,-110,fanatics,-114,riverscasino,,,220.0,4.5
Jalen Hurts,pass_yds,210.5,passing-yards,phi,was,h,-115,fanatics,-114,fanduel,,,215.0,3.5
Jaxson Dart,pass_yds,210.5,passing-yards,nyg,dal,h,-113,draftkings,-114,fanduel,,,215.0,4.5
Bryce Young,pass_yds,205.5,passing-yards,car,chi,h,-120,fanatics,-110,bet365,,,210.0,0.5
Cam Ward,pass_yds,201.5,passing-yards,ten,nyj,h,-114,fanduel,-110,bet365,,,202.0,-5.5
Tua Tagovailoa,pass_yds,207.5,passing-yards,atl,pit,a,-110,bet365,-115,fanatics,,,215.0,7.5
Geno Smith,pass_yds,204.5,passing-yards,nyj,ten,a,-110,bet365,-114,fanduel,,,204.0,-2.5
Jayden Daniels,pass_yds,199.5,passing-yards,was,phi,a,-110,bet365,-114,fanduel,,,205.0,1.5
Malik Willis,pass_yds,173.5,passing-yards,mia,lvr,a,-110,bet365,-114,fanduel,,,175.0,-5.5
Deshaun Watson,pass_yds,168.5,passing-yards,cle,jax,a,-110,bet365,-114,fanduel,,,180.0,3.5
Jahmyr Gibbs,rush_yds,79.5,rushing-yards,det,nor,h,-110,bet365,-114,riverscasino,,,84.0,0.5
Derrick Henry,rush_yds,77.5,rushing-yards,bal,ind,a,-115,riverscasino,-110,bet365,,,84.0,3.5
Jonathan Taylor,rush_yds,74.5,rushing-yards,ind,bal,h,-110,bet365,-110,draftkings,,,78.0,-0.5
Saquon Barkley,rush_yds,75.5,rushing-yards,phi,was,h,-114,fanduel,-110,bet365,,,77.0,-0.5
James Cook,rush_yds,70.5,rushing-yards,buf,hou,a,-110,bet365,-110,draftkings,,,77.0,2.5
Bijan Robinson,rush_yds,73.5,rushing-yards,atl,pit,a,-113,draftkings,-110,bet365,,,80.0,6.5
Javonte Williams,rush_yds,72.5,rushing-yards,dal,nyg,a,-110,bet365,-117,caesars,,,77.0,3.5
D'Andre Swift,rush_yds,67.5,rushing-yards,chi,car,a,-110,bet365,-120,fanatics,,,59.0,-10.5
De'Von Achane,rush_yds,63.5,rushing-yards,mia,lvr,a,-110,bet365,-113,caesars,,,73.0,4.5
Omarion Hampton,rush_yds,63.5,rushing-yards,lac,ari,h,-110,bet365,-112,draftkings,,,62.0,-5.5
Breece Hall,rush_yds,64.5,rushing-yards,nyj,ten,a,-110,draftkings,-110,bet365,,,67.0,2.5
Kenneth Walker,rush_yds,59.5,rushing-yards,kan,den,h,-114,fanduel,-108,caesars,,,65.0,3.5
Quinshon Judkins,rush_yds,58.5,rushing-yards,cle,jax,a,-114,fanduel,-117,caesars,,,60.0,0.5
Christian McCaffrey,rush_yds,57.5,rushing-yards,sfo,,a,-118,riverscasino,-105,fanatics,,,63.0,3.5
Chase Brown,rush_yds,55.5,rushing-yards,cin,tam,h,-125,fanatics,-110,bet365,,,58.0,0.5
Bucky Irving,rush_yds,55.5,rushing-yards,tam,cin,a,-135,fanatics,-114,caesars,,,57.0,-0.5
Rhamondre Stevenson,rush_yds,53.5,rushing-yards,nwe,sea,a,-110,bet365,-112,draftkings,,,42.0,-14.5
Kyren Williams,rush_yds,56.5,rushing-yards,,sfo,h,-107,caesars,-130,fanatics,,,60.0,3.5
Travis Etienne,rush_yds,54.5,rushing-yards,nor,det,a,-117,riverscasino,-110,bet365,,,59.0,3.5
David Montgomery,rush_yds,53.5,rushing-yards,hou,buf,h,-113,riverscasino,-125,fanatics,,,53.0,-1.5
Tony Pollard,rush_yds,53.5,rushing-yards,ten,nyj,h,-110,bet365,-112,caesars,,,54.0,-0.5
Josh Jacobs,rush_yds,50.5,rushing-yards,gnb,min,a,-125,fanatics,-105,fanatics,,,0.0,0.0
Jadarian Price,rush_yds,51.5,rushing-yards,sea,nwe,h,-114,fanduel,-105,bet365,,,53.0,0.5
MarShawn Lloyd,rush_yds,50.5,rushing-yards,gnb,min,a,-114,fanduel,-114,caesars,,,53.0,1.5
Bhayshul Tuten,rush_yds,49.5,rushing-yards,jax,cle,h,-110,bet365,-111,draftkings,,,54.0,3.5
Rico Dowdle,rush_yds,50.5,rushing-yards,pit,atl,h,-107,caesars,-110,bet365,,,52.0,1.5
Ashton Jeanty,rush_yds,50.5,rushing-yards,lvr,mia,h,-110,bet365,-110,bet365,,,52.0,1.5
Cam Skattebo,rush_yds,48.5,rushing-yards,nyg,dal,h,-115,riverscasino,-114,fanduel,,,54.0,4.5
J.K. Dobbins,rush_yds,47.5,rushing-yards,den,kan,a,-110,bet365,-113,draftkings,,,53.0,3.5
Jordan Mason,rush_yds,43.5,rushing-yards,min,gnb,h,-110,bet365,-113,caesars,,,46.0,2.5
Jacory Croskey-Merritt,rush_yds,40.5,rushing-yards,was,phi,a,-114,fanduel,-117,caesars,,,42.0,0.5
Jaylen Warren,rush_yds,38.5,rushing-yards,pit,atl,h,-110,bet365,-114,draftkings,,,38.0,-2.5
Jayden Daniels,rush_yds,34.5,rushing-yards,was,phi,a,-117,riverscasino,-108,draftkings,,,38.0,-0.5
Malik Willis,rush_yds,35.5,rushing-yards,mia,lvr,a,-114,fanduel,-109,draftkings,,,40.0,2.5
Lamar Jackson,rush_yds,35.5,rushing-yards,bal,ind,a,-110,bet365,-107,caesars,,,37.0,0.5
Blake Corum,rush_yds,35.5,rushing-yards,,sfo,h,-125,fanatics,-113,riverscasino,,,39.0,2.5
Chris Rodriguez,rush_yds,30.5,rushing-yards,jax,cle,h,-110,bet365,-114,draftkings,,,34.0,-0.5
Jeremiyah Love,rush_yds,33.5,rushing-yards,ari,lac,a,-110,bet365,-110,bet365,,,54.0,20.5
Josh Allen,rush_yds,28.5,rushing-yards,buf,hou,a,-117,riverscasino,-115,draftkings,,,33.0,-0.5
Woody Marks,rush_yds,28.5,rushing-yards,hou,buf,h,-110,bet365,-116,draftkings,,,31.0,-1.5
Jaxson Dart,rush_yds,28.5,rushing-yards,nyg,dal,h,-114,fanduel,-110,draftkings,,,30.0,-1.5
Aaron Jones,rush_yds,29.5,rushing-yards,min,gnb,h,-114,fanduel,-110,bet365,,,37.0,7.5
Jalen Hurts,rush_yds,26.5,rushing-yards,phi,was,h,-112,riverscasino,-111,caesars,,,29.0,0.5
Drake Maye,rush_yds,22.5,rushing-yards,nwe,sea,a,-120,riverscasino,-135,fanatics,,,24.0,-0.5
Rachaad White,rush_yds,22.5,rushing-yards,was,phi,a,-110,bet365,-135,fanatics,,,36.0,12.5
Kyler Murray,rush_yds,20.5,rushing-yards,min,gnb,h,-135,fanatics,-110,bet365,,,24.0,1.5
Kenneth Gainwell,rush_yds,21.5,rushing-yards,tam,cin,a,-110,bet365,-116,draftkings,,,24.0,1.5
Justin Herbert,rush_yds,19.5,rushing-yards,lac,ari,h,-114,fanduel,-109,draftkings,,,23.0,1.5
Tyjae Spears,rush_yds,17.5,rushing-yards,ten,nyj,h,-110,bet365,-114,fanduel,,,31.0,10.5
Samaje Perine,rush_yds,17.5,rushing-yards,cin,tam,h,-110,bet365,-115,draftkings,,,24.0,3.5
George Holani,rush_yds,19.5,rushing-yards,sea,nwe,h,-115,draftkings,-110,bet365,,,18.0,-1.5
Caleb Williams,rush_yds,19.5,rushing-yards,chi,car,a,-110,bet365,-120,riverscasino,,,21.0,1.5
RJ Harvey,rush_yds,19.5,rushing-yards,den,kan,a,-107,draftkings,-114,fanduel,,,29.0,9.5
TreVeyon Henderson,rush_yds,18.5,rushing-yards,nwe,sea,a,-113,draftkings,-120,caesars,,,38.0,19.5
Brock Purdy,rush_yds,15.5,rushing-yards,sfo,,a,-115,fanatics,-114,draftkings,,,15.0,-3.5
Deshaun Watson,rush_yds,15.5,rushing-yards,cle,jax,a,-114,fanduel,-110,bet365,,,19.0,0.5
Trevor Lawrence,rush_yds,15.5,rushing-yards,jax,cle,h,-135,fanatics,-117,draftkings,,,19.0,0.5
Braelon Allen,rush_yds,17.5,rushing-yards,nyj,ten,a,-110,bet365,-117,caesars,,,20.0,2.5
Tyler Shough,rush_yds,14.5,rushing-yards,nor,det,a,-120,riverscasino,-109,draftkings,,,17.0,-0.5
Bo Nix,rush_yds,14.5,rushing-yards,den,kan,a,-118,riverscasino,-110,bet365,,,16.0,0.5
Patrick Mahomes,rush_yds,14.5,rushing-yards,kan,den,h,-112,riverscasino,-110,bet365,,,16.0,1.5
Bryce Young,rush_yds,13.5,rushing-yards,car,chi,h,-110,bet365,-150,fanatics,,,16.0,1.5
Baker Mayfield,rush_yds,14.5,rushing-yards,tam,cin,a,-105,draftkings,-110,bet365,,,17.0,2.5
Malik Davis,rush_yds,10.5,rushing-yards,dal,nyg,a,-150,fanatics,-110,bet365,,,15.0,2.5
Daniel Jones,rush_yds,10.5,rushing-yards,ind,bal,h,-125,fanatics,-110,bet365,,,12.0,0.5
Jordan Love,rush_yds,9.5,rushing-yards,gnb,min,a,-105,bet365,-114,fanduel,,,11.0,0.5
Cam Ward,rush_yds,6.5,rushing-yards,ten,nyj,h,-110,bet365,-111,draftkings,,,8.0,-1.5
C.J. Stroud,rush_yds,8.5,rushing-yards,hou,buf,h,-110,bet365,-114,fanduel,,,10.0,0.5
Jacoby Brissett,rush_yds,8.5,rushing-yards,ari,lac,a,-110,bet365,-165,fanatics,,,13.0,4.5
Dak Prescott,rush_yds,5.5,rushing-yards,dal,nyg,a,-110,bet365,-110,draftkings,,,8.0,0.5
Justice Hill,rush_yds,7.5,rushing-yards,bal,ind,a,-110,bet365,-110,bet365,,,7.0,-0.5
Geno Smith,rush_yds,5.5,rushing-yards,nyj,ten,a,-110,bet365,-120,draftkings,,,8.0,0.5
Joe Burrow,rush_yds,5.5,rushing-yards,cin,tam,h,-125,fanatics,-104,draftkings,,,7.0,0.5
Sam Darnold,rush_yds,5.5,rushing-yards,sea,nwe,h,-110,riverscasino,-110,bet365,,,6.0,0.5
Brashard Smith,rush_yds,3.5,rushing-yards,kan,den,h,-115,bet365,-105,bet365,,,5.0,1.5
Rashid Shaheed,rush_yds,2.5,rushing-yards,sea,nwe,h,-107,draftkings,-210,fanatics,,,4.4,1.9
Matthew Stafford,rush_yds,0.5,rushing-yards,,sfo,h,+165,bet365,-159,draftkings,,,0.0,0.0
Jerry Jeudy,rush_yds,0.5,rushing-yards,cle,jax,a,+550,bet365,-800,bet365,,,0.0,0.0
Sione Vaki,rush_yds,0.5,rushing-yards,det,nor,h,+275,bet365,-360,bet365,,,8.0,7.5
Tyler Allgeier,rush_yds,30.5,rushing-yards,ari,lac,a,even,fanatics,-135,fanatics,,,35.0,2.5
Malachi Fields,rush_yds,0.5,rushing-yards,nyg,dal,h,+450,bet365,-600,bet365,,,0.0,0.0
Puka Nacua,rec_yds,86.5,receiving-yards,,sfo,h,-140,bet365,-114,draftkings,,,95.0,3.5
Jaxon Smith-Njigba,rec_yds,79.5,receiving-yards,sea,nwe,h,-110,bet365,-113,draftkings,,,92.0,9.5
Chris Olave,rec_yds,75.5,receiving-yards,nor,det,a,-114,riverscasino,-110,bet365,,,76.0,-0.5
Amon-Ra St. Brown,rec_yds,76.5,receiving-yards,det,nor,h,-110,draftkings,-113,riverscasino,,,78.0,1.5
Justin Jefferson,rec_yds,70.5,receiving-yards,min,gnb,h,-120,fanatics,-112,draftkings,,,76.0,0.5
Nico Collins,rec_yds,69.5,receiving-yards,hou,buf,h,-110,bet365,-110,bet365,,,77.0,7.5
DeVonta Smith,rec_yds,62.5,receiving-yards,phi,was,h,-110,bet365,-113,draftkings,,,69.0,2.5
Zay Flowers,rec_yds,63.5,receiving-yards,bal,ind,a,-114,fanduel,-118,riverscasino,,,66.0,-0.5
Tyler Allgeier,rec_yds,8.5,receiving-yards,ari,lac,a,-110,bet365,-110,bet365,,,8.0,-0.5
Ja'Marr Chase,rec_yds,85.5,receiving-yards,cin,tam,h,-114,fanduel,-112,draftkings,,,88.0,-2.5
CeeDee Lamb,rec_yds,72.5,receiving-yards,dal,nyg,a,-110,bet365,-110,draftkings,,,79.0,2.5
George Pickens,rec_yds,66.5,receiving-yards,dal,nyg,a,-114,draftkings,-110,fanatics,,,73.0,6.5
Tee Higgins,rec_yds,60.5,receiving-yards,cin,tam,h,-110,fanatics,-110,draftkings,,,64.0,-0.5
Brock Bowers,rec_yds,60.5,receiving-yards,lvr,mia,h,-110,bet365,-112,draftkings,,,66.0,1.5
Drake London,rec_yds,60.5,receiving-yards,atl,pit,a,-110,bet365,-114,fanduel,,,70.0,6.5
Garrett Wilson,rec_yds,59.5,receiving-yards,nyj,ten,a,-110,bet365,-112,draftkings,,,65.0,2.5
Rashee Rice,rec_yds,59.5,receiving-yards,kan,den,h,-105,caesars,-110,bet365,,,60.0,-1.5
A.J. Brown,rec_yds,60.5,receiving-yards,nwe,sea,a,-111,draftkings,-110,bet365,,,68.0,7.5
Malik Nabers,rec_yds,58.5,receiving-yards,nyg,dal,h,-115,riverscasino,-110,bet365,,,64.0,3.5
Jameson Williams,rec_yds,58.5,receiving-yards,det,nor,h,-110,bet365,-115,riverscasino,,,62.0,3.5
Christian Watson,rec_yds,53.5,receiving-yards,gnb,min,a,-115,riverscasino,-110,draftkings,,,57.0,0.5
Trey McBride,rec_yds,56.5,receiving-yards,ari,lac,a,-113,draftkings,-110,bet365,,,64.0,7.5
Tetairoa McMillan,rec_yds,56.5,receiving-yards,car,chi,h,-110,draftkings,-110,bet365,,,64.0,7.5
Jaylen Waddle,rec_yds,53.5,receiving-yards,den,kan,a,-114,fanduel,-110,bet365,,,59.0,3.5
Luther Burden,rec_yds,53.5,receiving-yards,chi,car,a,-110,bet365,-113,caesars,,,61.0,5.5
Emeka Egbuka,rec_yds,52.5,receiving-yards,tam,cin,a,-110,bet365,-114,draftkings,,,56.0,0.5
Ladd McConkey,rec_yds,50.5,receiving-yards,lac,ari,h,-114,fanduel,-110,bet365,,,56.0,2.5
Parker Washington,rec_yds,50.5,receiving-yards,jax,cle,h,-120,fanatics,-113,draftkings,,,52.0,-1.5
Terry McLaurin,rec_yds,49.5,receiving-yards,was,phi,a,-110,bet365,-114,fanduel,,,55.0,3.5
Davante Adams,rec_yds,51.5,receiving-yards,,sfo,h,-110,bet365,-110,bet365,,,57.0,5.5
Colston Loveland,rec_yds,48.5,receiving-yards,chi,car,a,-110,bet365,-113,draftkings,,,54.0,3.5
Mike Evans,rec_yds,47.5,receiving-yards,sfo,,a,-110,bet365,-115,riverscasino,,,52.0,2.5
Marvin Harrison,rec_yds,47.5,receiving-yards,ari,lac,a,-112,draftkings,-118,riverscasino,,,55.0,7.5
DK Metcalf,rec_yds,45.5,receiving-yards,pit,atl,h,-115,fanatics,-117,riverscasino,,,54.0,7.5
Alec Pierce,rec_yds,45.5,receiving-yards,ind,bal,h,-115,fanatics,-110,bet365,,,47.0,0.5
D.J. Moore,rec_yds,44.5,receiving-yards,buf,hou,a,-110,bet365,-115,riverscasino,,,49.0,3.5
Tucker Kraft,rec_yds,42.5,receiving-yards,gnb,min,a,-110,bet365,-113,riverscasino,,,48.0,2.5
Rome Odunze,rec_yds,45.5,receiving-yards,chi,car,a,-110,bet365,-110,bet365,,,50.0,4.5
Josh Downs,rec_yds,43.5,receiving-yards,ind,bal,h,-114,caesars,-114,draftkings,,,45.0,-0.5
Tyler Warren,rec_yds,44.5,receiving-yards,ind,bal,h,-113,draftkings,-110,bet365,,,50.0,5.5
Wan'Dale Robinson,rec_yds,40.5,receiving-yards,ten,nyj,h,-115,fanatics,-110,draftkings,,,45.0,1.5
Courtland Sutton,rec_yds,40.5,receiving-yards,den,kan,a,-125,fanatics,-113,riverscasino,,,49.0,5.5
Jordan Addison,rec_yds,40.5,receiving-yards,min,gnb,h,-125,fanatics,-115,riverscasino,,,47.0,4.5
Michael Wilson,rec_yds,39.5,receiving-yards,ari,lac,a,-110,bet365,-117,riverscasino,,,48.0,5.5
Sam LaPorta,rec_yds,41.5,receiving-yards,det,nor,h,-110,bet365,-114,draftkings,,,46.0,3.5
Quentin Johnston,rec_yds,40.5,receiving-yards,lac,ari,h,-125,fanatics,-110,bet365,,,45.0,3.5
Chris Godwin,rec_yds,40.5,receiving-yards,tam,cin,a,-114,caesars,-110,bet365,,,50.0,8.5
Michael Pittman,rec_yds,38.5,receiving-yards,pit,atl,h,-114,fanduel,-110,bet365,,,47.0,5.5
Kyle Pitts,rec_yds,40.5,receiving-yards,atl,pit,a,-125,fanatics,-114,fanduel,,,46.0,4.5
Stefon Diggs,rec_yds,40.5,receiving-yards,was,phi,a,-115,draftkings,-114,fanduel,,,47.0,6.5
Juwan Johnson,rec_yds,40.5,receiving-yards,nor,det,a,-113,draftkings,-110,bet365,,,42.0,1.5
Carnell Tate,rec_yds,39.5,receiving-yards,ten,nyj,h,-110,bet365,-113,riverscasino,,,51.0,10.5
Travis Kelce,rec_yds,37.5,receiving-yards,kan,den,h,-110,bet365,-113,riverscasino,,,42.0,1.5
Matthew Golden,rec_yds,38.5,receiving-yards,gnb,min,a,-110,bet365,-113,draftkings,,,45.0,4.5
Tre Tucker,rec_yds,39.5,receiving-yards,lvr,mia,h,-115,draftkings,-110,bet365,,,41.0,1.5
Jayden Reed,rec_yds,35.5,receiving-yards,gnb,min,a,-135,fanatics,-108,caesars,,,44.0,4.5
Jalen Coker,rec_yds,35.5,receiving-yards,car,chi,h,-110,bet365,-120,fanatics,,,42.0,2.5
Christian McCaffrey,rec_yds,35.5,receiving-yards,sfo,,a,-140,fanatics,-113,riverscasino,,,41.0,2.5
George Kittle,rec_yds,38.5,receiving-yards,sfo,,a,-109,draftkings,-130,bet365,,,45.0,6.5
Khalil Shakir,rec_yds,33.5,receiving-yards,buf,hou,a,-110,bet365,-111,draftkings,,,44.0,6.5
Dalton Kincaid,rec_yds,36.5,receiving-yards,buf,hou,a,-110,bet365,-114,fanduel,,,38.0,0.5
Devaughn Vele,rec_yds,36.5,receiving-yards,nor,det,a,-110,bet365,-114,fanduel,,,36.0,-1.5
Jakobi Meyers,rec_yds,35.5,receiving-yards,jax,cle,h,-115,fanatics,-113,riverscasino,,,44.0,7.5
Brian Thomas,rec_yds,35.5,receiving-yards,jax,cle,h,-115,fanatics,-110,bet365,,,45.0,8.5
De'Zhaun Stribling,rec_yds,35.5,receiving-yards,sfo,,a,-113,caesars,-105,bet365,,,41.0,4.5
Isaiah Likely,rec_yds,34.5,receiving-yards,nyg,dal,h,-114,fanduel,-140,bet365,,,36.0,-0.5
Romeo Doubs,rec_yds,35.5,receiving-yards,nwe,sea,a,-116,draftkings,-110,bet365,,,39.0,3.5
Bijan Robinson,rec_yds,35.5,receiving-yards,atl,pit,a,-114,draftkings,-114,fanduel,,,40.0,4.5
KC Concepcion,rec_yds,31.5,receiving-yards,cle,jax,a,-110,bet365,-112,draftkings,,,38.0,2.5
Brenton Strange,rec_yds,34.5,receiving-yards,jax,cle,h,-110,bet365,-114,fanduel,,,37.0,1.5
Xavier Worthy,rec_yds,34.5,receiving-yards,kan,den,h,-110,bet365,-115,riverscasino,,,33.0,-2.5
Harold Fannin,rec_yds,35.5,receiving-yards,cle,jax,a,-109,draftkings,-113,caesars,,,43.0,7.5
Mark Andrews,rec_yds,30.5,receiving-yards,bal,ind,a,-110,bet365,-117,riverscasino,,,35.0,0.5
Jalen McMillan,rec_yds,34.5,receiving-yards,tam,cin,a,-113,draftkings,-110,bet365,,,43.0,8.5
Dallas Goedert,rec_yds,33.5,receiving-yards,phi,was,h,-130,bet365,-113,caesars,,,36.0,1.5
Dalton Schultz,rec_yds,32.5,receiving-yards,hou,buf,h,-110,bet365,-115,riverscasino,,,37.0,3.5
Hunter Henry,rec_yds,30.5,receiving-yards,nwe,sea,a,-135,fanatics,-114,fanduel,,,37.0,3.5
Adonai Mitchell,rec_yds,30.5,receiving-yards,nyj,ten,a,-110,bet365,-110,draftkings,,,31.0,-1.5
Rashid Shaheed,rec_yds,30.5,receiving-yards,sea,nwe,h,-110,bet365,-114,fanduel,,,35.0,3.5
Jerry Jeudy,rec_yds,28.5,receiving-yards,cle,jax,a,-110,bet365,-114,fanduel,,,30.0,-0.5
Jahmyr Gibbs,rec_yds,30.5,receiving-yards,det,nor,h,-112,draftkings,-110,bet365,,,34.0,3.5
Cooper Kupp,rec_yds,28.5,receiving-yards,sea,nwe,h,-110,bet365,-117,riverscasino,,,36.0,5.5
Jake Ferguson,rec_yds,28.5,receiving-yards,dal,nyg,a,-110,bet365,-114,fanduel,,,34.0,4.5
Deebo Samuel,rec_yds,26.5,receiving-yards,sfo,,a,-150,bet365,-110,draftkings,,,36.0,6.5
De'Von Achane,rec_yds,28.5,receiving-yards,mia,lvr,a,-117,riverscasino,-110,bet365,,,29.0,-0.5
Cade Otton,rec_yds,28.5,receiving-yards,tam,cin,a,-112,draftkings,-110,bet365,,,32.0,3.5
Chig Okonkwo,rec_yds,25.5,receiving-yards,was,phi,a,-114,fanduel,-110,bet365,,,28.0,0.5
T.J. Hockenson,rec_yds,25.5,receiving-yards,min,gnb,h,-140,fanatics,-110,bet365,,,32.0,4.5
Malik Washington,rec_yds,25.5,receiving-yards,mia,lvr,a,-125,fanatics,-114,draftkings,,,29.0,1.5
Caleb Douglas,rec_yds,25.5,receiving-yards,mia,lvr,a,-114,fanduel,-115,draftkings,,,30.0,2.5
Calvin Ridley,rec_yds,23.5,receiving-yards,ten,nyj,h,-110,bet365,-114,fanduel,,,25.0,-1.5
Tre' Harris,rec_yds,25.5,receiving-yards,lac,ari,h,-135,fanatics,-110,bet365,,,30.0,3.5
Rashod Bateman,rec_yds,23.5,receiving-yards,bal,ind,a,-110,bet365,-115,draftkings,,,26.0,-0.5
AJ Barner,rec_yds,24.5,receiving-yards,sea,nwe,h,-110,bet365,-109,draftkings,,,28.0,2.5
Pat Freiermuth,rec_yds,24.5,receiving-yards,pit,atl,h,-113,draftkings,-110,bet365,,,29.0,4.5
Terrance Ferguson,rec_yds,19.5,receiving-yards,,sfo,h,-160,bet365,even,caesars,,,21.0,-3.5
Dontayvion Wicks,rec_yds,24.5,receiving-yards,phi,was,h,-110,bet365,-114,fanduel,,,31.0,6.5
Greg Dulcich,rec_yds,23.5,receiving-yards,mia,lvr,a,-116,draftkings,-114,fanduel,,,24.0,0.5
Jauan Jennings,rec_yds,22.5,receiving-yards,min,gnb,h,-115,riverscasino,-125,fanatics,,,29.0,5.5
Rhamondre Stevenson,rec_yds,21.5,receiving-yards,nwe,sea,a,-110,bet365,-135,fanatics,,,16.0,-7.5
Chase Brown,rec_yds,22.5,receiving-yards,cin,tam,h,-115,riverscasino,-125,fanatics,,,23.0,-0.5
Ryan Flournoy,rec_yds,23.5,receiving-yards,dal,nyg,a,-110,bet365,-125,fanatics,,,29.0,5.5
Denzel Boston,rec_yds,21.5,receiving-yards,cle,jax,a,-110,bet365,-114,fanduel,,,30.0,6.5
Gunnar Helm,rec_yds,22.5,receiving-yards,ten,nyj,h,-115,draftkings,-114,fanduel,,,26.0,3.5
Kayshon Boutte,rec_yds,19.5,receiving-yards,hou,buf,h,-110,bet365,-110,draftkings,,,32.0,9.5
Kenneth Gainwell,rec_yds,20.5,receiving-yards,tam,cin,a,-112,caesars,-115,draftkings,,,22.0,-0.5
Malachi Fields,rec_yds,21.5,receiving-yards,nyg,dal,h,-110,bet365,-110,bet365,,,26.0,4.5
Kenyon Sadiq,rec_yds,20.5,receiving-yards,nyj,ten,a,-110,bet365,-110,bet365,,,23.0,2.5
Ja'Kobi Lane,rec_yds,17.5,receiving-yards,bal,ind,a,-110,bet365,-116,draftkings,,,22.0,1.5
Colby Parkinson,rec_yds,19.5,receiving-yards,,sfo,h,-116,draftkings,-113,riverscasino,,,21.0,1.5
Jahan Dotson,rec_yds,15.5,receiving-yards,atl,pit,a,-120,fanatics,-111,draftkings,,,25.0,5.5
Tyjae Spears,rec_yds,18.5,receiving-yards,ten,nyj,h,-114,fanduel,-125,fanatics,,,14.0,-5.5
Kendrick Bourne,rec_yds,19.5,receiving-yards,ari,lac,a,-110,bet365,-135,fanatics,,,18.0,-1.5
Xavier Legette,rec_yds,18.5,receiving-yards,car,chi,h,-112,caesars,-110,bet365,,,16.0,-2.5
Michael Mayer,rec_yds,15.5,receiving-yards,lvr,mia,h,-114,fanduel,-110,bet365,,,19.0,0.5
Travis Etienne,rec_yds,17.5,receiving-yards,nor,det,a,-114,fanduel,-110,bet365,,,20.0,1.5
DeMario Douglas,rec_yds,18.5,receiving-yards,nwe,sea,a,-109,draftkings,-120,riverscasino,,,22.0,3.5
Mason Taylor,rec_yds,18.5,receiving-yards,nyj,ten,a,-108,draftkings,-114,fanduel,,,15.0,-3.5
Tyquan Thornton,rec_yds,17.5,receiving-yards,kan,den,h,-114,fanduel,-110,bet365,,,18.0,-0.5
Darnell Washington,rec_yds,15.5,receiving-yards,pit,atl,h,-135,fanatics,-109,draftkings,,,22.0,4.5
Breece Hall,rec_yds,15.5,receiving-yards,nyj,ten,a,-140,fanatics,-114,riverscasino,,,19.0,1.5
Xavier Hutchinson,rec_yds,17.5,receiving-yards,hou,buf,h,-111,draftkings,-110,bet365,,,16.0,-1.5
Jalen Nailor,rec_yds,17.5,receiving-yards,lvr,mia,h,-110,bet365,-114,fanduel,,,26.0,8.5
Saquon Barkley,rec_yds,15.5,receiving-yards,phi,was,h,-114,fanduel,+110,bet365,,,17.0,0.5
Kalif Raymond,rec_yds,15.5,receiving-yards,chi,car,a,even,fanatics,-110,bet365,,,0.0,0.0
Charlie Kolar,rec_yds,15.5,receiving-yards,lac,ari,h,-125,fanatics,-110,bet365,,,14.0,-2.5
Kenneth Walker,rec_yds,14.5,receiving-yards,kan,den,h,-114,fanduel,-120,riverscasino,,,20.0,4.5
Jaylen Warren,rec_yds,15.5,receiving-yards,pit,atl,h,-114,caesars,-110,bet365,,,22.0,6.5
Jonathan Taylor,rec_yds,15.5,receiving-yards,ind,bal,h,-114,draftkings,-114,fanduel,,,18.0,2.5
Rachaad White,rec_yds,14.5,receiving-yards,was,phi,a,-110,bet365,-111,draftkings,,,15.0,-0.5
Cam Skattebo,rec_yds,15.5,receiving-yards,nyg,dal,h,-112,draftkings,-121,riverscasino,,,18.0,2.5
Isaac TeSlaa,rec_yds,15.5,receiving-yards,det,nor,h,-112,draftkings,-110,bet365,,,25.0,9.5
David Njoku,rec_yds,15.5,receiving-yards,lac,ari,h,-110,bet365,-110,bet365,,,17.0,1.5
Dawson Knox,rec_yds,14.5,receiving-yards,buf,hou,a,-110,bet365,-125,fanatics,,,15.0,0.5
Jack Bech,rec_yds,14.5,receiving-yards,lvr,mia,h,-110,bet365,-110,bet365,,,16.0,1.5
Omarion Hampton,rec_yds,12.5,receiving-yards,lac,ari,h,-114,fanduel,-110,bet365,,,17.0,2.5
Darius Slayton,rec_yds,14.5,receiving-yards,nyg,dal,h,-110,bet365,-135,fanatics,,,23.0,8.5
Bucky Irving,rec_yds,10.5,receiving-yards,tam,cin,a,-125,fanatics,-117,draftkings,,,17.0,2.5
Cole Kmet,rec_yds,13.5,receiving-yards,chi,car,a,-110,bet365,-125,fanatics,,,18.0,3.5
D'Andre Swift,rec_yds,13.5,receiving-yards,chi,car,a,-113,caesars,-120,fanatics,,,15.0,0.5
James Cook,rec_yds,12.5,receiving-yards,buf,hou,a,-110,bet365,-114,fanduel,,,17.0,2.5
Tyler Higbee,rec_yds,12.5,receiving-yards,,sfo,h,-110,bet365,-110,draftkings,,,12.0,-1.5
Aaron Jones,rec_yds,13.5,receiving-yards,min,gnb,h,-110,bet365,-125,fanatics,,,14.0,0.5
Ashton Jeanty,rec_yds,13.5,receiving-yards,lvr,mia,h,-110,bet365,-110,bet365,,,18.0,4.5
Mike Gesicki,rec_yds,13.5,receiving-yards,cin,tam,h,-110,bet365,-110,bet365,,,26.0,12.5
Jeremiyah Love,rec_yds,12.5,receiving-yards,ari,lac,a,-110,bet365,-110,bet365,,,24.0,11.5
Justice Hill,rec_yds,12.5,receiving-yards,bal,ind,a,-110,bet365,-140,fanatics,,,19.0,6.5
MarShawn Lloyd,rec_yds,10.5,receiving-yards,gnb,min,a,-135,fanatics,-110,bet365,,,14.0,2.5
George Holani,rec_yds,10.5,receiving-yards,sea,nwe,h,-110,bet365,-110,draftkings,,,10.0,-1.5
Bhayshul Tuten,rec_yds,11.5,receiving-yards,jax,cle,h,-105,bet365,-112,draftkings,,,13.0,1.5
Kyren Williams,rec_yds,9.5,receiving-yards,,sfo,h,-110,bet365,-113,draftkings,,,13.0,1.5
Rico Dowdle,rec_yds,9.5,receiving-yards,pit,atl,h,-105,bet365,-111,draftkings,,,13.0,2.5
Darnell Mooney,rec_yds,10.5,receiving-yards,nyg,dal,h,-110,bet365,-110,bet365,,,15.0,4.5
Quinshon Judkins,rec_yds,9.5,receiving-yards,cle,jax,a,-110,bet365,-119,draftkings,,,13.0,2.5
Erick All,rec_yds,9.5,receiving-yards,cin,tam,h,-110,bet365,-110,bet365,,,11.0,1.5
Andrei Iosivas,rec_yds,9.5,receiving-yards,cin,tam,h,-110,bet365,-115,fanatics,,,19.0,9.5
Samaje Perine,rec_yds,9.5,receiving-yards,cin,tam,h,-110,bet365,-110,bet365,,,8.0,-1.5
Javonte Williams,rec_yds,9.5,receiving-yards,dal,nyg,a,-107,draftkings,-110,bet365,,,13.0,3.5
Woody Marks,rec_yds,8.5,receiving-yards,hou,buf,h,-110,bet365,-114,fanduel,,,10.0,0.5
Drew Sample,rec_yds,8.5,receiving-yards,cin,tam,h,-110,bet365,-110,bet365,,,6.0,-2.5
Isaiah Williams,rec_yds,8.5,receiving-yards,nyj,ten,a,-110,bet365,-110,bet365,,,14.0,5.5
Tony Pollard,rec_yds,7.5,receiving-yards,ten,nyj,h,-110,bet365,-150,fanatics,,,10.0,1.5
David Montgomery,rec_yds,7.5,receiving-yards,hou,buf,h,-114,fanduel,-165,fanatics,,,15.0,6.5
Jadarian Price,rec_yds,6.5,receiving-yards,sea,nwe,h,-115,bet365,-113,caesars,,,8.0,0.5
Colbie Young,rec_yds,7.5,receiving-yards,cin,tam,h,-115,bet365,-105,bet365,,,9.0,1.5
Odell Beckham,rec_yds,7.5,receiving-yards,nyg,dal,h,-111,draftkings,-150,fanatics,,,13.0,5.5
Joshua Palmer,rec_yds,13.5,receiving-yards,buf,hou,a,-110,bet365,-110,bet365,,,18.0,4.5
TreVeyon Henderson,rec_yds,6.5,receiving-yards,nwe,sea,a,-115,bet365,-113,draftkings,,,14.0,6.5
Noah Gray,rec_yds,7.5,receiving-yards,kan,den,h,-110,bet365,-110,bet365,,,11.0,3.5
Brashard Smith,rec_yds,6.5,receiving-yards,kan,den,h,-110,bet365,-110,bet365,,,7.0,0.5
Derrick Henry,rec_yds,5.5,receiving-yards,bal,ind,a,-121,caesars,-220,fanatics,,,9.0,2.5
J.K. Dobbins,rec_yds,4.5,receiving-yards,den,kan,a,-110,bet365,-110,bet365,,,6.0,1.5
Jordan Mason,rec_yds,3.5,receiving-yards,min,gnb,h,-110,bet365,-110,bet365,,,5.0,1.5
Blake Corum,rec_yds,1.5,receiving-yards,,sfo,h,-110,bet365,-110,bet365,,,6.0,4.5
Chris Rodriguez,rec_yds,1.5,receiving-yards,jax,cle,h,-110,bet365,-110,bet365,,,4.0,2.5
Braelon Allen,rec_yds,0.5,receiving-yards,nyj,ten,a,-110,bet365,-110,bet365,,,3.0,2.5
Ja'Marr Chase,rec,6.5,receptions,cin,tam,h,-140,bet365,-125,fanatics,,,7.3,-0.2
Jaxon Smith-Njigba,rec,6.5,receptions,sea,nwe,h,even,bet365,-120,fanatics,,,6.4,-0.1
CeeDee Lamb,rec,5.5,receptions,dal,nyg,a,-140,bet365,-129,draftkings,,,5.9,-0.6
Trey McBride,rec,6.5,receptions,ari,lac,a,+122,bet365,-137,draftkings,,,6.1,-0.4
Tyler Allgeier,rec,1.5,receptions,ari,lac,a,even,bet365,-130,bet365,,,1.0,-0.5
Puka Nacua,rec,7.5,receptions,,sfo,h,+120,bet365,-138,draftkings,,,7.3,-0.2
Amon-Ra St. Brown,rec,6.5,receptions,det,nor,h,even,draftkings,even,bet365,,,6.5,0.0
Chris Olave,rec,6.5,receptions,nor,det,a,+110,draftkings,-115,bet365,,,6.1,-0.4
Justin Jefferson,rec,5.5,receptions,min,gnb,h,-145,caesars,-140,bet365,,,5.6,0.1
Brock Bowers,rec,5.5,receptions,lvr,mia,h,-130,bet365,+111,draftkings,,,5.9,0.4
Rashee Rice,rec,5.5,receptions,kan,den,h,-115,bet365,+107,draftkings,,,5.2,-0.3
Garrett Wilson,rec,5.5,receptions,nyj,ten,a,-110,bet365,-108,draftkings,,,5.1,-0.4
Drake London,rec,5.5,receptions,atl,pit,a,+110,bet365,-106,fanduel,,,5.4,-0.1
Nico Collins,rec,5.5,receptions,hou,buf,h,+110,fanatics,-115,bet365,,,5.2,-0.3
DeVonta Smith,rec,5.5,receptions,phi,was,h,+125,bet365,-135,hardrock,,,5.1,-0.4
A.J. Brown,rec,4.5,receptions,nwe,sea,a,-148,fanduel,-151,draftkings,,,4.9,-0.6
Malik Nabers,rec,5.5,receptions,nyg,dal,h,+125,bet365,-154,fanduel,,,4.6,-0.9
George Pickens,rec,4.5,receptions,dal,nyg,a,-140,bet365,-164,caesars,,,5.0,0.5
Tee Higgins,rec,4.5,receptions,cin,tam,h,-135,bet365,-210,fanatics,,,4.5,0.0
Zay Flowers,rec,4.5,receptions,bal,ind,a,-150,bet365,+128,fanduel,,,5.1,0.6
Tyler Warren,rec,4.5,receptions,ind,bal,h,-125,bet365,+115,draftkings,,,4.7,0.2
Luther Burden,rec,4.5,receptions,chi,car,a,-128,draftkings,+104,fanduel,,,4.5,0.0
Jaylen Waddle,rec,4.5,receptions,den,kan,a,-114,fanduel,-107,draftkings,,,4.5,0.0
Tetairoa McMillan,rec,4.5,receptions,car,chi,h,-114,fanduel,-108,draftkings,,,4.7,0.2
Colston Loveland,rec,4.5,receptions,chi,car,a,-108,fanduel,-111,draftkings,,,4.3,-0.2
Christian McCaffrey,rec,4.5,receptions,sfo,,a,-102,fanduel,-116,draftkings,,,4.7,0.2
Ladd McConkey,rec,4.5,receptions,lac,ari,h,-102,fanduel,-115,bet365,,,4.5,0.0
Davante Adams,rec,4.5,receptions,,sfo,h,even,bet365,-122,draftkings,,,4.4,-0.1
Wan'Dale Robinson,rec,4.5,receptions,ten,nyj,h,+110,bet365,-127,caesars,,,3.9,-0.6
Bijan Robinson,rec,4.5,receptions,atl,pit,a,+115,bet365,-135,hardrock,,,4.3,-0.2
De'Von Achane,rec,4.5,receptions,mia,lvr,a,+114,draftkings,-125,bet365,,,3.8,-0.7
Jahmyr Gibbs,rec,4.5,receptions,det,nor,h,+120,bet365,-147,draftkings,,,4.3,-0.2
Terry McLaurin,rec,3.5,receptions,was,phi,a,-172,fanduel,-155,draftkings,,,3.9,-0.6
Emeka Egbuka,rec,4.5,receptions,tam,cin,a,+125,bet365,-155,draftkings,,,4.2,-0.3
Kyle Pitts,rec,4.5,receptions,atl,pit,a,+125,bet365,-132,fanduel,,,4.2,-0.3
Michael Pittman,rec,3.5,receptions,pit,atl,h,-188,fanduel,-135,bet365,,,4.1,-0.4
Josh Downs,rec,4.5,receptions,ind,bal,h,+125,hardrock,-140,bet365,,,4.4,-0.1
Juwan Johnson,rec,4.5,receptions,nor,det,a,+123,draftkings,-152,caesars,,,4.0,-0.5
Marvin Harrison,rec,3.5,receptions,ari,lac,a,-172,fanduel,-155,bet365,,,3.8,-0.7
Parker Washington,rec,3.5,receptions,jax,cle,h,-182,fanduel,-150,bet365,,,4.0,-0.5
Tucker Kraft,rec,3.5,receptions,gnb,min,a,-165,bet365,-160,hardrock,,,4.0,-0.5
Harold Fannin,rec,4.5,receptions,cle,jax,a,+128,draftkings,-160,hardrock,,,4.2,-0.3
Courtland Sutton,rec,3.5,receptions,den,kan,a,-145,bet365,-165,draftkings,,,3.6,-0.9
Christian Watson,rec,3.5,receptions,gnb,min,a,-155,fanatics,-160,hardrock,,,3.9,0.4
Travis Kelce,rec,3.5,receptions,kan,den,h,-148,fanduel,-205,fanatics,,,4.0,0.5
George Kittle,rec,3.5,receptions,sfo,,a,-120,bet365,+123,draftkings,,,4.0,0.5
Chris Godwin,rec,3.5,receptions,tam,cin,a,-138,fanduel,-205,fanatics,,,4.2,0.7
Stefon Diggs,rec,3.5,receptions,was,phi,a,-135,bet365,-210,fanatics,,,3.9,0.4
Jameson Williams,rec,3.5,receptions,det,nor,h,-145,caesars,+120,bet365,,,4.0,0.5
Sam LaPorta,rec,3.5,receptions,det,nor,h,-144,draftkings,+128,fanduel,,,4.0,0.5
Michael Wilson,rec,3.5,receptions,ari,lac,a,-120,bet365,+110,draftkings,,,3.7,0.2
Jalen Coker,rec,3.5,receptions,car,chi,h,-115,bet365,+111,draftkings,,,3.2,-0.3
Khalil Shakir,rec,3.5,receptions,buf,hou,a,-130,fanduel,+111,draftkings,,,3.8,0.3
Mike Evans,rec,3.5,receptions,sfo,,a,-130,caesars,-245,fanatics,,,4.0,0.5
Dalton Schultz,rec,3.5,receptions,hou,buf,h,-130,bet365,+109,draftkings,,,4.0,0.5
DK Metcalf,rec,3.5,receptions,pit,atl,h,-130,fanduel,-245,fanatics,,,3.8,0.3
Chase Brown,rec,3.5,receptions,cin,tam,h,-108,fanduel,-107,draftkings,,,3.5,0.0
Alec Pierce,rec,3.5,receptions,ind,bal,h,even,bet365,-110,draftkings,,,3.0,-0.5
Rome Odunze,rec,3.5,receptions,chi,car,a,+102,fanduel,-114,draftkings,,,3.6,0.1
Jordan Addison,rec,3.5,receptions,min,gnb,h,+102,fanduel,-110,bet365,,,3.4,-0.1
Jakobi Meyers,rec,3.5,receptions,jax,cle,h,-105,fanatics,-114,caesars,,,3.8,0.3
D.J. Moore,rec,3.5,receptions,buf,hou,a,-108,caesars,-115,bet365,,,3.8,0.3
T.J. Hockenson,rec,3.5,receptions,min,gnb,h,even,bet365,-114,fanduel,,,3.6,0.1
Tre Tucker,rec,3.5,receptions,lvr,mia,h,-105,draftkings,-120,bet365,,,3.0,-0.5
Jake Ferguson,rec,3.5,receptions,dal,nyg,a,+115,bet365,-123,draftkings,,,4.0,0.5
Jayden Reed,rec,3.5,receptions,gnb,min,a,even,fanatics,-120,bet365,,,3.4,-0.1
Dallas Goedert,rec,3.5,receptions,phi,was,h,+105,fanatics,-127,draftkings,,,3.5,0.0
Carnell Tate,rec,3.5,receptions,ten,nyj,h,even,draftkings,-120,hardrock,,,3.9,0.4
KC Concepcion,rec,3.5,receptions,cle,jax,a,+105,bet365,-124,caesars,,,3.2,-0.3
Dalton Kincaid,rec,3.5,receptions,buf,hou,a,+101,draftkings,-125,bet365,,,3.2,-0.3
Matthew Golden,rec,3.5,receptions,gnb,min,a,+115,bet365,-130,draftkings,,,3.3,-0.2
Devaughn Vele,rec,3.5,receptions,nor,det,a,+115,bet365,-130,fanduel,,,3.0,-0.5
Brenton Strange,rec,3.5,receptions,jax,cle,h,+104,draftkings,-115,bet365,,,3.4,-0.1
Rhamondre Stevenson,rec,2.5,receptions,nwe,sea,a,-180,bet365,-133,draftkings,,,2.0,-1.5
Quentin Johnston,rec,3.5,receptions,lac,ari,h,+116,fanduel,-125,bet365,,,3.2,-0.3
Isaiah Likely,rec,3.5,receptions,nyg,dal,h,+116,fanduel,-135,draftkings,,,3.3,-0.2
Romeo Doubs,rec,3.5,receptions,nwe,sea,a,+120,hardrock,-142,draftkings,,,3.1,-0.4
Xavier Worthy,rec,2.5,receptions,kan,den,h,-220,bet365,-137,caesars,,,3.0,-0.5
Kenneth Gainwell,rec,3.5,receptions,tam,cin,a,+122,bet365,-149,draftkings,,,3.1,-0.4
Mark Andrews,rec,3.5,receptions,bal,ind,a,+125,bet365,-154,draftkings,,,3.3,-0.2
Cade Otton,rec,3.5,receptions,tam,cin,a,+125,bet365,-159,draftkings,,,3.4,-0.1
De'Zhaun Stribling,rec,3.5,receptions,sfo,,a,+134,fanduel,-161,draftkings,,,3.1,-0.4
Hunter Henry,rec,3.5,receptions,nwe,sea,a,+135,hardrock,-162,draftkings,,,3.2,-0.3
Travis Etienne,rec,2.5,receptions,nor,det,a,-205,fanduel,-165,hardrock,,,2.8,-0.7
Chig Okonkwo,rec,2.5,receptions,was,phi,a,-158,fanduel,-210,fanatics,,,2.8,0.3
Jalen McMillan,rec,2.5,receptions,tam,cin,a,-170,draftkings,-170,bet365,,,3.2,0.7
Tyjae Spears,rec,2.5,receptions,ten,nyj,h,-154,fanduel,-210,fanatics,,,2.0,-0.5
Deebo Samuel,rec,2.5,receptions,sfo,,a,-138,caesars,+121,draftkings,,,3.0,0.5
AJ Barner,rec,2.5,receptions,sea,nwe,h,-135,bet365,-220,fanatics,,,2.9,0.4
Brian Thomas,rec,2.5,receptions,jax,cle,h,-150,bet365,+128,fanduel,,,3.2,0.7
Gunnar Helm,rec,2.5,receptions,ten,nyj,h,-148,draftkings,+125,bet365,,,2.7,0.2
Cooper Kupp,rec,2.5,receptions,sea,nwe,h,-132,fanduel,+130,bet365,,,2.9,0.4
Jerry Jeudy,rec,2.5,receptions,cle,jax,a,-125,bet365,+130,fanduel,,,2.4,-0.1
Malik Washington,rec,2.5,receptions,mia,lvr,a,-140,fanatics,+112,fanduel,,,2.8,0.3
Jonathan Taylor,rec,2.5,receptions,ind,bal,h,-135,draftkings,+122,bet365,,,2.3,-0.2
Kenneth Walker,rec,2.5,receptions,kan,den,h,-112,fanduel,+105,caesars,,,2.4,-0.1
Pat Freiermuth,rec,2.5,receptions,pit,atl,h,-120,fanatics,+105,hardrock,,,2.7,0.2
Adonai Mitchell,rec,2.5,receptions,nyj,ten,a,-120,draftkings,-275,fanatics,,,2.2,-0.3
Dontayvion Wicks,rec,2.5,receptions,phi,was,h,-105,fanatics,-114,fanduel,,,2.5,0.0
Greg Dulcich,rec,2.5,receptions,mia,lvr,a,-108,draftkings,-110,bet365,,,2.3,-0.2
Kenyon Sadiq,rec,2.5,receptions,nyj,ten,a,-105,bet365,-125,bet365,,,2.2,-0.3
Tre' Harris,rec,2.5,receptions,lac,ari,h,+115,bet365,-125,hardrock,,,2.5,0.0
Saquon Barkley,rec,2.5,receptions,phi,was,h,+105,fanatics,-125,bet365,,,2.3,-0.2
Jaylen Warren,rec,2.5,receptions,pit,atl,h,+102,draftkings,-110,bet365,,,2.8,0.3
Rashid Shaheed,rec,2.5,receptions,sea,nwe,h,+102,draftkings,-122,fanduel,,,2.7,0.2
Breece Hall,rec,2.5,receptions,nyj,ten,a,+105,bet365,-130,caesars,,,2.5,0.0
Cam Skattebo,rec,2.5,receptions,nyg,dal,h,+116,fanduel,-134,draftkings,,,2.3,-0.2
Omarion Hampton,rec,2.5,receptions,lac,ari,h,+125,hardrock,-145,bet365,,,2.5,0.0
Caleb Douglas,rec,2.5,receptions,mia,lvr,a,+120,fanduel,-110,bet365,,,2.2,-0.3
Jauan Jennings,rec,2.5,receptions,min,gnb,h,+132,fanduel,-149,draftkings,,,2.3,-0.2
Mason Taylor,rec,2.5,receptions,nyj,ten,a,+119,draftkings,-130,fanduel,,,1.7,-0.8
Denzel Boston,rec,2.5,receptions,cle,jax,a,+121,draftkings,-145,hardrock,,,2.4,-0.1
Ashton Jeanty,rec,2.5,receptions,lvr,mia,h,+122,bet365,-155,bet365,,,2.8,0.3
Michael Mayer,rec,1.5,receptions,lvr,mia,h,-172,fanduel,-155,bet365,,,2.1,-0.4
D'Andre Swift,rec,2.5,receptions,chi,car,a,+138,fanduel,-140,bet365,,,2.2,-0.3
Aaron Jones,rec,2.5,receptions,min,gnb,h,+125,bet365,-110,fanduel,,,2.2,-0.3
James Cook,rec,2.5,receptions,buf,hou,a,+155,bet365,-161,draftkings,,,2.1,-0.4
Colby Parkinson,rec,2.5,receptions,,sfo,h,+128,caesars,-140,bet365,,,2.2,-0.3
Rachaad White,rec,2.5,receptions,was,phi,a,+140,fanatics,-165,bet365,,,2.1,-0.4
Ryan Flournoy,rec,2.5,receptions,dal,nyg,a,+135,bet365,-170,bet365,,,2.2,-0.3
Xavier Legette,rec,1.5,receptions,car,chi,h,-190,bet365,-182,caesars,,,1.4,-1.1
Bucky Irving,rec,1.5,receptions,tam,cin,a,-170,hardrock,-190,bet365,,,1.9,-0.6
Jeremiyah Love,rec,2.5,receptions,ari,lac,a,+150,bet365,-190,bet365,,,3.2,0.7
Calvin Ridley,rec,1.5,receptions,ten,nyj,h,-165,hardrock,-180,bet365,,,1.9,-0.6
Xavier Hutchinson,rec,1.5,receptions,hou,buf,h,-195,draftkings,-180,bet365,,,1.4,-0.1
Rashod Bateman,rec,1.5,receptions,bal,ind,a,-180,fanatics,-160,hardrock,,,1.9,0.4
Javonte Williams,rec,1.5,receptions,dal,nyg,a,-155,hardrock,-185,bet365,,,2.2,0.7
Darnell Washington,rec,1.5,receptions,pit,atl,h,-172,fanduel,-185,bet365,,,2.1,0.6
MarShawn Lloyd,rec,1.5,receptions,gnb,min,a,-172,fanduel,+145,draftkings,,,2.0,0.5
Kendrick Bourne,rec,1.5,receptions,ari,lac,a,-165,fanatics,+140,bet365,,,1.6,0.1
Jahan Dotson,rec,1.5,receptions,atl,pit,a,-140,bet365,+136,draftkings,,,1.9,0.4
Charlie Kolar,rec,1.5,receptions,lac,ari,h,-162,fanduel,+135,bet365,,,1.2,-0.3
Justice Hill,rec,1.5,receptions,bal,ind,a,-170,bet365,+135,bet365,,,2.5,1.0
DeMario Douglas,rec,1.5,receptions,nwe,sea,a,-155,fanatics,+140,bet365,,,1.6,0.1
Bhayshul Tuten,rec,1.5,receptions,jax,cle,h,-165,draftkings,+140,bet365,,,1.7,0.2
Terrance Ferguson,rec,1.5,receptions,,sfo,h,-148,fanduel,+150,bet365,,,1.7,0.2
Jalen Nailor,rec,1.5,receptions,lvr,mia,h,-145,hardrock,-210,fanduel,,,2.1,0.6
Kayshon Boutte,rec,1.5,receptions,hou,buf,h,-137,caesars,+123,draftkings,,,2.2,0.7
George Holani,rec,1.5,receptions,sea,nwe,h,+105,fanatics,+128,fanduel,,,1.5,0.0
Kyren Williams,rec,1.5,receptions,,sfo,h,-145,bet365,+119,draftkings,,,1.8,0.3
Malachi Fields,rec,1.5,receptions,nyg,dal,h,-145,bet365,+115,bet365,,,2.1,0.6
Quinshon Judkins,rec,1.5,receptions,cle,jax,a,-130,caesars,+106,draftkings,,,1.9,0.4
David Njoku,rec,1.5,receptions,lac,ari,h,-135,bet365,+105,bet365,,,1.8,0.3
Ja'Kobi Lane,rec,1.5,receptions,bal,ind,a,-125,bet365,+105,caesars,,,1.7,0.2
Rico Dowdle,rec,1.5,receptions,pit,atl,h,-131,draftkings,+115,bet365,,,1.7,0.2
Samaje Perine,rec,1.5,receptions,cin,tam,h,-105,fanatics,even,bet365,,,1.2,-0.3
Cole Kmet,rec,1.5,receptions,chi,car,a,-127,caesars,+105,bet365,,,1.5,0.0
Mike Gesicki,rec,1.5,receptions,cin,tam,h,-125,bet365,-105,bet365,,,2.5,1.0
Kalif Raymond,rec,1.5,receptions,chi,car,a,+115,fanatics,+122,bet365,,,0.0,0.0
David Montgomery,rec,1.5,receptions,hou,buf,h,-108,fanduel,-112,draftkings,,,2.1,0.6
Dawson Knox,rec,1.5,receptions,buf,hou,a,-112,draftkings,even,bet365,,,1.3,-0.2
Woody Marks,rec,1.5,receptions,hou,buf,h,-110,bet365,-120,bet365,,,1.3,-0.2
Tyler Higbee,rec,1.5,receptions,,sfo,h,-106,draftkings,-111,caesars,,,1.2,-0.3
Jack Bech,rec,1.5,receptions,lvr,mia,h,-105,bet365,-125,bet365,,,1.4,-0.1
Tony Pollard,rec,1.5,receptions,ten,nyj,h,+115,bet365,-114,fanduel,,,1.5,0.0
Tyquan Thornton,rec,1.5,receptions,kan,den,h,+116,draftkings,-115,bet365,,,1.1,-0.4
Isaac TeSlaa,rec,1.5,receptions,det,nor,h,+117,draftkings,-115,bet365,,,1.8,0.3
Jadarian Price,rec,1.5,receptions,sea,nwe,h,+120,caesars,-130,bet365,,,1.1,-0.4
TreVeyon Henderson,rec,1.5,receptions,nwe,sea,a,+140,bet365,-150,hardrock,,,1.9,0.4
Isaiah Williams,rec,1.5,receptions,nyj,ten,a,+122,bet365,-155,bet365,,,1.2,-0.3
Darius Slayton,rec,1.5,receptions,nyg,dal,h,+135,bet365,-120,fanatics,,,1.6,0.1
J.K. Dobbins,rec,1.5,receptions,den,kan,a,+140,bet365,-170,fanatics,,,0.9,-0.6
Erick All,rec,1.5,receptions,cin,tam,h,+140,bet365,-180,bet365,,,1.2,-0.3
Drew Sample,rec,1.5,receptions,cin,tam,h,+145,bet365,-185,bet365,,,0.7,-0.8
Odell Beckham,rec,1.5,receptions,nyg,dal,h,+159,draftkings,-204,draftkings,,,1.0,-0.5
Andrei Iosivas,rec,1.5,receptions,cin,tam,h,+160,bet365,-210,bet365,,,1.4,-0.1
Brashard Smith,rec,1.5,receptions,kan,den,h,+160,bet365,-210,bet365,,,0.9,-0.6
Omar Cooper,rec,1.5,receptions,nyj,ten,a,+145,fanatics,-205,fanatics,,,1.9,0.4
Joshua Palmer,rec,1.5,receptions,buf,hou,a,+130,bet365,-165,bet365,,,1.3,-0.2
Colbie Young,rec,1.5,receptions,cin,tam,h,+180,bet365,-235,bet365,,,0.7,-0.8
Derrick Henry,rec,1.5,receptions,bal,ind,a,+182,draftkings,-160,bet365,,,1.1,-0.4
Darnell Mooney,rec,0.5,receptions,nyg,dal,h,-225,bet365,-230,fanatics,,,1.1,0.6
Jordan Mason,rec,0.5,receptions,min,gnb,h,-210,bet365,-320,fanatics,,,0.9,0.4
Blake Corum,rec,0.5,receptions,,sfo,h,-155,bet365,+122,bet365,,,0.8,0.3
Chris Rodriguez,rec,0.5,receptions,jax,cle,h,-150,bet365,+120,bet365,,,0.6,0.1
Braelon Allen,rec,0.5,receptions,nyj,ten,a,-135,bet365,+105,bet365,,,0.4,-0.1
Ihmir Smith-Marsette,any_td,0.5,touchdowns,ari,lac,a,,,,,+2500,fanatics,0.0,0.0
Britain Covey,any_td,0.5,touchdowns,phi,was,h,,,,,+2500,fanatics,0.0,0.0
Dameon Pierce,any_td,0.5,touchdowns,phi,was,h,,,,,+2500,fanatics,0.0,0.0
Jahmyr Gibbs,any_td,0.5,touchdowns,det,nor,h,,,,,-285,fanatics,0.69,-329.93
Omarion Hampton,any_td,0.5,touchdowns,lac,ari,h,,,,,-179,caesars,0.56,-257.57
Ashton Jeanty,any_td,0.5,touchdowns,lvr,mia,h,,,,,-125,bet365,0.473,-236.42
Kenneth Walker,any_td,0.5,touchdowns,kan,den,h,,,,,-120,fanduel,0.478,-229.21
Jeremy McNichols,any_td,0.5,touchdowns,was,phi,a,,,,,+1500,fanatics,0.0,0.0
DJ Rogers,any_td,0.5,touchdowns,dal,nyg,a,,,,,+310,bet365,0.0,0.0
Pierre Strong,any_td,0.5,touchdowns,gnb,min,a,,,,,+750,fanatics,0.0,0.0
Javonte Williams,any_td,0.5,touchdowns,dal,nyg,a,,,,,+125,hardrock,0.503,26.19
Saquon Barkley,any_td,0.5,touchdowns,phi,was,h,,,,,-130,bet365,0.513,-224.93
Josh Jacobs,any_td,0.5,touchdowns,gnb,min,a,,,,,-120,draftkings,0.0,0.0
Trey Benson,any_td,0.5,touchdowns,ari,lac,a,,,,,+1550,bet365,0.0,0.0
Mike Washington,any_td,0.5,touchdowns,lvr,mia,h,,,,,+105,fanatics,0.309,-118.62
MarShawn Lloyd,any_td,0.5,touchdowns,gnb,min,a,,,,,even,bet365,0.381,-62.47
Breece Hall,any_td,0.5,touchdowns,nyj,ten,a,,,,,+120,bet365,0.387,-38.4
Cam Skattebo,any_td,0.5,touchdowns,nyg,dal,h,,,,,+102,caesars,0.457,-16.82
Amon-Ra St. Brown,any_td,0.5,touchdowns,det,nor,h,,,,,even,bet365,0.473,-11.42
Travis Etienne,any_td,0.5,touchdowns,nor,det,a,,,,,+115,bet365,0.44,-12.27
De'Von Achane,any_td,0.5,touchdowns,mia,lvr,a,,,,,+115,draftkings,0.44,-12.27
CeeDee Lamb,any_td,0.5,touchdowns,dal,nyg,a,,,,,+150,fanatics,0.362,-26.24
Tony Pollard,any_td,0.5,touchdowns,ten,nyj,h,,,,,+135,bet365,0.411,-8.31
Jalen Hurts,any_td,0.5,touchdowns,phi,was,h,,,,,+145,fanatics,0.405,-1.91
Ladd McConkey,any_td,0.5,touchdowns,lac,ari,h,,,,,+170,fanatics,0.387,11.6
Quentin Johnston,any_td,0.5,touchdowns,lac,ari,h,,,,,+195,bet365,0.349,8.47
Jacory Croskey-Merritt,any_td,0.5,touchdowns,was,phi,a,,,,,+175,fanatics,0.302,-56.13
Rashee Rice,any_td,0.5,touchdowns,kan,den,h,,,,,+170,fanatics,0.356,-10.9
Jordan Mason,any_td,0.5,touchdowns,min,gnb,h,,,,,+170,fanatics,0.4,20.0
Malik Nabers,any_td,0.5,touchdowns,nyg,dal,h,,,,,+165,fanatics,0.316,-51.46
Brock Bowers,any_td,0.5,touchdowns,lvr,mia,h,,,,,+160,caesars,0.387,1.6
Justin Jefferson,any_td,0.5,touchdowns,min,gnb,h,,,,,+180,bet365,0.381,17.53
Chris Olave,any_td,0.5,touchdowns,nor,det,a,,,,,+165,bet365,0.316,-51.46
Jameson Williams,any_td,0.5,touchdowns,det,nor,h,,,,,+190,fanatics,0.369,19.0
Aaron Jones,any_td,0.5,touchdowns,min,gnb,h,,,,,+170,fanatics,0.302,-61.13
George Pickens,any_td,0.5,touchdowns,dal,nyg,a,,,,,+170,draftkings,0.423,33.59
J.K. Dobbins,any_td,0.5,touchdowns,den,kan,a,,,,,+185,fanduel,0.323,-24.6
Jeremiyah Love,any_td,0.5,touchdowns,ari,lac,a,,,,,+195,fanduel,0.343,3.45
Jaxson Dart,any_td,0.5,touchdowns,nyg,dal,h,,,,,+200,bet365,0.281,-55.87
DeVonta Smith,any_td,0.5,touchdowns,phi,was,h,,,,,+200,fanatics,0.33,-3.03
Christian Watson,any_td,0.5,touchdowns,gnb,min,a,,,,,+240,bet365,0.33,36.97
Tucker Kraft,any_td,0.5,touchdowns,gnb,min,a,,,,,+240,fanatics,0.302,8.87
Travis Kelce,any_td,0.5,touchdowns,kan,den,h,,,,,+200,fanduel,0.252,-96.83
Sam LaPorta,any_td,0.5,touchdowns,det,nor,h,,,,,+195,draftkings,0.316,-21.46
Trey McBride,any_td,0.5,touchdowns,ari,lac,a,,,,,+235,bet365,0.302,3.87
Garrett Wilson,any_td,0.5,touchdowns,nyj,ten,a,,,,,+240,fanduel,0.288,-7.22
Isiah Pacheco,any_td,0.5,touchdowns,det,nor,h,,,,,+210,draftkings,0.0,0.0
Jaylen Waddle,any_td,0.5,touchdowns,den,kan,a,,,,,+230,fanatics,0.267,-44.53
Tyler Allgeier,any_td,0.5,touchdowns,ari,lac,a,,,,,+245,bet365,0.229,-91.68
Tip Reiman,any_td,0.5,touchdowns,ari,lac,a,,,,,+1550,bet365,0.0,0.0
Dallas Goedert,any_td,0.5,touchdowns,phi,was,h,,,,,+265,fanatics,0.309,41.38
Mason Tipton,any_td,0.5,touchdowns,nor,det,a,,,,,+1900,fanatics,0.0,0.0
Rachaad White,any_td,0.5,touchdowns,was,phi,a,,,,,+325,fanatics,0.295,86.02
Tyjae Spears,any_td,0.5,touchdowns,ten,nyj,h,,,,,+250,fanatics,0.281,-5.87
Courtland Sutton,any_td,0.5,touchdowns,den,kan,a,,,,,+265,fanatics,0.229,-71.68
Jordan Addison,any_td,0.5,touchdowns,min,gnb,h,,,,,+265,fanatics,0.259,-21.1
Jayden Daniels,any_td,0.5,touchdowns,was,phi,a,,,,,+280,fanatics,0.302,48.87
Marvin Harrison,any_td,0.5,touchdowns,ari,lac,a,,,,,+390,bet365,0.237,68.06
Jake Ferguson,any_td,0.5,touchdowns,dal,nyg,a,,,,,+255,draftkings,0.316,38.54
Kyler Murray,any_td,0.5,touchdowns,min,gnb,h,,,,,+300,fanatics,0.229,-36.68
Kimani Vidal,any_td,0.5,touchdowns,lac,ari,h,,,,,+310,bet365,0.113,-474.96
RJ Harvey,any_td,0.5,touchdowns,den,kan,a,,,,,+265,draftkings,0.267,-9.53
Keaton Mitchell,any_td,0.5,touchdowns,lac,ari,h,,,,,+280,fanatics,0.189,-149.1
Juwan Johnson,any_td,0.5,touchdowns,nor,det,a,,,,,+370,fanatics,0.237,48.06
Terry McLaurin,any_td,0.5,touchdowns,was,phi,a,,,,,+265,draftkings,0.295,26.02
Alvin Kamara,any_td,0.5,touchdowns,nor,det,a,,,,,+280,fanatics,0.181,-172.49
Tre' Harris,any_td,0.5,touchdowns,lac,ari,h,,,,,+325,bet365,0.213,-44.48
Tre Tucker,any_td,0.5,touchdowns,lvr,mia,h,,,,,+300,fanatics,0.221,-52.49
Jayden Reed,any_td,0.5,touchdowns,gnb,min,a,,,,,+300,hardrock,0.267,25.47
Isaiah Likely,any_td,0.5,touchdowns,nyg,dal,h,,,,,+300,fanduel,0.244,-9.84
Jacob Saylors,any_td,0.5,touchdowns,det,nor,h,,,,,+300,fanatics,0.095,-652.63
Braelon Allen,any_td,0.5,touchdowns,nyj,ten,a,,,,,+400,fanatics,0.189,-29.1
Kaleb Johnson,any_td,0.5,touchdowns,gnb,min,a,,,,,+375,bet365,0.113,-409.96
Carnell Tate,any_td,0.5,touchdowns,ten,nyj,h,,,,,+295,draftkings,0.267,20.47
Michael Wilson,any_td,0.5,touchdowns,ari,lac,a,,,,,+375,bet365,0.197,-32.61
Dontayvion Wicks,any_td,0.5,touchdowns,phi,was,h,,,,,+400,fanatics,0.181,-52.49
Matthew Golden,any_td,0.5,touchdowns,gnb,min,a,,,,,+320,draftkings,0.181,-132.49
Najee Harris,any_td,0.5,touchdowns,nyg,dal,h,,,,,+600,fanatics,0.113,-184.96
Jauan Jennings,any_td,0.5,touchdowns,min,gnb,h,,,,,+350,bet365,0.156,-191.03
Malik Willis,any_td,0.5,touchdowns,mia,lvr,a,,,,,+330,draftkings,0.237,8.06
Wan'Dale Robinson,any_td,0.5,touchdowns,ten,nyj,h,,,,,+400,fanatics,0.197,-7.61
Chris Brooks,any_td,0.5,touchdowns,gnb,min,a,,,,,+450,fanatics,0.205,62.2
Xavier Worthy,any_td,0.5,touchdowns,kan,den,h,,,,,+340,draftkings,0.229,3.32
Sione Vaki,any_td,0.5,touchdowns,det,nor,h,,,,,+475,fanatics,0.068,-895.59
Stefon Diggs,any_td,0.5,touchdowns,was,phi,a,,,,,+390,fanduel,0.213,20.52
T.J. Hockenson,any_td,0.5,touchdowns,min,gnb,h,,,,,+400,hardrock,0.221,47.51
Tank Bigsby,any_td,0.5,touchdowns,phi,was,h,,,,,+550,fanatics,0.156,8.97
Tyrone Tracy,any_td,0.5,touchdowns,nyg,dal,h,,,,,+380,draftkings,0.058,-1244.14
Devaughn Vele,any_td,0.5,touchdowns,nor,det,a,,,,,+400,fanatics,0.213,30.52
Tyler Shough,any_td,0.5,touchdowns,nor,det,a,,,,,+390,draftkings,0.197,-17.61
Isaac TeSlaa,any_td,0.5,touchdowns,det,nor,h,,,,,+390,draftkings,0.181,-62.49
Jalen Nailor,any_td,0.5,touchdowns,lvr,mia,h,,,,,+425,bet365,0.156,-116.03
David Njoku,any_td,0.5,touchdowns,lac,ari,h,,,,,+475,fanatics,0.189,45.9
Ryan Flournoy,any_td,0.5,touchdowns,dal,nyg,a,,,,,+700,fanatics,0.139,80.58
Makai Lemon,any_td,0.5,touchdowns,phi,was,h,,,,,+410,fanduel,0.181,-42.49
Justin Herbert,any_td,0.5,touchdowns,lac,ari,h,,,,,+450,fanatics,0.197,42.39
Malik Washington,any_td,0.5,touchdowns,mia,lvr,a,,,,,+425,draftkings,0.173,-53.03
Adonai Mitchell,any_td,0.5,touchdowns,nyj,ten,a,,,,,+550,fanatics,0.165,43.94
Charlie Kolar,any_td,0.5,touchdowns,lac,ari,h,,,,,+550,fanatics,0.139,-69.42
Pat Bryant,any_td,0.5,touchdowns,den,kan,a,,,,,+475,bet365,0.095,-477.63
Calvin Ridley,any_td,0.5,touchdowns,ten,nyj,h,,,,,+575,fanatics,0.148,-0.68
Greg Dulcich,any_td,0.5,touchdowns,mia,lvr,a,,,,,+475,bet365,0.139,-144.42
Oronde Gadsden,any_td,0.5,touchdowns,lac,ari,h,,,,,+575,fanatics,0.165,68.94
Chig Okonkwo,any_td,0.5,touchdowns,was,phi,a,,,,,+450,draftkings,0.131,-213.36
Jaylen Wright,any_td,0.5,touchdowns,mia,lvr,a,,,,,+700,fanatics,0.104,-161.54
Caleb Douglas,any_td,0.5,touchdowns,mia,lvr,a,,,,,+500,bet365,0.139,-119.42
Malachi Fields,any_td,0.5,touchdowns,nyg,dal,h,,,,,+480,fanduel,0.139,-139.42
Gunnar Helm,any_td,0.5,touchdowns,ten,nyj,h,,,,,+475,draftkings,0.165,-31.06
Audric Estime,any_td,0.5,touchdowns,nor,det,a,,,,,+600,fanatics,0.01,-9300.0
Kendre Miller,any_td,0.5,touchdowns,nor,det,a,,,,,+575,bet365,0.049,-1365.82
Michael Mayer,any_td,0.5,touchdowns,lvr,mia,h,,,,,+550,fanatics,0.122,-169.67
Bo Nix,any_td,0.5,touchdowns,den,kan,a,,,,,+600,fanduel,0.181,147.51
Isaiah Davis,any_td,0.5,touchdowns,nyj,ten,a,,,,,+700,fanatics,0.058,-924.14
Theo Johnson,any_td,0.5,touchdowns,nyg,dal,h,,,,,+800,fanatics,0.122,80.33
Ollie Gordon,any_td,0.5,touchdowns,mia,lvr,a,,,,,+800,fanatics,0.113,15.04
Evan Engram,any_td,0.5,touchdowns,den,kan,a,,,,,+550,draftkings,0.122,-169.67
Kendrick Bourne,any_td,0.5,touchdowns,ari,lac,a,,,,,+850,bet365,0.086,-212.79
Kenyon Sadiq,any_td,0.5,touchdowns,nyj,ten,a,,,,,+700,fanduel,0.139,80.58
Mason Taylor,any_td,0.5,touchdowns,nyj,ten,a,,,,,+600,draftkings,0.113,-184.96
Patrick Mahomes,any_td,0.5,touchdowns,kan,den,h,,,,,+650,fanduel,0.181,197.51
KaVontae Turpin,any_td,0.5,touchdowns,dal,nyg,a,,,,,+700,bet365,0.086,-362.79
Calvin Austin,any_td,0.5,touchdowns,nyg,dal,h,,,,,+650,draftkings,0.0,0.0
Malik Benson,any_td,0.5,touchdowns,lvr,mia,h,,,,,+700,bet365,0.058,-924.14
Tyquan Thornton,any_td,0.5,touchdowns,kan,den,h,,,,,+650,draftkings,0.122,-69.67
Dak Prescott,any_td,0.5,touchdowns,dal,nyg,a,,,,,+750,fanatics,0.131,86.64
Darnell Mooney,any_td,0.5,touchdowns,nyg,dal,h,,,,,+900,fanatics,0.086,-162.79
Jalen Tolbert,any_td,0.5,touchdowns,mia,lvr,a,,,,,+900,fanatics,0.086,-162.79
Bryce Lance,any_td,0.5,touchdowns,nor,det,a,,,,,+700,draftkings,0.086,-362.79
Jack Bech,any_td,0.5,touchdowns,lvr,mia,h,,,,,+750,fanduel,0.086,-312.79
Darius Slayton,any_td,0.5,touchdowns,nyg,dal,h,,,,,+850,fanduel,0.122,130.33
Luke Schoonmaker,any_td,0.5,touchdowns,dal,nyg,a,,,,,+1900,fanatics,0.058,275.86
Brevyn Spann-Ford,any_td,0.5,touchdowns,dal,nyg,a,,,,,+1500,fanatics,0.039,-964.1
Treylon Burks,any_td,0.5,touchdowns,was,phi,a,,,,,+1000,fanatics,0.039,-1464.1
Josh Oliver,any_td,0.5,touchdowns,min,gnb,h,,,,,+1050,fanatics,0.122,330.33
Hollywood Brown,any_td,0.5,touchdowns,phi,was,h,,,,,+750,draftkings,0.086,-312.79
Jordan Hudson,any_td,0.5,touchdowns,dal,nyg,a,,,,,+135,bet365,0.0,0.0
Noah Fant,any_td,0.5,touchdowns,nor,det,a,,,,,+800,fanatics,0.095,-152.63
Elic Ayomanor,any_td,0.5,touchdowns,ten,nyj,h,,,,,+800,bet365,0.058,-824.14
Adam Trautman,any_td,0.5,touchdowns,den,kan,a,,,,,+1200,fanatics,0.049,-740.82
Brenen Thompson,any_td,0.5,touchdowns,lac,ari,h,,,,,+750,draftkings,0.131,86.64
Emari Demercado,any_td,0.5,touchdowns,dal,nyg,a,,,,,+800,draftkings,0.03,-2433.33
Malik Davis,any_td,0.5,touchdowns,dal,nyg,a,,,,,+800,draftkings,0.122,80.33
Grant Calcaterra,any_td,0.5,touchdowns,phi,was,h,,,,,+800,bet365,0.0,0.0
Cam Ward,any_td,0.5,touchdowns,ten,nyj,h,,,,,+800,draftkings,0.104,-61.54
Barion Brown,any_td,0.5,touchdowns,nor,det,a,,,,,+900,bet365,0.049,-1040.82
Chris Bell,any_td,0.5,touchdowns,mia,lvr,a,,,,,+800,draftkings,0.139,180.58
Jordan Love,any_td,0.5,touchdowns,gnb,min,a,,,,,+800,draftkings,0.104,-61.54
Dylan Laube,any_td,0.5,touchdowns,lvr,mia,h,,,,,+850,draftkings,0.049,-1090.82
Odell Beckham,any_td,0.5,touchdowns,nyg,dal,h,,,,,+900,fanduel,0.086,-162.79
Josh Whyle,any_td,0.5,touchdowns,gnb,min,a,,,,,+850,bet365,0.01,-9050.0
Kaytron Allen,any_td,0.5,touchdowns,was,phi,a,,,,,+900,draftkings,0.049,-1040.82
Antonio Williams,any_td,0.5,touchdowns,was,phi,a,,,,,+900,hardrock,0.086,-162.79
Julius Chestnut,any_td,0.5,touchdowns,ten,nyj,h,,,,,+1900,fanatics,0.0,0.0
Jonnu Smith,any_td,0.5,touchdowns,gnb,min,a,,,,,+1300,fanatics,0.058,-324.14
Devin Singletary,any_td,0.5,touchdowns,nyg,dal,h,,,,,+1200,fanduel,0.104,338.46
Chimere Dike,any_td,0.5,touchdowns,ten,nyj,h,,,,,+1100,fanduel,0.086,37.21
Jacoby Brissett,any_td,0.5,touchdowns,ari,lac,a,,,,,+1100,bet365,0.077,-98.7
Tyler Badie,any_td,0.5,touchdowns,den,kan,a,,,,,+950,fanduel,0.0,0.0
Brashard Smith,any_td,0.5,touchdowns,kan,den,h,,,,,+1000,draftkings,0.095,47.37
Elijah Higgins,any_td,0.5,touchdowns,ari,lac,a,,,,,+1200,fanatics,0.058,-424.14
Isaiah Williams,any_td,0.5,touchdowns,nyj,ten,a,,,,,+1000,draftkings,0.077,-198.7
Brock Wright,any_td,0.5,touchdowns,det,nor,h,,,,,+1000,draftkings,0.068,-370.59
Nicholas Singleton,any_td,0.5,touchdowns,ten,nyj,h,,,,,+1300,fanduel,0.086,237.21
Marvin Mims,any_td,0.5,touchdowns,den,kan,a,,,,,+1100,fanduel,0.058,-524.14
Noah Gray,any_td,0.5,touchdowns,kan,den,h,,,,,+1100,draftkings,0.086,37.21
Bam Knight,any_td,0.5,touchdowns,ari,lac,a,,,,,+1100,bet365,0.039,-1364.1
Tai Felton,any_td,0.5,touchdowns,min,gnb,h,,,,,+1500,fanduel,0.02,-3400.0
Troy Franklin,any_td,0.5,touchdowns,den,kan,a,,,,,+1300,fanduel,0.122,580.33
Daniel Bellinger,any_td,0.5,touchdowns,ten,nyj,h,,,,,+1100,draftkings,0.058,-524.14
Bo Melton,any_td,0.5,touchdowns,gnb,min,a,,,,,+1300,fanatics,0.049,-640.82
Connor Heyward,any_td,0.5,touchdowns,lvr,mia,h,,,,,+2800,fanatics,0.02,-2100.0
Tom Kennedy,any_td,0.5,touchdowns,det,nor,h,,,,,+1200,bet365,0.0,0.0
Omar Cooper,any_td,0.5,touchdowns,nyj,ten,a,,,,,+1200,draftkings,0.131,536.64
Jalen Brooks,any_td,0.5,touchdowns,ari,lac,a,,,,,+1900,fanatics,0.01,-8000.0
Luke Musgrave,any_td,0.5,touchdowns,gnb,min,a,,,,,+1300,fanatics,0.0,0.0
Tay Martin,any_td,0.5,touchdowns,det,nor,h,,,,,+1300,draftkings,0.049,-640.82
Luke McCaffrey,any_td,0.5,touchdowns,was,phi,a,,,,,+1300,draftkings,0.058,-324.14
Johnny Mundt,any_td,0.5,touchdowns,phi,was,h,,,,,+1500,fanatics,0.02,-3400.0
Demond Claiborne,any_td,0.5,touchdowns,min,gnb,h,,,,,+1400,hardrock,0.058,-224.14
Skyy Moore,any_td,0.5,touchdowns,gnb,min,a,,,,,+1700,fanduel,0.01,-8200.0
Braxton Berrios,any_td,0.5,touchdowns,nyg,dal,h,,,,,+1300,fanatics,0.0,0.0
Jaylin Lane,any_td,0.5,touchdowns,was,phi,a,,,,,+1400,draftkings,0.01,-8500.0
KeAndre Lambert-Smith,any_td,0.5,touchdowns,lac,ari,h,,,,,+1400,draftkings,0.01,-8500.0
Jared Goff,any_td,0.5,touchdowns,det,nor,h,,,,,+1900,fanatics,0.03,-1333.33
Darius Cooper,any_td,0.5,touchdowns,phi,was,h,,,,,+1600,fanduel,0.0,0.0
Adam Prentice,any_td,0.5,touchdowns,den,kan,a,,,,,+2500,fanatics,0.0,0.0
Tyler Conklin,any_td,0.5,touchdowns,det,nor,h,,,,,+1500,draftkings,0.0,0.0
Elijah Moore,any_td,0.5,touchdowns,phi,was,h,,,,,+1600,fanduel,0.01,-8300.0
Myles Price,any_td,0.5,touchdowns,min,gnb,h,,,,,+1600,draftkings,0.0,0.0
Lil'Jordan Humphrey,any_td,0.5,touchdowns,den,kan,a,,,,,+3000,fanatics,0.01,-6900.0
Will Shipley,any_td,0.5,touchdowns,phi,was,h,,,,,+1900,fanatics,0.03,-1333.33
John Bates,any_td,0.5,touchdowns,was,phi,a,,,,,+2200,fanatics,0.058,575.86
Geno Smith,any_td,0.5,touchdowns,nyj,ten,a,,,,,+1700,draftkings,0.068,329.41
Jared Wiley,any_td,0.5,touchdowns,kan,den,h,,,,,+2500,fanatics,0.0,0.0
Hunter Luepke,any_td,0.5,touchdowns,dal,nyg,a,,,,,+3500,fanatics,0.068,2129.41
Jonathan Mingo,any_td,0.5,touchdowns,dal,nyg,a,,,,,+1900,fanatics,0.02,-3000.0
Will Kacmarek,any_td,0.5,touchdowns,mia,lvr,a,,,,,+1800,draftkings,0.039,-664.1
Jake Briningstool,any_td,0.5,touchdowns,kan,den,h,,,,,+1800,draftkings,0.01,-8100.0
Jackson Meeks,any_td,0.5,touchdowns,det,nor,h,,,,,+1900,draftkings,0.02,-3000.0
Jalen Royals,any_td,0.5,touchdowns,kan,den,h,,,,,+1900,draftkings,0.039,-564.1
Eli Stowers,any_td,0.5,touchdowns,phi,was,h,,,,,+1900,draftkings,0.049,-40.82
Tim Patrick,any_td,0.5,touchdowns,nyj,ten,a,,,,,+1900,draftkings,0.01,-8000.0
Nikko Remigio,any_td,0.5,touchdowns,kan,den,h,,,,,+2800,fanatics,0.01,-7100.0
Jeremy Ruckert,any_td,0.5,touchdowns,nyj,ten,a,,,,,+2000,draftkings,0.03,-1233.33
Camden Brown,any_td,0.5,touchdowns,dal,nyg,a,,,,,+2000,draftkings,0.0,0.0
Derius Davis,any_td,0.5,touchdowns,lac,ari,h,,,,,+2000,draftkings,0.0,0.0
Kirk Cousins,any_td,0.5,touchdowns,lvr,mia,h,,,,,+2000,draftkings,0.058,375.86
Reggie Virgil,any_td,0.5,touchdowns,ari,lac,a,,,,,+2500,fanatics,0.0,0.0
Oscar Delp,any_td,0.5,touchdowns,nor,det,a,,,,,+2200,draftkings,0.049,259.18
J. Michael Sturdivant,any_td,0.5,touchdowns,gnb,min,a,,,,,+2200,draftkings,0.01,-7700.0
Dyami Brown,any_td,0.5,touchdowns,was,phi,a,,,,,+2200,draftkings,0.01,-7700.0
Seydou Traore,any_td,0.5,touchdowns,mia,lvr,a,,,,,+2200,draftkings,0.01,-7700.0
Max Bredeson,any_td,0.5,touchdowns,min,gnb,h,,,,,+2500,fanduel,0.01,-7400.0
Nate Adkins,any_td,0.5,touchdowns,den,kan,a,,,,,+2800,fanatics,0.039,335.9
Jelani Woods,any_td,0.5,touchdowns,nyj,ten,a,,,,,+4500,fanatics,0.0,0.0
Andrew Beck,any_td,0.5,touchdowns,nyj,ten,a,,,,,+2700,fanduel,0.01,-7200.0
Gavin Bartholomew,any_td,0.5,touchdowns,min,gnb,h,,,,,+2500,draftkings,0.0,0.0
Thomas Fidone,any_td,0.5,touchdowns,nyg,dal,h,,,,,+2500,draftkings,0.01,-7400.0
Simi Fehoko,any_td,0.5,touchdowns,ari,lac,a,,,,,+2500,draftkings,0.01,-7400.0
Kevin Coleman,any_td,0.5,touchdowns,mia,lvr,a,,,,,+2500,draftkings,0.01,-7400.0
Ben Yurosek,any_td,0.5,touchdowns,min,gnb,h,,,,,+2800,draftkings,0.01,-7100.0
Chris Manhertz,any_td,0.5,touchdowns,nyg,dal,h,,,,,+5000,fanatics,0.01,-4900.0
Ryan Miller,any_td,0.5,touchdowns,mia,lvr,a,,,,,+4500,fanatics,0.01,-5400.0
Mark Redman,any_td,0.5,touchdowns,gnb,min,a,,,,,+2800,draftkings,0.01,-7100.0
Alec Ingold,any_td,0.5,touchdowns,lac,ari,h,,,,,+3500,fanatics,0.02,-1400.0
Hunter Long,any_td,0.5,touchdowns,ari,lac,a,,,,,+2800,fanatics,0.049,859.18
Devin Duvernay,any_td,0.5,touchdowns,ari,lac,a,,,,,+3000,fanduel,0.0,0.0
Ben Sinnott,any_td,0.5,touchdowns,was,phi,a,,,,,+3000,draftkings,0.049,1059.18
Ian Thomas,any_td,0.5,touchdowns,lvr,mia,h,,,,,+3000,draftkings,0.01,-6900.0
E.J. Jenkins,any_td,0.5,touchdowns,phi,was,h,,,,,+3500,fanatics,0.01,-6400.0
David Martin-Robinson,any_td,0.5,touchdowns,ten,nyj,h,,,,,+4000,fanatics,0.01,-5900.0
Kylen Granson,any_td,0.5,touchdowns,ten,nyj,h,,,,,+4000,fanatics,0.01,-5900.0
Colson Yankoff,any_td,0.5,touchdowns,was,phi,a,,,,,+7000,fanatics,0.01,-2900.0
Dareke Young,any_td,0.5,touchdowns,lvr,mia,h,,,,,+4000,draftkings,0.01,-5900.0
Michael Carter,any_td,0.5,touchdowns,ten,nyj,h,,,,,+1500,fanatics,0.0,0.0
Derrick Henry,any_td,0.5,touchdowns,bal,ind,a,,,,,+150,hardrock,0.609,85.8
Cameron Dorner,any_td,0.5,touchdowns,nwe,sea,a,,,,,+270,bet365,0.0,0.0
Zach Charbonnet,any_td,0.5,touchdowns,sea,nwe,h,,,,,+110,fanatics,0.0,0.0
Dean Connors,any_td,0.5,touchdowns,,sfo,h,,,,,+120,bet365,0.0,0.0
Jonathan Taylor,any_td,0.5,touchdowns,ind,bal,h,,,,,-165,fanatics,0.585,-235.94
Will Pauling,any_td,0.5,touchdowns,sfo,,a,,,,,+225,bet365,0.0,0.0
D'Andre Swift,any_td,0.5,touchdowns,chi,car,a,,,,,+130,hardrock,0.467,15.87
Christian McCaffrey,any_td,0.5,touchdowns,sfo,,a,,,,,-135,bet365,0.542,-219.5
Dan Villari,any_td,0.5,touchdowns,,sfo,h,,,,,+175,bet365,0.0,0.0
Bijan Robinson,any_td,0.5,touchdowns,atl,pit,a,,,,,-140,bet365,0.564,-217.3
Velus Jones,any_td,0.5,touchdowns,sea,nwe,h,,,,,+1700,fanatics,0.0,0.0
Kyren Williams,any_td,0.5,touchdowns,,sfo,h,,,,,+110,hardrock,0.493,7.16
Chase Brown,any_td,0.5,touchdowns,cin,tam,h,,,,,+105,hardrock,0.542,20.5
David Montgomery,any_td,0.5,touchdowns,hou,buf,h,,,,,-115,bet365,0.462,-231.45
Ja'Marr Chase,any_td,0.5,touchdowns,cin,tam,h,,,,,-120,fanatics,0.493,-222.84
James Cook,any_td,0.5,touchdowns,buf,hou,a,,,,,even,fanatics,0.488,-4.92
Rhamondre Stevenson,any_td,0.5,touchdowns,nwe,sea,a,,,,,+145,bet365,0.336,-52.62
Behren Morton,any_td,0.5,touchdowns,nwe,sea,a,,,,,+1200,bet365,0.0,0.0
Chuba Hubbard,any_td,0.5,touchdowns,car,chi,h,,,,,+130,bet365,0.375,-36.67
Davante Adams,any_td,0.5,touchdowns,,sfo,h,,,,,+160,fanatics,0.4,10.0
Tee Higgins,any_td,0.5,touchdowns,cin,tam,h,,,,,+130,fanatics,0.387,-28.4
Josh Allen,any_td,0.5,touchdowns,buf,hou,a,,,,,+145,fanatics,0.4,-5.0
Bucky Irving,any_td,0.5,touchdowns,tam,cin,a,,,,,+140,fanatics,0.429,6.9
Jadarian Price,any_td,0.5,touchdowns,sea,nwe,h,,,,,+130,bet365,0.405,-16.91
Jaxon Smith-Njigba,any_td,0.5,touchdowns,sea,nwe,h,,,,,+130,draftkings,0.423,-6.41
Jaylen Warren,any_td,0.5,touchdowns,pit,atl,h,,,,,+150,fanatics,0.375,-16.67
Rico Dowdle,any_td,0.5,touchdowns,pit,atl,h,,,,,+140,fanatics,0.478,30.79
Puka Nacua,any_td,0.5,touchdowns,,sfo,h,,,,,+140,draftkings,0.423,3.59
Bhayshul Tuten,any_td,0.5,touchdowns,jax,cle,h,,,,,+140,draftkings,0.446,15.78
Jonathon Brooks,any_td,0.5,touchdowns,car,chi,h,,,,,+170,bet365,0.362,-6.24
Quinshon Judkins,any_td,0.5,touchdowns,cle,jax,a,,,,,+175,bet365,0.4,25.0
Blake Corum,any_td,0.5,touchdowns,,sfo,h,,,,,+160,fanatics,0.295,-78.98
George Holani,any_td,0.5,touchdowns,sea,nwe,h,,,,,+200,bet365,0.237,-121.94
A.J. Brown,any_td,0.5,touchdowns,nwe,sea,a,,,,,+165,bet365,0.323,-44.6
Nico Collins,any_td,0.5,touchdowns,hou,buf,h,,,,,+180,fanatics,0.356,-0.9
Zay Flowers,any_td,0.5,touchdowns,bal,ind,a,,,,,+180,fanduel,0.316,-36.46
Colston Loveland,any_td,0.5,touchdowns,chi,car,a,,,,,+185,fanduel,0.33,-18.03
Luther Burden,any_td,0.5,touchdowns,chi,car,a,,,,,+180,bet365,0.316,-36.46
Tetairoa McMillan,any_td,0.5,touchdowns,car,chi,h,,,,,+185,bet365,0.349,-1.53
Emeka Egbuka,any_td,0.5,touchdowns,tam,cin,a,,,,,+190,bet365,0.343,-1.55
Chris Rodriguez,any_td,0.5,touchdowns,jax,cle,h,,,,,+210,fanatics,0.267,-64.53
Mike Evans,any_td,0.5,touchdowns,sfo,,a,,,,,+265,fanatics,0.281,9.13
Rome Odunze,any_td,0.5,touchdowns,chi,car,a,,,,,+225,fanatics,0.33,21.97
Parker Washington,any_td,0.5,touchdowns,jax,cle,h,,,,,+240,fanatics,0.295,1.02
Kyle Monangai,any_td,0.5,touchdowns,chi,car,a,,,,,+196,caesars,0.274,-68.96
Mark Andrews,any_td,0.5,touchdowns,bal,ind,a,,,,,+250,fanatics,0.309,26.38
DK Metcalf,any_td,0.5,touchdowns,pit,atl,h,,,,,+230,fanatics,0.288,-17.22
Tyler Warren,any_td,0.5,touchdowns,ind,bal,h,,,,,+230,fanduel,0.33,26.97
Jalen McMillan,any_td,0.5,touchdowns,tam,cin,a,,,,,+360,fanatics,0.244,50.16
Woody Marks,any_td,0.5,touchdowns,hou,buf,h,,,,,+230,fanduel,0.244,-79.84
Michael Pittman,any_td,0.5,touchdowns,pit,atl,h,,,,,+325,fanatics,0.267,50.47
Cooper Kupp,any_td,0.5,touchdowns,sea,nwe,h,,,,,+280,fanatics,0.205,-107.8
Chris Godwin,any_td,0.5,touchdowns,tam,cin,a,,,,,+230,draftkings,0.295,-8.98
Jakobi Meyers,any_td,0.5,touchdowns,jax,cle,h,,,,,+265,fanatics,0.252,-31.83
Lamar Jackson,any_td,0.5,touchdowns,bal,ind,a,,,,,+250,fanduel,0.237,-71.94
Drake London,any_td,0.5,touchdowns,atl,pit,a,,,,,+240,bet365,0.302,8.87
Kenneth Gainwell,any_td,0.5,touchdowns,tam,cin,a,,,,,+250,fanduel,0.274,-14.96
Trevor Lawrence,any_td,0.5,touchdowns,jax,cle,h,,,,,+240,draftkings,0.229,-96.68
George Kittle,any_td,0.5,touchdowns,sfo,,a,,,,,+255,fanatics,0.309,31.38
AJ Barner,any_td,0.5,touchdowns,sea,nwe,h,,,,,+280,bet365,0.252,-16.83
Brenton Strange,any_td,0.5,touchdowns,jax,cle,h,,,,,+310,fanatics,0.229,-26.68
Ricky Pearsall,any_td,0.5,touchdowns,sfo,,a,,,,,+265,draftkings,0.0,0.0
Josh Downs,any_td,0.5,touchdowns,ind,bal,h,,,,,+300,fanduel,0.229,-36.68
Alec Pierce,any_td,0.5,touchdowns,ind,bal,h,,,,,+290,fanduel,0.221,-62.49
Brian Thomas,any_td,0.5,touchdowns,jax,cle,h,,,,,+275,draftkings,0.244,-34.84
D.J. Moore,any_td,0.5,touchdowns,buf,hou,a,,,,,+280,draftkings,0.213,-89.48
Jalen Coker,any_td,0.5,touchdowns,car,chi,h,,,,,+380,fanatics,0.237,58.06
Andrei Iosivas,any_td,0.5,touchdowns,cin,tam,h,,,,,+325,fanatics,0.148,-250.68
Hunter Henry,any_td,0.5,touchdowns,nwe,sea,a,,,,,+320,bet365,0.221,-32.49
Mike Gesicki,any_td,0.5,touchdowns,cin,tam,h,,,,,+300,hardrock,0.181,-152.49
Keenan Allen,any_td,0.5,touchdowns,ind,bal,h,,,,,+380,fanatics,0.197,-27.61
Romeo Doubs,any_td,0.5,touchdowns,nwe,sea,a,,,,,+310,draftkings,0.213,-59.48
Dalton Kincaid,any_td,0.5,touchdowns,buf,hou,a,,,,,+320,fanduel,0.221,-32.49
Dalton Schultz,any_td,0.5,touchdowns,hou,buf,h,,,,,+380,fanatics,0.197,-27.61
Deebo Samuel,any_td,0.5,touchdowns,sfo,,a,,,,,+360,fanduel,0.229,23.32
Cade Otton,any_td,0.5,touchdowns,tam,cin,a,,,,,+320,draftkings,0.213,-49.48
Samaje Perine,any_td,0.5,touchdowns,cin,tam,h,,,,,+340,fanduel,0.221,-12.49
De'Zhaun Stribling,any_td,0.5,touchdowns,sfo,,a,,,,,+340,fanduel,0.197,-67.61
Khalil Shakir,any_td,0.5,touchdowns,buf,hou,a,,,,,+370,fanatics,0.197,-37.61
Tez Johnson,any_td,0.5,touchdowns,tam,cin,a,,,,,+340,caesars,0.039,-2124.1
Rashod Bateman,any_td,0.5,touchdowns,bal,ind,a,,,,,+375,bet365,0.181,-77.49
Harold Fannin,any_td,0.5,touchdowns,cle,jax,a,,,,,+340,draftkings,0.213,-29.48
TreVeyon Henderson,any_td,0.5,touchdowns,nwe,sea,a,,,,,+340,draftkings,0.281,84.13
Rashid Shaheed,any_td,0.5,touchdowns,sea,nwe,h,,,,,+370,fanatics,0.229,33.32
Kyle Pitts,any_td,0.5,touchdowns,atl,pit,a,,,,,+350,draftkings,0.237,28.06
Kayshon Boutte,any_td,0.5,touchdowns,hou,buf,h,,,,,+450,fanatics,0.213,80.52
Brian Robinson,any_td,0.5,touchdowns,atl,pit,a,,,,,+500,bet365,0.221,147.51
Colbie Young,any_td,0.5,touchdowns,cin,tam,h,,,,,+475,bet365,0.058,-1149.14
Terrance Ferguson,any_td,0.5,touchdowns,,sfo,h,,,,,+400,caesars,0.165,-106.06
Pat Freiermuth,any_td,0.5,touchdowns,pit,atl,h,,,,,+420,fanatics,0.221,67.51
Ted Hurst,any_td,0.5,touchdowns,tam,cin,a,,,,,+400,fanatics,0.095,-552.63
Darren Waller,any_td,0.5,touchdowns,car,chi,h,,,,,+800,fanatics,0.156,258.97
Caleb Williams,any_td,0.5,touchdowns,chi,car,a,,,,,+400,draftkings,0.181,-52.49
Daniel Jones,any_td,0.5,touchdowns,ind,bal,h,,,,,+550,fanatics,0.131,-113.36
Drake Maye,any_td,0.5,touchdowns,nwe,sea,a,,,,,+450,hardrock,0.173,-28.03
Cole Kmet,any_td,0.5,touchdowns,chi,car,a,,,,,+525,fanatics,0.139,-94.42
Colby Parkinson,any_td,0.5,touchdowns,,sfo,h,,,,,+525,fanatics,0.197,117.39
KC Concepcion,any_td,0.5,touchdowns,cle,jax,a,,,,,+550,bet365,0.173,71.97
Jerry Jeudy,any_td,0.5,touchdowns,cle,jax,a,,,,,+600,fanatics,0.139,-19.42
Xavier Hutchinson,any_td,0.5,touchdowns,hou,buf,h,,,,,+525,fanatics,0.104,-336.54
Ja'Tavion Sanders,any_td,0.5,touchdowns,car,chi,h,,,,,+800,fanatics,0.095,-152.63
Erick All,any_td,0.5,touchdowns,cin,tam,h,,,,,+550,fanduel,0.095,-402.63
A.J. Dillon,any_td,0.5,touchdowns,car,chi,h,,,,,+475,fanatics,0.058,-1149.14
Tommy Tremble,any_td,0.5,touchdowns,car,chi,h,,,,,+700,bet365,0.03,-2533.33
Xavier Legette,any_td,0.5,touchdowns,car,chi,h,,,,,+650,fanatics,0.122,-69.67
Jaylin Noel,any_td,0.5,touchdowns,hou,buf,h,,,,,+550,fanduel,0.139,-69.42
Tank Dell,any_td,0.5,touchdowns,hou,buf,h,,,,,+500,draftkings,0.0,0.0
Denzel Boston,any_td,0.5,touchdowns,cle,jax,a,,,,,+575,bet365,0.131,-88.36
Ja'Kobi Lane,any_td,0.5,touchdowns,bal,ind,a,,,,,+550,draftkings,0.139,-69.42
Justice Hill,any_td,0.5,touchdowns,bal,ind,a,,,,,+575,fanatics,0.148,-0.68
Dawson Knox,any_td,0.5,touchdowns,buf,hou,a,,,,,+650,fanduel,0.095,-302.63
Darnell Washington,any_td,0.5,touchdowns,pit,atl,h,,,,,+600,fanatics,0.139,-19.42
Jahan Dotson,any_td,0.5,touchdowns,atl,pit,a,,,,,+750,bet365,0.095,-202.63
Ray Davis,any_td,0.5,touchdowns,buf,hou,a,,,,,+550,draftkings,0.068,-820.59
Ty Johnson,any_td,0.5,touchdowns,buf,hou,a,,,,,+750,fanatics,0.113,-34.96
Sean Tucker,any_td,0.5,touchdowns,tam,cin,a,,,,,+550,draftkings,0.122,-169.67
Baker Mayfield,any_td,0.5,touchdowns,tam,cin,a,,,,,+700,fanatics,0.113,-84.96
Christian Kirk,any_td,0.5,touchdowns,sfo,,a,,,,,+600,draftkings,0.0,0.0
Deshaun Watson,any_td,0.5,touchdowns,cle,jax,a,,,,,+900,fanatics,0.122,180.33
Brock Purdy,any_td,0.5,touchdowns,sfo,,a,,,,,+600,bet365,0.122,-119.67
Roschon Johnson,any_td,0.5,touchdowns,chi,car,a,,,,,+650,fanduel,0.0,0.0
Germie Bernard,any_td,0.5,touchdowns,pit,atl,h,,,,,+650,bet365,0.095,-302.63
Tyler Higbee,any_td,0.5,touchdowns,,sfo,h,,,,,+700,fanatics,0.104,-161.54
Emanuel Wilson,any_td,0.5,touchdowns,sea,nwe,h,,,,,+750,fanatics,0.205,362.2
Roman Wilson,any_td,0.5,touchdowns,pit,atl,h,,,,,+950,bet365,0.077,-248.7
Dylan Sampson,any_td,0.5,touchdowns,cle,jax,a,,,,,+650,draftkings,0.139,30.58
Keon Coleman,any_td,0.5,touchdowns,buf,hou,a,,,,,+750,fanatics,0.104,-111.54
Elijah Arroyo,any_td,0.5,touchdowns,sea,nwe,h,,,,,+1100,bet365,0.095,147.37
Jake Bobo,any_td,0.5,touchdowns,sea,nwe,h,,,,,+700,draftkings,0.0,0.0
Kalif Raymond,any_td,0.5,touchdowns,chi,car,a,,,,,+700,draftkings,0.0,0.0
DeMario Douglas,any_td,0.5,touchdowns,nwe,sea,a,,,,,+700,draftkings,0.104,-161.54
Joe Burrow,any_td,0.5,touchdowns,cin,tam,h,,,,,+900,fanatics,0.095,-52.63
Tory Horton,any_td,0.5,touchdowns,sea,nwe,h,,,,,+750,draftkings,0.0,0.0
Demarcus Robinson,any_td,0.5,touchdowns,sfo,,a,,,,,+850,bet365,0.03,-2383.33
Seth McGowan,any_td,0.5,touchdowns,ind,bal,h,,,,,+800,bet365,0.039,-1664.1
Bryce Young,any_td,0.5,touchdowns,car,chi,h,,,,,+750,draftkings,0.148,174.32
Jimmy Horn,any_td,0.5,touchdowns,car,chi,h,,,,,+1000,bet365,0.077,-198.7
Travis Hunter,any_td,0.5,touchdowns,jax,cle,h,,,,,+850,fanduel,0.131,186.64
Devontez Walker,any_td,0.5,touchdowns,bal,ind,a,,,,,+850,fanduel,0.049,-1090.82
Olamide Zaccheaus,any_td,0.5,touchdowns,atl,pit,a,,,,,+1400,bet365,0.077,201.3
LeQuint Allen,any_td,0.5,touchdowns,jax,cle,h,,,,,+900,fanatics,0.039,-1564.1
Tanner Hudson,any_td,0.5,touchdowns,cin,tam,h,,,,,+850,bet365,0.086,-212.79
Jordan Whittington,any_td,0.5,touchdowns,,sfo,h,,,,,+900,fanatics,0.039,-1564.1
Jack Endries,any_td,0.5,touchdowns,cin,tam,h,,,,,+850,draftkings,0.01,-9050.0
Kaelon Black,any_td,0.5,touchdowns,sfo,,a,,,,,+900,fanduel,0.049,-1040.82
C.J. Stroud,any_td,0.5,touchdowns,hou,buf,h,,,,,+850,draftkings,0.095,-102.63
John Metchie,any_td,0.5,touchdowns,car,chi,h,,,,,+1000,fanatics,0.0,0.0
Mack Hollins,any_td,0.5,touchdowns,nwe,sea,a,,,,,+1050,fanatics,0.068,-320.59
Drew Sample,any_td,0.5,touchdowns,cin,tam,h,,,,,+1100,bet365,0.077,-98.7
Austin Hooper,any_td,0.5,touchdowns,atl,pit,a,,,,,+1100,bet365,0.058,-524.14
Sam Darnold,any_td,0.5,touchdowns,sea,nwe,h,,,,,+1200,fanatics,0.068,-170.59
Jake Tonges,any_td,0.5,touchdowns,sfo,,a,,,,,+900,draftkings,0.122,180.33
Kameron Johnson,any_td,0.5,touchdowns,tam,cin,a,,,,,+900,fanatics,0.01,-9000.0
Corey Kiner,any_td,0.5,touchdowns,nwe,sea,a,,,,,+900,draftkings,0.01,-9000.0
Mo Alie-Cox,any_td,0.5,touchdowns,ind,bal,h,,,,,+1900,fanatics,0.058,275.86
Zavion Thomas,any_td,0.5,touchdowns,chi,car,a,,,,,+950,draftkings,0.113,165.04
Joshua Palmer,any_td,0.5,touchdowns,buf,hou,a,,,,,+950,draftkings,0.077,-248.7
Ameer Abdullah,any_td,0.5,touchdowns,jax,cle,h,,,,,+1000,fanatics,0.0,0.0
Zachariah Branch,any_td,0.5,touchdowns,atl,pit,a,,,,,+1000,draftkings,0.068,-370.59
Payne Durham,any_td,0.5,touchdowns,tam,cin,a,,,,,+1100,hardrock,0.02,-3800.0
Tyler Goodson,any_td,0.5,touchdowns,atl,pit,a,,,,,+1800,bet365,0.0,0.0
Lew Nichols,any_td,0.5,touchdowns,pit,atl,h,,,,,+2500,fanatics,0.0,0.0
Travis Homer,any_td,0.5,touchdowns,pit,atl,h,,,,,+3000,fanatics,0.0,0.0
Konata Mumpfield,any_td,0.5,touchdowns,,sfo,h,,,,,+1100,fanduel,0.058,-524.14
Jawhar Jordan,any_td,0.5,touchdowns,hou,buf,h,,,,,+800,fanatics,0.0,0.0
Jacob Cowing,any_td,0.5,touchdowns,sfo,,a,,,,,+1000,fanatics,0.0,0.0
Kyle Juszczyk,any_td,0.5,touchdowns,sfo,,a,,,,,+1700,fanatics,0.068,329.41
Luke Farrell,any_td,0.5,touchdowns,sfo,,a,,,,,+1050,fanatics,0.02,-3850.0
Nate Boerkircher,any_td,0.5,touchdowns,jax,cle,h,,,,,+1250,bet365,0.039,-1214.1
Trevor Etienne,any_td,0.5,touchdowns,car,chi,h,,,,,+1100,bet365,0.0,0.0
Jackson Hawes,any_td,0.5,touchdowns,buf,hou,a,,,,,+1100,draftkings,0.049,-840.82
Jahdae Walker,any_td,0.5,touchdowns,chi,car,a,,,,,+1100,draftkings,0.077,-98.7
Foster Moreau,any_td,0.5,touchdowns,hou,buf,h,,,,,+1200,fanatics,0.058,-424.14
David Moore,any_td,0.5,touchdowns,car,chi,h,,,,,+1700,fanatics,0.0,0.0
Durham Smythe,any_td,0.5,touchdowns,bal,ind,a,,,,,+1650,bet365,0.03,-1583.33
DJ Giddens,any_td,0.5,touchdowns,ind,bal,h,,,,,+1250,bet365,0.03,-1983.33
Ashton Dulin,any_td,0.5,touchdowns,ind,bal,h,,,,,+1300,fanduel,0.049,-640.82
Scotty Miller,any_td,0.5,touchdowns,chi,car,a,,,,,+1250,bet365,0.0,0.0
K.J. Osborn,any_td,0.5,touchdowns,ten,nyj,h,,,,,+4000,fanatics,0.0,0.0
Rasheen Ali,any_td,0.5,touchdowns,bal,ind,a,,,,,+1700,fanatics,0.095,747.37
Brittain Brown,any_td,0.5,touchdowns,chi,car,a,,,,,+1300,fanatics,0.0,0.0
Jordan James,any_td,0.5,touchdowns,sfo,,a,,,,,+1200,draftkings,0.01,-8700.0
Frank Gore,any_td,0.5,touchdowns,buf,hou,a,,,,,+1300,fanatics,0.0,0.0
Dohnte Meyers,any_td,0.5,touchdowns,cin,tam,h,,,,,+1500,fanatics,0.02,-3400.0
Trent Sherfield,any_td,0.5,touchdowns,buf,hou,a,,,,,+1500,fanatics,0.0,0.0
Mitchell Evans,any_td,0.5,touchdowns,car,chi,h,,,,,+1300,fanduel,0.02,-3600.0
Josh Cameron,any_td,0.5,touchdowns,jax,cle,h,,,,,+1300,draftkings,0.0,0.0
Eli Heidenreich,any_td,0.5,touchdowns,pit,atl,h,,,,,+1500,fanduel,0.0,0.0
Xavier Smith,any_td,0.5,touchdowns,,sfo,h,,,,,+2200,fanatics,0.039,-264.1
Laquon Treadwell,any_td,0.5,touchdowns,ind,bal,h,,,,,+2500,fanatics,0.01,-7400.0
Robert Tonyan,any_td,0.5,touchdowns,pit,atl,h,,,,,+1300,draftkings,0.01,-8600.0
Isaiah Bond,any_td,0.5,touchdowns,cle,jax,a,,,,,+1600,bet365,0.03,-1633.33
Max Klare,any_td,0.5,touchdowns,,sfo,h,,,,,+1400,draftkings,0.02,-3500.0
CJ Daniels,any_td,0.5,touchdowns,,sfo,h,,,,,+3000,fanatics,0.01,-6900.0
Aaron Rodgers,any_td,0.5,touchdowns,pit,atl,h,,,,,+2000,bet365,0.049,59.18
Davis Allen,any_td,0.5,touchdowns,,sfo,h,,,,,+1400,draftkings,0.068,29.41
Elijah Sarratt,any_td,0.5,touchdowns,bal,ind,a,,,,,+1400,draftkings,0.039,-1064.1
Eli Raridon,any_td,0.5,touchdowns,nwe,sea,a,,,,,+1400,draftkings,0.058,-224.14
Ben Skowronek,any_td,0.5,touchdowns,pit,atl,h,,,,,+2500,fanatics,0.01,-7400.0
Kyle Williams,any_td,0.5,touchdowns,nwe,sea,a,,,,,+1500,draftkings,0.077,301.3
Drew Ogletree,any_td,0.5,touchdowns,ind,bal,h,,,,,+1600,draftkings,0.039,-864.1
Deion Burks,any_td,0.5,touchdowns,ind,bal,h,,,,,+1600,bet365,0.02,-3300.0
Skyler Bell,any_td,0.5,touchdowns,buf,hou,a,,,,,+1600,draftkings,0.049,-340.82
Matthew Hibner,any_td,0.5,touchdowns,bal,ind,a,,,,,+1900,fanatics,0.122,1180.33
Josh Cuevas,any_td,0.5,touchdowns,bal,ind,a,,,,,+1600,draftkings,0.0,0.0
Kaden Wetjen,any_td,0.5,touchdowns,pit,atl,h,,,,,+1700,draftkings,0.01,-8200.0
Riley Nowakowski,any_td,0.5,touchdowns,pit,atl,h,,,,,+2000,bet365,0.02,-2900.0
Raheim Sanders,any_td,0.5,touchdowns,cle,jax,a,,,,,+2500,fanduel,0.02,-2400.0
Marlin Klein,any_td,0.5,touchdowns,hou,buf,h,,,,,+2000,fanduel,0.02,-2900.0
Cade Stover,any_td,0.5,touchdowns,hou,buf,h,,,,,+3000,fanatics,0.02,-1900.0
Matthew Stafford,any_td,0.5,touchdowns,,sfo,h,,,,,+2000,fanduel,0.01,-7900.0
Efton Chism,any_td,0.5,touchdowns,nwe,sea,a,,,,,+2500,bet365,0.01,-7400.0
Brycen Tremayne,any_td,0.5,touchdowns,car,chi,h,,,,,+2000,draftkings,0.01,-7900.0
Eric Saubert,any_td,0.5,touchdowns,sea,nwe,h,,,,,+3000,fanatics,0.02,-1900.0
Kene Nwangwu,any_td,0.5,touchdowns,nyj,ten,a,,,,,+3500,fanduel,0.0,0.0
Ko Kieft,any_td,0.5,touchdowns,tam,cin,a,,,,,+2200,fanatics,0.01,-7700.0
Tahj Brooks,any_td,0.5,touchdowns,cin,tam,h,,,,,+2200,draftkings,0.02,-2700.0
Montorie Foster,any_td,0.5,touchdowns,sea,nwe,h,,,,,+2200,draftkings,0.01,-7700.0
LaJohntay Wester,any_td,0.5,touchdowns,bal,ind,a,,,,,+2200,draftkings,0.01,-7700.0
Tanner Koziol,any_td,0.5,touchdowns,jax,cle,h,,,,,+2200,draftkings,0.049,259.18
Charlie Woerner,any_td,0.5,touchdowns,atl,pit,a,,,,,+2500,fanatics,0.01,-7400.0
Carsen Ryan,any_td,0.5,touchdowns,cle,jax,a,,,,,+2700,fanduel,0.01,-7200.0
CJ Williams,any_td,0.5,touchdowns,jax,cle,h,,,,,+2500,draftkings,0.0,0.0
Ke'Shawn Williams,any_td,0.5,touchdowns,cin,tam,h,,,,,+2500,draftkings,0.01,-7400.0
Chris Blair,any_td,0.5,touchdowns,atl,pit,a,,,,,+3500,fanatics,0.01,-6400.0
Quintin Morris,any_td,0.5,touchdowns,jax,cle,h,,,,,+3500,fanatics,0.0,0.0
Cameron Latu,any_td,0.5,touchdowns,nwe,sea,a,,,,,+3000,fanatics,0.0,0.0
Tua Tagovailoa,any_td,0.5,touchdowns,atl,pit,a,,,,,+3500,bet365,0.03,266.67
Tylan Wallace,any_td,0.5,touchdowns,cle,jax,a,,,,,+3000,draftkings,0.01,-6900.0
Blake Whiteheart,any_td,0.5,touchdowns,cle,jax,a,,,,,+3000,draftkings,0.02,-1900.0
British Brooks,any_td,0.5,touchdowns,hou,buf,h,,,,,+3300,fanduel,0.02,-1600.0
David Sills,any_td,0.5,touchdowns,tam,cin,a,,,,,+2200,fanatics,0.0,0.0
Nick Westbrook-Ikhine,any_td,0.5,touchdowns,ind,bal,h,,,,,+1500,fanatics,0.0,0.0
Malachi Corley,any_td,0.5,touchdowns,cle,jax,a,,,,,+3000,draftkings,0.02,-1900.0
Reggie Gilliam,any_td,0.5,touchdowns,nwe,sea,a,,,,,+3000,draftkings,0.0,0.0
Nick Kallerup,any_td,0.5,touchdowns,sea,nwe,h,,,,,+3000,draftkings,0.01,-6900.0
Dylan Drummond,any_td,0.5,touchdowns,atl,pit,a,,,,,+3000,bet365,0.0,0.0
Tanner Arkin,any_td,0.5,touchdowns,nwe,sea,a,,,,,+3000,draftkings,0.01,-6900.0
Michael Burton,any_td,0.5,touchdowns,cle,jax,a,,,,,+3500,draftkings,0.0,0.0
Ronnie Rivers,any_td,0.5,touchdowns,,sfo,h,,,,,+3500,draftkings,0.0,0.0
Sam Roush,any_td,0.5,touchdowns,chi,car,a,,,,,+4000,draftkings,0.0,0.0
Brady Russell,any_td,0.5,touchdowns,sea,nwe,h,,,,,+6000,fanatics,0.0,0.0
Joe Burrow,pass_td,1.5,passing-tds,cin,tam,h,-205,fanatics,-210,fanduel,,,2.2,-0.3
Jared Goff,pass_td,1.5,passing-tds,det,nor,h,-200,caesars,+170,bet365,,,2.1,0.6
Justin Herbert,pass_td,1.5,passing-tds,lac,ari,h,-185,bet365,-215,fanatics,,,2.1,0.6
Matthew Stafford,pass_td,1.5,passing-tds,,sfo,h,-143,caesars,+135,bet365,,,2.0,0.5
Dak Prescott,pass_td,1.5,passing-tds,dal,nyg,a,-137,riverscasino,+120,hardrock,,,1.9,0.4
Baker Mayfield,pass_td,1.5,passing-tds,tam,cin,a,-112,fanduel,-105,fanatics,,,1.7,0.2
Trevor Lawrence,pass_td,1.5,passing-tds,jax,cle,h,-104,fanduel,-119,draftkings,,,1.6,0.1
Caleb Williams,pass_td,1.5,passing-tds,chi,car,a,-104,draftkings,-110,fanatics,,,1.7,0.2
Sam Darnold,pass_td,1.5,passing-tds,sea,nwe,h,+108,fanduel,-120,bet365,,,1.6,0.1
Jordan Love,pass_td,1.5,passing-tds,gnb,min,a,+105,hardrock,-120,fanatics,,,1.5,0.0
Brock Purdy,pass_td,1.5,passing-tds,sfo,,a,+103,draftkings,-115,bet365,,,1.6,0.1
Lamar Jackson,pass_td,1.5,passing-tds,bal,ind,a,+107,draftkings,-130,bet365,,,1.6,0.1
Jalen Hurts,pass_td,1.5,passing-tds,phi,was,h,+120,bet365,-139,draftkings,,,1.5,0.0
Kyler Murray,pass_td,1.5,passing-tds,min,gnb,h,+125,bet365,-140,draftkings,,,1.5,0.0
Bryce Young,pass_td,1.5,passing-tds,car,chi,h,+118,riverscasino,-140,bet365,,,1.4,-0.1
Aaron Rodgers,pass_td,1.5,passing-tds,pit,atl,h,+125,fanatics,-145,bet365,,,1.4,-0.1
C.J. Stroud,pass_td,1.5,passing-tds,hou,buf,h,+135,riverscasino,-150,fanatics,,,1.4,-0.1
Patrick Mahomes,pass_td,1.5,passing-tds,kan,den,h,+120,draftkings,-125,bet365,,,1.5,0.0
Jaxson Dart,pass_td,1.5,passing-tds,nyg,dal,h,+135,riverscasino,-155,draftkings,,,1.4,-0.1
Tyler Shough,pass_td,1.5,passing-tds,nor,det,a,+140,fanduel,-155,bet365,,,1.4,-0.1
Drake Maye,pass_td,1.5,passing-tds,nwe,sea,a,+155,riverscasino,-140,bet365,,,1.3,-0.2
Daniel Jones,pass_td,1.5,passing-tds,ind,bal,h,+140,fanduel,-150,bet365,,,1.4,-0.1
Kirk Cousins,pass_td,1.5,passing-tds,lvr,mia,h,+146,draftkings,-172,fanduel,,,1.4,-0.1
Josh Allen,pass_td,1.5,passing-tds,buf,hou,a,+160,riverscasino,-165,bet365,,,1.3,-0.2
Justin Fields,pass_td,0.5,passing-tds,kan,den,h,+155,bet365,-200,bet365,,,0.0,0.0
Bo Nix,pass_td,1.5,passing-tds,den,kan,a,+188,riverscasino,-198,fanduel,,,1.2,-0.3
Cam Ward,pass_td,1.5,passing-tds,ten,nyj,h,+195,riverscasino,-190,bet365,,,1.2,-0.3
Jacoby Brissett,pass_td,1.5,passing-tds,ari,lac,a,+182,bet365,-205,fanduel,,,1.2,-0.3
Geno Smith,pass_td,0.5,passing-tds,nyj,ten,a,-250,caesars,-266,draftkings,,,1.2,-0.3
Tua Tagovailoa,pass_td,0.5,passing-tds,atl,pit,a,-268,draftkings,-210,bet365,,,1.1,0.6
Jayden Daniels,pass_td,0.5,passing-tds,was,phi,a,-245,fanduel,-260,bet365,,,1.2,0.7
Malik Willis,pass_td,0.5,passing-tds,mia,lvr,a,-200,bet365,+165,fanatics,,,1.0,0.5
Deshaun Watson,pass_td,0.5,passing-tds,cle,jax,a,-160,bet365,+140,fanduel,,,0.9,0.4
Joe Burrow,pass_cmp,24.5,completions,cin,tam,h,-111,draftkings,-102,fanduel,,,23.5,-1.0
Jared Goff,pass_cmp,22.5,completions,det,nor,h,-114,fanduel,-115,bet365,,,22.5,-1.0
Matthew Stafford,pass_cmp,22.5,completions,,sfo,h,-130,fanduel,-120,draftkings,,,23.0,-0.5
Dak Prescott,pass_cmp,21.5,completions,dal,nyg,a,-125,bet365,-114,fanduel,,,22.4,-0.1
Jacoby Brissett,pass_cmp,20.5,completions,ari,lac,a,-125,bet365,-130,draftkings,,,21.5,-1.0
Daniel Jones,pass_cmp,21.5,completions,ind,bal,h,even,bet365,-102,fanduel,,,22.1,0.6
Kyler Murray,pass_cmp,21.5,completions,min,gnb,h,-114,caesars,-102,fanduel,,,21.9,0.4
Brock Purdy,pass_cmp,21.5,completions,sfo,,a,-115,bet365,-130,fanduel,,,22.5,1.0
Tyler Shough,pass_cmp,21.5,completions,nor,det,a,-111,draftkings,-114,fanduel,,,22.5,1.0
Aaron Rodgers,pass_cmp,20.5,completions,pit,atl,h,-102,fanduel,-119,draftkings,,,20.0,-1.5
Baker Mayfield,pass_cmp,21.5,completions,tam,cin,a,+105,fanatics,-114,fanduel,,,21.0,-0.5
Patrick Mahomes,pass_cmp,20.5,completions,kan,den,h,-114,fanduel,-115,bet365,,,20.6,-0.9
Sam Darnold,pass_cmp,19.5,completions,sea,nwe,h,-130,fanduel,-131,draftkings,,,20.0,-1.5
Justin Herbert,pass_cmp,20.5,completions,lac,ari,h,-114,fanduel,-130,hardrock,,,20.5,0.0
Bo Nix,pass_cmp,20.5,completions,den,kan,a,-129,draftkings,-102,fanduel,,,21.4,0.9
Jordan Love,pass_cmp,20.5,completions,gnb,min,a,-102,fanduel,-112,draftkings,,,20.5,0.0
Trevor Lawrence,pass_cmp,20.5,completions,jax,cle,h,+102,fanduel,-115,bet365,,,20.0,-0.5
Geno Smith,pass_cmp,20.5,completions,nyj,ten,a,even,bet365,-102,fanduel,,,21.0,0.5
Bryce Young,pass_cmp,19.5,completions,car,chi,h,-114,fanduel,-120,bet365,,,19.5,0.0
Caleb Williams,pass_cmp,19.5,completions,chi,car,a,-130,fanduel,-115,bet365,,,20.0,0.5
Drake Maye,pass_cmp,19.5,completions,nwe,sea,a,-125,bet365,-130,fanduel,,,20.0,0.5
Cam Ward,pass_cmp,19.5,completions,ten,nyj,h,-114,fanduel,-130,bet365,,,19.5,0.0
Kirk Cousins,pass_cmp,19.5,completions,lvr,mia,h,-125,bet365,-114,fanduel,,,19.5,0.0
C.J. Stroud,pass_cmp,19.5,completions,hou,buf,h,-120,draftkings,-122,fanduel,,,20.5,1.0
Josh Allen,pass_cmp,19.5,completions,buf,hou,a,-110,draftkings,even,bet365,,,19.5,0.0
Jalen Hurts,pass_cmp,18.5,completions,phi,was,h,-125,bet365,-140,fanduel,,,19.0,0.5
Jaxson Dart,pass_cmp,18.5,completions,nyg,dal,h,-119,draftkings,-104,fanduel,,,17.0,-1.5
Jayden Daniels,pass_cmp,17.5,completions,was,phi,a,-129,draftkings,-102,fanduel,,,19.0,1.5
Deshaun Watson,pass_cmp,17.5,completions,cle,jax,a,even,bet365,-130,fanduel,,,18.1,0.6
Lamar Jackson,pass_cmp,17.5,completions,bal,ind,a,-102,fanduel,-115,bet365,,,17.3,-0.2
Malik Willis,pass_cmp,16.5,completions,mia,lvr,a,-120,bet365,-114,fanduel,,,16.5,0.0
Deshaun Watson,pass_int,0.5,interceptions,cle,jax,a,-115,bet365,+153,draftkings,,,0.68,0.18
Brock Purdy,pass_int,0.5,interceptions,sfo,,a,-143,riverscasino,+133,draftkings,,,0.84,0.34
Malik Willis,pass_int,0.5,interceptions,mia,lvr,a,-140,bet365,+117,draftkings,,,0.65,0.15
Tua Tagovailoa,pass_int,0.5,interceptions,atl,pit,a,-138,draftkings,+115,bet365,,,0.71,0.21
Jacoby Brissett,pass_int,0.5,interceptions,ari,lac,a,-130,hardrock,+105,bet365,,,0.65,0.15
C.J. Stroud,pass_int,0.5,interceptions,hou,buf,h,-105,bet365,even,draftkings,,,0.59,0.09
Josh Allen,pass_int,0.5,interceptions,buf,hou,a,-120,hardrock,-104,riverscasino,,,0.7,0.2
Drake Maye,pass_int,0.5,interceptions,nwe,sea,a,-120,bet365,+102,riverscasino,,,0.56,0.06
Tyler Shough,pass_int,0.5,interceptions,nor,det,a,-115,bet365,-108,draftkings,,,0.82,0.32
Bo Nix,pass_int,0.5,interceptions,den,kan,a,-115,draftkings,even,bet365,,,0.74,0.24
Jordan Love,pass_int,0.5,interceptions,gnb,min,a,+116,fanduel,-114,draftkings,,,0.65,0.15
Sam Darnold,pass_int,0.5,interceptions,sea,nwe,h,-104,caesars,-102,fanduel,,,0.89,0.39
Geno Smith,pass_int,0.5,interceptions,nyj,ten,a,-105,bet365,-115,hardrock,,,0.74,0.24
Trevor Lawrence,pass_int,0.5,interceptions,jax,cle,h,-109,draftkings,-115,bet365,,,0.7,0.2
Daniel Jones,pass_int,0.5,interceptions,ind,bal,h,-106,draftkings,-115,bet365,,,0.63,0.13
Dak Prescott,pass_int,0.5,interceptions,dal,nyg,a,-105,bet365,-120,hardrock,,,0.56,0.06
Patrick Mahomes,pass_int,0.5,interceptions,kan,den,h,+110,bet365,-120,hardrock,,,0.61,0.11
Cam Ward,pass_int,0.5,interceptions,ten,nyj,h,+110,bet365,-120,hardrock,,,0.63,0.13
Kirk Cousins,pass_int,0.5,interceptions,lvr,mia,h,-101,draftkings,-125,bet365,,,0.77,0.27
Kyler Murray,pass_int,0.5,interceptions,min,gnb,h,+120,bet365,-135,hardrock,,,0.7,0.2
Baker Mayfield,pass_int,0.5,interceptions,tam,cin,a,+110,bet365,-130,hardrock,,,0.62,0.12
Jayden Daniels,pass_int,0.5,interceptions,was,phi,a,+115,bet365,-135,hardrock,,,0.61,0.11
Matthew Stafford,pass_int,0.5,interceptions,,sfo,h,+120,bet365,-143,draftkings,,,0.54,0.04
Jaxson Dart,pass_int,0.5,interceptions,nyg,dal,h,+115,bet365,-135,hardrock,,,0.72,0.22
Bryce Young,pass_int,0.5,interceptions,car,chi,h,+120,bet365,-144,draftkings,,,0.64,0.14
Jalen Hurts,pass_int,0.5,interceptions,phi,was,h,+135,bet365,-148,draftkings,,,0.52,0.02
Caleb Williams,pass_int,0.5,interceptions,chi,car,a,+120,bet365,-150,bet365,,,0.52,0.02
Lamar Jackson,pass_int,0.5,interceptions,bal,ind,a,+125,bet365,-152,draftkings,,,0.54,0.04
Jared Goff,pass_int,0.5,interceptions,det,nor,h,+150,bet365,-164,draftkings,,,0.54,0.04
Joe Burrow,pass_int,0.5,interceptions,cin,tam,h,+150,bet365,-169,draftkings,,,0.64,0.14
Aaron Rodgers,pass_int,0.5,interceptions,pit,atl,h,+160,bet365,-199,draftkings,,,0.61,0.11
Justin Herbert,pass_int,0.5,interceptions,lac,ari,h,+180,bet365,-222,draftkings,,,0.62,0.12
Jacoby Brissett,pass_att,33.5,pass-attempts,ari,lac,a,-145,bet365,-106,draftkings,,,34.0,-0.5
Bo Nix,pass_att,34.5,pass-attempts,den,kan,a,-114,draftkings,-130,fanduel,,,35.0,0.5
Joe Burrow,pass_att,34.5,pass-attempts,cin,tam,h,-110,bet365,-130,fanduel,,,35.5,1.0
Matthew Stafford,pass_att,34.5,pass-attempts,,sfo,h,-105,bet365,-102,fanduel,,,35.0,0.5
Brock Purdy,pass_att,33.5,pass-attempts,sfo,,a,-110,bet365,-101,draftkings,,,33.5,0.0
Jared Goff,pass_att,32.5,pass-attempts,det,nor,h,-115,bet365,-112,draftkings,,,33.0,-0.5
Dak Prescott,pass_att,32.5,pass-attempts,dal,nyg,a,-115,bet365,-114,fanduel,,,33.0,-0.5
Daniel Jones,pass_att,31.5,pass-attempts,ind,bal,h,-120,bet365,-102,fanduel,,,33.0,0.5
Tyler Shough,pass_att,31.5,pass-attempts,nor,det,a,-120,bet365,-102,fanduel,,,35.0,2.5
Drake Maye,pass_att,30.5,pass-attempts,nwe,sea,a,-130,fanduel,-115,draftkings,,,30.5,-2.0
Jordan Love,pass_att,31.5,pass-attempts,gnb,min,a,-114,fanduel,-118,draftkings,,,31.5,-1.0
Trevor Lawrence,pass_att,31.5,pass-attempts,jax,cle,h,-125,bet365,-122,draftkings,,,32.0,-0.5
Patrick Mahomes,pass_att,31.5,pass-attempts,kan,den,h,-120,hardrock,-102,fanduel,,,34.0,1.5
Caleb Williams,pass_att,31.5,pass-attempts,chi,car,a,-125,fanatics,-114,fanduel,,,32.5,1.0
Cam Ward,pass_att,31.5,pass-attempts,ten,nyj,h,-114,fanduel,-108,draftkings,,,31.5,0.0
C.J. Stroud,pass_att,31.5,pass-attempts,hou,buf,h,-102,fanduel,-114,draftkings,,,33.5,2.0
Aaron Rodgers,pass_att,30.5,pass-attempts,pit,atl,h,-115,bet365,-102,fanduel,,,32.0,0.5
Baker Mayfield,pass_att,30.5,pass-attempts,tam,cin,a,-120,bet365,-102,fanduel,,,32.5,1.0
Kyler Murray,pass_att,30.5,pass-attempts,min,gnb,h,-127,draftkings,-130,fanduel,,,32.0,1.5
Geno Smith,pass_att,30.5,pass-attempts,nyj,ten,a,-105,bet365,-102,fanduel,,,31.0,0.5
Deshaun Watson,pass_att,28.5,pass-attempts,cle,jax,a,-115,bet365,-130,fanduel,,,31.0,0.5
Bryce Young,pass_att,30.5,pass-attempts,car,chi,h,-114,caesars,-102,fanduel,,,30.5,0.0
Sam Darnold,pass_att,29.5,pass-attempts,sea,nwe,h,-120,bet365,-120,draftkings,,,29.5,-1.0
Justin Herbert,pass_att,28.5,pass-attempts,lac,ari,h,-105,bet365,-102,fanduel,,,31.0,1.5
Kirk Cousins,pass_att,29.5,pass-attempts,lvr,mia,h,-110,fanatics,-114,fanduel,,,29.5,0.0
Josh Allen,pass_att,29.5,pass-attempts,buf,hou,a,-110,bet365,-114,fanduel,,,30.5,1.0
Jayden Daniels,pass_att,28.5,pass-attempts,was,phi,a,-125,bet365,-114,fanduel,,,30.5,1.0
Jaxson Dart,pass_att,28.5,pass-attempts,nyg,dal,h,-110,bet365,-108,fanduel,,,27.5,-1.0
Jalen Hurts,pass_att,28.5,pass-attempts,phi,was,h,-110,draftkings,-130,fanduel,,,29.0,0.5
Malik Willis,pass_att,27.5,pass-attempts,mia,lvr,a,-114,fanduel,-105,hardrock,,,27.5,0.0
Lamar Jackson,pass_att,26.5,pass-attempts,bal,ind,a,-113,draftkings,-115,bet365,,,27.0,0.5
Jonathan Taylor,rush_att,18.5,rush-attempts,ind,bal,h,-102,fanduel,-120,bet365,,,17.8,-0.7
Bijan Robinson,rush_att,17.5,rush-attempts,atl,pit,a,-135,bet365,-125,draftkings,,,16.8,-1.7
Derrick Henry,rush_att,17.5,rush-attempts,bal,ind,a,-128,draftkings,-120,fanatics,,,17.8,0.3
Jahmyr Gibbs,rush_att,17.5,rush-attempts,det,nor,h,-120,hardrock,-102,fanduel,,,17.5,0.0
James Cook,rush_att,16.5,rush-attempts,buf,hou,a,-125,bet365,-121,draftkings,,,17.1,-0.4
Sione Vaki,rush_att,0.5,rush-attempts,det,nor,h,+210,bet365,-270,bet365,,,2.0,1.5
Tyler Allgeier,rush_att,8.5,rush-attempts,ari,lac,a,-120,bet365,-110,bet365,,,8.5,0.0
Saquon Barkley,rush_att,16.5,rush-attempts,phi,was,h,-136,fanduel,-110,draftkings,,,17.8,-0.7
Rashee Rice,rush_att,0.5,rush-attempts,kan,den,h,+350,bet365,-500,bet365,,,0.2,-0.3
Javonte Williams,rush_att,16.5,rush-attempts,dal,nyg,a,-148,fanduel,-114,draftkings,,,16.8,-0.7
Jerry Jeudy,rush_att,0.5,rush-attempts,cle,jax,a,+375,bet365,-550,bet365,,,0.0,0.0
Kenneth Walker,rush_att,15.5,rush-attempts,kan,den,h,-122,fanduel,-120,fanatics,,,14.4,-2.1
Breece Hall,rush_att,15.5,rush-attempts,nyj,ten,a,-138,fanduel,-125,bet365,,,15.8,-0.7
D'Andre Swift,rush_att,15.5,rush-attempts,chi,car,a,-120,hardrock,-130,fanduel,,,13.5,-2.0
AJ Barner,rush_att,0.5,rush-attempts,sea,nwe,h,even,bet365,-130,bet365,,,0.4,-0.1
Quinshon Judkins,rush_att,15.5,rush-attempts,cle,jax,a,+106,fanduel,even,bet365,,,15.4,-1.1
Christian McCaffrey,rush_att,15.5,rush-attempts,sfo,,a,-105,bet365,-130,fanduel,,,16.7,1.2
Rhamondre Stevenson,rush_att,13.5,rush-attempts,nwe,sea,a,-130,bet365,-121,draftkings,,,11.0,-4.5
Travis Etienne,rush_att,14.5,rush-attempts,nor,det,a,-130,fanduel,-110,bet365,,,14.0,-1.5
Omarion Hampton,rush_att,14.5,rush-attempts,lac,ari,h,-137,caesars,-130,hardrock,,,14.0,-1.5
Chase Brown,rush_att,14.5,rush-attempts,cin,tam,h,-125,bet365,even,fanatics,,,14.2,-0.3
De'Von Achane,rush_att,14.5,rush-attempts,mia,lvr,a,-103,draftkings,-122,fanduel,,,15.3,0.8
Tony Pollard,rush_att,14.5,rush-attempts,ten,nyj,h,-103,draftkings,-114,fanduel,,,12.9,-1.6
Bucky Irving,rush_att,13.5,rush-attempts,tam,cin,a,-114,fanduel,-125,bet365,,,14.3,-0.2
Ashton Jeanty,rush_att,14.5,rush-attempts,lvr,mia,h,even,bet365,-130,bet365,,,13.0,-1.5
Jadarian Price,rush_att,13.5,rush-attempts,sea,nwe,h,-102,fanduel,even,bet365,,,13.2,-0.3
David Montgomery,rush_att,13.5,rush-attempts,hou,buf,h,+106,fanduel,-112,draftkings,,,13.0,-0.5
Kyren Williams,rush_att,13.5,rush-attempts,,sfo,h,-107,draftkings,-148,fanduel,,,13.7,0.2
MarShawn Lloyd,rush_att,13.5,rush-attempts,gnb,min,a,-106,draftkings,-104,fanduel,,,13.0,-0.5
Rico Dowdle,rush_att,12.5,rush-attempts,pit,atl,h,-126,draftkings,-105,bet365,,,12.0,-0.5
Bhayshul Tuten,rush_att,12.5,rush-attempts,jax,cle,h,-114,fanduel,-102,draftkings,,,13.5,1.0
Cam Skattebo,rush_att,11.5,rush-attempts,nyg,dal,h,-125,hardrock,-130,fanduel,,,13.5,1.0
J.K. Dobbins,rush_att,11.5,rush-attempts,den,kan,a,-120,bet365,-130,fanduel,,,11.5,-1.0
Jordan Mason,rush_att,10.5,rush-attempts,min,gnb,h,-130,bet365,-120,hardrock,,,10.5,0.0
Jacory Croskey-Merritt,rush_att,10.5,rush-attempts,was,phi,a,-132,draftkings,-130,fanduel,,,9.6,-0.9
Blake Corum,rush_att,8.5,rush-attempts,,sfo,h,-148,fanduel,-110,bet365,,,8.7,-0.8
Jaylen Warren,rush_att,9.5,rush-attempts,pit,atl,h,-103,draftkings,-110,fanatics,,,9.0,-0.5
Jeremiyah Love,rush_att,9.5,rush-attempts,ari,lac,a,+105,bet365,-135,bet365,,,12.5,3.0
Aaron Jones,rush_att,8.5,rush-attempts,min,gnb,h,-115,bet365,+109,caesars,,,8.5,0.0
Jayden Daniels,rush_att,7.5,rush-attempts,was,phi,a,-130,bet365,-130,fanduel,,,8.1,0.6
Chris Rodriguez,rush_att,7.5,rush-attempts,jax,cle,h,-137,draftkings,-125,hardrock,,,8.0,0.5
Woody Marks,rush_att,7.5,rush-attempts,hou,buf,h,-115,bet365,-111,draftkings,,,8.2,0.7
Malik Willis,rush_att,6.5,rush-attempts,mia,lvr,a,-139,draftkings,-125,hardrock,,,7.8,1.3
Jalen Hurts,rush_att,6.5,rush-attempts,phi,was,h,-130,bet365,-130,hardrock,,,6.9,0.4
Lamar Jackson,rush_att,6.5,rush-attempts,bal,ind,a,-125,hardrock,-130,bet365,,,7.1,0.6
Josh Allen,rush_att,6.5,rush-attempts,buf,hou,a,-105,bet365,-109,draftkings,,,6.7,0.2
Jaxson Dart,rush_att,5.5,rush-attempts,nyg,dal,h,-130,fanduel,-115,draftkings,,,5.8,-0.7
Rachaad White,rush_att,6.5,rush-attempts,was,phi,a,+103,draftkings,-125,hardrock,,,8.2,1.7
Kenneth Gainwell,rush_att,5.5,rush-attempts,tam,cin,a,-145,bet365,+115,bet365,,,5.5,0.0
TreVeyon Henderson,rush_att,5.5,rush-attempts,nwe,sea,a,-108,draftkings,-115,hardrock,,,9.7,4.2
Braelon Allen,rush_att,5.5,rush-attempts,nyj,ten,a,+110,bet365,-140,bet365,,,4.7,-0.8
Drake Maye,rush_att,4.5,rush-attempts,nwe,sea,a,-145,bet365,-140,fanduel,,,5.3,-0.2
Kyler Murray,rush_att,4.5,rush-attempts,min,gnb,h,-135,hardrock,-142,draftkings,,,4.8,-0.7
Tyjae Spears,rush_att,5.5,rush-attempts,ten,nyj,h,+115,bet365,-135,fanatics,,,7.5,2.0
Justin Herbert,rush_att,4.5,rush-attempts,lac,ari,h,-135,hardrock,-135,bet365,,,4.8,-0.7
Samaje Perine,rush_att,4.5,rush-attempts,cin,tam,h,-145,bet365,-180,fanatics,,,5.5,1.0
Deshaun Watson,rush_att,4.5,rush-attempts,cle,jax,a,-130,bet365,even,bet365,,,4.1,-0.4
Trevor Lawrence,rush_att,4.5,rush-attempts,jax,cle,h,-120,hardrock,even,bet365,,,4.3,-0.2
Caleb Williams,rush_att,3.5,rush-attempts,chi,car,a,-135,hardrock,-140,bet365,,,4.3,-0.2
Tyler Shough,rush_att,3.5,rush-attempts,nor,det,a,-145,bet365,-135,hardrock,,,4.4,0.9
Bo Nix,rush_att,3.5,rush-attempts,den,kan,a,-150,bet365,-140,hardrock,,,4.0,0.5
Brock Purdy,rush_att,3.5,rush-attempts,sfo,,a,-124,draftkings,+125,bet365,,,3.7,0.2
Baker Mayfield,rush_att,3.5,rush-attempts,tam,cin,a,-109,draftkings,-115,bet365,,,3.7,0.2
Bryce Young,rush_att,3.5,rush-attempts,car,chi,h,+105,fanatics,-120,hardrock,,,3.8,0.3
Patrick Mahomes,rush_att,3.5,rush-attempts,kan,den,h,even,bet365,-130,bet365,,,3.5,0.0
Daniel Jones,rush_att,3.5,rush-attempts,ind,bal,h,+120,fanatics,-135,bet365,,,3.3,-0.2
Jordan Love,rush_att,2.5,rush-attempts,gnb,min,a,-115,hardrock,+110,bet365,,,2.8,0.3
Geno Smith,rush_att,2.5,rush-attempts,nyj,ten,a,-125,bet365,-105,bet365,,,2.8,0.3
C.J. Stroud,rush_att,2.5,rush-attempts,hou,buf,h,-110,fanatics,-115,bet365,,,2.5,0.0
Sam Darnold,rush_att,2.5,rush-attempts,sea,nwe,h,-115,bet365,-115,bet365,,,2.5,0.0
Cam Ward,rush_att,2.5,rush-attempts,ten,nyj,h,-115,bet365,-115,bet365,,,2.5,0.0
Dak Prescott,rush_att,2.5,rush-attempts,dal,nyg,a,-115,bet365,-115,bet365,,,2.6,0.1
Joe Burrow,rush_att,2.5,rush-attempts,cin,tam,h,+105,fanatics,-125,bet365,,,2.2,-0.3
Jacoby Brissett,rush_att,2.5,rush-attempts,ari,lac,a,+120,bet365,-150,bet365,,,2.9,0.4
Brashard Smith,rush_att,1.5,rush-attempts,kan,den,h,-110,bet365,-120,bet365,,,1.4,-0.1
Matthew Stafford,rush_att,1.5,rush-attempts,,sfo,h,+120,bet365,-150,bet365,,,0.9,-0.6
Rashid Shaheed,rush_att,0.5,rush-attempts,sea,nwe,h,-220,bet365,+170,bet365,,,0.8,0.3
Jaylen Waddle,rush_att,0.5,rush-attempts,den,kan,a,+140,bet365,-180,bet365,,,0.0,0.0
Malachi Fields,rush_att,0.5,rush-attempts,nyg,dal,h,+320,bet365,-450,bet365,,,0.0,0.0
Joe Burrow,pass_rush_yds,276.5,passing-and-rushing-yards,cin,tam,h,-114,fanduel,-115,bet365,,,276.0,-2.5
Jared Goff,pass_rush_yds,271.5,passing-and-rushing-yards,det,nor,h,-115,bet365,-115,bet365,,,271.0,-0.5
Dak Prescott,pass_rush_yds,263.5,passing-and-rushing-yards,dal,nyg,a,-115,bet365,-112,draftkings,,,268.0,-3.5
Matthew Stafford,pass_rush_yds,266.5,passing-and-rushing-yards,,sfo,h,-115,bet365,-115,bet365,,,265.0,-1.5
Tyler Shough,pass_rush_yds,263.5,passing-and-rushing-yards,nor,det,a,-115,bet365,-114,fanduel,,,262.0,-4.5
Brock Purdy,pass_rush_yds,265.5,passing-and-rushing-yards,sfo,,a,-114,draftkings,-114,fanduel,,,261.0,-4.5
Justin Herbert,pass_rush_yds,259.5,passing-and-rushing-yards,lac,ari,h,-115,bet365,-112,draftkings,,,260.0,-4.5
Lamar Jackson,pass_rush_yds,254.5,passing-and-rushing-yards,bal,ind,a,-115,bet365,-114,fanduel,,,257.0,-4.5
Josh Allen,pass_rush_yds,249.5,passing-and-rushing-yards,buf,hou,a,-115,bet365,-114,draftkings,,,253.0,-8.5
Drake Maye,pass_rush_yds,252.5,passing-and-rushing-yards,nwe,sea,a,-115,riverscasino,-114,fanduel,,,254.0,-2.5
Trevor Lawrence,pass_rush_yds,250.5,passing-and-rushing-yards,jax,cle,h,-115,bet365,-113,draftkings,,,254.0,-2.5
Caleb Williams,pass_rush_yds,249.5,passing-and-rushing-yards,chi,car,a,-114,fanduel,-115,bet365,,,251.0,-2.5
Jordan Love,pass_rush_yds,251.5,passing-and-rushing-yards,gnb,min,a,-114,draftkings,-117,riverscasino,,,247.0,-4.5
Kyler Murray,pass_rush_yds,247.5,passing-and-rushing-yards,min,gnb,h,-114,riverscasino,-115,bet365,,,246.0,-3.5
Daniel Jones,pass_rush_yds,246.5,passing-and-rushing-yards,ind,bal,h,-115,bet365,-115,bet365,,,243.0,-3.5
Patrick Mahomes,pass_rush_yds,246.5,passing-and-rushing-yards,kan,den,h,-114,draftkings,-115,bet365,,,246.0,-0.5
Baker Mayfield,pass_rush_yds,246.5,passing-and-rushing-yards,tam,cin,a,-114,draftkings,-114,riverscasino,,,261.0,14.5
Jaxson Dart,pass_rush_yds,246.5,passing-and-rushing-yards,nyg,dal,h,-113,draftkings,-115,riverscasino,,,245.0,-1.5
Jayden Daniels,pass_rush_yds,242.5,passing-and-rushing-yards,was,phi,a,-115,bet365,-114,fanduel,,,243.0,-3.5
Jalen Hurts,pass_rush_yds,241.5,passing-and-rushing-yards,phi,was,h,-115,riverscasino,-114,fanduel,,,244.0,-0.5
Bo Nix,pass_rush_yds,241.5,passing-and-rushing-yards,den,kan,a,-115,bet365,-113,draftkings,,,245.0,1.5
Sam Darnold,pass_rush_yds,236.5,passing-and-rushing-yards,sea,nwe,h,-112,draftkings,-115,bet365,,,236.0,-0.5
Jacoby Brissett,pass_rush_yds,231.5,passing-and-rushing-yards,ari,lac,a,-115,bet365,-115,bet365,,,240.0,8.5
C.J. Stroud,pass_rush_yds,229.5,passing-and-rushing-yards,hou,buf,h,-115,bet365,-112,draftkings,,,232.0,0.5
Bryce Young,pass_rush_yds,224.5,passing-and-rushing-yards,car,chi,h,-114,fanduel,-115,bet365,,,226.0,-0.5
Malik Willis,pass_rush_yds,214.5,passing-and-rushing-yards,mia,lvr,a,-115,bet365,-114,fanduel,,,215.0,-7.5
Cam Ward,pass_rush_yds,213.5,passing-and-rushing-yards,ten,nyj,h,-114,fanduel,-111,draftkings,,,210.0,-11.5
Aaron Rodgers,pass_rush_yds,219.5,passing-and-rushing-yards,pit,atl,h,-115,bet365,-115,bet365,,,221.0,1.5
Geno Smith,pass_rush_yds,212.5,passing-and-rushing-yards,nyj,ten,a,-115,bet365,-115,riverscasino,,,212.0,-3.5
Deshaun Watson,pass_rush_yds,193.5,passing-and-rushing-yards,cle,jax,a,-115,bet365,-113,draftkings,,,199.0,0.5
Jahmyr Gibbs,rush_rec_yds,115.5,rushing-and-receiving-yards,det,nor,h,-115,bet365,-113,draftkings,,,118.0,-1.5
Justin Jefferson,rush_rec_yds,77.5,rushing-and-receiving-yards,min,gnb,h,-115,bet365,-115,bet365,,,76.0,-1.5
Rashee Rice,rush_rec_yds,65.5,rushing-and-receiving-yards,kan,den,h,-115,bet365,-115,bet365,,,60.8,-4.7
Bijan Robinson,rush_rec_yds,113.5,rushing-and-receiving-yards,atl,pit,a,-114,draftkings,-115,bet365,,,120.0,6.5
De'Von Achane,rush_rec_yds,100.5,rushing-and-receiving-yards,mia,lvr,a,-110,fanatics,-113,fanduel,,,102.0,-1.5
Christian McCaffrey,rush_rec_yds,100.5,rushing-and-receiving-yards,sfo,,a,-118,riverscasino,-115,caesars,,,104.0,0.5
Jonathan Taylor,rush_rec_yds,95.5,rushing-and-receiving-yards,ind,bal,h,-115,bet365,-112,draftkings,,,96.0,-3.5
Saquon Barkley,rush_rec_yds,94.5,rushing-and-receiving-yards,phi,was,h,-113,riverscasino,-115,bet365,,,94.0,-5.5
James Cook,rush_rec_yds,87.5,rushing-and-receiving-yards,buf,hou,a,-115,bet365,-114,fanduel,,,94.0,0.5
Derrick Henry,rush_rec_yds,89.5,rushing-and-receiving-yards,bal,ind,a,-115,hardrock,-115,draftkings,,,93.0,1.5
Ja'Marr Chase,rush_rec_yds,88.5,rushing-and-receiving-yards,cin,tam,h,-115,bet365,-115,bet365,,,88.0,-0.5
D'Andre Swift,rush_rec_yds,85.5,rushing-and-receiving-yards,chi,car,a,-125,fanatics,-117,caesars,,,74.0,-14.5
Chase Brown,rush_rec_yds,85.5,rushing-and-receiving-yards,cin,tam,h,-105,fanatics,-112,draftkings,,,81.0,-6.5
Breece Hall,rush_rec_yds,85.5,rushing-and-receiving-yards,nyj,ten,a,-110,fanatics,-113,riverscasino,,,86.0,-0.5
Rhamondre Stevenson,rush_rec_yds,80.5,rushing-and-receiving-yards,nwe,sea,a,-115,bet365,-113,draftkings,,,58.0,-28.5
Javonte Williams,rush_rec_yds,85.5,rushing-and-receiving-yards,dal,nyg,a,-114,draftkings,-115,bet365,,,90.0,4.5
Omarion Hampton,rush_rec_yds,82.5,rushing-and-receiving-yards,lac,ari,h,-114,fanduel,-114,fanduel,,,79.0,-3.5
Kenneth Walker,rush_rec_yds,80.5,rushing-and-receiving-yards,kan,den,h,-110,fanatics,-117,riverscasino,,,85.0,3.5
Travis Etienne,rush_rec_yds,78.5,rushing-and-receiving-yards,nor,det,a,-111,draftkings,-115,bet365,,,79.0,0.5
Bucky Irving,rush_rec_yds,71.5,rushing-and-receiving-yards,tam,cin,a,-113,riverscasino,-114,draftkings,,,74.0,-2.5
Quinshon Judkins,rush_rec_yds,72.5,rushing-and-receiving-yards,cle,jax,a,-114,fanduel,-111,draftkings,,,73.0,-0.5
CeeDee Lamb,rush_rec_yds,72.5,rushing-and-receiving-yards,dal,nyg,a,-115,bet365,-115,bet365,,,80.5,8.0
Kyren Williams,rush_rec_yds,69.5,rushing-and-receiving-yards,,sfo,h,-115,bet365,-115,hardrock,,,73.0,0.5
George Pickens,rush_rec_yds,70.5,rushing-and-receiving-yards,dal,nyg,a,-115,bet365,-115,bet365,,,73.0,2.5
Cam Skattebo,rush_rec_yds,67.5,rushing-and-receiving-yards,nyg,dal,h,-115,riverscasino,-114,fanduel,,,72.0,2.5
MarShawn Lloyd,rush_rec_yds,65.5,rushing-and-receiving-yards,gnb,min,a,-110,fanatics,-112,draftkings,,,67.0,-0.5
Ashton Jeanty,rush_rec_yds,66.5,rushing-and-receiving-yards,lvr,mia,h,-115,bet365,-115,bet365,,,70.0,3.5
Rico Dowdle,rush_rec_yds,64.5,rushing-and-receiving-yards,pit,atl,h,-115,bet365,-111,draftkings,,,65.0,-1.5
David Montgomery,rush_rec_yds,64.5,rushing-and-receiving-yards,hou,buf,h,-113,riverscasino,-115,bet365,,,68.0,1.5
Bhayshul Tuten,rush_rec_yds,64.5,rushing-and-receiving-yards,jax,cle,h,-115,bet365,-114,draftkings,,,67.0,0.5
Tony Pollard,rush_rec_yds,65.5,rushing-and-receiving-yards,ten,nyj,h,-115,bet365,-117,caesars,,,64.0,-2.5
Jadarian Price,rush_rec_yds,61.5,rushing-and-receiving-yards,sea,nwe,h,-115,bet365,-111,draftkings,,,61.0,-3.5
DeVonta Smith,rush_rec_yds,62.5,rushing-and-receiving-yards,phi,was,h,-115,bet365,-115,bet365,,,69.0,6.5
Malik Nabers,rush_rec_yds,61.5,rushing-and-receiving-yards,nyg,dal,h,-115,bet365,-115,bet365,,,64.0,2.5
Jaylen Warren,rush_rec_yds,58.5,rushing-and-receiving-yards,pit,atl,h,-115,bet365,-110,draftkings,,,60.0,-0.5
Jaylen Waddle,rush_rec_yds,58.5,rushing-and-receiving-yards,den,kan,a,-115,bet365,-115,bet365,,,59.0,0.5
Luther Burden,rush_rec_yds,57.5,rushing-and-receiving-yards,chi,car,a,-115,bet365,-115,bet365,,,63.5,6.0
J.K. Dobbins,rush_rec_yds,55.5,rushing-and-receiving-yards,den,kan,a,-115,bet365,-115,bet365,,,59.0,3.5
Christian Watson,rush_rec_yds,55.5,rushing-and-receiving-yards,gnb,min,a,-115,bet365,-115,bet365,,,57.9,2.4
Parker Washington,rush_rec_yds,53.5,rushing-and-receiving-yards,jax,cle,h,-115,bet365,-115,bet365,,,52.4,-1.1
Jordan Mason,rush_rec_yds,50.5,rushing-and-receiving-yards,min,gnb,h,-115,bet365,-115,bet365,,,51.0,0.5
Jeremiyah Love,rush_rec_yds,50.5,rushing-and-receiving-yards,ari,lac,a,-115,bet365,-115,bet365,,,78.0,27.5
Terry McLaurin,rush_rec_yds,49.5,rushing-and-receiving-yards,was,phi,a,-115,bet365,-115,bet365,,,55.0,5.5
Kenneth Gainwell,rush_rec_yds,45.5,rushing-and-receiving-yards,tam,cin,a,-115,fanduel,-112,draftkings,,,46.0,-2.5
Aaron Jones,rush_rec_yds,47.5,rushing-and-receiving-yards,min,gnb,h,-115,bet365,-115,fanduel,,,51.0,3.5
DK Metcalf,rush_rec_yds,47.5,rushing-and-receiving-yards,pit,atl,h,-115,bet365,-115,bet365,,,54.0,6.5
Woody Marks,rush_rec_yds,41.5,rushing-and-receiving-yards,hou,buf,h,-115,bet365,-116,draftkings,,,41.0,-5.5
Tyjae Spears,rush_rec_yds,40.5,rushing-and-receiving-yards,ten,nyj,h,-115,bet365,-110,fanduel,,,45.0,1.5
Rachaad White,rush_rec_yds,40.5,rushing-and-receiving-yards,was,phi,a,-115,bet365,-115,fanduel,,,51.0,8.5
Courtland Sutton,rush_rec_yds,42.5,rushing-and-receiving-yards,den,kan,a,-115,bet365,-115,bet365,,,49.0,6.5
Blake Corum,rush_rec_yds,42.5,rushing-and-receiving-yards,,sfo,h,-115,bet365,-115,bet365,,,45.0,2.5
Jayden Reed,rush_rec_yds,41.5,rushing-and-receiving-yards,gnb,min,a,-115,bet365,-115,bet365,,,46.9,5.4
Matthew Golden,rush_rec_yds,41.5,rushing-and-receiving-yards,gnb,min,a,-115,bet365,-115,bet365,,,45.0,3.5
Brian Thomas,rush_rec_yds,38.5,rushing-and-receiving-yards,jax,cle,h,-115,bet365,-115,bet365,,,45.6,7.1
Romeo Doubs,rush_rec_yds,38.5,rushing-and-receiving-yards,nwe,sea,a,-115,bet365,-115,bet365,,,39.0,0.5
Jakobi Meyers,rush_rec_yds,37.5,rushing-and-receiving-yards,jax,cle,h,-115,bet365,-115,bet365,,,44.5,7.0
Rashid Shaheed,rush_rec_yds,35.5,rushing-and-receiving-yards,sea,nwe,h,-115,fanatics,-115,fanduel,,,39.4,1.9
Chris Rodriguez,rush_rec_yds,36.5,rushing-and-receiving-yards,jax,cle,h,-115,bet365,-115,bet365,,,38.0,1.5
George Holani,rush_rec_yds,34.5,rushing-and-receiving-yards,sea,nwe,h,-115,bet365,-114,draftkings,,,28.0,-8.5
KC Concepcion,rush_rec_yds,32.5,rushing-and-receiving-yards,cle,jax,a,-115,bet365,-115,bet365,,,39.7,7.2
Adonai Mitchell,rush_rec_yds,32.5,rushing-and-receiving-yards,nyj,ten,a,-115,bet365,-115,bet365,,,31.0,-1.5
Denzel Boston,rush_rec_yds,22.5,rushing-and-receiving-yards,cle,jax,a,-115,bet365,-115,bet365,,,30.0,7.5
Tre' Harris,rush_rec_yds,31.5,rushing-and-receiving-yards,lac,ari,h,-115,bet365,-115,bet365,,,30.0,-1.5
Samaje Perine,rush_rec_yds,30.5,rushing-and-receiving-yards,cin,tam,h,-115,bet365,-115,bet365,,,32.0,1.5
Jerry Jeudy,rush_rec_yds,29.5,rushing-and-receiving-yards,cle,jax,a,-115,bet365,-115,bet365,,,30.0,0.5
TreVeyon Henderson,rush_rec_yds,29.5,rushing-and-receiving-yards,nwe,sea,a,-113,draftkings,-115,bet365,,,52.0,22.5
Cooper Kupp,rush_rec_yds,28.5,rushing-and-receiving-yards,sea,nwe,h,-115,bet365,-115,bet365,,,36.0,7.5
Dontayvion Wicks,rush_rec_yds,25.5,rushing-and-receiving-yards,phi,was,h,-115,bet365,-115,bet365,,,31.0,5.5
Calvin Ridley,rush_rec_yds,24.5,rushing-and-receiving-yards,ten,nyj,h,-115,bet365,-115,bet365,,,25.0,0.5
Ryan Flournoy,rush_rec_yds,23.5,rushing-and-receiving-yards,dal,nyg,a,-115,bet365,-115,bet365,,,29.6,6.1
Braelon Allen,rush_rec_yds,23.5,rushing-and-receiving-yards,nyj,ten,a,-115,bet365,-115,bet365,,,23.0,-0.5
Justice Hill,rush_rec_yds,22.5,rushing-and-receiving-yards,bal,ind,a,-115,bet365,-115,bet365,,,26.0,3.5
Tyler Allgeier,rush_rec_yds,44.5,rushing-and-receiving-yards,ari,lac,a,-115,bet365,-115,bet365,,,43.0,-1.5
Malachi Fields,rush_rec_yds,22.5,rushing-and-receiving-yards,nyg,dal,h,-115,bet365,-115,bet365,,,26.0,3.5
Kendrick Bourne,rush_rec_yds,19.5,rushing-and-receiving-yards,ari,lac,a,-115,bet365,-115,bet365,,,18.0,-1.5
Kayshon Boutte,rush_rec_yds,19.5,rushing-and-receiving-yards,hou,buf,h,-115,bet365,-115,bet365,,,32.0,12.5
DeMario Douglas,rush_rec_yds,19.5,rushing-and-receiving-yards,nwe,sea,a,-115,bet365,-115,bet365,,,22.0,2.5
Jalen Nailor,rush_rec_yds,18.5,rushing-and-receiving-yards,lvr,mia,h,-115,bet365,-115,bet365,,,26.0,7.5
Isaac TeSlaa,rush_rec_yds,16.5,rushing-and-receiving-yards,det,nor,h,-115,bet365,-115,bet365,,,25.0,8.5
Jack Bech,rush_rec_yds,14.5,rushing-and-receiving-yards,lvr,mia,h,-115,bet365,-115,bet365,,,16.0,1.5
Darius Slayton,rush_rec_yds,14.5,rushing-and-receiving-yards,nyg,dal,h,-115,bet365,-115,bet365,,,23.0,8.5
Brashard Smith,rush_rec_yds,12.5,rushing-and-receiving-yards,kan,den,h,-115,bet365,-115,bet365,,,12.0,-0.5
Darnell Mooney,rush_rec_yds,10.5,rushing-and-receiving-yards,nyg,dal,h,-115,bet365,-115,bet365,,,15.0,4.5
Andrei Iosivas,rush_rec_yds,9.5,rushing-and-receiving-yards,cin,tam,h,-115,bet365,-115,bet365,,,19.0,9.5
Isaiah Williams,rush_rec_yds,9.5,rushing-and-receiving-yards,nyj,ten,a,-115,bet365,-115,bet365,,,14.0,4.5
