player_name,stat_field,line,category_original,team,opponent,home_away,over_odds,over_book,under_odds,under_book,moneyline_odds,moneyline_book,site_projection,projection_diff
Joe Burrow,pass_yds,265.5,passing-yards,cin,tam,h,-115,fanatics,-114,riverscasino,,,269.0,-0.5
Matthew Stafford,pass_yds,260.5,passing-yards,,sfo,h,-110,bet365,-110,fanatics,,,265.0,-0.5
Jared Goff,pass_yds,261.5,passing-yards,det,nor,h,-114,fanduel,-110,bet365,,,270.0,6.5
Dak Prescott,pass_yds,254.5,passing-yards,dal,nyg,a,-110,bet365,-113,draftkings,,,260.0,-1.5
Tyler Shough,pass_yds,241.5,passing-yards,nor,det,a,-110,bet365,-111,draftkings,,,245.0,-1.5
Brock Purdy,pass_yds,243.5,passing-yards,sfo,,a,-113,draftkings,-114,fanduel,,,246.0,2.5
Jordan Love,pass_yds,235.5,passing-yards,gnb,min,a,-115,fanatics,-114,fanduel,,,236.0,-0.5
Justin Herbert,pass_yds,233.5,passing-yards,lac,ari,h,-110,bet365,-115,riverscasino,,,237.0,0.5
Trevor Lawrence,pass_yds,231.5,passing-yards,jax,cle,h,-110,bet365,-114,fanduel,,,235.0,1.5
Baker Mayfield,pass_yds,229.5,passing-yards,tam,cin,a,-110,bet365,-115,caesars,,,244.0,11.5
Daniel Jones,pass_yds,226.5,passing-yards,ind,bal,h,-110,bet365,-114,fanduel,,,231.0,0.5
Caleb Williams,pass_yds,225.5,passing-yards,chi,car,a,-115,fanatics,-110,bet365,,,230.0,-0.5
Sam Darnold,pass_yds,225.5,passing-yards,sea,nwe,h,-115,fanatics,-113,draftkings,,,230.0,0.5
Patrick Mahomes,pass_yds,225.5,passing-yards,kan,den,h,-114,fanduel,-110,bet365,,,230.0,2.5
Bo Nix,pass_yds,218.5,passing-yards,den,kan,a,-110,bet365,-114,caesars,,,229.0,3.5
Drake Maye,pass_yds,224.5,passing-yards,nwe,sea,a,-115,riverscasino,-114,fanduel,,,230.0,4.5
Jacoby Brissett,pass_yds,220.5,passing-yards,ari,lac,a,-110,fanatics,-111,draftkings,,,227.0,2.5
Kyler Murray,pass_yds,220.5,passing-yards,min,gnb,h,-110,fanatics,-110,bet365,,,222.0,-1.5
Josh Allen,pass_yds,215.5,passing-yards,buf,hou,a,-110,bet365,-112,draftkings,,,220.0,-2.5
C.J. Stroud,pass_yds,215.5,passing-yards,hou,buf,h,-115,fanatics,-114,caesars,,,222.0,2.5
Lamar Jackson,pass_yds,215.5,passing-yards,bal,ind,a,-120,fanatics,-114,fanduel,,,220.0,2.5
Aaron Rodgers,pass_yds,210.5,passing-yards,pit,atl,h,-114,fanduel,-114,riverscasino,,,220.0,4.5
Jaxson Dart,pass_yds,213.5,passing-yards,nyg,dal,h,-110,bet365,-114,fanduel,,,215.0,1.5
Jalen Hurts,pass_yds,210.5,passing-yards,phi,was,h,-111,draftkings,-110,bet365,,,215.0,4.5
Kirk Cousins,pass_yds,205.5,passing-yards,lvr,mia,h,-120,fanatics,-114,fanduel,,,210.0,0.5
Bryce Young,pass_yds,205.5,passing-yards,car,chi,h,-120,fanatics,-110,bet365,,,210.0,0.5
Tua Tagovailoa,pass_yds,207.5,passing-yards,atl,pit,a,-110,bet365,-115,fanatics,,,215.0,7.5
Cam Ward,pass_yds,201.5,passing-yards,ten,nyj,h,-114,fanduel,-112,draftkings,,,202.0,-4.5
Geno Smith,pass_yds,204.5,passing-yards,nyj,ten,a,-110,bet365,-114,fanduel,,,204.0,-0.5
Jayden Daniels,pass_yds,195.5,passing-yards,was,phi,a,-120,fanatics,-114,fanduel,,,205.0,8.5
Deshaun Watson,pass_yds,172.5,passing-yards,cle,jax,a,-117,riverscasino,-114,fanduel,,,180.0,2.5
Malik Willis,pass_yds,170.5,passing-yards,mia,lvr,a,-111,draftkings,-114,fanduel,,,175.0,4.5
Jahmyr Gibbs,rush_yds,81.5,rushing-yards,det,nor,h,-110,bet365,-114,riverscasino,,,84.0,0.5
Derrick Henry,rush_yds,77.5,rushing-yards,bal,ind,a,-115,riverscasino,-110,draftkings,,,84.0,3.5
Jonathan Taylor,rush_yds,75.5,rushing-yards,ind,bal,h,-120,fanatics,-112,draftkings,,,78.0,-0.5
Saquon Barkley,rush_yds,75.5,rushing-yards,phi,was,h,-114,caesars,-110,bet365,,,77.0,-0.5
James Cook,rush_yds,70.5,rushing-yards,buf,hou,a,-110,bet365,-112,draftkings,,,77.0,1.5
Bijan Robinson,rush_yds,73.5,rushing-yards,atl,pit,a,-111,draftkings,-114,fanduel,,,80.0,6.5
Javonte Williams,rush_yds,68.5,rushing-yards,dal,nyg,a,-110,bet365,-114,fanduel,,,77.0,4.5
De'Von Achane,rush_yds,64.5,rushing-yards,mia,lvr,a,-110,bet365,-114,draftkings,,,73.0,3.5
D'Andre Swift,rush_yds,67.5,rushing-yards,chi,car,a,-110,bet365,-120,fanatics,,,59.0,-8.5
Omarion Hampton,rush_yds,61.5,rushing-yards,lac,ari,h,-113,caesars,-111,draftkings,,,62.0,-4.5
Breece Hall,rush_yds,64.5,rushing-yards,nyj,ten,a,-114,fanduel,-110,bet365,,,67.0,1.5
Kenneth Walker,rush_yds,59.5,rushing-yards,kan,den,h,-114,fanduel,-110,bet365,,,65.0,0.5
Chase Brown,rush_yds,55.5,rushing-yards,cin,tam,h,-125,fanatics,-114,caesars,,,58.0,-1.5
Quinshon Judkins,rush_yds,55.5,rushing-yards,cle,jax,a,-110,bet365,-114,draftkings,,,60.0,0.5
Christian McCaffrey,rush_yds,59.5,rushing-yards,sfo,,a,-110,bet365,-105,fanatics,,,63.0,3.5
Bucky Irving,rush_yds,55.5,rushing-yards,tam,cin,a,-125,fanatics,-114,fanduel,,,57.0,-0.5
Kyren Williams,rush_yds,56.5,rushing-yards,,sfo,h,-108,caesars,-130,fanatics,,,60.0,3.5
Travis Etienne,rush_yds,52.5,rushing-yards,nor,det,a,-115,caesars,-114,fanduel,,,59.0,3.5
Tony Pollard,rush_yds,54.5,rushing-yards,ten,nyj,h,-110,bet365,-115,draftkings,,,54.0,-1.5
David Montgomery,rush_yds,50.5,rushing-yards,hou,buf,h,-125,fanatics,-113,draftkings,,,53.0,-1.5
Josh Jacobs,rush_yds,50.5,rushing-yards,gnb,min,a,-125,fanatics,-105,fanatics,,,0.0,0.0
MarShawn Lloyd,rush_yds,50.5,rushing-yards,gnb,min,a,-115,fanatics,-114,fanduel,,,53.0,1.5
Jadarian Price,rush_yds,51.5,rushing-yards,sea,nwe,h,-110,draftkings,-110,bet365,,,53.0,1.5
Bhayshul Tuten,rush_yds,49.5,rushing-yards,jax,cle,h,-110,bet365,-117,caesars,,,54.0,3.5
J.K. Dobbins,rush_yds,48.5,rushing-yards,den,kan,a,-110,bet365,-114,riverscasino,,,53.0,2.5
Rico Dowdle,rush_yds,50.5,rushing-yards,pit,atl,h,-109,draftkings,-110,bet365,,,52.0,1.5
Cam Skattebo,rush_yds,49.5,rushing-yards,nyg,dal,h,-118,riverscasino,-115,draftkings,,,54.0,3.5
Rhamondre Stevenson,rush_yds,40.5,rushing-yards,nwe,sea,a,-114,riverscasino,-109,draftkings,,,42.0,-2.5
Jordan Mason,rush_yds,42.5,rushing-yards,min,gnb,h,-110,bet365,-125,fanatics,,,46.0,1.5
Jaylen Warren,rush_yds,35.5,rushing-yards,pit,atl,h,-110,bet365,-110,draftkings,,,38.0,-3.5
Jacory Croskey-Merritt,rush_yds,40.5,rushing-yards,was,phi,a,-114,fanduel,-110,bet365,,,42.0,1.5
Jayden Daniels,rush_yds,34.5,rushing-yards,was,phi,a,-117,riverscasino,-108,draftkings,,,38.0,-0.5
Lamar Jackson,rush_yds,35.5,rushing-yards,bal,ind,a,-110,bet365,-114,fanduel,,,37.0,-0.5
Malik Willis,rush_yds,35.5,rushing-yards,mia,lvr,a,-115,fanatics,+105,bet365,,,40.0,3.5
Blake Corum,rush_yds,35.5,rushing-yards,,sfo,h,-115,riverscasino,-105,caesars,,,39.0,2.5
Jeremiyah Love,rush_yds,34.5,rushing-yards,ari,lac,a,-110,bet365,-110,bet365,,,54.0,19.5
Chris Rodriguez,rush_yds,31.5,rushing-yards,jax,cle,h,-110,bet365,-116,draftkings,,,34.0,-0.5
Josh Allen,rush_yds,29.5,rushing-yards,buf,hou,a,-110,bet365,-111,draftkings,,,33.0,0.5
Jaxson Dart,rush_yds,28.5,rushing-yards,nyg,dal,h,-114,fanduel,-110,bet365,,,30.0,-1.5
Woody Marks,rush_yds,29.5,rushing-yards,hou,buf,h,-110,bet365,-116,draftkings,,,31.0,-0.5
Aaron Jones,rush_yds,29.5,rushing-yards,min,gnb,h,-114,fanduel,-115,caesars,,,37.0,6.5
Jalen Hurts,rush_yds,26.5,rushing-yards,phi,was,h,-112,riverscasino,-110,bet365,,,29.0,0.5
TreVeyon Henderson,rush_yds,27.5,rushing-yards,nwe,sea,a,-115,draftkings,-114,riverscasino,,,38.0,10.5
Drake Maye,rush_yds,23.5,rushing-yards,nwe,sea,a,-115,riverscasino,-118,caesars,,,24.0,-0.5
Rachaad White,rush_yds,22.5,rushing-yards,was,phi,a,-110,bet365,-110,bet365,,,36.0,13.5
Kyler Murray,rush_yds,20.5,rushing-yards,min,gnb,h,-140,fanatics,-110,bet365,,,24.0,1.5
Caleb Williams,rush_yds,19.5,rushing-yards,chi,car,a,-114,fanduel,-107,draftkings,,,21.0,-0.5
Kenneth Gainwell,rush_yds,21.5,rushing-yards,tam,cin,a,-110,bet365,-110,bet365,,,24.0,2.5
George Holani,rush_yds,18.5,rushing-yards,sea,nwe,h,-114,fanduel,-110,bet365,,,18.0,-1.5
Deshaun Watson,rush_yds,18.5,rushing-yards,cle,jax,a,-110,bet365,-114,draftkings,,,19.0,-0.5
Justin Herbert,rush_yds,19.5,rushing-yards,lac,ari,h,-110,bet365,-125,fanatics,,,23.0,3.5
Tyjae Spears,rush_yds,18.5,rushing-yards,ten,nyj,h,-110,bet365,-140,fanatics,,,31.0,12.5
Brock Purdy,rush_yds,15.5,rushing-yards,sfo,,a,-112,riverscasino,-108,draftkings,,,15.0,-2.5
Trevor Lawrence,rush_yds,15.5,rushing-yards,jax,cle,h,-140,fanatics,-109,draftkings,,,19.0,1.5
Tyler Shough,rush_yds,14.5,rushing-yards,nor,det,a,-117,riverscasino,-113,draftkings,,,17.0,-0.5
Samaje Perine,rush_yds,17.5,rushing-yards,cin,tam,h,-110,bet365,-110,bet365,,,24.0,6.5
Bo Nix,rush_yds,15.5,rushing-yards,den,kan,a,-113,riverscasino,-116,draftkings,,,16.0,-1.5
Braelon Allen,rush_yds,15.5,rushing-yards,nyj,ten,a,-120,fanatics,-110,bet365,,,20.0,3.5
Patrick Mahomes,rush_yds,13.5,rushing-yards,kan,den,h,-122,riverscasino,-110,bet365,,,16.0,1.5
Baker Mayfield,rush_yds,14.5,rushing-yards,tam,cin,a,-114,draftkings,-110,bet365,,,17.0,2.5
Bryce Young,rush_yds,12.5,rushing-yards,car,chi,h,-110,bet365,-111,draftkings,,,16.0,1.5
Malik Davis,rush_yds,13.5,rushing-yards,dal,nyg,a,-110,bet365,-135,fanatics,,,15.0,1.5
Daniel Jones,rush_yds,10.5,rushing-yards,ind,bal,h,-150,fanatics,-110,bet365,,,12.0,-0.5
Jordan Love,rush_yds,9.5,rushing-yards,gnb,min,a,-110,bet365,-114,fanduel,,,11.0,0.5
Jerry Jeudy,rush_yds,0.5,rushing-yards,cle,jax,a,+550,bet365,-800,bet365,,,0.0,0.0
Cam Ward,rush_yds,7.5,rushing-yards,ten,nyj,h,-110,bet365,-115,draftkings,,,8.0,-1.5
C.J. Stroud,rush_yds,8.5,rushing-yards,hou,buf,h,-110,bet365,-114,fanduel,,,10.0,0.5
Jacoby Brissett,rush_yds,8.5,rushing-yards,ari,lac,a,-110,bet365,-165,fanatics,,,13.0,4.5
Justice Hill,rush_yds,7.5,rushing-yards,bal,ind,a,-115,bet365,-105,bet365,,,7.0,-0.5
Joe Burrow,rush_yds,5.5,rushing-yards,cin,tam,h,-125,fanatics,-104,draftkings,,,7.0,0.5
Geno Smith,rush_yds,5.5,rushing-yards,nyj,ten,a,-110,bet365,-113,draftkings,,,8.0,1.5
Tyler Allgeier,rush_yds,30.5,rushing-yards,ari,lac,a,even,fanatics,-135,fanatics,,,35.0,2.5
Sam Darnold,rush_yds,5.5,rushing-yards,sea,nwe,h,-110,riverscasino,-110,bet365,,,6.0,0.5
Sione Vaki,rush_yds,0.5,rushing-yards,det,nor,h,+275,bet365,-360,bet365,,,8.0,7.5
Dak Prescott,rush_yds,5.5,rushing-yards,dal,nyg,a,-110,bet365,-110,bet365,,,8.0,2.5
Brashard Smith,rush_yds,4.5,rushing-yards,kan,den,h,-120,bet365,even,bet365,,,5.0,0.5
Rashid Shaheed,rush_yds,2.5,rushing-yards,sea,nwe,h,-113,draftkings,-210,fanatics,,,4.4,1.9
Malachi Fields,rush_yds,0.5,rushing-yards,nyg,dal,h,+475,bet365,-650,bet365,,,0.0,0.0
Puka Nacua,rec_yds,86.5,receiving-yards,,sfo,h,-110,bet365,-110,fanatics,,,95.0,4.5
Ja'Marr Chase,rec_yds,85.5,receiving-yards,cin,tam,h,-114,fanduel,-110,bet365,,,88.0,-2.5
Jaxon Smith-Njigba,rec_yds,80.5,receiving-yards,sea,nwe,h,-110,bet365,-114,fanduel,,,92.0,11.5
Amon-Ra St. Brown,rec_yds,75.5,receiving-yards,det,nor,h,-135,bet365,-113,riverscasino,,,78.0,0.5
Chris Olave,rec_yds,75.5,receiving-yards,nor,det,a,-110,bet365,-113,draftkings,,,76.0,-0.5
Justin Jefferson,rec_yds,70.5,receiving-yards,min,gnb,h,-120,fanatics,-112,draftkings,,,76.0,1.5
DeVonta Smith,rec_yds,64.5,receiving-yards,phi,was,h,-110,draftkings,-114,fanduel,,,69.0,4.5
Brock Bowers,rec_yds,60.5,receiving-yards,lvr,mia,h,-120,fanatics,-115,riverscasino,,,66.0,2.5
Tee Higgins,rec_yds,60.5,receiving-yards,cin,tam,h,-114,fanduel,-115,riverscasino,,,64.0,0.5
Garrett Wilson,rec_yds,59.5,receiving-yards,nyj,ten,a,-113,riverscasino,-113,draftkings,,,65.0,3.5
Joshua Palmer,rec_yds,13.5,receiving-yards,buf,hou,a,-110,bet365,-110,bet365,,,18.0,4.5
CeeDee Lamb,rec_yds,73.5,receiving-yards,dal,nyg,a,-110,bet365,-114,draftkings,,,79.0,2.5
Nico Collins,rec_yds,67.5,receiving-yards,hou,buf,h,-125,caesars,-110,bet365,,,77.0,7.5
George Pickens,rec_yds,66.5,receiving-yards,dal,nyg,a,-114,draftkings,-110,fanatics,,,73.0,6.5
Zay Flowers,rec_yds,62.5,receiving-yards,bal,ind,a,-110,bet365,-114,riverscasino,,,66.0,1.5
Rashee Rice,rec_yds,59.5,receiving-yards,kan,den,h,-110,bet365,-110,draftkings,,,60.0,-2.5
Malik Nabers,rec_yds,58.5,receiving-yards,nyg,dal,h,-115,riverscasino,-110,bet365,,,64.0,3.5
A.J. Brown,rec_yds,60.5,receiving-yards,nwe,sea,a,-114,draftkings,-110,bet365,,,68.0,7.5
Drake London,rec_yds,59.5,receiving-yards,atl,pit,a,-113,draftkings,-114,fanduel,,,70.0,10.5
Jaylen Waddle,rec_yds,53.5,receiving-yards,den,kan,a,-114,fanduel,-111,draftkings,,,59.0,1.5
Trey McBride,rec_yds,55.5,receiving-yards,ari,lac,a,-125,fanatics,-110,bet365,,,64.0,6.5
Tetairoa McMillan,rec_yds,56.5,receiving-yards,car,chi,h,-110,bet365,-118,riverscasino,,,64.0,6.5
Tyler Allgeier,rec_yds,8.5,receiving-yards,ari,lac,a,-110,bet365,-110,bet365,,,8.0,-0.5
Emeka Egbuka,rec_yds,53.5,receiving-yards,tam,cin,a,-110,bet365,-112,draftkings,,,56.0,-0.5
Jameson Williams,rec_yds,55.5,receiving-yards,det,nor,h,-110,bet365,-115,riverscasino,,,62.0,5.5
Christian Watson,rec_yds,53.5,receiving-yards,gnb,min,a,-115,riverscasino,-113,draftkings,,,57.0,0.5
Luther Burden,rec_yds,53.5,receiving-yards,chi,car,a,-113,caesars,-114,fanduel,,,61.0,6.5
Ladd McConkey,rec_yds,50.5,receiving-yards,lac,ari,h,-114,fanduel,-111,draftkings,,,56.0,1.5
Parker Washington,rec_yds,50.5,receiving-yards,jax,cle,h,-120,fanatics,-113,draftkings,,,52.0,-1.5
Davante Adams,rec_yds,48.5,receiving-yards,,sfo,h,-110,bet365,-110,draftkings,,,57.0,5.5
Mike Evans,rec_yds,46.5,receiving-yards,sfo,,a,-110,bet365,-110,draftkings,,,52.0,0.5
Colston Loveland,rec_yds,48.5,receiving-yards,chi,car,a,-110,bet365,-114,fanduel,,,54.0,4.5
Rome Odunze,rec_yds,45.5,receiving-yards,chi,car,a,-110,bet365,-110,draftkings,,,50.0,1.5
Marvin Harrison,rec_yds,48.5,receiving-yards,ari,lac,a,-110,draftkings,-110,bet365,,,55.0,6.5
Terry McLaurin,rec_yds,47.5,receiving-yards,was,phi,a,-115,draftkings,-114,fanduel,,,55.0,7.5
DK Metcalf,rec_yds,45.5,receiving-yards,pit,atl,h,-110,bet365,-117,riverscasino,,,54.0,6.5
Tyler Warren,rec_yds,47.5,receiving-yards,ind,bal,h,-110,bet365,-110,bet365,,,50.0,2.5
D.J. Moore,rec_yds,45.5,receiving-yards,buf,hou,a,-110,bet365,-114,fanduel,,,49.0,2.5
Tucker Kraft,rec_yds,41.5,receiving-yards,gnb,min,a,-110,bet365,-113,riverscasino,,,48.0,2.5
Michael Wilson,rec_yds,40.5,receiving-yards,ari,lac,a,-110,bet365,-114,draftkings,,,48.0,3.5
Chris Godwin,rec_yds,40.5,receiving-yards,tam,cin,a,-125,fanatics,-110,bet365,,,50.0,5.5
Michael Pittman,rec_yds,41.5,receiving-yards,pit,atl,h,-110,bet365,-114,draftkings,,,47.0,2.5
Courtland Sutton,rec_yds,40.5,receiving-yards,den,kan,a,-135,fanatics,-110,draftkings,,,49.0,5.5
Quentin Johnston,rec_yds,42.5,receiving-yards,lac,ari,h,-114,fanduel,-114,riverscasino,,,45.0,1.5
Jordan Addison,rec_yds,40.5,receiving-yards,min,gnb,h,-110,bet365,-113,draftkings,,,47.0,3.5
Josh Downs,rec_yds,43.5,receiving-yards,ind,bal,h,-110,bet365,-110,fanatics,,,45.0,1.5
Juwan Johnson,rec_yds,42.5,receiving-yards,nor,det,a,-110,bet365,-110,bet365,,,42.0,-0.5
Sam LaPorta,rec_yds,40.5,receiving-yards,det,nor,h,-110,bet365,-115,riverscasino,,,46.0,4.5
Kyle Pitts,rec_yds,40.5,receiving-yards,atl,pit,a,-110,bet365,-114,fanduel,,,46.0,4.5
Travis Kelce,rec_yds,36.5,receiving-yards,kan,den,h,-110,bet365,-114,draftkings,,,42.0,0.5
Wan'Dale Robinson,rec_yds,40.5,receiving-yards,ten,nyj,h,-113,draftkings,-110,bet365,,,45.0,4.5
Matthew Golden,rec_yds,38.5,receiving-yards,gnb,min,a,-110,bet365,-114,draftkings,,,45.0,4.5
Jalen Coker,rec_yds,37.5,receiving-yards,car,chi,h,-114,fanduel,-120,fanatics,,,42.0,2.5
Carnell Tate,rec_yds,39.5,receiving-yards,ten,nyj,h,-110,bet365,-113,riverscasino,,,51.0,11.5
Stefon Diggs,rec_yds,39.5,receiving-yards,was,phi,a,-111,draftkings,-114,caesars,,,47.0,7.5
George Kittle,rec_yds,39.5,receiving-yards,sfo,,a,-110,bet365,-114,fanduel,,,45.0,5.5
Jalen McMillan,rec_yds,39.5,receiving-yards,tam,cin,a,-110,bet365,-120,fanatics,,,43.0,3.5
Tre Tucker,rec_yds,39.5,receiving-yards,lvr,mia,h,-109,draftkings,-110,bet365,,,41.0,1.5
Jayden Reed,rec_yds,35.5,receiving-yards,gnb,min,a,-135,fanatics,-114,fanduel,,,44.0,5.5
De'Zhaun Stribling,rec_yds,35.5,receiving-yards,sfo,,a,-110,bet365,-117,riverscasino,,,41.0,2.5
Christian McCaffrey,rec_yds,35.5,receiving-yards,sfo,,a,-140,fanatics,-114,fanduel,,,41.0,2.5
Jakobi Meyers,rec_yds,36.5,receiving-yards,jax,cle,h,-110,bet365,-114,caesars,,,44.0,6.5
Harold Fannin,rec_yds,36.5,receiving-yards,cle,jax,a,-114,fanduel,-114,draftkings,,,43.0,5.5
Isaiah Likely,rec_yds,37.5,receiving-yards,nyg,dal,h,-110,bet365,-120,fanatics,,,36.0,-1.5
Dalton Kincaid,rec_yds,35.5,receiving-yards,buf,hou,a,-110,bet365,-114,fanduel,,,38.0,0.5
Brian Thomas,rec_yds,35.5,receiving-yards,jax,cle,h,-120,fanatics,-110,bet365,,,45.0,8.5
Khalil Shakir,rec_yds,33.5,receiving-yards,buf,hou,a,-110,bet365,-114,riverscasino,,,44.0,7.5
Devaughn Vele,rec_yds,36.5,receiving-yards,nor,det,a,-110,bet365,-110,bet365,,,36.0,-0.5
Bijan Robinson,rec_yds,35.5,receiving-yards,atl,pit,a,-125,fanatics,-114,fanduel,,,40.0,3.5
Romeo Doubs,rec_yds,35.5,receiving-yards,nwe,sea,a,-114,draftkings,-110,bet365,,,39.0,3.5
Brenton Strange,rec_yds,34.5,receiving-yards,jax,cle,h,-110,bet365,-114,fanduel,,,37.0,1.5
Xavier Worthy,rec_yds,34.5,receiving-yards,kan,den,h,-110,bet365,-117,riverscasino,,,33.0,-1.5
Dallas Goedert,rec_yds,33.5,receiving-yards,phi,was,h,-110,bet365,-114,fanduel,,,36.0,1.5
Dalton Schultz,rec_yds,32.5,receiving-yards,hou,buf,h,-110,bet365,-113,caesars,,,37.0,3.5
Mark Andrews,rec_yds,31.5,receiving-yards,bal,ind,a,-110,bet365,-112,riverscasino,,,35.0,1.5
Hunter Henry,rec_yds,32.5,receiving-yards,nwe,sea,a,-115,draftkings,-112,caesars,,,37.0,4.5
KC Concepcion,rec_yds,32.5,receiving-yards,cle,jax,a,-113,draftkings,-125,fanatics,,,38.0,5.5
De'Von Achane,rec_yds,28.5,receiving-yards,mia,lvr,a,-117,riverscasino,-115,draftkings,,,29.0,-3.5
Jerry Jeudy,rec_yds,28.5,receiving-yards,cle,jax,a,-113,riverscasino,-111,draftkings,,,30.0,-1.5
Rashid Shaheed,rec_yds,29.5,receiving-yards,sea,nwe,h,-110,bet365,-114,fanduel,,,35.0,3.5
Adonai Mitchell,rec_yds,30.5,receiving-yards,nyj,ten,a,-120,fanatics,-110,bet365,,,31.0,-0.5
Cooper Kupp,rec_yds,28.5,receiving-yards,sea,nwe,h,-110,bet365,-117,riverscasino,,,36.0,5.5
Deebo Samuel,rec_yds,29.5,receiving-yards,sfo,,a,-110,bet365,-130,caesars,,,36.0,5.5
Jahmyr Gibbs,rec_yds,29.5,receiving-yards,det,nor,h,-115,draftkings,-110,bet365,,,34.0,4.5
Chig Okonkwo,rec_yds,28.5,receiving-yards,was,phi,a,-110,bet365,-110,bet365,,,28.0,-0.5
Caleb Douglas,rec_yds,28.5,receiving-yards,mia,lvr,a,-110,bet365,-110,bet365,,,30.0,1.5
T.J. Hockenson,rec_yds,25.5,receiving-yards,min,gnb,h,-135,fanatics,-110,bet365,,,32.0,4.5
Cade Otton,rec_yds,25.5,receiving-yards,tam,cin,a,-135,fanatics,-110,bet365,,,32.0,4.5
Jake Ferguson,rec_yds,25.5,receiving-yards,dal,nyg,a,-125,fanatics,-110,bet365,,,34.0,6.5
AJ Barner,rec_yds,24.5,receiving-yards,sea,nwe,h,-114,fanduel,-112,draftkings,,,28.0,1.5
Tre' Harris,rec_yds,25.5,receiving-yards,lac,ari,h,-125,fanatics,-110,bet365,,,30.0,3.5
Greg Dulcich,rec_yds,25.5,receiving-yards,mia,lvr,a,-110,bet365,-110,bet365,,,24.0,-1.5
Gunnar Helm,rec_yds,25.5,receiving-yards,ten,nyj,h,-110,bet365,-110,bet365,,,26.0,0.5
Rashod Bateman,rec_yds,25.5,receiving-yards,bal,ind,a,-110,bet365,-110,bet365,,,26.0,0.5
Pat Freiermuth,rec_yds,25.5,receiving-yards,pit,atl,h,-108,draftkings,-110,bet365,,,29.0,3.5
Jauan Jennings,rec_yds,22.5,receiving-yards,min,gnb,h,-110,bet365,-111,draftkings,,,29.0,4.5
Kenneth Gainwell,rec_yds,24.5,receiving-yards,tam,cin,a,-110,bet365,-110,bet365,,,22.0,-2.5
Calvin Ridley,rec_yds,24.5,receiving-yards,ten,nyj,h,-110,bet365,-135,fanatics,,,25.0,0.5
Malik Washington,rec_yds,25.5,receiving-yards,mia,lvr,a,-125,fanatics,-105,fanatics,,,29.0,5.5
Dontayvion Wicks,rec_yds,20.5,receiving-yards,phi,was,h,-135,fanatics,-110,bet365,,,31.0,7.5
Denzel Boston,rec_yds,21.5,receiving-yards,cle,jax,a,-110,bet365,-114,fanduel,,,30.0,6.5
Chase Brown,rec_yds,22.5,receiving-yards,cin,tam,h,-113,riverscasino,-110,bet365,,,23.0,0.5
Rhamondre Stevenson,rec_yds,20.5,receiving-yards,nwe,sea,a,-190,bet365,-108,caesars,,,16.0,-5.5
Ryan Flournoy,rec_yds,21.5,receiving-yards,dal,nyg,a,-110,bet365,-125,fanatics,,,29.0,7.5
Xavier Legette,rec_yds,20.5,receiving-yards,car,chi,h,-115,fanatics,-110,bet365,,,16.0,-5.5
Colby Parkinson,rec_yds,20.5,receiving-yards,,sfo,h,-116,draftkings,-117,riverscasino,,,21.0,0.5
Terrance Ferguson,rec_yds,19.5,receiving-yards,,sfo,h,-110,bet365,-114,fanduel,,,21.0,0.5
Kayshon Boutte,rec_yds,18.5,receiving-yards,hou,buf,h,-110,bet365,-112,draftkings,,,32.0,11.5
Xavier Hutchinson,rec_yds,20.5,receiving-yards,hou,buf,h,-105,fanatics,-110,bet365,,,16.0,-4.5
Travis Etienne,rec_yds,20.5,receiving-yards,nor,det,a,-110,bet365,-110,bet365,,,20.0,-0.5
Kendrick Bourne,rec_yds,20.5,receiving-yards,ari,lac,a,-110,bet365,-110,bet365,,,18.0,-2.5
Tyquan Thornton,rec_yds,20.5,receiving-yards,kan,den,h,-110,bet365,-110,bet365,,,18.0,-2.5
Malachi Fields,rec_yds,20.5,receiving-yards,nyg,dal,h,-110,bet365,-110,bet365,,,26.0,5.5
Kalif Raymond,rec_yds,15.5,receiving-yards,chi,car,a,even,fanatics,-110,bet365,,,0.0,0.0
Tyjae Spears,rec_yds,18.5,receiving-yards,ten,nyj,h,-110,bet365,-110,bet365,,,14.0,-4.5
DeMario Douglas,rec_yds,18.5,receiving-yards,nwe,sea,a,-110,bet365,-118,riverscasino,,,22.0,3.5
Saquon Barkley,rec_yds,15.5,receiving-yards,phi,was,h,-114,fanduel,-112,draftkings,,,17.0,-0.5
Darnell Washington,rec_yds,15.5,receiving-yards,pit,atl,h,-135,fanatics,-110,bet365,,,22.0,4.5
Michael Mayer,rec_yds,15.5,receiving-yards,lvr,mia,h,-140,fanatics,-110,bet365,,,19.0,1.5
Ja'Kobi Lane,rec_yds,17.5,receiving-yards,bal,ind,a,-110,bet365,-110,bet365,,,22.0,4.5
Jonathan Taylor,rec_yds,15.5,receiving-yards,ind,bal,h,-135,fanatics,-110,bet365,,,18.0,0.5
Jalen Nailor,rec_yds,15.5,receiving-yards,lvr,mia,h,-135,fanatics,-110,bet365,,,26.0,8.5
Darius Slayton,rec_yds,15.5,receiving-yards,nyg,dal,h,-115,fanatics,-110,bet365,,,23.0,6.5
Charlie Kolar,rec_yds,15.5,receiving-yards,lac,ari,h,-120,fanatics,-110,bet365,,,14.0,-2.5
Breece Hall,rec_yds,15.5,receiving-yards,nyj,ten,a,-116,draftkings,-114,riverscasino,,,19.0,3.5
Dawson Knox,rec_yds,15.5,receiving-yards,buf,hou,a,-110,bet365,-110,bet365,,,15.0,-0.5
Jahan Dotson,rec_yds,15.5,receiving-yards,atl,pit,a,-110,bet365,-110,bet365,,,25.0,9.5
David Njoku,rec_yds,15.5,receiving-yards,lac,ari,h,-110,bet365,-110,bet365,,,17.0,1.5
Jaylen Warren,rec_yds,15.5,receiving-yards,pit,atl,h,-108,draftkings,-110,bet365,,,22.0,6.5
Kenneth Walker,rec_yds,14.5,receiving-yards,kan,den,h,-110,bet365,-112,riverscasino,,,20.0,4.5
Cole Kmet,rec_yds,12.5,receiving-yards,chi,car,a,-110,bet365,-135,fanatics,,,18.0,3.5
Bucky Irving,rec_yds,10.5,receiving-yards,tam,cin,a,-125,fanatics,-110,draftkings,,,17.0,2.5
Omarion Hampton,rec_yds,14.5,receiving-yards,lac,ari,h,-110,bet365,-110,bet365,,,17.0,2.5
Jack Bech,rec_yds,14.5,receiving-yards,lvr,mia,h,-110,bet365,-110,bet365,,,16.0,1.5
Rachaad White,rec_yds,14.5,receiving-yards,was,phi,a,-110,bet365,-140,fanatics,,,15.0,0.5
Mike Gesicki,rec_yds,13.5,receiving-yards,cin,tam,h,-110,bet365,-110,bet365,,,26.0,12.5
Aaron Jones,rec_yds,13.5,receiving-yards,min,gnb,h,-110,bet365,-125,fanatics,,,14.0,0.5
D'Andre Swift,rec_yds,13.5,receiving-yards,chi,car,a,-110,bet365,-120,fanatics,,,15.0,1.5
Jeremiyah Love,rec_yds,12.5,receiving-yards,ari,lac,a,-110,bet365,-110,bet365,,,24.0,11.5
Justice Hill,rec_yds,12.5,receiving-yards,bal,ind,a,-110,bet365,-110,bet365,,,19.0,6.5
Javonte Williams,rec_yds,10.5,receiving-yards,dal,nyg,a,-120,fanatics,-110,bet365,,,13.0,0.5
James Cook,rec_yds,12.5,receiving-yards,buf,hou,a,-110,bet365,-110,bet365,,,17.0,4.5
Tyler Higbee,rec_yds,11.5,receiving-yards,,sfo,h,-110,bet365,-110,bet365,,,12.0,0.5
MarShawn Lloyd,rec_yds,10.5,receiving-yards,gnb,min,a,-135,fanatics,-110,bet365,,,14.0,2.5
Bhayshul Tuten,rec_yds,10.5,receiving-yards,jax,cle,h,-115,bet365,-105,bet365,,,13.0,2.5
Quinshon Judkins,rec_yds,10.5,receiving-yards,cle,jax,a,-110,bet365,-110,bet365,,,13.0,2.5
Kyren Williams,rec_yds,9.5,receiving-yards,,sfo,h,-110,bet365,-114,fanduel,,,13.0,2.5
Erick All,rec_yds,9.5,receiving-yards,cin,tam,h,-110,bet365,-110,bet365,,,11.0,1.5
Samaje Perine,rec_yds,9.5,receiving-yards,cin,tam,h,-110,bet365,-110,bet365,,,8.0,-1.5
Rico Dowdle,rec_yds,9.5,receiving-yards,pit,atl,h,-107,draftkings,-140,fanatics,,,13.0,3.5
Woody Marks,rec_yds,9.5,receiving-yards,hou,buf,h,-107,draftkings,-110,bet365,,,10.0,0.5
TreVeyon Henderson,rec_yds,7.5,receiving-yards,nwe,sea,a,-114,fanduel,-109,draftkings,,,14.0,5.5
George Holani,rec_yds,8.5,receiving-yards,sea,nwe,h,-110,bet365,-110,bet365,,,10.0,1.5
David Montgomery,rec_yds,7.5,receiving-yards,hou,buf,h,-114,fanduel,-170,fanatics,,,15.0,6.5
Drew Sample,rec_yds,7.5,receiving-yards,cin,tam,h,-115,bet365,-105,bet365,,,6.0,-1.5
Noah Gray,rec_yds,7.5,receiving-yards,kan,den,h,-110,bet365,-110,bet365,,,11.0,3.5
Jadarian Price,rec_yds,7.5,receiving-yards,sea,nwe,h,-110,bet365,-110,bet365,,,8.0,0.5
Darnell Mooney,rec_yds,7.5,receiving-yards,nyg,dal,h,-110,bet365,-115,fanatics,,,15.0,7.5
Andrei Iosivas,rec_yds,7.5,receiving-yards,cin,tam,h,-110,bet365,-115,fanatics,,,19.0,11.5
Colbie Young,rec_yds,7.5,receiving-yards,cin,tam,h,-110,bet365,-110,bet365,,,9.0,1.5
Derrick Henry,rec_yds,7.5,receiving-yards,bal,ind,a,-105,bet365,-115,bet365,,,9.0,1.5
Tony Pollard,rec_yds,7.5,receiving-yards,ten,nyj,h,-105,bet365,-115,bet365,,,10.0,2.5
Brashard Smith,rec_yds,6.5,receiving-yards,kan,den,h,-105,bet365,-115,bet365,,,7.0,0.5
J.K. Dobbins,rec_yds,4.5,receiving-yards,den,kan,a,-115,bet365,-105,bet365,,,6.0,1.5
Jordan Mason,rec_yds,3.5,receiving-yards,min,gnb,h,-110,bet365,-110,bet365,,,5.0,1.5
Blake Corum,rec_yds,1.5,receiving-yards,,sfo,h,-110,bet365,-110,bet365,,,6.0,4.5
Braelon Allen,rec_yds,0.5,receiving-yards,nyj,ten,a,-110,bet365,-110,bet365,,,3.0,2.5
Chris Rodriguez,rec_yds,0.5,receiving-yards,jax,cle,h,-110,bet365,-110,bet365,,,4.0,3.5
Ja'Marr Chase,rec,7.5,receptions,cin,tam,h,+118,caesars,-119,draftkings,,,7.3,-0.2
Puka Nacua,rec,7.5,receptions,,sfo,h,+116,fanduel,-140,fanatics,,,7.3,-0.2
Jaxon Smith-Njigba,rec,6.5,receptions,sea,nwe,h,-102,fanduel,-115,bet365,,,6.4,-0.1
Amon-Ra St. Brown,rec,6.5,receptions,det,nor,h,-105,draftkings,-114,fanduel,,,6.5,0.0
Chris Olave,rec,6.5,receptions,nor,det,a,+102,caesars,-115,bet365,,,6.1,-0.4
CeeDee Lamb,rec,6.5,receptions,dal,nyg,a,+120,bet365,-135,fanatics,,,5.9,-0.6
Trey McBride,rec,5.5,receptions,ari,lac,a,-150,bet365,-141,caesars,,,6.1,-0.4
Brock Bowers,rec,5.5,receptions,lvr,mia,h,-135,fanatics,+112,draftkings,,,5.9,0.4
Justin Jefferson,rec,5.5,receptions,min,gnb,h,-141,draftkings,-155,bet365,,,5.6,0.1
Rashee Rice,rec,5.5,receptions,kan,den,h,-115,bet365,even,draftkings,,,5.2,-0.3
Garrett Wilson,rec,5.5,receptions,nyj,ten,a,-107,draftkings,-114,fanduel,,,5.1,-0.4
Nico Collins,rec,5.5,receptions,hou,buf,h,+105,hardrock,-115,bet365,,,5.2,-0.3
Drake London,rec,5.5,receptions,atl,pit,a,+104,draftkings,-106,fanduel,,,5.4,-0.1
DeVonta Smith,rec,5.5,receptions,phi,was,h,+110,bet365,-133,draftkings,,,5.1,-0.4
A.J. Brown,rec,4.5,receptions,nwe,sea,a,-140,bet365,-152,draftkings,,,4.9,-0.6
Malik Nabers,rec,4.5,receptions,nyg,dal,h,-155,bet365,-152,caesars,,,4.6,-0.9
George Pickens,rec,4.5,receptions,dal,nyg,a,-157,caesars,-160,hardrock,,,5.0,0.5
Tee Higgins,rec,4.5,receptions,cin,tam,h,-130,bet365,-195,fanatics,,,4.5,0.0
Zay Flowers,rec,4.5,receptions,bal,ind,a,-130,fanduel,+125,bet365,,,5.1,0.6
Luther Burden,rec,4.5,receptions,chi,car,a,-107,caesars,+105,hardrock,,,4.5,0.0
Jaylen Waddle,rec,4.5,receptions,den,kan,a,-114,fanduel,-108,draftkings,,,4.5,0.0
Tetairoa McMillan,rec,4.5,receptions,car,chi,h,-112,draftkings,-107,caesars,,,4.7,0.2
Joshua Palmer,rec,1.5,receptions,buf,hou,a,+130,bet365,-165,bet365,,,1.3,-0.2
Ladd McConkey,rec,4.5,receptions,lac,ari,h,even,fanatics,-114,draftkings,,,4.5,0.0
Michael Pittman,rec,4.5,receptions,pit,atl,h,+115,bet365,-115,draftkings,,,4.1,-0.4
Bijan Robinson,rec,4.5,receptions,atl,pit,a,+122,bet365,-121,draftkings,,,4.3,-0.2
Christian McCaffrey,rec,4.5,receptions,sfo,,a,-102,caesars,-123,draftkings,,,4.7,0.2
De'Von Achane,rec,4.5,receptions,mia,lvr,a,+122,bet365,-128,draftkings,,,3.8,-0.7
Davante Adams,rec,4.5,receptions,,sfo,h,+101,draftkings,-125,hardrock,,,4.4,-0.1
Wan'Dale Robinson,rec,4.5,receptions,ten,nyj,h,+110,fanatics,-130,bet365,,,3.9,-0.6
Jahmyr Gibbs,rec,4.5,receptions,det,nor,h,+124,fanduel,-139,draftkings,,,4.3,-0.2
Colston Loveland,rec,4.5,receptions,chi,car,a,+112,draftkings,-115,bet365,,,4.3,-0.2
Harold Fannin,rec,4.5,receptions,cle,jax,a,+124,fanduel,-143,caesars,,,4.2,-0.3
Emeka Egbuka,rec,4.5,receptions,tam,cin,a,+125,hardrock,-145,bet365,,,4.2,-0.3
Parker Washington,rec,3.5,receptions,jax,cle,h,-182,fanduel,-140,bet365,,,4.0,-0.5
Chris Godwin,rec,4.5,receptions,tam,cin,a,+140,fanatics,-155,bet365,,,4.2,-0.3
Juwan Johnson,rec,3.5,receptions,nor,det,a,-160,bet365,-154,fanduel,,,4.0,-0.5
Courtland Sutton,rec,3.5,receptions,den,kan,a,-145,bet365,-158,draftkings,,,3.6,-0.9
Kyle Pitts,rec,4.5,receptions,atl,pit,a,+130,bet365,-146,fanduel,,,4.2,-0.3
Tucker Kraft,rec,3.5,receptions,gnb,min,a,-172,fanduel,-155,bet365,,,4.0,-0.5
Marvin Harrison,rec,3.5,receptions,ari,lac,a,-172,fanduel,-155,bet365,,,3.8,-0.7
Sam LaPorta,rec,3.5,receptions,det,nor,h,-140,bet365,-157,caesars,,,4.0,0.5
Travis Kelce,rec,3.5,receptions,kan,den,h,-148,fanduel,-195,fanatics,,,4.0,0.5
Christian Watson,rec,3.5,receptions,gnb,min,a,-140,bet365,+128,fanduel,,,3.9,0.4
Jameson Williams,rec,3.5,receptions,det,nor,h,-130,bet365,+122,caesars,,,4.0,0.5
DK Metcalf,rec,3.5,receptions,pit,atl,h,-130,fanduel,-235,fanatics,,,3.8,0.3
Dalton Schultz,rec,3.5,receptions,hou,buf,h,-130,caesars,+114,draftkings,,,4.0,0.5
Terry McLaurin,rec,3.5,receptions,was,phi,a,-141,draftkings,-205,fanatics,,,3.9,0.4
George Kittle,rec,3.5,receptions,sfo,,a,-140,bet365,-166,fanduel,,,4.0,0.5
Michael Wilson,rec,3.5,receptions,ari,lac,a,-114,fanduel,+108,draftkings,,,3.7,0.2
Mike Evans,rec,3.5,receptions,sfo,,a,-130,fanduel,-245,fanatics,,,4.0,0.5
Jalen Coker,rec,3.5,receptions,car,chi,h,-108,fanduel,even,bet365,,,3.2,-0.3
Isaiah Likely,rec,3.5,receptions,nyg,dal,h,-125,bet365,+105,fanatics,,,3.3,-0.2
Stefon Diggs,rec,3.5,receptions,was,phi,a,-124,draftkings,-245,fanatics,,,3.9,0.4
Khalil Shakir,rec,3.5,receptions,buf,hou,a,-120,fanatics,+116,caesars,,,3.8,0.3
Jakobi Meyers,rec,3.5,receptions,jax,cle,h,-114,fanduel,-105,draftkings,,,3.8,0.3
Chase Brown,rec,3.5,receptions,cin,tam,h,-110,bet365,-110,hardrock,,,3.5,0.0
Tyler Allgeier,rec,1.5,receptions,ari,lac,a,even,bet365,-130,bet365,,,1.0,-0.5
T.J. Hockenson,rec,3.5,receptions,min,gnb,h,-114,draftkings,-110,caesars,,,3.6,0.1
Rome Odunze,rec,3.5,receptions,chi,car,a,-105,caesars,-115,bet365,,,3.6,0.1
D.J. Moore,rec,3.5,receptions,buf,hou,a,-106,draftkings,-115,bet365,,,3.8,0.3
Jordan Addison,rec,3.5,receptions,min,gnb,h,+102,fanduel,-115,bet365,,,3.4,-0.1
Tre Tucker,rec,3.5,receptions,lvr,mia,h,even,fanatics,-115,bet365,,,3.0,-0.5
Dallas Goedert,rec,3.5,receptions,phi,was,h,+110,fanatics,-124,draftkings,,,3.5,0.0
Carnell Tate,rec,3.5,receptions,ten,nyj,h,even,draftkings,-120,bet365,,,3.9,0.4
Kenneth Gainwell,rec,3.5,receptions,tam,cin,a,even,bet365,-130,bet365,,,3.1,-0.4
Matthew Golden,rec,3.5,receptions,gnb,min,a,+120,bet365,-124,caesars,,,3.3,-0.2
Quentin Johnston,rec,3.5,receptions,lac,ari,h,+116,fanduel,-132,draftkings,,,3.2,-0.3
Dalton Kincaid,rec,3.5,receptions,buf,hou,a,+108,caesars,-115,bet365,,,3.2,-0.3
Jayden Reed,rec,3.5,receptions,gnb,min,a,+106,draftkings,-115,bet365,,,3.4,-0.1
Xavier Worthy,rec,2.5,receptions,kan,den,h,-220,bet365,-138,draftkings,,,3.0,-0.5
Brenton Strange,rec,3.5,receptions,jax,cle,h,+108,draftkings,-115,bet365,,,3.4,-0.1
Mark Andrews,rec,3.5,receptions,bal,ind,a,+116,fanduel,-138,draftkings,,,3.3,-0.2
Jake Ferguson,rec,3.5,receptions,dal,nyg,a,+115,bet365,-145,bet365,,,4.0,0.5
Devaughn Vele,rec,3.5,receptions,nor,det,a,+115,bet365,-145,bet365,,,3.0,-0.5
Romeo Doubs,rec,3.5,receptions,nwe,sea,a,+135,bet365,-151,draftkings,,,3.1,-0.4
Jalen McMillan,rec,3.5,receptions,tam,cin,a,+120,bet365,-150,bet365,,,3.2,-0.3
KC Concepcion,rec,2.5,receptions,cle,jax,a,-170,caesars,-140,bet365,,,3.2,-0.3
De'Zhaun Stribling,rec,2.5,receptions,sfo,,a,-170,bet365,-154,caesars,,,3.1,-0.4
Hunter Henry,rec,3.5,receptions,nwe,sea,a,+135,caesars,-155,bet365,,,3.2,-0.3
Travis Etienne,rec,3.5,receptions,nor,det,a,+130,bet365,-165,bet365,,,2.8,-0.7
Brian Thomas,rec,2.5,receptions,jax,cle,h,-160,bet365,+133,draftkings,,,3.2,0.7
Chig Okonkwo,rec,2.5,receptions,was,phi,a,-165,hardrock,-185,fanatics,,,2.8,0.3
Cade Otton,rec,2.5,receptions,tam,cin,a,-170,bet365,-160,hardrock,,,3.4,0.9
Rhamondre Stevenson,rec,2.5,receptions,nwe,sea,a,-162,draftkings,+140,bet365,,,2.0,-0.5
Jerry Jeudy,rec,2.5,receptions,cle,jax,a,-145,bet365,+130,fanduel,,,2.4,-0.1
Tyjae Spears,rec,2.5,receptions,ten,nyj,h,-150,hardrock,-210,fanatics,,,2.0,-0.5
Jonathan Taylor,rec,2.5,receptions,ind,bal,h,-145,hardrock,+125,bet365,,,2.3,-0.2
AJ Barner,rec,2.5,receptions,sea,nwe,h,-145,hardrock,-230,fanatics,,,2.9,0.4
Cooper Kupp,rec,2.5,receptions,sea,nwe,h,-132,fanduel,+130,bet365,,,2.9,0.4
Adonai Mitchell,rec,2.5,receptions,nyj,ten,a,-140,hardrock,-230,fanatics,,,2.2,-0.3
Deebo Samuel,rec,2.5,receptions,sfo,,a,-130,bet365,+115,hardrock,,,3.0,0.5
Gunnar Helm,rec,2.5,receptions,ten,nyj,h,-120,hardrock,+105,bet365,,,2.7,0.2
Kenneth Walker,rec,2.5,receptions,kan,den,h,+110,bet365,+105,draftkings,,,2.4,-0.1
Pat Freiermuth,rec,2.5,receptions,pit,atl,h,-129,draftkings,+110,bet365,,,2.7,0.2
Caleb Douglas,rec,2.5,receptions,mia,lvr,a,-115,hardrock,-110,bet365,,,2.2,-0.3
Greg Dulcich,rec,2.5,receptions,mia,lvr,a,-115,bet365,-110,fanatics,,,2.3,-0.2
Malik Washington,rec,2.5,receptions,mia,lvr,a,-115,hardrock,-110,fanatics,,,2.8,0.3
Mason Taylor,rec,2.5,receptions,nyj,ten,a,-115,hardrock,-115,hardrock,,,1.7,-0.8
Jaylen Warren,rec,2.5,receptions,pit,atl,h,-113,draftkings,+105,bet365,,,2.8,0.3
Tre' Harris,rec,2.5,receptions,lac,ari,h,+110,bet365,-125,hardrock,,,2.5,0.0
Saquon Barkley,rec,2.5,receptions,phi,was,h,+115,bet365,-125,hardrock,,,2.3,-0.2
Rashid Shaheed,rec,2.5,receptions,sea,nwe,h,+104,draftkings,-122,fanduel,,,2.7,0.2
Breece Hall,rec,2.5,receptions,nyj,ten,a,+105,draftkings,-130,bet365,,,2.5,0.0
Colby Parkinson,rec,2.5,receptions,,sfo,h,+114,draftkings,-115,bet365,,,2.2,-0.3
Omarion Hampton,rec,2.5,receptions,lac,ari,h,+115,bet365,-145,bet365,,,2.5,0.0
Dontayvion Wicks,rec,2.5,receptions,phi,was,h,+115,bet365,-145,bet365,,,2.5,0.0
Denzel Boston,rec,2.5,receptions,cle,jax,a,+128,caesars,-140,bet365,,,2.4,-0.1
D'Andre Swift,rec,2.5,receptions,chi,car,a,+120,bet365,-150,bet365,,,2.2,-0.3
Aaron Jones,rec,2.5,receptions,min,gnb,h,+125,bet365,-160,bet365,,,2.2,-0.3
Jauan Jennings,rec,2.5,receptions,min,gnb,h,+132,fanduel,-150,bet365,,,2.3,-0.2
Michael Mayer,rec,2.5,receptions,lvr,mia,h,+130,bet365,-165,bet365,,,2.1,-0.4
Rachaad White,rec,2.5,receptions,was,phi,a,+135,fanatics,-165,bet365,,,2.1,-0.4
Jeremiyah Love,rec,2.5,receptions,ari,lac,a,+135,bet365,-170,bet365,,,3.2,0.7
Bucky Irving,rec,2.5,receptions,tam,cin,a,+145,bet365,-178,draftkings,,,1.9,-0.6
Calvin Ridley,rec,1.5,receptions,ten,nyj,h,-160,hardrock,-180,bet365,,,1.9,-0.6
Rashod Bateman,rec,1.5,receptions,bal,ind,a,-180,hardrock,-180,bet365,,,1.9,-0.6
Javonte Williams,rec,2.5,receptions,dal,nyg,a,+145,bet365,-185,bet365,,,2.2,-0.3
Xavier Hutchinson,rec,1.5,receptions,hou,buf,h,-190,hardrock,-220,fanatics,,,1.4,-0.1
Darnell Washington,rec,1.5,receptions,pit,atl,h,-175,hardrock,+155,bet365,,,2.1,0.6
Xavier Legette,rec,1.5,receptions,car,chi,h,-170,fanatics,+155,bet365,,,1.4,-0.1
Kendrick Bourne,rec,1.5,receptions,ari,lac,a,-170,hardrock,+150,bet365,,,1.6,0.1
James Cook,rec,1.5,receptions,buf,hou,a,-185,fanatics,+150,bet365,,,2.1,0.6
MarShawn Lloyd,rec,1.5,receptions,gnb,min,a,-185,bet365,+150,hardrock,,,2.0,0.5
Quinshon Judkins,rec,1.5,receptions,cle,jax,a,-185,bet365,+145,bet365,,,1.9,0.4
Justice Hill,rec,1.5,receptions,bal,ind,a,-180,bet365,-170,hardrock,,,2.5,1.0
Bhayshul Tuten,rec,1.5,receptions,jax,cle,h,-180,bet365,+140,bet365,,,1.7,0.2
Charlie Kolar,rec,1.5,receptions,lac,ari,h,-170,bet365,+140,fanatics,,,1.2,-0.3
DeMario Douglas,rec,1.5,receptions,nwe,sea,a,-150,bet365,+129,draftkings,,,1.6,0.1
Kalif Raymond,rec,1.5,receptions,chi,car,a,+115,fanatics,+125,bet365,,,0.0,0.0
Jalen Nailor,rec,1.5,receptions,lvr,mia,h,-155,bet365,+122,bet365,,,2.1,0.6
Terrance Ferguson,rec,1.5,receptions,,sfo,h,-151,draftkings,+135,bet365,,,1.7,0.2
Malachi Fields,rec,1.5,receptions,nyg,dal,h,-145,bet365,+115,bet365,,,2.1,0.6
David Njoku,rec,1.5,receptions,lac,ari,h,-140,bet365,+110,bet365,,,1.8,0.3
Kayshon Boutte,rec,1.5,receptions,hou,buf,h,-125,bet365,+107,draftkings,,,2.2,0.7
Dawson Knox,rec,1.5,receptions,buf,hou,a,-125,hardrock,+105,bet365,,,1.3,-0.2
Kyren Williams,rec,1.5,receptions,,sfo,h,-131,draftkings,+122,bet365,,,1.8,0.3
Cole Kmet,rec,1.5,receptions,chi,car,a,-130,bet365,+104,fanduel,,,1.5,0.0
Jahan Dotson,rec,1.5,receptions,atl,pit,a,-130,bet365,even,bet365,,,1.9,0.4
Ja'Kobi Lane,rec,1.5,receptions,bal,ind,a,-120,hardrock,even,bet365,,,1.7,0.2
Samaje Perine,rec,1.5,receptions,cin,tam,h,-115,hardrock,-105,bet365,,,1.2,-0.3
Rico Dowdle,rec,1.5,receptions,pit,atl,h,-124,draftkings,+110,bet365,,,1.7,0.2
Woody Marks,rec,1.5,receptions,hou,buf,h,-115,bet365,-115,bet365,,,1.3,-0.2
Mike Gesicki,rec,1.5,receptions,cin,tam,h,-115,bet365,-115,bet365,,,2.5,1.0
David Montgomery,rec,1.5,receptions,hou,buf,h,-108,fanduel,-112,draftkings,,,2.1,0.6
George Holani,rec,1.5,receptions,sea,nwe,h,+105,fanatics,-120,bet365,,,1.5,0.0
Jack Bech,rec,1.5,receptions,lvr,mia,h,-110,bet365,-115,hardrock,,,1.4,-0.1
Tyquan Thornton,rec,1.5,receptions,kan,den,h,-110,bet365,-120,bet365,,,1.1,-0.4
Derrick Henry,rec,1.5,receptions,bal,ind,a,+105,fanatics,-120,bet365,,,1.1,-0.4
Tyler Higbee,rec,1.5,receptions,,sfo,h,-105,bet365,-115,hardrock,,,1.2,-0.3
TreVeyon Henderson,rec,1.5,receptions,nwe,sea,a,+102,caesars,-124,draftkings,,,1.9,0.4
Darius Slayton,rec,1.5,receptions,nyg,dal,h,+110,bet365,-115,hardrock,,,1.6,0.1
Tony Pollard,rec,1.5,receptions,ten,nyj,h,+120,bet365,-145,hardrock,,,1.5,0.0
Jadarian Price,rec,1.5,receptions,sea,nwe,h,+120,bet365,-150,bet365,,,1.1,-0.4
Drew Sample,rec,1.5,receptions,cin,tam,h,+140,fanatics,-170,bet365,,,0.7,-0.8
J.K. Dobbins,rec,1.5,receptions,den,kan,a,+140,bet365,-180,bet365,,,0.9,-0.6
Ryan Flournoy,rec,1.5,receptions,dal,nyg,a,+145,bet365,-185,bet365,,,2.2,0.7
Erick All,rec,1.5,receptions,cin,tam,h,+150,bet365,-190,bet365,,,1.2,-0.3
Brashard Smith,rec,1.5,receptions,kan,den,h,+155,bet365,-200,bet365,,,0.9,-0.6
Jordan Mason,rec,0.5,receptions,min,gnb,h,-195,hardrock,-340,fanatics,,,0.9,0.4
Andrei Iosivas,rec,0.5,receptions,cin,tam,h,-210,hardrock,-300,fanatics,,,1.4,0.9
Colbie Young,rec,0.5,receptions,cin,tam,h,-210,bet365,-210,hardrock,,,0.7,0.2
Blake Corum,rec,0.5,receptions,,sfo,h,-165,bet365,+130,bet365,,,0.8,0.3
Darnell Mooney,rec,0.5,receptions,nyg,dal,h,-160,bet365,-230,fanatics,,,1.1,0.6
Chris Rodriguez,rec,0.5,receptions,jax,cle,h,-145,bet365,+115,bet365,,,0.6,0.1
Braelon Allen,rec,0.5,receptions,nyj,ten,a,-135,bet365,+115,hardrock,,,0.4,-0.1
Max Klare,any_td,0.5,touchdowns,,sfo,h,,,,,+1300,fanduel,0.02,-3600.0
Chris Bell,any_td,0.5,touchdowns,mia,lvr,a,,,,,-1400,hardrock,0.139,-2019.42
Jahmyr Gibbs,any_td,0.5,touchdowns,det,nor,h,,,,,-260,bet365,0.69,-304.93
Travis Homer,any_td,0.5,touchdowns,pit,atl,h,,,,,+3000,fanatics,0.0,0.0
Gavin Bartholomew,any_td,0.5,touchdowns,min,gnb,h,,,,,+2000,fanduel,0.0,0.0
Lew Nichols,any_td,0.5,touchdowns,pit,atl,h,,,,,+2500,fanatics,0.0,0.0
Frank Gore,any_td,0.5,touchdowns,buf,hou,a,,,,,+1300,fanatics,0.0,0.0
Derrick Henry,any_td,0.5,touchdowns,bal,ind,a,,,,,+145,hardrock,0.609,80.8
Trent Sherfield,any_td,0.5,touchdowns,buf,hou,a,,,,,+1500,fanatics,0.0,0.0
Brittain Brown,any_td,0.5,touchdowns,chi,car,a,,,,,+1300,fanatics,0.0,0.0
Jonathan Taylor,any_td,0.5,touchdowns,ind,bal,h,,,,,-175,fanatics,0.585,-245.94
Jawhar Jordan,any_td,0.5,touchdowns,hou,buf,h,,,,,+800,fanatics,0.0,0.0
Omarion Hampton,any_td,0.5,touchdowns,lac,ari,h,,,,,-170,caesars,0.56,-248.57
D'Andre Swift,any_td,0.5,touchdowns,chi,car,a,,,,,+135,hardrock,0.467,20.87
David Moore,any_td,0.5,touchdowns,car,chi,h,,,,,+1700,fanatics,0.0,0.0
Javonte Williams,any_td,0.5,touchdowns,dal,nyg,a,,,,,+125,hardrock,0.503,26.19
Christian McCaffrey,any_td,0.5,touchdowns,sfo,,a,,,,,-140,fanatics,0.542,-224.5
Kyren Williams,any_td,0.5,touchdowns,,sfo,h,,,,,+105,hardrock,0.493,2.16
Chase Brown,any_td,0.5,touchdowns,cin,tam,h,,,,,+115,hardrock,0.542,30.5
Ja'Marr Chase,any_td,0.5,touchdowns,cin,tam,h,,,,,-115,bet365,0.493,-217.84
David Montgomery,any_td,0.5,touchdowns,hou,buf,h,,,,,+105,bet365,0.462,-11.45
Kenneth Walker,any_td,0.5,touchdowns,kan,den,h,,,,,-120,bet365,0.478,-229.21
James Cook,any_td,0.5,touchdowns,buf,hou,a,,,,,+105,fanatics,0.488,0.08
Travis Etienne,any_td,0.5,touchdowns,nor,det,a,,,,,+106,caesars,0.44,-21.27
Breece Hall,any_td,0.5,touchdowns,nyj,ten,a,,,,,+125,fanatics,0.387,-33.4
Payne Durham,any_td,0.5,touchdowns,tam,cin,a,,,,,+1000,fanatics,0.02,-3900.0
David Sills,any_td,0.5,touchdowns,tam,cin,a,,,,,+2200,fanatics,0.0,0.0
Tyler Goodson,any_td,0.5,touchdowns,atl,pit,a,,,,,+1800,bet365,0.0,0.0
Bijan Robinson,any_td,0.5,touchdowns,atl,pit,a,,,,,-150,bet365,0.564,-227.3
Saquon Barkley,any_td,0.5,touchdowns,phi,was,h,,,,,-125,bet365,0.513,-219.93
Ashton Jeanty,any_td,0.5,touchdowns,lvr,mia,h,,,,,-105,hardrock,0.473,-216.42
Josh Jacobs,any_td,0.5,touchdowns,gnb,min,a,,,,,-120,draftkings,0.0,0.0
MarShawn Lloyd,any_td,0.5,touchdowns,gnb,min,a,,,,,-115,bet365,0.381,-277.47
Cam Skattebo,any_td,0.5,touchdowns,nyg,dal,h,,,,,-105,draftkings,0.457,-223.82
Nick Westbrook-Ikhine,any_td,0.5,touchdowns,ind,bal,h,,,,,+1500,fanatics,0.0,0.0
Mike Washington,any_td,0.5,touchdowns,lvr,mia,h,,,,,even,bet365,0.309,-123.62
Amon-Ra St. Brown,any_td,0.5,touchdowns,det,nor,h,,,,,+110,bet365,0.473,-1.42
+270,any_td,0.5,touchdowns,,,,,,,,+270,bet365,0.0,0.0
Jordan Hudson,any_td,0.5,touchdowns,dal,nyg,a,,,,,+135,bet365,0.0,0.0
DJ Rogers,any_td,0.5,touchdowns,dal,nyg,a,,,,,+310,bet365,0.0,0.0
+800,any_td,0.5,touchdowns,,,,,,,,+800,bet365,0.0,0.0
+600,any_td,0.5,touchdowns,,,,,,,,+600,bet365,0.0,0.0
+195,any_td,0.5,touchdowns,,,,,,,,+195,bet365,0.0,0.0
+265,any_td,0.5,touchdowns,,,,,,,,+265,bet365,0.0,0.0
Adam Prentice,any_td,0.5,touchdowns,den,kan,a,,,,,+2500,fanatics,0.0,0.0
Pierre Strong,any_td,0.5,touchdowns,gnb,min,a,,,,,+750,fanatics,0.0,0.0
Britain Covey,any_td,0.5,touchdowns,phi,was,h,,,,,+2500,fanatics,0.0,0.0
Mason Tipton,any_td,0.5,touchdowns,nor,det,a,,,,,+1900,fanatics,0.0,0.0
Tyler Conklin,any_td,0.5,touchdowns,det,nor,h,,,,,+900,fanatics,0.0,0.0
K.J. Osborn,any_td,0.5,touchdowns,ten,nyj,h,,,,,+4000,fanatics,0.0,0.0
Tip Reiman,any_td,0.5,touchdowns,ari,lac,a,,,,,+1550,bet365,0.0,0.0
Ihmir Smith-Marsette,any_td,0.5,touchdowns,ari,lac,a,,,,,+2500,fanatics,0.0,0.0
Jeremy McNichols,any_td,0.5,touchdowns,was,phi,a,,,,,+1500,fanatics,0.0,0.0
Dameon Pierce,any_td,0.5,touchdowns,phi,was,h,,,,,+2500,fanatics,0.0,0.0
+425,any_td,0.5,touchdowns,,,,,,,,+425,bet365,0.0,0.0
Michael Carter,any_td,0.5,touchdowns,ten,nyj,h,,,,,+1500,fanatics,0.0,0.0
Tony Pollard,any_td,0.5,touchdowns,ten,nyj,h,,,,,+143,caesars,0.411,-0.31
De'Von Achane,any_td,0.5,touchdowns,mia,lvr,a,,,,,+115,draftkings,0.44,-12.27
Ladd McConkey,any_td,0.5,touchdowns,lac,ari,h,,,,,+175,fanatics,0.387,16.6
Josh Allen,any_td,0.5,touchdowns,buf,hou,a,,,,,+145,fanatics,0.4,-5.0
Jaylen Warren,any_td,0.5,touchdowns,pit,atl,h,,,,,+150,fanatics,0.375,-16.67
Jalen Hurts,any_td,0.5,touchdowns,phi,was,h,,,,,+145,fanatics,0.405,-1.91
Jadarian Price,any_td,0.5,touchdowns,sea,nwe,h,,,,,+130,fanduel,0.405,-16.91
Puka Nacua,any_td,0.5,touchdowns,,sfo,h,,,,,+130,fanduel,0.423,-6.41
Tee Higgins,any_td,0.5,touchdowns,cin,tam,h,,,,,+125,bet365,0.387,-33.4
Chuba Hubbard,any_td,0.5,touchdowns,car,chi,h,,,,,+125,bet365,0.375,-41.67
Jaxon Smith-Njigba,any_td,0.5,touchdowns,sea,nwe,h,,,,,+130,fanduel,0.423,-6.41
CeeDee Lamb,any_td,0.5,touchdowns,dal,nyg,a,,,,,+145,fanatics,0.362,-31.24
Bhayshul Tuten,any_td,0.5,touchdowns,jax,cle,h,,,,,+133,caesars,0.446,8.78
Jordan Mason,any_td,0.5,touchdowns,min,gnb,h,,,,,+170,fanatics,0.4,20.0
Quentin Johnston,any_td,0.5,touchdowns,lac,ari,h,,,,,+205,bet365,0.349,18.47
Davante Adams,any_td,0.5,touchdowns,,sfo,h,,,,,+155,fanatics,0.4,5.0
Rico Dowdle,any_td,0.5,touchdowns,pit,atl,h,,,,,+140,fanatics,0.478,30.79
Blake Corum,any_td,0.5,touchdowns,,sfo,h,,,,,+175,fanatics,0.295,-63.98
Jacory Croskey-Merritt,any_td,0.5,touchdowns,was,phi,a,,,,,+165,fanatics,0.302,-66.13
Quinshon Judkins,any_td,0.5,touchdowns,cle,jax,a,,,,,+155,fanduel,0.4,5.0
Rhamondre Stevenson,any_td,0.5,touchdowns,nwe,sea,a,,,,,+150,draftkings,0.336,-47.62
Rashee Rice,any_td,0.5,touchdowns,kan,den,h,,,,,+159,caesars,0.356,-21.9
Chris Olave,any_td,0.5,touchdowns,nor,det,a,,,,,+157,caesars,0.316,-59.46
J.K. Dobbins,any_td,0.5,touchdowns,den,kan,a,,,,,+170,fanatics,0.323,-39.6
Malik Nabers,any_td,0.5,touchdowns,nyg,dal,h,,,,,+170,fanatics,0.316,-46.46
Bucky Irving,any_td,0.5,touchdowns,tam,cin,a,,,,,+155,draftkings,0.429,21.9
Aaron Jones,any_td,0.5,touchdowns,min,gnb,h,,,,,+175,fanatics,0.302,-56.13
Jonathon Brooks,any_td,0.5,touchdowns,car,chi,h,,,,,+170,bet365,0.362,-6.24
Jameson Williams,any_td,0.5,touchdowns,det,nor,h,,,,,+180,bet365,0.369,9.0
Tetairoa McMillan,any_td,0.5,touchdowns,car,chi,h,,,,,+180,bet365,0.349,-6.53
Zay Flowers,any_td,0.5,touchdowns,bal,ind,a,,,,,+180,bet365,0.316,-36.46
George Pickens,any_td,0.5,touchdowns,dal,nyg,a,,,,,+170,fanatics,0.423,33.59
A.J. Brown,any_td,0.5,touchdowns,nwe,sea,a,,,,,+175,fanatics,0.323,-34.6
Nico Collins,any_td,0.5,touchdowns,hou,buf,h,,,,,+180,bet365,0.356,-0.9
Emeka Egbuka,any_td,0.5,touchdowns,tam,cin,a,,,,,+210,caesars,0.343,18.45
Brock Bowers,any_td,0.5,touchdowns,lvr,mia,h,,,,,+192,caesars,0.387,33.6
Justin Jefferson,any_td,0.5,touchdowns,min,gnb,h,,,,,+176,caesars,0.381,13.53
Jeremiyah Love,any_td,0.5,touchdowns,ari,lac,a,,,,,+175,draftkings,0.343,-16.55
Chris Rodriguez,any_td,0.5,touchdowns,jax,cle,h,,,,,+200,fanatics,0.267,-74.53
Luther Burden,any_td,0.5,touchdowns,chi,car,a,,,,,+188,caesars,0.316,-28.46
Kenneth Gainwell,any_td,0.5,touchdowns,tam,cin,a,,,,,+190,bet365,0.274,-74.96
Jaxson Dart,any_td,0.5,touchdowns,nyg,dal,h,,,,,+205,caesars,0.281,-50.87
Mike Evans,any_td,0.5,touchdowns,sfo,,a,,,,,+240,fanatics,0.281,-15.87
Tyler Allgeier,any_td,0.5,touchdowns,ari,lac,a,,,,,+210,caesars,0.229,-126.68
Christian Watson,any_td,0.5,touchdowns,gnb,min,a,,,,,+265,fanatics,0.33,61.97
Colston Loveland,any_td,0.5,touchdowns,chi,car,a,,,,,+190,fanduel,0.33,-13.03
Travis Kelce,any_td,0.5,touchdowns,kan,den,h,,,,,+195,fanduel,0.252,-101.83
Tyler Warren,any_td,0.5,touchdowns,ind,bal,h,,,,,+200,bet365,0.33,-3.03
DeVonta Smith,any_td,0.5,touchdowns,phi,was,h,,,,,+200,bet365,0.33,-3.03
DK Metcalf,any_td,0.5,touchdowns,pit,atl,h,,,,,+225,bet365,0.288,-22.22
George Holani,any_td,0.5,touchdowns,sea,nwe,h,,,,,+190,bet365,0.237,-131.94
Lamar Jackson,any_td,0.5,touchdowns,bal,ind,a,,,,,+210,caesars,0.237,-111.94
Sam LaPorta,any_td,0.5,touchdowns,det,nor,h,,,,,+210,bet365,0.316,-6.46
Parker Washington,any_td,0.5,touchdowns,jax,cle,h,,,,,+250,fanatics,0.295,11.02
Michael Pittman,any_td,0.5,touchdowns,pit,atl,h,,,,,+300,fanatics,0.267,25.47
Trey McBride,any_td,0.5,touchdowns,ari,lac,a,,,,,+225,fanatics,0.302,-6.13
Isiah Pacheco,any_td,0.5,touchdowns,det,nor,h,,,,,+210,draftkings,0.0,0.0
Mark Andrews,any_td,0.5,touchdowns,bal,ind,a,,,,,+265,fanatics,0.309,41.38
Kyle Monangai,any_td,0.5,touchdowns,chi,car,a,,,,,+210,draftkings,0.274,-54.96
Woody Marks,any_td,0.5,touchdowns,hou,buf,h,,,,,+230,fanduel,0.244,-79.84
Garrett Wilson,any_td,0.5,touchdowns,nyj,ten,a,,,,,+240,fanduel,0.288,-7.22
Dallas Goedert,any_td,0.5,touchdowns,phi,was,h,,,,,+265,fanatics,0.309,41.38
Rachaad White,any_td,0.5,touchdowns,was,phi,a,,,,,+325,fanatics,0.295,86.02
Rome Odunze,any_td,0.5,touchdowns,chi,car,a,,,,,+230,fanatics,0.33,26.97
Brian Thomas,any_td,0.5,touchdowns,jax,cle,h,,,,,+240,fanatics,0.244,-69.84
Jaylen Waddle,any_td,0.5,touchdowns,den,kan,a,,,,,+250,fanatics,0.267,-24.53
Jalen McMillan,any_td,0.5,touchdowns,tam,cin,a,,,,,+360,fanatics,0.244,50.16
Jakobi Meyers,any_td,0.5,touchdowns,jax,cle,h,,,,,+240,fanatics,0.252,-56.83
Drake London,any_td,0.5,touchdowns,atl,pit,a,,,,,+230,draftkings,0.302,-1.13
George Kittle,any_td,0.5,touchdowns,sfo,,a,,,,,+280,fanatics,0.309,56.38
Chris Godwin,any_td,0.5,touchdowns,tam,cin,a,,,,,+235,draftkings,0.295,-3.98
Tucker Kraft,any_td,0.5,touchdowns,gnb,min,a,,,,,+235,draftkings,0.302,3.87
Tyjae Spears,any_td,0.5,touchdowns,ten,nyj,h,,,,,+250,fanatics,0.281,-5.87
Tyrone Tracy,any_td,0.5,touchdowns,nyg,dal,h,,,,,+420,fanatics,0.058,-1204.14
Jake Ferguson,any_td,0.5,touchdowns,dal,nyg,a,,,,,+250,fanduel,0.316,33.54
Keaton Mitchell,any_td,0.5,touchdowns,lac,ari,h,,,,,+250,fanatics,0.189,-179.1
Marvin Harrison,any_td,0.5,touchdowns,ari,lac,a,,,,,+320,bet365,0.237,-1.94
Cooper Kupp,any_td,0.5,touchdowns,sea,nwe,h,,,,,+400,fanatics,0.205,12.2
RJ Harvey,any_td,0.5,touchdowns,den,kan,a,,,,,+250,fanduel,0.267,-24.53
Braelon Allen,any_td,0.5,touchdowns,nyj,ten,a,,,,,+400,fanatics,0.189,-29.1
Jayden Daniels,any_td,0.5,touchdowns,was,phi,a,,,,,+265,fanatics,0.302,33.87
Courtland Sutton,any_td,0.5,touchdowns,den,kan,a,,,,,+265,fanatics,0.229,-71.68
Juwan Johnson,any_td,0.5,touchdowns,nor,det,a,,,,,+380,fanatics,0.237,58.06
Trevor Lawrence,any_td,0.5,touchdowns,jax,cle,h,,,,,+260,draftkings,0.229,-76.68
Josh Downs,any_td,0.5,touchdowns,ind,bal,h,,,,,+260,draftkings,0.229,-76.68
Brenton Strange,any_td,0.5,touchdowns,jax,cle,h,,,,,+310,fanatics,0.229,-26.68
Jordan Addison,any_td,0.5,touchdowns,min,gnb,h,,,,,+265,draftkings,0.259,-21.1
Kyler Murray,any_td,0.5,touchdowns,min,gnb,h,,,,,+280,fanatics,0.229,-56.68
AJ Barner,any_td,0.5,touchdowns,sea,nwe,h,,,,,+270,bet365,0.252,-26.83
Alec Pierce,any_td,0.5,touchdowns,ind,bal,h,,,,,+265,draftkings,0.221,-87.49
Ricky Pearsall,any_td,0.5,touchdowns,sfo,,a,,,,,+265,draftkings,0.0,0.0
Alvin Kamara,any_td,0.5,touchdowns,nor,det,a,,,,,+265,fanatics,0.181,-187.49
Jacob Saylors,any_td,0.5,touchdowns,det,nor,h,,,,,+290,bet365,0.095,-662.63
Corey Kiner,any_td,0.5,touchdowns,nwe,sea,a,,,,,+1900,fanduel,0.01,-9900.0
Zach Charbonnet,any_td,0.5,touchdowns,sea,nwe,h,,,,,+110,fanatics,0.0,0.0
Jalen Coker,any_td,0.5,touchdowns,car,chi,h,,,,,+400,fanatics,0.237,78.06
Carnell Tate,any_td,0.5,touchdowns,ten,nyj,h,,,,,+300,hardrock,0.267,25.47
D.J. Moore,any_td,0.5,touchdowns,buf,hou,a,,,,,+280,bet365,0.213,-89.48
Behren Morton,any_td,0.5,touchdowns,nwe,sea,a,,,,,+1200,bet365,0.0,0.0
De'Zhaun Stribling,any_td,0.5,touchdowns,sfo,,a,,,,,+310,fanduel,0.197,-97.61
Terry McLaurin,any_td,0.5,touchdowns,was,phi,a,,,,,+285,draftkings,0.295,46.02
Hunter Henry,any_td,0.5,touchdowns,nwe,sea,a,,,,,+315,fanatics,0.221,-37.49
Isaiah Likely,any_td,0.5,touchdowns,nyg,dal,h,,,,,+290,draftkings,0.244,-19.84
Andrei Iosivas,any_td,0.5,touchdowns,cin,tam,h,,,,,+340,fanatics,0.148,-235.68
Mike Gesicki,any_td,0.5,touchdowns,cin,tam,h,,,,,+295,draftkings,0.181,-157.49
Rashid Shaheed,any_td,0.5,touchdowns,sea,nwe,h,,,,,+325,hardrock,0.229,-11.68
Romeo Doubs,any_td,0.5,touchdowns,nwe,sea,a,,,,,+340,fanatics,0.213,-29.48
Keenan Allen,any_td,0.5,touchdowns,ind,bal,h,,,,,+400,fanatics,0.197,-7.61
Dalton Kincaid,any_td,0.5,touchdowns,buf,hou,a,,,,,+310,fanduel,0.221,-42.49
Kaleb Johnson,any_td,0.5,touchdowns,gnb,min,a,,,,,+325,bet365,0.113,-459.96
Colbie Young,any_td,0.5,touchdowns,cin,tam,h,,,,,+500,bet365,0.058,-1124.14
Dalton Schultz,any_td,0.5,touchdowns,hou,buf,h,,,,,+400,fanatics,0.197,-7.61
Deebo Samuel,any_td,0.5,touchdowns,sfo,,a,,,,,+320,fanduel,0.229,-16.68
Xavier Worthy,any_td,0.5,touchdowns,kan,den,h,,,,,+325,fanatics,0.229,-11.68
Tre Tucker,any_td,0.5,touchdowns,lvr,mia,h,,,,,+320,draftkings,0.221,-32.49
Dontayvion Wicks,any_td,0.5,touchdowns,phi,was,h,,,,,+400,fanatics,0.181,-52.49
Malik Willis,any_td,0.5,touchdowns,mia,lvr,a,,,,,+330,fanduel,0.237,8.06
Kyle Pitts,any_td,0.5,touchdowns,atl,pit,a,,,,,+325,hardrock,0.237,3.06
Samaje Perine,any_td,0.5,touchdowns,cin,tam,h,,,,,+340,fanduel,0.221,-12.49
Jayden Reed,any_td,0.5,touchdowns,gnb,min,a,,,,,+320,draftkings,0.267,45.47
Michael Wilson,any_td,0.5,touchdowns,ari,lac,a,,,,,+340,fanatics,0.197,-67.61
Dylan Laube,any_td,0.5,touchdowns,lvr,mia,h,,,,,+325,bet365,0.049,-1615.82
Tez Johnson,any_td,0.5,touchdowns,tam,cin,a,,,,,+330,draftkings,0.039,-2134.1
Tre' Harris,any_td,0.5,touchdowns,lac,ari,h,,,,,+350,bet365,0.213,-19.48
Sione Vaki,any_td,0.5,touchdowns,det,nor,h,,,,,+330,draftkings,0.068,-1040.59
Cade Otton,any_td,0.5,touchdowns,tam,cin,a,,,,,+330,draftkings,0.213,-39.48
Ted Hurst,any_td,0.5,touchdowns,tam,cin,a,,,,,+400,fanatics,0.095,-552.63
Chris Brooks,any_td,0.5,touchdowns,gnb,min,a,,,,,+450,fanatics,0.205,62.2
Harold Fannin,any_td,0.5,touchdowns,cle,jax,a,,,,,+340,draftkings,0.213,-29.48
Matthew Golden,any_td,0.5,touchdowns,gnb,min,a,,,,,+340,draftkings,0.181,-112.49
Jauan Jennings,any_td,0.5,touchdowns,min,gnb,h,,,,,+340,draftkings,0.156,-201.03
Brian Robinson,any_td,0.5,touchdowns,atl,pit,a,,,,,+425,bet365,0.221,72.51
Justin Herbert,any_td,0.5,touchdowns,lac,ari,h,,,,,+400,fanatics,0.197,-7.61
Khalil Shakir,any_td,0.5,touchdowns,buf,hou,a,,,,,+380,fanatics,0.197,-27.61
Najee Harris,any_td,0.5,touchdowns,nyg,dal,h,,,,,+575,fanatics,0.113,-209.96
Malik Washington,any_td,0.5,touchdowns,mia,lvr,a,,,,,+450,caesars,0.173,-28.03
Wan'Dale Robinson,any_td,0.5,touchdowns,ten,nyj,h,,,,,+400,fanatics,0.197,-7.61
Charlie Kolar,any_td,0.5,touchdowns,lac,ari,h,,,,,+600,fanatics,0.139,-19.42
Caleb Williams,any_td,0.5,touchdowns,chi,car,a,,,,,+400,bet365,0.181,-52.49
Stefon Diggs,any_td,0.5,touchdowns,was,phi,a,,,,,+380,fanduel,0.213,10.52
TreVeyon Henderson,any_td,0.5,touchdowns,nwe,sea,a,,,,,+370,draftkings,0.281,114.13
Makai Lemon,any_td,0.5,touchdowns,phi,was,h,,,,,+400,hardrock,0.181,-52.49
Isaac TeSlaa,any_td,0.5,touchdowns,det,nor,h,,,,,+390,bet365,0.181,-62.49
Devaughn Vele,any_td,0.5,touchdowns,nor,det,a,,,,,+380,draftkings,0.213,10.52
Xavier Hutchinson,any_td,0.5,touchdowns,hou,buf,h,,,,,+600,caesars,0.104,-261.54
David Njoku,any_td,0.5,touchdowns,lac,ari,h,,,,,+450,fanatics,0.189,20.9
Terrance Ferguson,any_td,0.5,touchdowns,,sfo,h,,,,,+425,bet365,0.165,-81.06
Bryce Young,any_td,0.5,touchdowns,car,chi,h,,,,,+500,caesars,0.148,-75.68
Darren Waller,any_td,0.5,touchdowns,car,chi,h,,,,,+750,fanatics,0.156,208.97
Malachi Fields,any_td,0.5,touchdowns,nyg,dal,h,,,,,+425,bet365,0.139,-194.42
Jaylen Wright,any_td,0.5,touchdowns,mia,lvr,a,,,,,+750,fanatics,0.104,-111.54
Kayshon Boutte,any_td,0.5,touchdowns,hou,buf,h,,,,,+420,fanatics,0.213,50.52
Colby Parkinson,any_td,0.5,touchdowns,,sfo,h,,,,,+525,fanatics,0.197,117.39
Tyler Shough,any_td,0.5,touchdowns,nor,det,a,,,,,+400,draftkings,0.197,-7.61
Oronde Gadsden,any_td,0.5,touchdowns,lac,ari,h,,,,,+475,fanatics,0.165,-31.06
Tank Bigsby,any_td,0.5,touchdowns,phi,was,h,,,,,+575,fanatics,0.156,33.97
Pat Freiermuth,any_td,0.5,touchdowns,pit,atl,h,,,,,+400,draftkings,0.221,47.51
Kimani Vidal,any_td,0.5,touchdowns,lac,ari,h,,,,,+400,draftkings,0.113,-384.96
Rashod Bateman,any_td,0.5,touchdowns,bal,ind,a,,,,,+425,draftkings,0.181,-27.49
Velus Jones,any_td,0.5,touchdowns,sea,nwe,h,,,,,+1700,fanatics,0.0,0.0
Calvin Ridley,any_td,0.5,touchdowns,ten,nyj,h,,,,,+575,fanatics,0.148,-0.68
Greg Dulcich,any_td,0.5,touchdowns,mia,lvr,a,,,,,+425,bet365,0.139,-194.42
+5000,any_td,0.5,touchdowns,,,,,,,,+5000,fanatics,0.0,0.0
Jalen Nailor,any_td,0.5,touchdowns,lvr,mia,h,,,,,+475,bet365,0.156,-66.03
T.J. Hockenson,any_td,0.5,touchdowns,min,gnb,h,,,,,+425,draftkings,0.221,72.51
Adonai Mitchell,any_td,0.5,touchdowns,nyj,ten,a,,,,,+575,fanatics,0.165,68.94
Cole Kmet,any_td,0.5,touchdowns,chi,car,a,,,,,+550,fanatics,0.139,-69.42
Drake Maye,any_td,0.5,touchdowns,nwe,sea,a,,,,,+450,draftkings,0.173,-28.03
Gunnar Helm,any_td,0.5,touchdowns,ten,nyj,h,,,,,+480,fanduel,0.165,-26.06
Bo Nix,any_td,0.5,touchdowns,den,kan,a,,,,,+550,fanatics,0.181,97.51
Ja'Kobi Lane,any_td,0.5,touchdowns,bal,ind,a,,,,,+450,draftkings,0.139,-169.42
Jerry Jeudy,any_td,0.5,touchdowns,cle,jax,a,,,,,+550,fanatics,0.139,-69.42
Tommy Tremble,any_td,0.5,touchdowns,car,chi,h,,,,,+700,bet365,0.03,-2533.33
+650,any_td,0.5,touchdowns,,,,,,,,+650,fanduel,0.0,0.0
Ja'Tavion Sanders,any_td,0.5,touchdowns,car,chi,h,,,,,+800,fanatics,0.095,-152.63
Kendre Miller,any_td,0.5,touchdowns,nor,det,a,,,,,+575,fanatics,0.049,-1365.82
Chig Okonkwo,any_td,0.5,touchdowns,was,phi,a,,,,,+475,draftkings,0.131,-188.36
Denzel Boston,any_td,0.5,touchdowns,cle,jax,a,,,,,+500,caesars,0.131,-163.36
A.J. Dillon,any_td,0.5,touchdowns,car,chi,h,,,,,+475,fanatics,0.058,-1149.14
Audric Estime,any_td,0.5,touchdowns,nor,det,a,,,,,+600,fanatics,0.01,-9300.0
+750,any_td,0.5,touchdowns,,,,,,,,+750,fanduel,0.0,0.0
Xavier Legette,any_td,0.5,touchdowns,car,chi,h,,,,,+650,fanatics,0.122,-69.67
+700,any_td,0.5,touchdowns,,,,,,,,+700,fanduel,0.0,0.0
Demond Claiborne,any_td,0.5,touchdowns,min,gnb,h,,,,,+1400,hardrock,0.058,-224.14
Ryan Flournoy,any_td,0.5,touchdowns,dal,nyg,a,,,,,+700,fanatics,0.139,80.58
+500,any_td,0.5,touchdowns,,,,,,,,+500,fanduel,0.0,0.0
KC Concepcion,any_td,0.5,touchdowns,cle,jax,a,,,,,+500,draftkings,0.173,21.97
Erick All,any_td,0.5,touchdowns,cin,tam,h,,,,,+810,fanatics,0.095,-142.63
Michael Mayer,any_td,0.5,touchdowns,lvr,mia,h,,,,,+575,fanatics,0.122,-144.67
Tank Dell,any_td,0.5,touchdowns,hou,buf,h,,,,,+500,draftkings,0.0,0.0
Theo Johnson,any_td,0.5,touchdowns,nyg,dal,h,,,,,+750,fanatics,0.122,30.33
Mason Taylor,any_td,0.5,touchdowns,nyj,ten,a,,,,,+525,caesars,0.113,-259.96
+750,any_td,0.5,touchdowns,,,,,,,,+750,fanduel,0.0,0.0
Caleb Douglas,any_td,0.5,touchdowns,mia,lvr,a,,,,,+500,draftkings,0.139,-119.42
Daniel Jones,any_td,0.5,touchdowns,ind,bal,h,,,,,+550,fanatics,0.131,-113.36
Justice Hill,any_td,0.5,touchdowns,bal,ind,a,,,,,+575,fanatics,0.148,-0.68
Jaylin Noel,any_td,0.5,touchdowns,hou,buf,h,,,,,+550,bet365,0.139,-69.42
Devontez Walker,any_td,0.5,touchdowns,bal,ind,a,,,,,+800,fanatics,0.049,-1140.82
Tyler Higbee,any_td,0.5,touchdowns,,sfo,h,,,,,+700,fanatics,0.104,-161.54
Emanuel Wilson,any_td,0.5,touchdowns,sea,nwe,h,,,,,+680,fanatics,0.205,292.2
Darnell Mooney,any_td,0.5,touchdowns,nyg,dal,h,,,,,+800,fanatics,0.086,-262.79
Tyquan Thornton,any_td,0.5,touchdowns,kan,den,h,,,,,+650,fanatics,0.122,-69.67
Dak Prescott,any_td,0.5,touchdowns,dal,nyg,a,,,,,+750,fanatics,0.131,86.64
Patrick Mahomes,any_td,0.5,touchdowns,kan,den,h,,,,,+650,fanduel,0.181,197.51
Sean Tucker,any_td,0.5,touchdowns,tam,cin,a,,,,,+550,draftkings,0.122,-169.67
+550,any_td,0.5,touchdowns,,,,,,,,+550,fanduel,0.0,0.0
Jahan Dotson,any_td,0.5,touchdowns,atl,pit,a,,,,,+650,bet365,0.095,-302.63
Darnell Washington,any_td,0.5,touchdowns,pit,atl,h,,,,,+575,fanatics,0.139,-44.42
Evan Engram,any_td,0.5,touchdowns,den,kan,a,,,,,+550,draftkings,0.122,-169.67
Germie Bernard,any_td,0.5,touchdowns,pit,atl,h,,,,,+700,bet365,0.095,-252.63
Brock Purdy,any_td,0.5,touchdowns,sfo,,a,,,,,+600,fanatics,0.122,-119.67
+700,any_td,0.5,touchdowns,,,,,,,,+700,fanduel,0.0,0.0
+600,any_td,0.5,touchdowns,,,,,,,,+600,fanduel,0.131,-63.36
Jalen Tolbert,any_td,0.5,touchdowns,mia,lvr,a,,,,,+900,fanatics,0.086,-162.79
Ray Davis,any_td,0.5,touchdowns,buf,hou,a,,,,,+600,caesars,0.068,-770.59
Baker Mayfield,any_td,0.5,touchdowns,tam,cin,a,,,,,+650,fanatics,0.113,-134.96
+650,any_td,0.5,touchdowns,,,,,,,,+650,fanduel,0.0,0.0
+750,any_td,0.5,touchdowns,,,,,,,,+750,fanduel,0.0,0.0
+600,any_td,0.5,touchdowns,,,,,,,,+600,fanduel,0.0,0.0
Isaiah Davis,any_td,0.5,touchdowns,nyj,ten,a,,,,,+700,fanatics,0.058,-924.14
Ty Johnson,any_td,0.5,touchdowns,buf,hou,a,,,,,+750,fanatics,0.113,-34.96
Pat Bryant,any_td,0.5,touchdowns,den,kan,a,,,,,+600,draftkings,0.095,-352.63
Keon Coleman,any_td,0.5,touchdowns,buf,hou,a,,,,,+750,fanatics,0.104,-111.54
Roschon Johnson,any_td,0.5,touchdowns,chi,car,a,,,,,+650,fanduel,0.0,0.0
Dawson Knox,any_td,0.5,touchdowns,buf,hou,a,,,,,+650,fanduel,0.095,-302.63
Roman Wilson,any_td,0.5,touchdowns,pit,atl,h,,,,,+1000,bet365,0.077,-198.7
+600,any_td,0.5,touchdowns,,,,,,,,+600,fanduel,0.0,0.0
Bryce Lance,any_td,0.5,touchdowns,nor,det,a,,,,,+600,draftkings,0.086,-462.79
Christian Kirk,any_td,0.5,touchdowns,sfo,,a,,,,,+600,draftkings,0.0,0.0
KaVontae Turpin,any_td,0.5,touchdowns,dal,nyg,a,,,,,+700,bet365,0.086,-362.79
Dylan Sampson,any_td,0.5,touchdowns,cle,jax,a,,,,,+650,fanduel,0.139,30.58
Kalif Raymond,any_td,0.5,touchdowns,chi,car,a,,,,,+600,draftkings,0.0,0.0
+750,any_td,0.5,touchdowns,,,,,,,,+750,fanduel,0.0,0.0
Travis Hunter,any_td,0.5,touchdowns,jax,cle,h,,,,,+600,draftkings,0.131,-63.36
Demarcus Robinson,any_td,0.5,touchdowns,sfo,,a,,,,,+800,bet365,0.03,-2433.33
Elijah Higgins,any_td,0.5,touchdowns,ari,lac,a,,,,,+1200,hardrock,0.058,-424.14
+650,any_td,0.5,touchdowns,,,,,,,,+650,fanduel,0.0,0.0
Jack Bech,any_td,0.5,touchdowns,lvr,mia,h,,,,,+650,draftkings,0.086,-412.79
Ollie Gordon,any_td,0.5,touchdowns,mia,lvr,a,,,,,+800,fanatics,0.113,15.04
+650,any_td,0.5,touchdowns,,,,,,,,+650,fanduel,0.0,0.0
Kendrick Bourne,any_td,0.5,touchdowns,ari,lac,a,,,,,+700,bet365,0.086,-362.79
+650,any_td,0.5,touchdowns,,,,,,,,+650,fanduel,0.0,0.0
Calvin Austin,any_td,0.5,touchdowns,nyg,dal,h,,,,,+650,draftkings,0.0,0.0
Hollywood Brown,any_td,0.5,touchdowns,phi,was,h,,,,,+700,fanduel,0.086,-362.79
+650,any_td,0.5,touchdowns,,,,,,,,+650,fanduel,0.0,0.0
Jake Bobo,any_td,0.5,touchdowns,sea,nwe,h,,,,,+700,draftkings,0.0,0.0
Kenyon Sadiq,any_td,0.5,touchdowns,nyj,ten,a,,,,,+700,draftkings,0.139,80.58
Malik Benson,any_td,0.5,touchdowns,lvr,mia,h,,,,,+750,bet365,0.058,-874.14
Noah Fant,any_td,0.5,touchdowns,nor,det,a,,,,,+700,draftkings,0.095,-252.63
Cam Ward,any_td,0.5,touchdowns,ten,nyj,h,,,,,+800,fanduel,0.104,-61.54
Tory Horton,any_td,0.5,touchdowns,sea,nwe,h,,,,,+700,draftkings,0.0,0.0
Elijah Arroyo,any_td,0.5,touchdowns,sea,nwe,h,,,,,+1000,bet365,0.095,47.37
Nicholas Singleton,any_td,0.5,touchdowns,ten,nyj,h,,,,,+750,bet365,0.086,-312.79
Joe Burrow,any_td,0.5,touchdowns,cin,tam,h,,,,,+900,fanatics,0.095,-52.63
+700,any_td,0.5,touchdowns,,,,,,,,+700,fanduel,0.0,0.0
+700,any_td,0.5,touchdowns,,,,,,,,+700,fanduel,0.0,0.0
Darius Slayton,any_td,0.5,touchdowns,nyg,dal,h,,,,,+800,fanduel,0.122,80.33
Deshaun Watson,any_td,0.5,touchdowns,cle,jax,a,,,,,+1000,fanatics,0.122,280.33
Treylon Burks,any_td,0.5,touchdowns,was,phi,a,,,,,+1000,fanatics,0.039,-1464.1
+700,any_td,0.5,touchdowns,,,,,,,,+700,fanatics,0.0,0.0
Emari Demercado,any_td,0.5,touchdowns,dal,nyg,a,,,,,+850,hardrock,0.03,-2383.33
Adam Trautman,any_td,0.5,touchdowns,den,kan,a,,,,,+1050,fanatics,0.049,-890.82
Jack Endries,any_td,0.5,touchdowns,cin,tam,h,,,,,+750,draftkings,0.01,-9150.0
DeMario Douglas,any_td,0.5,touchdowns,nwe,sea,a,,,,,+750,draftkings,0.104,-111.54
+750,any_td,0.5,touchdowns,,,,,,,,+750,fanduel,0.0,0.0
Oscar Delp,any_td,0.5,touchdowns,nor,det,a,,,,,+750,bet365,0.049,-1190.82
+750,any_td,0.5,touchdowns,,,,,,,,+750,fanduel,0.0,0.0
Odell Beckham,any_td,0.5,touchdowns,nyg,dal,h,,,,,+800,fanduel,0.086,-262.79
Jimmy Horn,any_td,0.5,touchdowns,car,chi,h,,,,,+1000,bet365,0.077,-198.7
Zavion Thomas,any_td,0.5,touchdowns,chi,car,a,,,,,+750,draftkings,0.113,-34.96
Ashton Dulin,any_td,0.5,touchdowns,ind,bal,h,,,,,+750,bet365,0.049,-1190.82
Olamide Zaccheaus,any_td,0.5,touchdowns,atl,pit,a,,,,,+1200,bet365,0.077,1.3
+750,any_td,0.5,touchdowns,,,,,,,,+750,fanduel,0.0,0.0
Jake Tonges,any_td,0.5,touchdowns,sfo,,a,,,,,+900,fanduel,0.122,180.33
Jordan Whittington,any_td,0.5,touchdowns,,sfo,h,,,,,+900,fanatics,0.039,-1564.1
Brashard Smith,any_td,0.5,touchdowns,kan,den,h,,,,,+1000,fanduel,0.095,47.37
+800,any_td,0.5,touchdowns,,,,,,,,+800,fanduel,0.0,0.0
+800,any_td,0.5,touchdowns,,,,,,,,+800,fanduel,0.0,0.0
Elic Ayomanor,any_td,0.5,touchdowns,ten,nyj,h,,,,,+800,draftkings,0.058,-824.14
+800,any_td,0.5,touchdowns,,,,,,,,+800,fanduel,0.0,0.0
+800,any_td,0.5,touchdowns,,,,,,,,+800,draftkings,0.068,-570.59
Tyler Badie,any_td,0.5,touchdowns,den,kan,a,,,,,+800,fanduel,0.0,0.0
Malik Davis,any_td,0.5,touchdowns,dal,nyg,a,,,,,+800,draftkings,0.122,80.33
Grant Calcaterra,any_td,0.5,touchdowns,phi,was,h,,,,,+800,bet365,0.0,0.0
Luke Schoonmaker,any_td,0.5,touchdowns,dal,nyg,a,,,,,+1700,fanatics,0.058,75.86
+800,any_td,0.5,touchdowns,,,,,,,,+800,fanduel,0.0,0.0
+800,any_td,0.5,touchdowns,,,,,,,,+800,fanduel,0.0,0.0
+800,any_td,0.5,touchdowns,,,,,,,,+800,fanduel,0.0,0.0
Josh Oliver,any_td,0.5,touchdowns,min,gnb,h,,,,,+1050,fanatics,0.122,330.33
+850,any_td,0.5,touchdowns,,,,,,,,+850,fanduel,0.0,0.0
Jordan Love,any_td,0.5,touchdowns,gnb,min,a,,,,,+850,draftkings,0.104,-11.54
LeQuint Allen,any_td,0.5,touchdowns,jax,cle,h,,,,,+1100,hardrock,0.039,-1364.1
Zachariah Branch,any_td,0.5,touchdowns,atl,pit,a,,,,,+850,draftkings,0.068,-520.59
Jordan James,any_td,0.5,touchdowns,sfo,,a,,,,,+850,draftkings,0.01,-9050.0
Jonnu Smith,any_td,0.5,touchdowns,gnb,min,a,,,,,+1300,fanatics,0.058,-324.14
Kaelon Black,any_td,0.5,touchdowns,sfo,,a,,,,,+850,draftkings,0.049,-1090.82
Marvin Mims,any_td,0.5,touchdowns,den,kan,a,,,,,+1000,fanduel,0.058,-624.14
Ameer Abdullah,any_td,0.5,touchdowns,jax,cle,h,,,,,+1200,hardrock,0.0,0.0
John Metchie,any_td,0.5,touchdowns,car,chi,h,,,,,+1050,fanatics,0.0,0.0
Sam Darnold,any_td,0.5,touchdowns,sea,nwe,h,,,,,+1050,fanatics,0.068,-320.59
C.J. Stroud,any_td,0.5,touchdowns,hou,buf,h,,,,,+900,fanatics,0.095,-52.63
Jahdae Walker,any_td,0.5,touchdowns,chi,car,a,,,,,+850,draftkings,0.077,-348.7
Isaiah Williams,any_td,0.5,touchdowns,nyj,ten,a,,,,,+900,fanduel,0.077,-298.7
Elijah Sarratt,any_td,0.5,touchdowns,bal,ind,a,,,,,+1300,bet365,0.039,-1164.1
Bam Knight,any_td,0.5,touchdowns,ari,lac,a,,,,,+900,bet365,0.039,-1564.1
+900,any_td,0.5,touchdowns,,,,,,,,+900,fanduel,0.0,0.0
Tanner Hudson,any_td,0.5,touchdowns,cin,tam,h,,,,,+900,bet365,0.086,-162.79
+900,any_td,0.5,touchdowns,,,,,,,,+900,bet365,0.122,180.33
Joshua Palmer,any_td,0.5,touchdowns,buf,hou,a,,,,,+950,fanduel,0.077,-248.7
Austin Hooper,any_td,0.5,touchdowns,atl,pit,a,,,,,+1050,fanatics,0.058,-574.14
+950,any_td,0.5,touchdowns,,,,,,,,+950,fanduel,0.0,0.0
Kaytron Allen,any_td,0.5,touchdowns,was,phi,a,,,,,+950,draftkings,0.049,-990.82
Omar Cooper,any_td,0.5,touchdowns,nyj,ten,a,,,,,+1050,fanatics,0.131,386.64
Josh Whyle,any_td,0.5,touchdowns,gnb,min,a,,,,,+2200,fanatics,0.01,-7700.0
Kameron Johnson,any_td,0.5,touchdowns,tam,cin,a,,,,,+1000,fanatics,0.01,-8900.0
Jacob Cowing,any_td,0.5,touchdowns,sfo,,a,,,,,+1000,fanatics,0.0,0.0
Drew Sample,any_td,0.5,touchdowns,cin,tam,h,,,,,+1100,bet365,0.077,-98.7
Rasheen Ali,any_td,0.5,touchdowns,bal,ind,a,,,,,+1600,hardrock,0.095,647.37
Konata Mumpfield,any_td,0.5,touchdowns,,sfo,h,,,,,+1100,fanduel,0.058,-524.14
Seth McGowan,any_td,0.5,touchdowns,ind,bal,h,,,,,+1000,bet365,0.039,-1464.1
Durham Smythe,any_td,0.5,touchdowns,bal,ind,a,,,,,+1800,bet365,0.03,-1433.33
Jacoby Brissett,any_td,0.5,touchdowns,ari,lac,a,,,,,+1050,fanatics,0.077,-148.7
Barion Brown,any_td,0.5,touchdowns,nor,det,a,,,,,+1000,draftkings,0.049,-940.82
+1000,any_td,0.5,touchdowns,,,,,,,,+1000,fanduel,0.0,0.0
Robert Tonyan,any_td,0.5,touchdowns,pit,atl,h,,,,,+1000,bet365,0.01,-8900.0
Devin Singletary,any_td,0.5,touchdowns,nyg,dal,h,,,,,+1200,fanduel,0.104,338.46
Chimere Dike,any_td,0.5,touchdowns,ten,nyj,h,,,,,+1000,draftkings,0.086,-62.79
Jalen Brooks,any_td,0.5,touchdowns,ari,lac,a,,,,,+2500,fanatics,0.01,-7400.0
Devin Duvernay,any_td,0.5,touchdowns,ari,lac,a,,,,,+1300,fanatics,0.0,0.0
Troy Franklin,any_td,0.5,touchdowns,den,kan,a,,,,,+1300,fanduel,0.122,580.33
Mack Hollins,any_td,0.5,touchdowns,nwe,sea,a,,,,,+1000,draftkings,0.068,-370.59
Brock Wright,any_td,0.5,touchdowns,det,nor,h,,,,,+1000,draftkings,0.068,-370.59
Daniel Bellinger,any_td,0.5,touchdowns,ten,nyj,h,,,,,+1000,bet365,0.058,-624.14
Reggie Virgil,any_td,0.5,touchdowns,ari,lac,a,,,,,+2200,fanatics,0.0,0.0
Luke Farrell,any_td,0.5,touchdowns,sfo,,a,,,,,+1050,fanatics,0.02,-3850.0
Jaylin Lane,any_td,0.5,touchdowns,was,phi,a,,,,,+1200,fanduel,0.01,-8700.0
Brevyn Spann-Ford,any_td,0.5,touchdowns,dal,nyg,a,,,,,+2200,fanatics,0.039,-264.1
Trevor Etienne,any_td,0.5,touchdowns,car,chi,h,,,,,+1100,bet365,0.0,0.0
Foster Moreau,any_td,0.5,touchdowns,hou,buf,h,,,,,+1300,fanatics,0.058,-324.14
Connor Heyward,any_td,0.5,touchdowns,lvr,mia,h,,,,,+3000,fanatics,0.02,-1900.0
Antonio Williams,any_td,0.5,touchdowns,was,phi,a,,,,,+1100,hardrock,0.086,37.21
CJ Daniels,any_td,0.5,touchdowns,,sfo,h,,,,,+3000,fanatics,0.01,-6900.0
Xavier Smith,any_td,0.5,touchdowns,,sfo,h,,,,,+2200,fanatics,0.039,-264.1
Noah Gray,any_td,0.5,touchdowns,kan,den,h,,,,,+1100,draftkings,0.086,37.21
Tay Martin,any_td,0.5,touchdowns,det,nor,h,,,,,+1200,draftkings,0.049,-740.82
Dyami Brown,any_td,0.5,touchdowns,was,phi,a,,,,,+1200,fanatics,0.01,-8700.0
Mitchell Evans,any_td,0.5,touchdowns,car,chi,h,,,,,+1200,draftkings,0.02,-3700.0
DJ Giddens,any_td,0.5,touchdowns,ind,bal,h,,,,,+1200,bet365,0.03,-2033.33
Bo Melton,any_td,0.5,touchdowns,gnb,min,a,,,,,+1300,fanatics,0.049,-640.82
Brayden Willis,any_td,0.5,touchdowns,sfo,,a,,,,,+1200,fanatics,0.0,0.0
Luke Musgrave,any_td,0.5,touchdowns,gnb,min,a,,,,,+1200,fanatics,0.0,0.0
Deion Burks,any_td,0.5,touchdowns,ind,bal,h,,,,,+1200,bet365,0.02,-3700.0
Kyle Juszczyk,any_td,0.5,touchdowns,sfo,,a,,,,,+1700,fanatics,0.068,329.41
Luke McCaffrey,any_td,0.5,touchdowns,was,phi,a,,,,,+1300,fanatics,0.058,-324.14
Tom Kennedy,any_td,0.5,touchdowns,det,nor,h,,,,,+1250,bet365,0.0,0.0
Ian Thomas,any_td,0.5,touchdowns,lvr,mia,h,,,,,+2200,fanatics,0.01,-7700.0
+1300,any_td,0.5,touchdowns,,,,,,,,+1300,bet365,0.0,0.0
Scotty Miller,any_td,0.5,touchdowns,chi,car,a,,,,,+1300,bet365,0.0,0.0
Kyle Williams,any_td,0.5,touchdowns,nwe,sea,a,,,,,+1500,fanduel,0.077,301.3
Jackson Hawes,any_td,0.5,touchdowns,buf,hou,a,,,,,+1300,draftkings,0.049,-640.82
Aaron Rodgers,any_td,0.5,touchdowns,pit,atl,h,,,,,+2000,bet365,0.049,59.18
Will Shipley,any_td,0.5,touchdowns,phi,was,h,,,,,+1900,fanatics,0.03,-1333.33
Nate Boerkircher,any_td,0.5,touchdowns,jax,cle,h,,,,,+1300,bet365,0.039,-1164.1
Davis Allen,any_td,0.5,touchdowns,,sfo,h,,,,,+1300,draftkings,0.068,-70.59
Jared Goff,any_td,0.5,touchdowns,det,nor,h,,,,,+1800,bet365,0.03,-1433.33
Tai Felton,any_td,0.5,touchdowns,min,gnb,h,,,,,+1400,draftkings,0.02,-3500.0
Eli Raridon,any_td,0.5,touchdowns,nwe,sea,a,,,,,+1400,draftkings,0.058,-224.14
Derius Davis,any_td,0.5,touchdowns,lac,ari,h,,,,,+1400,bet365,0.0,0.0
Raheim Sanders,any_td,0.5,touchdowns,cle,jax,a,,,,,+1800,fanduel,0.02,-3100.0
Isaiah Bond,any_td,0.5,touchdowns,cle,jax,a,,,,,+1400,draftkings,0.03,-1833.33
Will Kacmarek,any_td,0.5,touchdowns,mia,lvr,a,,,,,+1400,bet365,0.039,-1064.1
Jared Wiley,any_td,0.5,touchdowns,kan,den,h,,,,,+2800,fanatics,0.0,0.0
Braxton Berrios,any_td,0.5,touchdowns,nyg,dal,h,,,,,+1500,fanatics,0.0,0.0
Mo Alie-Cox,any_td,0.5,touchdowns,ind,bal,h,,,,,+1900,fanatics,0.058,275.86
Trey Benson,any_td,0.5,touchdowns,ari,lac,a,,,,,+1550,bet365,0.0,0.0
+1550,any_td,0.5,touchdowns,,,,,,,,+1550,bet365,0.0,0.0
Geno Smith,any_td,0.5,touchdowns,nyj,ten,a,,,,,+1600,draftkings,0.068,229.41
Matthew Stafford,any_td,0.5,touchdowns,,sfo,h,,,,,+1900,fanatics,0.01,-8000.0
Skyler Bell,any_td,0.5,touchdowns,buf,hou,a,,,,,+1600,draftkings,0.049,-340.82
Johnny Mundt,any_td,0.5,touchdowns,phi,was,h,,,,,+1700,fanatics,0.02,-3200.0
Quintin Morris,any_td,0.5,touchdowns,jax,cle,h,,,,,+3500,fanatics,0.0,0.0
Jake Briningstool,any_td,0.5,touchdowns,kan,den,h,,,,,+1700,draftkings,0.01,-8200.0
Cade Stover,any_td,0.5,touchdowns,hou,buf,h,,,,,+3000,fanatics,0.02,-1900.0
Charlie Woerner,any_td,0.5,touchdowns,atl,pit,a,,,,,+2200,fanduel,0.01,-7700.0
Andrew Beck,any_td,0.5,touchdowns,nyj,ten,a,,,,,+2700,fanduel,0.01,-7200.0
Nikko Remigio,any_td,0.5,touchdowns,kan,den,h,,,,,+3000,fanatics,0.01,-6900.0
Skyy Moore,any_td,0.5,touchdowns,gnb,min,a,,,,,+1800,draftkings,0.01,-8100.0
Tim Patrick,any_td,0.5,touchdowns,nyj,ten,a,,,,,+1800,bet365,0.01,-8100.0
Montorie Foster,any_td,0.5,touchdowns,sea,nwe,h,,,,,+1900,draftkings,0.01,-8000.0
John Bates,any_td,0.5,touchdowns,was,phi,a,,,,,+2200,fanatics,0.058,575.86
Darius Cooper,any_td,0.5,touchdowns,phi,was,h,,,,,+1900,draftkings,0.0,0.0
Hunter Luepke,any_td,0.5,touchdowns,dal,nyg,a,,,,,+3500,fanatics,0.068,2129.41
Elijah Moore,any_td,0.5,touchdowns,phi,was,h,,,,,+1900,draftkings,0.01,-8000.0
Marlin Klein,any_td,0.5,touchdowns,hou,buf,h,,,,,+2000,fanduel,0.02,-2900.0
Tahj Brooks,any_td,0.5,touchdowns,cin,tam,h,,,,,+2200,fanduel,0.02,-2700.0
Jonathan Mingo,any_td,0.5,touchdowns,dal,nyg,a,,,,,+1900,draftkings,0.02,-3000.0
Mark Redman,any_td,0.5,touchdowns,gnb,min,a,,,,,+2200,fanduel,0.01,-7700.0
Myles Price,any_td,0.5,touchdowns,min,gnb,h,,,,,+2000,draftkings,0.0,0.0
Efton Chism,any_td,0.5,touchdowns,nwe,sea,a,,,,,+3000,fanatics,0.01,-6900.0
Kylen Granson,any_td,0.5,touchdowns,ten,nyj,h,,,,,+3500,fanatics,0.01,-6400.0
Brycen Tremayne,any_td,0.5,touchdowns,car,chi,h,,,,,+2000,draftkings,0.01,-7900.0
Alec Ingold,any_td,0.5,touchdowns,lac,ari,h,,,,,+2200,fanatics,0.02,-2700.0
Riley Nowakowski,any_td,0.5,touchdowns,pit,atl,h,,,,,+2500,hardrock,0.02,-2400.0
Dareke Young,any_td,0.5,touchdowns,lvr,mia,h,,,,,+2200,fanatics,0.01,-7700.0
Sam Roush,any_td,0.5,touchdowns,chi,car,a,,,,,+2200,draftkings,0.0,0.0
Matthew Hibner,any_td,0.5,touchdowns,bal,ind,a,,,,,+2200,fanatics,0.122,1480.33
Kene Nwangwu,any_td,0.5,touchdowns,nyj,ten,a,,,,,+2200,fanatics,0.0,0.0
Jared Wayne,any_td,0.5,touchdowns,hou,buf,h,,,,,+2200,fanatics,0.01,-7700.0
Max Bredeson,any_td,0.5,touchdowns,min,gnb,h,,,,,+2200,draftkings,0.01,-7700.0
Kirk Cousins,any_td,0.5,touchdowns,lvr,mia,h,,,,,+2200,draftkings,0.058,575.86
Ko Kieft,any_td,0.5,touchdowns,tam,cin,a,,,,,+2200,fanatics,0.01,-7700.0
Camden Brown,any_td,0.5,touchdowns,dal,nyg,a,,,,,+2200,draftkings,0.0,0.0
Eric Saubert,any_td,0.5,touchdowns,sea,nwe,h,,,,,+3500,fanatics,0.02,-1400.0
Cameron Latu,any_td,0.5,touchdowns,nwe,sea,a,,,,,+3500,fanatics,0.0,0.0
Jeremy Ruckert,any_td,0.5,touchdowns,nyj,ten,a,,,,,+2200,draftkings,0.03,-1033.33
Ben Skowronek,any_td,0.5,touchdowns,pit,atl,h,,,,,+2800,fanatics,0.01,-7100.0
Nate Adkins,any_td,0.5,touchdowns,den,kan,a,,,,,+2700,fanduel,0.039,235.9
Lil'Jordan Humphrey,any_td,0.5,touchdowns,den,kan,a,,,,,+2800,fanatics,0.01,-7100.0
Dohnte Meyers,any_td,0.5,touchdowns,cin,tam,h,,,,,+2500,fanatics,0.02,-2400.0
Julius Chestnut,any_td,0.5,touchdowns,ten,nyj,h,,,,,+2500,fanatics,0.0,0.0
Nick Kallerup,any_td,0.5,touchdowns,sea,nwe,h,,,,,+2500,draftkings,0.01,-7400.0
Ben Yurosek,any_td,0.5,touchdowns,min,gnb,h,,,,,+2500,draftkings,0.01,-7400.0
Dylan Drummond,any_td,0.5,touchdowns,atl,pit,a,,,,,+2500,bet365,0.0,0.0
Tanner Arkin,any_td,0.5,touchdowns,nwe,sea,a,,,,,+2800,draftkings,0.01,-7100.0
Chris Manhertz,any_td,0.5,touchdowns,nyg,dal,h,,,,,+6000,fanatics,0.01,-3900.0
Kevin Coleman,any_td,0.5,touchdowns,mia,lvr,a,,,,,+2800,draftkings,0.01,-7100.0
Ben Sinnott,any_td,0.5,touchdowns,was,phi,a,,,,,+3300,fanduel,0.049,1359.18
Thomas Fidone,any_td,0.5,touchdowns,nyg,dal,h,,,,,+2800,draftkings,0.01,-7100.0
Dan Villari,any_td,0.5,touchdowns,,sfo,h,,,,,+175,bet365,0.0,0.0
Cameron Dorner,any_td,0.5,touchdowns,nwe,sea,a,,,,,+270,bet365,0.0,0.0
Ronnie Rivers,any_td,0.5,touchdowns,,sfo,h,,,,,+7000,fanduel,0.0,0.0
Colson Yankoff,any_td,0.5,touchdowns,was,phi,a,,,,,+7000,fanatics,0.01,-2900.0
British Brooks,any_td,0.5,touchdowns,hou,buf,h,,,,,+3500,draftkings,0.02,-1400.0
Michael Burton,any_td,0.5,touchdowns,cle,jax,a,,,,,+4000,draftkings,0.0,0.0
Brady Russell,any_td,0.5,touchdowns,sea,nwe,h,,,,,+5000,draftkings,0.0,0.0
Will Pauling,any_td,0.5,touchdowns,sfo,,a,,,,,+225,bet365,0.0,0.0
Malachi Corley,any_td,0.5,touchdowns,cle,jax,a,,,,,+3000,fanduel,0.02,-1900.0
+3000,any_td,0.5,touchdowns,,,,,,,,+3000,draftkings,0.02,-1900.0
Blake Whiteheart,any_td,0.5,touchdowns,cle,jax,a,,,,,+3000,draftkings,0.02,-1900.0
Dean Connors,any_td,0.5,touchdowns,,sfo,h,,,,,+120,bet365,0.0,0.0
Reggie Gilliam,any_td,0.5,touchdowns,nwe,sea,a,,,,,+3500,fanatics,0.0,0.0
Tylan Wallace,any_td,0.5,touchdowns,cle,jax,a,,,,,+3000,draftkings,0.01,-6900.0
Tua Tagovailoa,any_td,0.5,touchdowns,atl,pit,a,,,,,+3000,bet365,0.03,-233.33
Joe Burrow,pass_td,1.5,passing-tds,cin,tam,h,-205,fanatics,-200,caesars,,,2.2,-0.3
Jared Goff,pass_td,1.5,passing-tds,det,nor,h,-190,caesars,+160,bet365,,,2.1,0.6
Justin Herbert,pass_td,1.5,passing-tds,lac,ari,h,-170,bet365,-230,riverscasino,,,2.1,0.6
Matthew Stafford,pass_td,1.5,passing-tds,,sfo,h,-144,fanduel,+130,bet365,,,2.0,0.5
Dak Prescott,pass_td,1.5,passing-tds,dal,nyg,a,-136,fanduel,+114,draftkings,,,1.9,0.4
Baker Mayfield,pass_td,1.5,passing-tds,tam,cin,a,-112,fanduel,-105,draftkings,,,1.7,0.2
Brock Purdy,pass_td,1.5,passing-tds,sfo,,a,-102,fanduel,-115,fanatics,,,1.6,0.1
Caleb Williams,pass_td,1.5,passing-tds,chi,car,a,-103,draftkings,-113,riverscasino,,,1.7,0.2
Trevor Lawrence,pass_td,1.5,passing-tds,jax,cle,h,-102,draftkings,-115,bet365,,,1.6,0.1
Sam Darnold,pass_td,1.5,passing-tds,sea,nwe,h,+106,riverscasino,-120,bet365,,,1.6,0.1
Jordan Love,pass_td,1.5,passing-tds,gnb,min,a,+106,draftkings,-120,bet365,,,1.5,0.0
Bryce Young,pass_td,1.5,passing-tds,car,chi,h,+120,bet365,-136,draftkings,,,1.4,-0.1
Lamar Jackson,pass_td,1.5,passing-tds,bal,ind,a,+107,draftkings,-130,fanatics,,,1.6,0.1
Kyler Murray,pass_td,1.5,passing-tds,min,gnb,h,+122,bet365,-147,draftkings,,,1.5,0.0
Jalen Hurts,pass_td,1.5,passing-tds,phi,was,h,+120,bet365,-140,fanduel,,,1.5,0.0
Patrick Mahomes,pass_td,1.5,passing-tds,kan,den,h,+118,draftkings,-130,bet365,,,1.5,0.0
C.J. Stroud,pass_td,1.5,passing-tds,hou,buf,h,+135,bet365,-150,fanatics,,,1.4,-0.1
Jaxson Dart,pass_td,1.5,passing-tds,nyg,dal,h,+140,riverscasino,-154,draftkings,,,1.4,-0.1
Aaron Rodgers,pass_td,1.5,passing-tds,pit,atl,h,+125,hardrock,-145,bet365,,,1.4,-0.1
Tyler Shough,pass_td,1.5,passing-tds,nor,det,a,+140,fanduel,-160,bet365,,,1.4,-0.1
Daniel Jones,pass_td,1.5,passing-tds,ind,bal,h,+138,fanduel,-160,bet365,,,1.4,-0.1
Justin Fields,pass_td,0.5,passing-tds,kan,den,h,+155,bet365,-200,bet365,,,0.0,0.0
Drake Maye,pass_td,1.5,passing-tds,nwe,sea,a,+155,riverscasino,-150,bet365,,,1.3,-0.2
Josh Allen,pass_td,1.5,passing-tds,buf,hou,a,+160,riverscasino,-170,bet365,,,1.3,-0.2
Kirk Cousins,pass_td,1.5,passing-tds,lvr,mia,h,+157,draftkings,-178,fanduel,,,1.4,-0.1
Cam Ward,pass_td,1.5,passing-tds,ten,nyj,h,+188,riverscasino,-210,bet365,,,1.2,-0.3
Bo Nix,pass_td,1.5,passing-tds,den,kan,a,+175,riverscasino,-215,fanatics,,,1.2,-0.3
Jacoby Brissett,pass_td,1.5,passing-tds,ari,lac,a,+188,draftkings,-218,caesars,,,1.2,-0.3
Geno Smith,pass_td,0.5,passing-tds,nyj,ten,a,-245,fanatics,-270,bet365,,,1.2,-0.3
Jayden Daniels,pass_td,0.5,passing-tds,was,phi,a,-245,fanduel,-230,fanatics,,,1.2,0.7
Tua Tagovailoa,pass_td,0.5,passing-tds,atl,pit,a,-230,hardrock,-210,bet365,,,1.1,0.6
Malik Willis,pass_td,0.5,passing-tds,mia,lvr,a,-194,draftkings,+170,fanatics,,,1.0,0.5
Deshaun Watson,pass_td,0.5,passing-tds,cle,jax,a,-155,draftkings,+142,fanduel,,,0.9,0.4
Joe Burrow,pass_cmp,24.5,completions,cin,tam,h,-110,fanatics,-102,fanduel,,,23.5,-1.0
Matthew Stafford,pass_cmp,22.5,completions,,sfo,h,-130,fanduel,-115,hardrock,,,23.0,-0.5
Jared Goff,pass_cmp,22.5,completions,det,nor,h,-114,fanduel,-115,hardrock,,,22.5,-1.0
Dak Prescott,pass_cmp,22.5,completions,dal,nyg,a,-105,fanatics,-115,hardrock,,,22.4,-0.1
Tyler Shough,pass_cmp,21.5,completions,nor,det,a,-115,hardrock,-114,fanduel,,,22.5,1.0
Brock Purdy,pass_cmp,21.5,completions,sfo,,a,-115,bet365,-130,fanduel,,,22.5,1.0
Kyler Murray,pass_cmp,21.5,completions,min,gnb,h,-115,bet365,-102,fanduel,,,21.9,0.4
Bo Nix,pass_cmp,21.5,completions,den,kan,a,-110,bet365,-102,fanduel,,,21.4,-0.1
Patrick Mahomes,pass_cmp,20.5,completions,kan,den,h,-114,fanduel,-125,bet365,,,20.6,-0.9
Aaron Rodgers,pass_cmp,20.5,completions,pit,atl,h,-102,fanduel,-120,hardrock,,,20.0,-1.5
Jacoby Brissett,pass_cmp,21.5,completions,ari,lac,a,even,bet365,-114,fanduel,,,21.5,0.0
Baker Mayfield,pass_cmp,20.5,completions,tam,cin,a,-130,bet365,-114,fanduel,,,21.0,0.5
Sam Darnold,pass_cmp,19.5,completions,sea,nwe,h,-130,fanduel,-110,bet365,,,20.0,-0.5
Trevor Lawrence,pass_cmp,20.5,completions,jax,cle,h,+102,fanduel,-110,bet365,,,20.0,-0.5
Daniel Jones,pass_cmp,20.5,completions,ind,bal,h,-115,hardrock,-102,fanduel,,,22.1,1.6
Justin Herbert,pass_cmp,20.5,completions,lac,ari,h,-110,fanatics,-114,fanduel,,,20.5,0.0
Caleb Williams,pass_cmp,19.5,completions,chi,car,a,-130,fanduel,-115,bet365,,,20.0,-0.5
Jordan Love,pass_cmp,20.5,completions,gnb,min,a,-102,fanduel,-115,bet365,,,20.5,0.0
C.J. Stroud,pass_cmp,20.5,completions,hou,buf,h,-105,hardrock,-114,fanduel,,,20.5,0.0
Bryce Young,pass_cmp,19.5,completions,car,chi,h,-114,fanduel,-130,bet365,,,19.5,-1.0
Geno Smith,pass_cmp,19.5,completions,nyj,ten,a,-135,fanatics,-102,fanduel,,,21.0,0.5
Cam Ward,pass_cmp,19.5,completions,ten,nyj,h,-114,fanduel,-120,hardrock,,,19.5,-1.0
Josh Allen,pass_cmp,19.5,completions,buf,hou,a,-118,fanduel,-135,bet365,,,19.5,-1.0
Kirk Cousins,pass_cmp,19.5,completions,lvr,mia,h,-115,hardrock,even,bet365,,,19.5,0.0
Drake Maye,pass_cmp,19.5,completions,nwe,sea,a,-115,bet365,-130,fanduel,,,20.0,0.5
Lamar Jackson,pass_cmp,17.5,completions,bal,ind,a,-102,fanduel,-115,bet365,,,17.3,-2.2
Jalen Hurts,pass_cmp,18.5,completions,phi,was,h,-115,hardrock,-140,fanduel,,,19.0,0.5
Jaxson Dart,pass_cmp,18.5,completions,nyg,dal,h,-115,hardrock,-105,bet365,,,17.0,-1.5
Jayden Daniels,pass_cmp,17.5,completions,was,phi,a,-120,hardrock,-102,fanduel,,,19.0,0.5
Deshaun Watson,pass_cmp,17.5,completions,cle,jax,a,-115,hardrock,-130,fanduel,,,18.1,0.6
Malik Willis,pass_cmp,16.5,completions,mia,lvr,a,-120,bet365,even,fanatics,,,16.5,0.0
Brock Purdy,pass_int,0.5,interceptions,sfo,,a,-115,hardrock,+112,fanduel,,,0.84,0.34
Tua Tagovailoa,pass_int,0.5,interceptions,atl,pit,a,-140,bet365,+110,bet365,,,0.71,0.21
Malik Willis,pass_int,0.5,interceptions,mia,lvr,a,-140,bet365,+110,bet365,,,0.65,0.15
Drake Maye,pass_int,0.5,interceptions,nwe,sea,a,-115,hardrock,+102,riverscasino,,,0.56,0.06
C.J. Stroud,pass_int,0.5,interceptions,hou,buf,h,-105,bet365,-102,fanduel,,,0.59,0.09
Bo Nix,pass_int,0.5,interceptions,den,kan,a,-130,bet365,even,bet365,,,0.74,0.24
Jacoby Brissett,pass_int,0.5,interceptions,ari,lac,a,-130,bet365,even,bet365,,,0.65,0.15
Josh Allen,pass_int,0.5,interceptions,buf,hou,a,+130,bet365,-104,riverscasino,,,0.7,0.2
Deshaun Watson,pass_int,0.5,interceptions,cle,jax,a,-125,bet365,-105,bet365,,,0.68,0.18
Sam Darnold,pass_int,0.5,interceptions,sea,nwe,h,+122,bet365,-102,fanduel,,,0.89,0.39
Trevor Lawrence,pass_int,0.5,interceptions,jax,cle,h,-115,bet365,-115,bet365,,,0.7,0.2
Daniel Jones,pass_int,0.5,interceptions,ind,bal,h,-115,bet365,-115,bet365,,,0.63,0.13
Tyler Shough,pass_int,0.5,interceptions,nor,det,a,-110,bet365,-115,hardrock,,,0.82,0.32
Kirk Cousins,pass_int,0.5,interceptions,lvr,mia,h,-105,bet365,-125,bet365,,,0.77,0.27
Dak Prescott,pass_int,0.5,interceptions,dal,nyg,a,-105,bet365,-125,bet365,,,0.56,0.06
Geno Smith,pass_int,0.5,interceptions,nyj,ten,a,even,bet365,-115,hardrock,,,0.74,0.24
Kyler Murray,pass_int,0.5,interceptions,min,gnb,h,+125,bet365,-137,riverscasino,,,0.7,0.2
Cam Ward,pass_int,0.5,interceptions,ten,nyj,h,+105,bet365,-115,hardrock,,,0.63,0.13
Patrick Mahomes,pass_int,0.5,interceptions,kan,den,h,+105,bet365,-135,bet365,,,0.61,0.11
Jordan Love,pass_int,0.5,interceptions,gnb,min,a,+116,fanduel,-115,bet365,,,0.65,0.15
Matthew Stafford,pass_int,0.5,interceptions,,sfo,h,+125,bet365,-150,riverscasino,,,0.54,0.04
Jaxson Dart,pass_int,0.5,interceptions,nyg,dal,h,+115,bet365,-115,hardrock,,,0.72,0.22
Bryce Young,pass_int,0.5,interceptions,car,chi,h,+115,bet365,-145,bet365,,,0.64,0.14
Baker Mayfield,pass_int,0.5,interceptions,tam,cin,a,+120,bet365,-115,hardrock,,,0.62,0.12
Caleb Williams,pass_int,0.5,interceptions,chi,car,a,+122,bet365,-155,bet365,,,0.52,0.02
Jayden Daniels,pass_int,0.5,interceptions,was,phi,a,+122,bet365,-115,hardrock,,,0.61,0.11
Jalen Hurts,pass_int,0.5,interceptions,phi,was,h,+135,bet365,-170,bet365,,,0.52,0.02
Lamar Jackson,pass_int,0.5,interceptions,bal,ind,a,+135,bet365,-170,bet365,,,0.54,0.04
Jared Goff,pass_int,0.5,interceptions,det,nor,h,+150,bet365,-115,hardrock,,,0.54,0.04
Joe Burrow,pass_int,0.5,interceptions,cin,tam,h,+155,bet365,-115,hardrock,,,0.64,0.14
Aaron Rodgers,pass_int,0.5,interceptions,pit,atl,h,+160,bet365,-210,bet365,,,0.61,0.11
Justin Herbert,pass_int,0.5,interceptions,lac,ari,h,+182,bet365,-240,bet365,,,0.62,0.12
Joe Burrow,pass_att,33.5,pass-attempts,cin,tam,h,-115,hardrock,-130,fanduel,,,35.5,0.0
Matthew Stafford,pass_att,33.5,pass-attempts,,sfo,h,-115,bet365,-102,fanduel,,,35.0,0.5
Tyler Shough,pass_att,31.5,pass-attempts,nor,det,a,-115,bet365,-102,fanduel,,,35.0,0.5
Bo Nix,pass_att,34.5,pass-attempts,den,kan,a,-110,fanatics,-130,fanduel,,,35.0,0.5
Jacoby Brissett,pass_att,33.5,pass-attempts,ari,lac,a,-110,bet365,-130,fanduel,,,34.0,0.5
Brock Purdy,pass_att,33.5,pass-attempts,sfo,,a,-110,bet365,-102,fanduel,,,33.5,0.0
Dak Prescott,pass_att,32.5,pass-attempts,dal,nyg,a,-135,fanatics,-120,hardrock,,,33.0,-0.5
Patrick Mahomes,pass_att,31.5,pass-attempts,kan,den,h,-115,bet365,-102,fanduel,,,34.0,0.5
C.J. Stroud,pass_att,31.5,pass-attempts,hou,buf,h,-105,fanatics,-130,fanduel,,,33.5,1.0
Baker Mayfield,pass_att,30.5,pass-attempts,tam,cin,a,-110,fanatics,-102,fanduel,,,32.5,0.0
Jared Goff,pass_att,31.5,pass-attempts,det,nor,h,-125,bet365,-130,fanduel,,,33.0,0.5
Daniel Jones,pass_att,31.5,pass-attempts,ind,bal,h,-110,fanatics,-102,fanduel,,,33.0,0.5
Caleb Williams,pass_att,32.5,pass-attempts,chi,car,a,-105,fanatics,-114,fanduel,,,32.5,0.0
Kyler Murray,pass_att,31.5,pass-attempts,min,gnb,h,-110,bet365,-130,fanduel,,,32.0,0.5
Trevor Lawrence,pass_att,31.5,pass-attempts,jax,cle,h,-125,hardrock,-120,bet365,,,32.0,0.5
Jordan Love,pass_att,31.5,pass-attempts,gnb,min,a,-114,fanduel,-115,bet365,,,31.5,0.0
Aaron Rodgers,pass_att,30.5,pass-attempts,pit,atl,h,-110,bet365,-102,fanduel,,,32.0,0.5
Cam Ward,pass_att,31.5,pass-attempts,ten,nyj,h,-114,fanduel,-105,bet365,,,31.5,0.0
Deshaun Watson,pass_att,29.5,pass-attempts,cle,jax,a,-120,bet365,-124,riverscasino,,,31.0,-0.5
Bryce Young,pass_att,30.5,pass-attempts,car,chi,h,-115,bet365,-102,fanduel,,,30.5,0.0
Geno Smith,pass_att,29.5,pass-attempts,nyj,ten,a,-120,hardrock,-102,fanduel,,,31.0,0.5
Drake Maye,pass_att,30.5,pass-attempts,nwe,sea,a,-122,riverscasino,-115,bet365,,,30.5,0.0
Justin Herbert,pass_att,27.5,pass-attempts,lac,ari,h,-125,bet365,-102,fanduel,,,31.0,0.5
Josh Allen,pass_att,29.5,pass-attempts,buf,hou,a,even,fanatics,-114,fanduel,,,30.5,0.0
Jayden Daniels,pass_att,28.5,pass-attempts,was,phi,a,-115,hardrock,-114,fanduel,,,30.5,0.0
Sam Darnold,pass_att,29.5,pass-attempts,sea,nwe,h,-115,hardrock,-102,fanduel,,,29.5,0.0
Kirk Cousins,pass_att,29.5,pass-attempts,lvr,mia,h,-110,hardrock,-115,bet365,,,29.5,0.0
Jalen Hurts,pass_att,28.5,pass-attempts,phi,was,h,-115,hardrock,-130,fanduel,,,29.0,0.5
Jaxson Dart,pass_att,28.5,pass-attempts,nyg,dal,h,-115,bet365,-115,bet365,,,27.5,-1.0
Malik Willis,pass_att,27.5,pass-attempts,mia,lvr,a,-115,hardrock,-105,fanatics,,,27.5,0.0
Lamar Jackson,pass_att,27.5,pass-attempts,bal,ind,a,-102,fanduel,-115,fanatics,,,27.0,-0.5
Sione Vaki,rush_att,0.5,rush-attempts,det,nor,h,+210,bet365,-270,bet365,,,2.0,1.5
Jonathan Taylor,rush_att,18.5,rush-attempts,ind,bal,h,-102,fanduel,-110,bet365,,,17.8,-1.7
Jahmyr Gibbs,rush_att,17.5,rush-attempts,det,nor,h,-130,fanduel,-115,bet365,,,17.5,-1.0
Bijan Robinson,rush_att,17.5,rush-attempts,atl,pit,a,-130,bet365,-130,hardrock,,,16.8,-0.7
Tyler Allgeier,rush_att,8.5,rush-attempts,ari,lac,a,-120,bet365,-110,bet365,,,8.5,0.0
Rashee Rice,rush_att,0.5,rush-attempts,kan,den,h,+350,bet365,-500,bet365,,,0.2,-0.3
Saquon Barkley,rush_att,16.5,rush-attempts,phi,was,h,-136,fanduel,-110,fanatics,,,17.8,-0.7
Jerry Jeudy,rush_att,0.5,rush-attempts,cle,jax,a,+375,bet365,-550,bet365,,,0.0,0.0
Breece Hall,rush_att,15.5,rush-attempts,nyj,ten,a,-138,fanduel,-125,bet365,,,15.8,-1.7
Derrick Henry,rush_att,17.5,rush-attempts,bal,ind,a,-102,fanduel,-115,hardrock,,,17.8,0.3
James Cook,rush_att,16.5,rush-attempts,buf,hou,a,-125,fanatics,-130,bet365,,,17.1,-0.4
Kenneth Walker,rush_att,16.5,rush-attempts,kan,den,h,-110,fanatics,-115,bet365,,,14.4,-2.1
Javonte Williams,rush_att,16.5,rush-attempts,dal,nyg,a,-115,bet365,+112,fanduel,,,16.8,0.3
Quinshon Judkins,rush_att,15.5,rush-attempts,cle,jax,a,+106,fanduel,-130,hardrock,,,15.4,-0.1
D'Andre Swift,rush_att,15.5,rush-attempts,chi,car,a,-115,bet365,-115,bet365,,,13.5,-2.0
Travis Etienne,rush_att,14.5,rush-attempts,nor,det,a,-110,hardrock,-115,bet365,,,14.0,-1.5
Omarion Hampton,rush_att,14.5,rush-attempts,lac,ari,h,-135,bet365,-130,hardrock,,,14.0,-0.5
Christian McCaffrey,rush_att,14.5,rush-attempts,sfo,,a,-125,bet365,-130,fanduel,,,16.7,2.2
De'Von Achane,rush_att,14.5,rush-attempts,mia,lvr,a,-115,bet365,-122,fanduel,,,15.3,0.8
Chase Brown,rush_att,14.5,rush-attempts,cin,tam,h,-115,bet365,-102,fanduel,,,14.2,-0.3
Tony Pollard,rush_att,14.5,rush-attempts,ten,nyj,h,-110,bet365,-114,fanduel,,,12.9,-1.6
Rico Dowdle,rush_att,14.5,rush-attempts,pit,atl,h,even,hardrock,-120,bet365,,,12.0,-2.5
Bucky Irving,rush_att,14.5,rush-attempts,tam,cin,a,-105,bet365,-114,fanduel,,,14.3,-0.2
Jadarian Price,rush_att,13.5,rush-attempts,sea,nwe,h,-102,fanduel,even,bet365,,,13.2,-0.3
Kyren Williams,rush_att,13.5,rush-attempts,,sfo,h,-115,hardrock,-148,fanduel,,,13.7,0.2
MarShawn Lloyd,rush_att,13.5,rush-attempts,gnb,min,a,-115,fanatics,-104,fanduel,,,13.0,-0.5
David Montgomery,rush_att,13.5,rush-attempts,hou,buf,h,+106,fanduel,-125,bet365,,,13.0,-0.5
Bhayshul Tuten,rush_att,12.5,rush-attempts,jax,cle,h,-114,fanduel,-114,fanduel,,,13.5,1.0
Cam Skattebo,rush_att,12.5,rush-attempts,nyg,dal,h,-115,hardrock,-115,hardrock,,,13.5,1.0
J.K. Dobbins,rush_att,11.5,rush-attempts,den,kan,a,-125,bet365,-150,fanatics,,,11.5,0.0
Rhamondre Stevenson,rush_att,11.5,rush-attempts,nwe,sea,a,-114,fanduel,-105,fanatics,,,11.0,-0.5
Jordan Mason,rush_att,10.5,rush-attempts,min,gnb,h,-135,bet365,+105,bet365,,,10.5,0.0
Jacory Croskey-Merritt,rush_att,10.5,rush-attempts,was,phi,a,-135,bet365,-130,fanduel,,,9.6,-0.9
Blake Corum,rush_att,8.5,rush-attempts,,sfo,h,-148,fanduel,-110,bet365,,,8.7,-0.8
Jaylen Warren,rush_att,9.5,rush-attempts,pit,atl,h,-110,fanatics,-115,bet365,,,9.0,-0.5
Jeremiyah Love,rush_att,9.5,rush-attempts,ari,lac,a,even,bet365,-130,bet365,,,12.5,3.0
Aaron Jones,rush_att,8.5,rush-attempts,min,gnb,h,-105,hardrock,-115,bet365,,,8.5,0.0
Chris Rodriguez,rush_att,7.5,rush-attempts,jax,cle,h,-130,hardrock,-130,bet365,,,8.0,-0.5
Woody Marks,rush_att,7.5,rush-attempts,hou,buf,h,-125,hardrock,+105,bet365,,,8.2,0.7
Jayden Daniels,rush_att,7.5,rush-attempts,was,phi,a,-135,bet365,-130,fanduel,,,8.1,0.6
TreVeyon Henderson,rush_att,7.5,rush-attempts,nwe,sea,a,-115,bet365,-125,fanduel,,,9.7,2.2
Malik Willis,rush_att,7.5,rush-attempts,mia,lvr,a,+105,fanatics,-120,hardrock,,,7.8,0.3
Lamar Jackson,rush_att,6.5,rush-attempts,bal,ind,a,-125,hardrock,-135,bet365,,,7.1,-0.4
Jalen Hurts,rush_att,6.5,rush-attempts,phi,was,h,-115,hardrock,-140,fanduel,,,6.9,0.4
Josh Allen,rush_att,6.5,rush-attempts,buf,hou,a,even,bet365,-114,fanduel,,,6.7,0.2
Jaxson Dart,rush_att,5.5,rush-attempts,nyg,dal,h,-130,fanduel,-130,bet365,,,5.8,-0.7
Rachaad White,rush_att,5.5,rush-attempts,was,phi,a,-135,hardrock,-130,bet365,,,8.2,1.7
Kenneth Gainwell,rush_att,5.5,rush-attempts,tam,cin,a,-135,bet365,+105,bet365,,,5.5,0.0
Tyjae Spears,rush_att,5.5,rush-attempts,ten,nyj,h,+105,bet365,-130,hardrock,,,7.5,2.0
Drake Maye,rush_att,5.5,rush-attempts,nwe,sea,a,+125,bet365,-140,fanduel,,,5.3,-0.2
Samaje Perine,rush_att,4.5,rush-attempts,cin,tam,h,-135,hardrock,-180,fanatics,,,5.5,1.0
Justin Herbert,rush_att,4.5,rush-attempts,lac,ari,h,-125,hardrock,+110,bet365,,,4.8,0.3
Braelon Allen,rush_att,4.5,rush-attempts,nyj,ten,a,-135,bet365,+105,bet365,,,4.7,0.2
Trevor Lawrence,rush_att,4.5,rush-attempts,jax,cle,h,-130,bet365,even,bet365,,,4.3,-0.2
Deshaun Watson,rush_att,4.5,rush-attempts,cle,jax,a,-110,bet365,-115,hardrock,,,4.1,-0.4
Brock Purdy,rush_att,3.5,rush-attempts,sfo,,a,-136,fanduel,-130,bet365,,,3.7,-0.8
Caleb Williams,rush_att,3.5,rush-attempts,chi,car,a,-145,hardrock,-140,bet365,,,4.3,-0.2
Kyler Murray,rush_att,4.5,rush-attempts,min,gnb,h,+115,bet365,-145,bet365,,,4.8,0.3
Tyler Shough,rush_att,3.5,rush-attempts,nor,det,a,-165,bet365,+130,bet365,,,4.4,0.9
Bo Nix,rush_att,3.5,rush-attempts,den,kan,a,-150,bet365,-185,fanatics,,,4.0,0.5
Baker Mayfield,rush_att,3.5,rush-attempts,tam,cin,a,-115,bet365,-115,bet365,,,3.7,0.2
Patrick Mahomes,rush_att,3.5,rush-attempts,kan,den,h,-110,bet365,-120,bet365,,,3.5,0.0
Bryce Young,rush_att,2.5,rush-attempts,car,chi,h,-150,hardrock,-140,bet365,,,3.8,0.3
Daniel Jones,rush_att,3.5,rush-attempts,ind,bal,h,+122,bet365,-150,hardrock,,,3.3,-0.2
Jordan Love,rush_att,2.5,rush-attempts,gnb,min,a,-140,bet365,+110,bet365,,,2.8,0.3
Geno Smith,rush_att,2.5,rush-attempts,nyj,ten,a,-130,bet365,even,bet365,,,2.8,0.3
AJ Barner,rush_att,0.5,rush-attempts,sea,nwe,h,even,bet365,-130,bet365,,,0.4,-0.1
Sam Darnold,rush_att,2.5,rush-attempts,sea,nwe,h,-115,hardrock,-110,bet365,,,2.5,0.0
C.J. Stroud,rush_att,2.5,rush-attempts,hou,buf,h,-115,hardrock,-105,fanatics,,,2.5,0.0
Rashid Shaheed,rush_att,0.5,rush-attempts,sea,nwe,h,-240,bet365,+175,bet365,,,0.8,0.3
Cam Ward,rush_att,2.5,rush-attempts,ten,nyj,h,-115,bet365,-115,bet365,,,2.5,0.0
Dak Prescott,rush_att,2.5,rush-attempts,dal,nyg,a,-105,bet365,-115,hardrock,,,2.6,0.1
Joe Burrow,rush_att,2.5,rush-attempts,cin,tam,h,+105,fanatics,-125,bet365,,,2.2,-0.3
Jacoby Brissett,rush_att,2.5,rush-attempts,ari,lac,a,+125,bet365,-160,bet365,,,2.9,0.4
Brashard Smith,rush_att,1.5,rush-attempts,kan,den,h,-110,bet365,-120,bet365,,,1.4,-0.1
Jaylen Waddle,rush_att,0.5,rush-attempts,den,kan,a,+145,bet365,-185,bet365,,,0.0,0.0
Malachi Fields,rush_att,0.5,rush-attempts,nyg,dal,h,+350,bet365,-500,bet365,,,0.0,0.0
Kyler Murray,pass_rush_yds,246.5,passing-and-rushing-yards,min,gnb,h,-114,fanduel,-115,bet365,,,246.0,-1.5
Joe Burrow,pass_rush_yds,276.5,passing-and-rushing-yards,cin,tam,h,-114,fanduel,-115,bet365,,,276.0,-4.5
Jared Goff,pass_rush_yds,267.5,passing-and-rushing-yards,det,nor,h,-115,bet365,-115,bet365,,,271.0,3.5
Brock Purdy,pass_rush_yds,263.5,passing-and-rushing-yards,sfo,,a,-115,riverscasino,-114,fanduel,,,261.0,-3.5
Tyler Shough,pass_rush_yds,261.5,passing-and-rushing-yards,nor,det,a,-115,bet365,-115,riverscasino,,,262.0,-1.5
Dak Prescott,pass_rush_yds,262.5,passing-and-rushing-yards,dal,nyg,a,-115,bet365,-115,bet365,,,268.0,5.5
Matthew Stafford,pass_rush_yds,261.5,passing-and-rushing-yards,,sfo,h,-115,bet365,-115,bet365,,,265.0,3.5
Lamar Jackson,pass_rush_yds,255.5,passing-and-rushing-yards,bal,ind,a,-115,bet365,-115,riverscasino,,,257.0,-1.5
Justin Herbert,pass_rush_yds,256.5,passing-and-rushing-yards,lac,ari,h,-115,bet365,-115,bet365,,,260.0,3.5
Jordan Love,pass_rush_yds,250.5,passing-and-rushing-yards,gnb,min,a,-115,bet365,-115,riverscasino,,,247.0,-6.5
Drake Maye,pass_rush_yds,253.5,passing-and-rushing-yards,nwe,sea,a,-114,riverscasino,-114,fanduel,,,254.0,0.5
Caleb Williams,pass_rush_yds,249.5,passing-and-rushing-yards,chi,car,a,-114,fanduel,-115,bet365,,,251.0,-1.5
Trevor Lawrence,pass_rush_yds,251.5,passing-and-rushing-yards,jax,cle,h,-115,bet365,-115,bet365,,,254.0,2.5
Jaxson Dart,pass_rush_yds,250.5,passing-and-rushing-yards,nyg,dal,h,-114,riverscasino,-115,bet365,,,245.0,-5.5
Bo Nix,pass_rush_yds,239.5,passing-and-rushing-yards,den,kan,a,-115,bet365,-115,bet365,,,245.0,4.5
Patrick Mahomes,pass_rush_yds,250.5,passing-and-rushing-yards,kan,den,h,-115,bet365,-115,bet365,,,246.0,2.5
Baker Mayfield,pass_rush_yds,249.5,passing-and-rushing-yards,tam,cin,a,-115,bet365,-114,riverscasino,,,261.0,10.5
Daniel Jones,pass_rush_yds,243.5,passing-and-rushing-yards,ind,bal,h,-115,bet365,-115,bet365,,,243.0,-0.5
Jayden Daniels,pass_rush_yds,242.5,passing-and-rushing-yards,was,phi,a,-115,riverscasino,-114,fanduel,,,243.0,0.5
Jalen Hurts,pass_rush_yds,241.5,passing-and-rushing-yards,phi,was,h,-115,riverscasino,-115,bet365,,,244.0,2.5
Sam Darnold,pass_rush_yds,237.5,passing-and-rushing-yards,sea,nwe,h,-114,fanduel,-115,bet365,,,236.0,-2.5
Jacoby Brissett,pass_rush_yds,235.5,passing-and-rushing-yards,ari,lac,a,-115,bet365,-115,bet365,,,240.0,4.5
C.J. Stroud,pass_rush_yds,232.5,passing-and-rushing-yards,hou,buf,h,-114,fanduel,-114,fanduel,,,232.0,-0.5
Bryce Young,pass_rush_yds,223.5,passing-and-rushing-yards,car,chi,h,-114,fanduel,-115,bet365,,,226.0,-5.5
Aaron Rodgers,pass_rush_yds,219.5,passing-and-rushing-yards,pit,atl,h,-115,bet365,-115,bet365,,,221.0,1.5
Josh Allen,pass_rush_yds,248.5,passing-and-rushing-yards,buf,hou,a,-115,bet365,-114,fanduel,,,253.0,-0.5
Geno Smith,pass_rush_yds,213.5,passing-and-rushing-yards,nyj,ten,a,-115,bet365,-115,riverscasino,,,212.0,-6.5
Cam Ward,pass_rush_yds,215.5,passing-and-rushing-yards,ten,nyj,h,-115,bet365,-114,riverscasino,,,210.0,-5.5
Malik Willis,pass_rush_yds,215.5,passing-and-rushing-yards,mia,lvr,a,-115,bet365,-115,bet365,,,215.0,-0.5
Deshaun Watson,pass_rush_yds,198.5,passing-and-rushing-yards,cle,jax,a,-115,bet365,-115,bet365,,,199.0,0.5
Tyler Allgeier,rush_rec_yds,44.5,rushing-and-receiving-yards,ari,lac,a,-115,bet365,-115,bet365,,,43.0,-1.5
Jahmyr Gibbs,rush_rec_yds,117.5,rushing-and-receiving-yards,det,nor,h,-113,draftkings,-115,fanduel,,,118.0,0.5
Bijan Robinson,rush_rec_yds,115.5,rushing-and-receiving-yards,atl,pit,a,-110,fanatics,-115,bet365,,,120.0,4.5
Justin Jefferson,rush_rec_yds,77.5,rushing-and-receiving-yards,min,gnb,h,-115,bet365,-115,bet365,,,76.0,-1.5
De'Von Achane,rush_rec_yds,100.5,rushing-and-receiving-yards,mia,lvr,a,-120,fanatics,-111,draftkings,,,102.0,-4.5
Christian McCaffrey,rush_rec_yds,99.5,rushing-and-receiving-yards,sfo,,a,-115,bet365,-114,draftkings,,,104.0,0.5
Jonathan Taylor,rush_rec_yds,95.5,rushing-and-receiving-yards,ind,bal,h,-115,hardrock,-115,bet365,,,96.0,-3.5
Saquon Barkley,rush_rec_yds,94.5,rushing-and-receiving-yards,phi,was,h,-113,riverscasino,-111,draftkings,,,94.0,-5.5
Ja'Marr Chase,rush_rec_yds,90.5,rushing-and-receiving-yards,cin,tam,h,-115,bet365,-115,bet365,,,88.0,-2.5
Derrick Henry,rush_rec_yds,90.5,rushing-and-receiving-yards,bal,ind,a,-115,bet365,-115,bet365,,,93.0,2.5
Chase Brown,rush_rec_yds,85.5,rushing-and-receiving-yards,cin,tam,h,-115,bet365,-113,draftkings,,,81.0,-7.5
James Cook,rush_rec_yds,87.5,rushing-and-receiving-yards,buf,hou,a,-115,bet365,-125,fanatics,,,94.0,6.5
D'Andre Swift,rush_rec_yds,85.5,rushing-and-receiving-yards,chi,car,a,-115,bet365,-105,fanatics,,,74.0,-11.5
Javonte Williams,rush_rec_yds,85.5,rushing-and-receiving-yards,dal,nyg,a,-115,bet365,-115,hardrock,,,90.0,4.5
Breece Hall,rush_rec_yds,85.5,rushing-and-receiving-yards,nyj,ten,a,-110,fanatics,-115,riverscasino,,,86.0,0.5
Rashee Rice,rush_rec_yds,65.5,rushing-and-receiving-yards,kan,den,h,-115,bet365,-115,bet365,,,60.8,-4.7
Kenneth Walker,rush_rec_yds,80.5,rushing-and-receiving-yards,kan,den,h,-110,fanatics,-115,draftkings,,,85.0,0.5
Omarion Hampton,rush_rec_yds,82.5,rushing-and-receiving-yards,lac,ari,h,-115,bet365,-115,bet365,,,79.0,-3.5
Travis Etienne,rush_rec_yds,79.5,rushing-and-receiving-yards,nor,det,a,-115,bet365,-115,bet365,,,79.0,-0.5
Bucky Irving,rush_rec_yds,71.5,rushing-and-receiving-yards,tam,cin,a,-113,riverscasino,-114,draftkings,,,74.0,-2.5
CeeDee Lamb,rush_rec_yds,73.5,rushing-and-receiving-yards,dal,nyg,a,-115,bet365,-115,bet365,,,80.5,7.0
Rhamondre Stevenson,rush_rec_yds,65.5,rushing-and-receiving-yards,nwe,sea,a,-115,riverscasino,-112,draftkings,,,58.0,-14.5
Kyren Williams,rush_rec_yds,69.5,rushing-and-receiving-yards,,sfo,h,-115,riverscasino,-112,draftkings,,,73.0,1.5
George Pickens,rush_rec_yds,69.5,rushing-and-receiving-yards,dal,nyg,a,-115,bet365,-115,bet365,,,73.0,3.5
Quinshon Judkins,rush_rec_yds,69.5,rushing-and-receiving-yards,cle,jax,a,-115,bet365,-115,hardrock,,,73.0,3.5
MarShawn Lloyd,rush_rec_yds,65.5,rushing-and-receiving-yards,gnb,min,a,-115,fanatics,-115,bet365,,,67.0,-0.5
DeVonta Smith,rush_rec_yds,66.5,rushing-and-receiving-yards,phi,was,h,-115,bet365,-115,bet365,,,69.0,2.5
Tony Pollard,rush_rec_yds,65.5,rushing-and-receiving-yards,ten,nyj,h,-115,bet365,-115,bet365,,,64.0,-1.5
Bhayshul Tuten,rush_rec_yds,62.5,rushing-and-receiving-yards,jax,cle,h,-115,hardrock,-115,bet365,,,67.0,2.5
Cam Skattebo,rush_rec_yds,64.5,rushing-and-receiving-yards,nyg,dal,h,-115,hardrock,-115,hardrock,,,72.0,7.5
Rico Dowdle,rush_rec_yds,60.5,rushing-and-receiving-yards,pit,atl,h,-125,fanatics,-115,bet365,,,65.0,0.5
David Montgomery,rush_rec_yds,60.5,rushing-and-receiving-yards,hou,buf,h,-125,fanatics,-115,bet365,,,68.0,4.5
Jadarian Price,rush_rec_yds,62.5,rushing-and-receiving-yards,sea,nwe,h,-115,bet365,-115,hardrock,,,61.0,-1.5
Jaylen Warren,rush_rec_yds,55.5,rushing-and-receiving-yards,pit,atl,h,-125,fanatics,-115,draftkings,,,60.0,-1.5
Malik Nabers,rush_rec_yds,60.5,rushing-and-receiving-yards,nyg,dal,h,-115,bet365,-115,bet365,,,64.0,3.5
Luther Burden,rush_rec_yds,58.5,rushing-and-receiving-yards,chi,car,a,-115,bet365,-115,bet365,,,63.5,5.0
Jaylen Waddle,rush_rec_yds,57.5,rushing-and-receiving-yards,den,kan,a,-115,bet365,-115,bet365,,,59.0,1.5
J.K. Dobbins,rush_rec_yds,57.5,rushing-and-receiving-yards,den,kan,a,-115,bet365,-115,bet365,,,59.0,1.5
Christian Watson,rush_rec_yds,55.5,rushing-and-receiving-yards,gnb,min,a,-115,bet365,-115,bet365,,,57.9,2.4
Parker Washington,rush_rec_yds,54.5,rushing-and-receiving-yards,jax,cle,h,-115,bet365,-115,bet365,,,52.4,-2.1
Jeremiyah Love,rush_rec_yds,51.5,rushing-and-receiving-yards,ari,lac,a,-115,bet365,-115,bet365,,,78.0,26.5
Jordan Mason,rush_rec_yds,50.5,rushing-and-receiving-yards,min,gnb,h,-115,bet365,-115,bet365,,,51.0,0.5
Terry McLaurin,rush_rec_yds,49.5,rushing-and-receiving-yards,was,phi,a,-115,bet365,-115,bet365,,,55.0,5.5
Kenneth Gainwell,rush_rec_yds,49.5,rushing-and-receiving-yards,tam,cin,a,-115,bet365,-115,bet365,,,46.0,-3.5
Aaron Jones,rush_rec_yds,47.5,rushing-and-receiving-yards,min,gnb,h,-115,bet365,-115,bet365,,,51.0,3.5
DK Metcalf,rush_rec_yds,46.5,rushing-and-receiving-yards,pit,atl,h,-115,bet365,-115,bet365,,,54.0,7.5
Courtland Sutton,rush_rec_yds,42.5,rushing-and-receiving-yards,den,kan,a,-115,bet365,-115,bet365,,,49.0,6.5
Blake Corum,rush_rec_yds,41.5,rushing-and-receiving-yards,,sfo,h,-115,hardrock,-115,bet365,,,45.0,2.5
Woody Marks,rush_rec_yds,42.5,rushing-and-receiving-yards,hou,buf,h,-112,riverscasino,-113,fanduel,,,41.0,-1.5
Matthew Golden,rush_rec_yds,41.5,rushing-and-receiving-yards,gnb,min,a,-115,bet365,-115,bet365,,,45.0,3.5
Jayden Reed,rush_rec_yds,41.5,rushing-and-receiving-yards,gnb,min,a,-115,bet365,-115,bet365,,,46.9,5.4
Tyjae Spears,rush_rec_yds,39.5,rushing-and-receiving-yards,ten,nyj,h,-115,hardrock,-115,bet365,,,45.0,4.5
Rachaad White,rush_rec_yds,39.5,rushing-and-receiving-yards,was,phi,a,-115,hardrock,-115,bet365,,,51.0,10.5
TreVeyon Henderson,rush_rec_yds,40.5,rushing-and-receiving-yards,nwe,sea,a,-110,fanduel,-118,riverscasino,,,52.0,11.5
Brian Thomas,rush_rec_yds,38.5,rushing-and-receiving-yards,jax,cle,h,-115,bet365,-115,bet365,,,45.6,7.1
Jakobi Meyers,rush_rec_yds,37.5,rushing-and-receiving-yards,jax,cle,h,-115,bet365,-115,bet365,,,44.5,7.0
Chris Rodriguez,rush_rec_yds,37.5,rushing-and-receiving-yards,jax,cle,h,-115,bet365,-115,bet365,,,38.0,0.5
Rashid Shaheed,rush_rec_yds,35.5,rushing-and-receiving-yards,sea,nwe,h,-115,fanatics,-114,fanduel,,,39.4,1.9
Romeo Doubs,rush_rec_yds,36.5,rushing-and-receiving-yards,nwe,sea,a,-115,bet365,-115,bet365,,,39.0,2.5
KC Concepcion,rush_rec_yds,34.5,rushing-and-receiving-yards,cle,jax,a,-115,bet365,-115,bet365,,,39.7,5.2
Adonai Mitchell,rush_rec_yds,33.5,rushing-and-receiving-yards,nyj,ten,a,-115,bet365,-115,bet365,,,31.0,-2.5
Jerry Jeudy,rush_rec_yds,32.5,rushing-and-receiving-yards,cle,jax,a,-115,bet365,-115,bet365,,,30.0,-2.5
George Holani,rush_rec_yds,30.5,rushing-and-receiving-yards,sea,nwe,h,-115,hardrock,-115,bet365,,,28.0,-4.5
Tre' Harris,rush_rec_yds,30.5,rushing-and-receiving-yards,lac,ari,h,-115,bet365,-115,bet365,,,30.0,-0.5
Samaje Perine,rush_rec_yds,30.5,rushing-and-receiving-yards,cin,tam,h,-115,bet365,-115,bet365,,,32.0,1.5
Cooper Kupp,rush_rec_yds,28.5,rushing-and-receiving-yards,sea,nwe,h,-115,bet365,-115,bet365,,,36.0,7.5
Justice Hill,rush_rec_yds,24.5,rushing-and-receiving-yards,bal,ind,a,-115,bet365,-115,bet365,,,26.0,1.5
Calvin Ridley,rush_rec_yds,24.5,rushing-and-receiving-yards,ten,nyj,h,-115,bet365,-115,bet365,,,25.0,0.5
Dontayvion Wicks,rush_rec_yds,23.5,rushing-and-receiving-yards,phi,was,h,-115,bet365,-115,bet365,,,31.0,7.5
Denzel Boston,rush_rec_yds,22.5,rushing-and-receiving-yards,cle,jax,a,-115,bet365,-115,bet365,,,30.0,7.5
Braelon Allen,rush_rec_yds,21.5,rushing-and-receiving-yards,nyj,ten,a,-115,bet365,-115,bet365,,,23.0,1.5
Malachi Fields,rush_rec_yds,21.5,rushing-and-receiving-yards,nyg,dal,h,-115,bet365,-115,bet365,,,26.0,4.5
Ryan Flournoy,rush_rec_yds,21.5,rushing-and-receiving-yards,dal,nyg,a,-115,bet365,-115,bet365,,,29.6,8.1
Kendrick Bourne,rush_rec_yds,20.5,rushing-and-receiving-yards,ari,lac,a,-115,bet365,-115,bet365,,,18.0,-2.5
Jalen Nailor,rush_rec_yds,18.5,rushing-and-receiving-yards,lvr,mia,h,-115,bet365,-115,bet365,,,26.0,7.5
DeMario Douglas,rush_rec_yds,18.5,rushing-and-receiving-yards,nwe,sea,a,-115,bet365,-115,bet365,,,22.0,3.5
Kayshon Boutte,rush_rec_yds,18.5,rushing-and-receiving-yards,hou,buf,h,-115,bet365,-115,bet365,,,32.0,13.5
Darius Slayton,rush_rec_yds,16.5,rushing-and-receiving-yards,nyg,dal,h,-115,bet365,-115,bet365,,,23.0,6.5
Jack Bech,rush_rec_yds,14.5,rushing-and-receiving-yards,lvr,mia,h,-115,bet365,-115,bet365,,,16.0,1.5
Brashard Smith,rush_rec_yds,13.5,rushing-and-receiving-yards,kan,den,h,-120,bet365,-110,bet365,,,12.0,-1.5
Darnell Mooney,rush_rec_yds,7.5,rushing-and-receiving-yards,nyg,dal,h,-115,bet365,-115,bet365,,,15.0,7.5
Andrei Iosivas,rush_rec_yds,7.5,rushing-and-receiving-yards,cin,tam,h,-115,bet365,-115,bet365,,,19.0,11.5
