player_name,category,team,book,line,site_projection,diff,diff_pct,direction
Rashid Shaheed,rushing-yards,sea,draftkings,1.5,4.4,2.9000000000000004,193.33,Over
Geno Smith,passing-tds,nyj,riverscasino,0.5,1.2,0.7,140.0,Over
Geno Smith,passing-tds,nyj,hardrock,0.5,1.2,0.7,140.0,Over
Geno Smith,passing-tds,nyj,caesars,0.5,1.2,0.7,140.0,Over
Geno Smith,passing-tds,nyj,sleeper,0.5,1.2,0.7,140.0,Over
Geno Smith,passing-tds,nyj,fanatics,0.5,1.2,0.7,140.0,Over
Geno Smith,passing-tds,nyj,fanduel,0.5,1.2,0.7,140.0,Over
Jayden Daniels,passing-tds,was,draftkings,0.5,1.2,0.7,140.0,Over
Jayden Daniels,passing-tds,was,riverscasino,0.5,1.2,0.7,140.0,Over
Jayden Daniels,passing-tds,was,hardrock,0.5,1.2,0.7,140.0,Over
Jayden Daniels,passing-tds,was,caesars,0.5,1.2,0.7,140.0,Over
Jayden Daniels,passing-tds,was,sleeper,0.5,1.2,0.7,140.0,Over
Jayden Daniels,passing-tds,was,fanduel,0.5,1.2,0.7,140.0,Over
Andrei Iosivas,receiving-yards,cin,sleeper,8.5,19.0,10.5,123.53,Over
Tua Tagovailoa,passing-tds,atl,draftkings,0.5,1.1,0.6000000000000001,120.0,Over
Tua Tagovailoa,passing-tds,atl,riverscasino,0.5,1.1,0.6000000000000001,120.0,Over
Derrick Henry,receptions,bal,sleeper,0.5,1.1,0.6000000000000001,120.0,Over
Darnell Mooney,receptions,nyg,sleeper,0.5,1.1,0.6000000000000001,120.0,Over
Darius Slayton,receiving-yards,nyg,fanatics,10.5,23.0,12.5,119.05,Over
Josh Whyle,first-touchdown-scorer,gnb,fanduel,0.5,0.0,-0.5,-100.0,Under
Josh Cameron,first-touchdown-scorer,jax,draftkings,0.5,0.0,-0.5,-100.0,Under
Josh Cameron,first-touchdown-scorer,jax,caesars,0.5,0.0,-0.5,-100.0,Under
Josh Cameron,first-touchdown-scorer,jax,fanduel,0.5,0.0,-0.5,-100.0,Under
Dareke Young,first-touchdown-scorer,lvr,draftkings,0.5,0.0,-0.5,-100.0,Under
Dareke Young,first-touchdown-scorer,lvr,caesars,0.5,0.0,-0.5,-100.0,Under
Dareke Young,first-touchdown-scorer,lvr,fanatics,0.5,0.0,-0.5,-100.0,Under
Dareke Young,first-touchdown-scorer,lvr,fanduel,0.5,0.0,-0.5,-100.0,Under
Devin Duvernay,first-touchdown-scorer,ari,fanduel,0.5,0.0,-0.5,-100.0,Under
Roschon Johnson,touchdowns,chi,fanatics,0.5,0.0,-0.5,-100.0,Under
Roschon Johnson,touchdowns,chi,fanduel,0.5,0.0,-0.5,-100.0,Under
David Martin-Robinson,first-touchdown-scorer,ten,caesars,0.5,0.0,-0.5,-100.0,Under
David Martin-Robinson,first-touchdown-scorer,ten,fanatics,0.5,0.0,-0.5,-100.0,Under
David Martin-Robinson,first-touchdown-scorer,ten,fanduel,0.5,0.0,-0.5,-100.0,Under
Carsen Ryan,first-touchdown-scorer,cle,draftkings,0.5,0.0,-0.5,-100.0,Under
Carsen Ryan,first-touchdown-scorer,cle,fanduel,0.5,0.0,-0.5,-100.0,Under
Chris Manhertz,first-touchdown-scorer,nyg,draftkings,0.5,0.0,-0.5,-100.0,Under
Chris Manhertz,first-touchdown-scorer,nyg,fanatics,0.5,0.0,-0.5,-100.0,Under
Chris Manhertz,first-touchdown-scorer,nyg,fanduel,0.5,0.0,-0.5,-100.0,Under
Thomas Fidone,first-touchdown-scorer,nyg,draftkings,0.5,0.0,-0.5,-100.0,Under
Thomas Fidone,first-touchdown-scorer,nyg,fanduel,0.5,0.0,-0.5,-100.0,Under
Kylen Granson,first-touchdown-scorer,ten,draftkings,0.5,0.0,-0.5,-100.0,Under
Kylen Granson,first-touchdown-scorer,ten,caesars,0.5,0.0,-0.5,-100.0,Under
Christian Kirk,touchdowns,sfo,draftkings,0.5,0.0,-0.5,-100.0,Under
Christian Kirk,touchdowns,sfo,caesars,0.5,0.0,-0.5,-100.0,Under
Christian Kirk,touchdowns,sfo,fanatics,0.5,0.0,-0.5,-100.0,Under
Brycen Tremayne,first-touchdown-scorer,car,draftkings,0.5,0.0,-0.5,-100.0,Under
Brycen Tremayne,first-touchdown-scorer,car,caesars,0.5,0.0,-0.5,-100.0,Under
Brycen Tremayne,first-touchdown-scorer,car,fanatics,0.5,0.0,-0.5,-100.0,Under
Brycen Tremayne,first-touchdown-scorer,car,fanduel,0.5,0.0,-0.5,-100.0,Under
LaJohntay Wester,first-touchdown-scorer,bal,draftkings,0.5,0.0,-0.5,-100.0,Under
LaJohntay Wester,first-touchdown-scorer,bal,caesars,0.5,0.0,-0.5,-100.0,Under
LaJohntay Wester,first-touchdown-scorer,bal,fanduel,0.5,0.0,-0.5,-100.0,Under
Dyami Brown,first-touchdown-scorer,was,draftkings,0.5,0.0,-0.5,-100.0,Under
Dyami Brown,first-touchdown-scorer,was,fanatics,0.5,0.0,-0.5,-100.0,Under
Dyami Brown,first-touchdown-scorer,was,fanduel,0.5,0.0,-0.5,-100.0,Under
Ryan Miller,first-touchdown-scorer,mia,draftkings,0.5,0.0,-0.5,-100.0,Under
Ryan Miller,first-touchdown-scorer,mia,hardrock,0.5,0.0,-0.5,-100.0,Under
Ryan Miller,first-touchdown-scorer,mia,caesars,0.5,0.0,-0.5,-100.0,Under
Ryan Miller,first-touchdown-scorer,mia,fanatics,0.5,0.0,-0.5,-100.0,Under
Ryan Miller,first-touchdown-scorer,mia,fanduel,0.5,0.0,-0.5,-100.0,Under
David Martin-Robinson,first-touchdown-scorer,ten,draftkings,0.5,0.0,-0.5,-100.0,Under
Alec Ingold,first-touchdown-scorer,lac,draftkings,0.5,0.0,-0.5,-100.0,Under
Alec Ingold,first-touchdown-scorer,lac,caesars,0.5,0.0,-0.5,-100.0,Under
Alec Ingold,first-touchdown-scorer,lac,fanatics,0.5,0.0,-0.5,-100.0,Under
Alec Ingold,first-touchdown-scorer,lac,fanduel,0.5,0.0,-0.5,-100.0,Under
Nick Kallerup,first-touchdown-scorer,sea,draftkings,0.5,0.0,-0.5,-100.0,Under
Nick Kallerup,first-touchdown-scorer,sea,caesars,0.5,0.0,-0.5,-100.0,Under
Nick Kallerup,first-touchdown-scorer,sea,fanduel,0.5,0.0,-0.5,-100.0,Under
Ian Thomas,first-touchdown-scorer,lvr,draftkings,0.5,0.0,-0.5,-100.0,Under
Ian Thomas,first-touchdown-scorer,lvr,caesars,0.5,0.0,-0.5,-100.0,Under
Ian Thomas,first-touchdown-scorer,lvr,fanatics,0.5,0.0,-0.5,-100.0,Under
Ian Thomas,first-touchdown-scorer,lvr,fanduel,0.5,0.0,-0.5,-100.0,Under
Tank Dell,touchdowns,hou,draftkings,0.5,0.0,-0.5,-100.0,Under
Tank Dell,touchdowns,hou,caesars,0.5,0.0,-0.5,-100.0,Under
Tank Dell,touchdowns,hou,fanatics,0.5,0.0,-0.5,-100.0,Under
Ameer Abdullah,touchdowns,jax,draftkings,0.5,0.0,-0.5,-100.0,Under
Ameer Abdullah,touchdowns,jax,hardrock,0.5,0.0,-0.5,-100.0,Under
Ameer Abdullah,touchdowns,jax,caesars,0.5,0.0,-0.5,-100.0,Under
Ameer Abdullah,touchdowns,jax,fanatics,0.5,0.0,-0.5,-100.0,Under
Ameer Abdullah,touchdowns,jax,fanduel,0.5,0.0,-0.5,-100.0,Under
Ke'Shawn Williams,first-touchdown-scorer,cin,draftkings,0.5,0.0,-0.5,-100.0,Under
Ke'Shawn Williams,first-touchdown-scorer,cin,caesars,0.5,0.0,-0.5,-100.0,Under
Ke'Shawn Williams,first-touchdown-scorer,cin,fanduel,0.5,0.0,-0.5,-100.0,Under
Chris Blair,first-touchdown-scorer,atl,draftkings,0.5,0.0,-0.5,-100.0,Under
Chris Blair,first-touchdown-scorer,atl,caesars,0.5,0.0,-0.5,-100.0,Under
Chris Blair,first-touchdown-scorer,atl,fanatics,0.5,0.0,-0.5,-100.0,Under
Chris Blair,first-touchdown-scorer,atl,fanduel,0.5,0.0,-0.5,-100.0,Under
Jackson Meeks,first-touchdown-scorer,det,draftkings,0.5,0.0,-0.5,-100.0,Under
Jackson Meeks,first-touchdown-scorer,det,caesars,0.5,0.0,-0.5,-100.0,Under
Jackson Meeks,first-touchdown-scorer,det,fanduel,0.5,0.0,-0.5,-100.0,Under
J. Michael Sturdivant,first-touchdown-scorer,gnb,draftkings,0.5,0.0,-0.5,-100.0,Under
J. Michael Sturdivant,first-touchdown-scorer,gnb,fanatics,0.5,0.0,-0.5,-100.0,Under
J. Michael Sturdivant,first-touchdown-scorer,gnb,fanduel,0.5,0.0,-0.5,-100.0,Under
Ben Yurosek,first-touchdown-scorer,min,draftkings,0.5,0.0,-0.5,-100.0,Under
Ben Yurosek,first-touchdown-scorer,min,caesars,0.5,0.0,-0.5,-100.0,Under
Ben Yurosek,first-touchdown-scorer,min,fanduel,0.5,0.0,-0.5,-100.0,Under
Matthew Stafford,rushing-yards,,draftkings,0.5,0.0,-0.5,-100.0,Under
Matthew Stafford,rushing-yards,,fanduel,0.5,0.0,-0.5,-100.0,Under
Gavin Bartholomew,first-touchdown-scorer,min,draftkings,0.5,0.0,-0.5,-100.0,Under
Gavin Bartholomew,first-touchdown-scorer,min,caesars,0.5,0.0,-0.5,-100.0,Under
Gavin Bartholomew,first-touchdown-scorer,min,fanduel,0.5,0.0,-0.5,-100.0,Under
Cameron Latu,first-touchdown-scorer,nwe,draftkings,0.5,0.0,-0.5,-100.0,Under
Cameron Latu,first-touchdown-scorer,nwe,caesars,0.5,0.0,-0.5,-100.0,Under
Cameron Latu,first-touchdown-scorer,nwe,fanatics,0.5,0.0,-0.5,-100.0,Under
Cameron Latu,first-touchdown-scorer,nwe,fanduel,0.5,0.0,-0.5,-100.0,Under
Tyler Goodson,touchdowns,atl,fanatics,0.5,0.0,-0.5,-100.0,Under
Lew Nichols,touchdowns,pit,fanatics,0.5,0.0,-0.5,-100.0,Under
Travis Homer,touchdowns,pit,fanatics,0.5,0.0,-0.5,-100.0,Under
Jawhar Jordan,touchdowns,hou,fanatics,0.5,0.0,-0.5,-100.0,Under
Quintin Morris,first-touchdown-scorer,jax,draftkings,0.5,0.0,-0.5,-100.0,Under
Quintin Morris,first-touchdown-scorer,jax,hardrock,0.5,0.0,-0.5,-100.0,Under
Quintin Morris,first-touchdown-scorer,jax,caesars,0.5,0.0,-0.5,-100.0,Under
Quintin Morris,first-touchdown-scorer,jax,fanatics,0.5,0.0,-0.5,-100.0,Under
Quintin Morris,first-touchdown-scorer,jax,fanduel,0.5,0.0,-0.5,-100.0,Under
Montorie Foster,first-touchdown-scorer,sea,draftkings,0.5,0.0,-0.5,-100.0,Under
Montorie Foster,first-touchdown-scorer,sea,hardrock,0.5,0.0,-0.5,-100.0,Under
Montorie Foster,first-touchdown-scorer,sea,caesars,0.5,0.0,-0.5,-100.0,Under
Montorie Foster,first-touchdown-scorer,sea,fanatics,0.5,0.0,-0.5,-100.0,Under
Montorie Foster,first-touchdown-scorer,sea,fanduel,0.5,0.0,-0.5,-100.0,Under
Kevin Coleman,first-touchdown-scorer,mia,draftkings,0.5,0.0,-0.5,-100.0,Under
Kevin Coleman,first-touchdown-scorer,mia,caesars,0.5,0.0,-0.5,-100.0,Under
Kevin Coleman,first-touchdown-scorer,mia,fanatics,0.5,0.0,-0.5,-100.0,Under
Kevin Coleman,first-touchdown-scorer,mia,fanduel,0.5,0.0,-0.5,-100.0,Under
Trevor Etienne,touchdowns,car,hardrock,0.5,0.0,-0.5,-100.0,Under
Matthew Stafford,first-touchdown-scorer,,fanduel,0.5,0.0,-0.5,-100.0,Under
Andrew Beck,first-touchdown-scorer,nyj,draftkings,0.5,0.0,-0.5,-100.0,Under
Andrew Beck,first-touchdown-scorer,nyj,caesars,0.5,0.0,-0.5,-100.0,Under
Andrew Beck,first-touchdown-scorer,nyj,fanatics,0.5,0.0,-0.5,-100.0,Under
Andrew Beck,first-touchdown-scorer,nyj,fanduel,0.5,0.0,-0.5,-100.0,Under
Efton Chism,first-touchdown-scorer,nwe,draftkings,0.5,0.0,-0.5,-100.0,Under
Efton Chism,first-touchdown-scorer,nwe,caesars,0.5,0.0,-0.5,-100.0,Under
Efton Chism,first-touchdown-scorer,nwe,fanatics,0.5,0.0,-0.5,-100.0,Under
Efton Chism,first-touchdown-scorer,nwe,fanduel,0.5,0.0,-0.5,-100.0,Under
Charlie Woerner,first-touchdown-scorer,atl,draftkings,0.5,0.0,-0.5,-100.0,Under
Charlie Woerner,first-touchdown-scorer,atl,caesars,0.5,0.0,-0.5,-100.0,Under
Charlie Woerner,first-touchdown-scorer,atl,fanatics,0.5,0.0,-0.5,-100.0,Under
Charlie Woerner,first-touchdown-scorer,atl,fanduel,0.5,0.0,-0.5,-100.0,Under
Seydou Traore,first-touchdown-scorer,mia,draftkings,0.5,0.0,-0.5,-100.0,Under
Seydou Traore,first-touchdown-scorer,mia,fanduel,0.5,0.0,-0.5,-100.0,Under
Scotty Miller,touchdowns,chi,fanatics,0.5,0.0,-0.5,-100.0,Under
Marlin Klein,first-touchdown-scorer,hou,caesars,0.5,0.0,-0.5,-100.0,Under
Marlin Klein,first-touchdown-scorer,hou,fanduel,0.5,0.0,-0.5,-100.0,Under
Nikko Remigio,first-touchdown-scorer,kan,draftkings,0.5,0.0,-0.5,-100.0,Under
Nikko Remigio,first-touchdown-scorer,kan,caesars,0.5,0.0,-0.5,-100.0,Under
Nikko Remigio,first-touchdown-scorer,kan,fanatics,0.5,0.0,-0.5,-100.0,Under
Nikko Remigio,first-touchdown-scorer,kan,fanduel,0.5,0.0,-0.5,-100.0,Under
Max Bredeson,first-touchdown-scorer,min,draftkings,0.5,0.0,-0.5,-100.0,Under
Max Bredeson,first-touchdown-scorer,min,caesars,0.5,0.0,-0.5,-100.0,Under
Max Bredeson,first-touchdown-scorer,min,fanduel,0.5,0.0,-0.5,-100.0,Under
Matthew Stafford,first-touchdown-scorer,,draftkings,0.5,0.0,-0.5,-100.0,Under
Matthew Stafford,first-touchdown-scorer,,caesars,0.5,0.0,-0.5,-100.0,Under
Matthew Stafford,first-touchdown-scorer,,fanatics,0.5,0.0,-0.5,-100.0,Under
Josh Cameron,touchdowns,jax,draftkings,0.5,0.0,-0.5,-100.0,Under
Josh Cameron,touchdowns,jax,caesars,0.5,0.0,-0.5,-100.0,Under
Josh Cameron,touchdowns,jax,fanduel,0.5,0.0,-0.5,-100.0,Under
Eli Heidenreich,touchdowns,pit,draftkings,0.5,0.0,-0.5,-100.0,Under
Eli Heidenreich,touchdowns,pit,hardrock,0.5,0.0,-0.5,-100.0,Under
Eli Heidenreich,touchdowns,pit,caesars,0.5,0.0,-0.5,-100.0,Under
Eli Heidenreich,touchdowns,pit,fanduel,0.5,0.0,-0.5,-100.0,Under
Josh Cuevas,first-touchdown-scorer,bal,caesars,0.5,0.0,-0.5,-100.0,Under
Josh Cuevas,first-touchdown-scorer,bal,fanduel,0.5,0.0,-0.5,-100.0,Under
E.J. Jenkins,first-touchdown-scorer,phi,fanatics,0.5,0.0,-0.5,-100.0,Under
E.J. Jenkins,first-touchdown-scorer,phi,fanduel,0.5,0.0,-0.5,-100.0,Under
Camden Brown,first-touchdown-scorer,dal,draftkings,0.5,0.0,-0.5,-100.0,Under
Camden Brown,first-touchdown-scorer,dal,caesars,0.5,0.0,-0.5,-100.0,Under
Camden Brown,first-touchdown-scorer,dal,fanduel,0.5,0.0,-0.5,-100.0,Under
Jonathan Mingo,first-touchdown-scorer,dal,draftkings,0.5,0.0,-0.5,-100.0,Under
Jonathan Mingo,first-touchdown-scorer,dal,caesars,0.5,0.0,-0.5,-100.0,Under
Jonathan Mingo,first-touchdown-scorer,dal,fanatics,0.5,0.0,-0.5,-100.0,Under
Jonathan Mingo,first-touchdown-scorer,dal,fanduel,0.5,0.0,-0.5,-100.0,Under
Marlin Klein,first-touchdown-scorer,hou,draftkings,0.5,0.0,-0.5,-100.0,Under
Josh Cuevas,touchdowns,bal,draftkings,0.5,0.0,-0.5,-100.0,Under
Josh Cuevas,touchdowns,bal,hardrock,0.5,0.0,-0.5,-100.0,Under
Josh Cuevas,touchdowns,bal,caesars,0.5,0.0,-0.5,-100.0,Under
Josh Cuevas,touchdowns,bal,fanduel,0.5,0.0,-0.5,-100.0,Under
Ricky Pearsall,touchdowns,sfo,draftkings,0.5,0.0,-0.5,-100.0,Under
Ricky Pearsall,touchdowns,sfo,caesars,0.5,0.0,-0.5,-100.0,Under
Tim Patrick,first-touchdown-scorer,nyj,hardrock,0.5,0.0,-0.5,-100.0,Under
Tim Patrick,first-touchdown-scorer,nyj,caesars,0.5,0.0,-0.5,-100.0,Under
Tim Patrick,first-touchdown-scorer,nyj,fanatics,0.5,0.0,-0.5,-100.0,Under
Tim Patrick,first-touchdown-scorer,nyj,fanduel,0.5,0.0,-0.5,-100.0,Under
Raheim Sanders,first-touchdown-scorer,cle,draftkings,0.5,0.0,-0.5,-100.0,Under
Raheim Sanders,first-touchdown-scorer,cle,hardrock,0.5,0.0,-0.5,-100.0,Under
Raheim Sanders,first-touchdown-scorer,cle,caesars,0.5,0.0,-0.5,-100.0,Under
Raheim Sanders,first-touchdown-scorer,cle,fanduel,0.5,0.0,-0.5,-100.0,Under
Josh Cuevas,first-touchdown-scorer,bal,draftkings,0.5,0.0,-0.5,-100.0,Under
Kene Nwangwu,touchdowns,nyj,draftkings,0.5,0.0,-0.5,-100.0,Under
Kene Nwangwu,touchdowns,nyj,hardrock,0.5,0.0,-0.5,-100.0,Under
Kene Nwangwu,touchdowns,nyj,caesars,0.5,0.0,-0.5,-100.0,Under
Tim Patrick,first-touchdown-scorer,nyj,draftkings,0.5,0.0,-0.5,-100.0,Under
Kene Nwangwu,touchdowns,nyj,fanatics,0.5,0.0,-0.5,-100.0,Under
Kene Nwangwu,touchdowns,nyj,fanduel,0.5,0.0,-0.5,-100.0,Under
CJ Williams,touchdowns,jax,draftkings,0.5,0.0,-0.5,-100.0,Under
Quintin Morris,touchdowns,jax,draftkings,0.5,0.0,-0.5,-100.0,Under
Quintin Morris,touchdowns,jax,hardrock,0.5,0.0,-0.5,-100.0,Under
Quintin Morris,touchdowns,jax,caesars,0.5,0.0,-0.5,-100.0,Under
Quintin Morris,touchdowns,jax,fanatics,0.5,0.0,-0.5,-100.0,Under
Quintin Morris,touchdowns,jax,fanduel,0.5,0.0,-0.5,-100.0,Under
Cameron Latu,touchdowns,nwe,draftkings,0.5,0.0,-0.5,-100.0,Under
Cameron Latu,touchdowns,nwe,hardrock,0.5,0.0,-0.5,-100.0,Under
Cameron Latu,touchdowns,nwe,caesars,0.5,0.0,-0.5,-100.0,Under
Cameron Latu,touchdowns,nwe,fanatics,0.5,0.0,-0.5,-100.0,Under
Cameron Latu,touchdowns,nwe,fanduel,0.5,0.0,-0.5,-100.0,Under
Nick Westbrook-Ikhine,touchdowns,ind,fanatics,0.5,0.0,-0.5,-100.0,Under
Reggie Gilliam,touchdowns,nwe,draftkings,0.5,0.0,-0.5,-100.0,Under
Reggie Gilliam,touchdowns,nwe,caesars,0.5,0.0,-0.5,-100.0,Under
Reggie Gilliam,touchdowns,nwe,fanatics,0.5,0.0,-0.5,-100.0,Under
Reggie Gilliam,touchdowns,nwe,fanduel,0.5,0.0,-0.5,-100.0,Under
Cade Stover,first-touchdown-scorer,hou,draftkings,0.5,0.0,-0.5,-100.0,Under
Cade Stover,first-touchdown-scorer,hou,caesars,0.5,0.0,-0.5,-100.0,Under
Cade Stover,first-touchdown-scorer,hou,fanatics,0.5,0.0,-0.5,-100.0,Under
Cade Stover,first-touchdown-scorer,hou,fanduel,0.5,0.0,-0.5,-100.0,Under
Tanner Arkin,touchdowns,nwe,draftkings,0.5,0.0,-0.5,-100.0,Under
Tanner Arkin,touchdowns,nwe,hardrock,0.5,0.0,-0.5,-100.0,Under
Tanner Arkin,touchdowns,nwe,caesars,0.5,0.0,-0.5,-100.0,Under
Tanner Arkin,touchdowns,nwe,fanduel,0.5,0.0,-0.5,-100.0,Under
Michael Burton,touchdowns,cle,draftkings,0.5,0.0,-0.5,-100.0,Under
Michael Burton,touchdowns,cle,hardrock,0.5,0.0,-0.5,-100.0,Under
Michael Burton,touchdowns,cle,caesars,0.5,0.0,-0.5,-100.0,Under
Michael Burton,touchdowns,cle,fanduel,0.5,0.0,-0.5,-100.0,Under
Ronnie Rivers,touchdowns,,draftkings,0.5,0.0,-0.5,-100.0,Under
Ronnie Rivers,touchdowns,,hardrock,0.5,0.0,-0.5,-100.0,Under
Ronnie Rivers,touchdowns,,caesars,0.5,0.0,-0.5,-100.0,Under
Ronnie Rivers,touchdowns,,fanatics,0.5,0.0,-0.5,-100.0,Under
Ronnie Rivers,touchdowns,,fanduel,0.5,0.0,-0.5,-100.0,Under
Sam Roush,touchdowns,chi,draftkings,0.5,0.0,-0.5,-100.0,Under
Eric Saubert,first-touchdown-scorer,sea,draftkings,0.5,0.0,-0.5,-100.0,Under
Eric Saubert,first-touchdown-scorer,sea,caesars,0.5,0.0,-0.5,-100.0,Under
Eric Saubert,first-touchdown-scorer,sea,fanatics,0.5,0.0,-0.5,-100.0,Under
Eric Saubert,first-touchdown-scorer,sea,fanduel,0.5,0.0,-0.5,-100.0,Under
KeAndre Lambert-Smith,first-touchdown-scorer,lac,draftkings,0.5,0.0,-0.5,-100.0,Under
KeAndre Lambert-Smith,first-touchdown-scorer,lac,caesars,0.5,0.0,-0.5,-100.0,Under
KeAndre Lambert-Smith,first-touchdown-scorer,lac,fanduel,0.5,0.0,-0.5,-100.0,Under
CJ Daniels,first-touchdown-scorer,,draftkings,0.5,0.0,-0.5,-100.0,Under
CJ Daniels,first-touchdown-scorer,,hardrock,0.5,0.0,-0.5,-100.0,Under
CJ Daniels,first-touchdown-scorer,,caesars,0.5,0.0,-0.5,-100.0,Under
CJ Daniels,first-touchdown-scorer,,fanatics,0.5,0.0,-0.5,-100.0,Under
CJ Daniels,first-touchdown-scorer,,fanduel,0.5,0.0,-0.5,-100.0,Under
Lil'Jordan Humphrey,first-touchdown-scorer,den,fanduel,0.5,0.0,-0.5,-100.0,Under
Tyler Conklin,first-touchdown-scorer,det,draftkings,0.5,0.0,-0.5,-100.0,Under
Tyler Conklin,first-touchdown-scorer,det,caesars,0.5,0.0,-0.5,-100.0,Under
Tyler Conklin,first-touchdown-scorer,det,fanduel,0.5,0.0,-0.5,-100.0,Under
Jaylin Lane,first-touchdown-scorer,was,draftkings,0.5,0.0,-0.5,-100.0,Under
Jaylin Lane,first-touchdown-scorer,was,hardrock,0.5,0.0,-0.5,-100.0,Under
Jaylin Lane,first-touchdown-scorer,was,caesars,0.5,0.0,-0.5,-100.0,Under
Jaylin Lane,first-touchdown-scorer,was,fanduel,0.5,0.0,-0.5,-100.0,Under
Max Klare,first-touchdown-scorer,,draftkings,0.5,0.0,-0.5,-100.0,Under
Max Klare,first-touchdown-scorer,,hardrock,0.5,0.0,-0.5,-100.0,Under
Max Klare,first-touchdown-scorer,,caesars,0.5,0.0,-0.5,-100.0,Under
Max Klare,first-touchdown-scorer,,fanduel,0.5,0.0,-0.5,-100.0,Under
Sam Roush,touchdowns,chi,hardrock,0.5,0.0,-0.5,-100.0,Under
Sam Roush,touchdowns,chi,caesars,0.5,0.0,-0.5,-100.0,Under
Sam Roush,touchdowns,chi,fanduel,0.5,0.0,-0.5,-100.0,Under
Roschon Johnson,touchdowns,chi,caesars,0.5,0.0,-0.5,-100.0,Under
Colson Yankoff,first-touchdown-scorer,was,fanatics,0.5,0.0,-0.5,-100.0,Under
Colson Yankoff,first-touchdown-scorer,was,draftkings,0.5,0.0,-0.5,-100.0,Under
Tanner Hudson,touchdowns,cin,fanatics,0.5,0.0,-0.5,-100.0,Under
Sam Roush,first-touchdown-scorer,chi,fanduel,0.5,0.0,-0.5,-100.0,Under
Simi Fehoko,first-touchdown-scorer,ari,fanduel,0.5,0.0,-0.5,-100.0,Under
Simi Fehoko,first-touchdown-scorer,ari,fanatics,0.5,0.0,-0.5,-100.0,Under
Simi Fehoko,first-touchdown-scorer,ari,caesars,0.5,0.0,-0.5,-100.0,Under
Simi Fehoko,first-touchdown-scorer,ari,draftkings,0.5,0.0,-0.5,-100.0,Under
Ronnie Rivers,first-touchdown-scorer,,fanduel,0.5,0.0,-0.5,-100.0,Under
Ronnie Rivers,first-touchdown-scorer,,fanatics,0.5,0.0,-0.5,-100.0,Under
Devin Duvernay,first-touchdown-scorer,ari,draftkings,0.5,0.0,-0.5,-100.0,Under
Tai Felton,first-touchdown-scorer,min,caesars,0.5,0.0,-0.5,-100.0,Under
Deion Burks,first-touchdown-scorer,ind,draftkings,0.5,0.0,-0.5,-100.0,Under
Deion Burks,first-touchdown-scorer,ind,caesars,0.5,0.0,-0.5,-100.0,Under
Deion Burks,first-touchdown-scorer,ind,fanduel,0.5,0.0,-0.5,-100.0,Under
Dohnte Meyers,first-touchdown-scorer,cin,draftkings,0.5,0.0,-0.5,-100.0,Under
Dohnte Meyers,first-touchdown-scorer,cin,fanatics,0.5,0.0,-0.5,-100.0,Under
Dohnte Meyers,first-touchdown-scorer,cin,fanduel,0.5,0.0,-0.5,-100.0,Under
Lil'Jordan Humphrey,first-touchdown-scorer,den,draftkings,0.5,0.0,-0.5,-100.0,Under
Lil'Jordan Humphrey,first-touchdown-scorer,den,caesars,0.5,0.0,-0.5,-100.0,Under
Lil'Jordan Humphrey,first-touchdown-scorer,den,fanatics,0.5,0.0,-0.5,-100.0,Under
Elijah Moore,first-touchdown-scorer,phi,caesars,0.5,0.0,-0.5,-100.0,Under
Elijah Moore,first-touchdown-scorer,phi,fanduel,0.5,0.0,-0.5,-100.0,Under
Kaden Wetjen,first-touchdown-scorer,pit,draftkings,0.5,0.0,-0.5,-100.0,Under
Kaden Wetjen,first-touchdown-scorer,pit,caesars,0.5,0.0,-0.5,-100.0,Under
Kaden Wetjen,first-touchdown-scorer,pit,fanduel,0.5,0.0,-0.5,-100.0,Under
Tai Felton,first-touchdown-scorer,min,fanduel,0.5,0.0,-0.5,-100.0,Under
Malik Willis,passing-tds,mia,draftkings,0.5,1.0,0.5,100.0,Over
Malik Willis,passing-tds,mia,riverscasino,0.5,1.0,0.5,100.0,Over
Malik Willis,passing-tds,mia,hardrock,0.5,1.0,0.5,100.0,Over
Malik Willis,passing-tds,mia,caesars,0.5,1.0,0.5,100.0,Over
Malik Willis,passing-tds,mia,sleeper,0.5,1.0,0.5,100.0,Over
Malik Willis,passing-tds,mia,fanatics,0.5,1.0,0.5,100.0,Over
Malik Willis,passing-tds,mia,fanduel,0.5,1.0,0.5,100.0,Over
Mitchell Evans,first-touchdown-scorer,car,hardrock,0.5,0.0,-0.5,-100.0,Under
Mitchell Evans,first-touchdown-scorer,car,caesars,0.5,0.0,-0.5,-100.0,Under
Mitchell Evans,first-touchdown-scorer,car,fanduel,0.5,0.0,-0.5,-100.0,Under
Jalen Brooks,first-touchdown-scorer,ari,fanatics,0.5,0.0,-0.5,-100.0,Under
Elijah Moore,first-touchdown-scorer,phi,draftkings,0.5,0.0,-0.5,-100.0,Under
Elijah Moore,first-touchdown-scorer,phi,hardrock,0.5,0.0,-0.5,-100.0,Under
Josh Jacobs,first-touchdown-scorer,gnb,draftkings,0.5,0.0,-0.5,-100.0,Under
Josh Jacobs,first-touchdown-scorer,gnb,fanduel,0.5,0.0,-0.5,-100.0,Under
Velus Jones,touchdowns,sea,fanatics,0.5,0.0,-0.5,-100.0,Under
Michael Carter,touchdowns,ten,fanatics,0.5,0.0,-0.5,-100.0,Under
Devin Duvernay,touchdowns,ari,draftkings,0.5,0.0,-0.5,-100.0,Under
Devin Duvernay,touchdowns,ari,caesars,0.5,0.0,-0.5,-100.0,Under
Devin Duvernay,touchdowns,ari,fanatics,0.5,0.0,-0.5,-100.0,Under
Devin Duvernay,touchdowns,ari,fanduel,0.5,0.0,-0.5,-100.0,Under
DJ Giddens,first-touchdown-scorer,ind,draftkings,0.5,0.0,-0.5,-100.0,Under
DJ Giddens,first-touchdown-scorer,ind,hardrock,0.5,0.0,-0.5,-100.0,Under
DJ Giddens,first-touchdown-scorer,ind,caesars,0.5,0.0,-0.5,-100.0,Under
DJ Giddens,first-touchdown-scorer,ind,fanduel,0.5,0.0,-0.5,-100.0,Under
Ben Skowronek,first-touchdown-scorer,pit,draftkings,0.5,0.0,-0.5,-100.0,Under
Ben Skowronek,first-touchdown-scorer,pit,caesars,0.5,0.0,-0.5,-100.0,Under
Ben Skowronek,first-touchdown-scorer,pit,fanatics,0.5,0.0,-0.5,-100.0,Under
Ben Skowronek,first-touchdown-scorer,pit,fanduel,0.5,0.0,-0.5,-100.0,Under
Mitchell Evans,first-touchdown-scorer,car,draftkings,0.5,0.0,-0.5,-100.0,Under
Gavin Bartholomew,touchdowns,min,draftkings,0.5,0.0,-0.5,-100.0,Under
Gavin Bartholomew,touchdowns,min,hardrock,0.5,0.0,-0.5,-100.0,Under
Gavin Bartholomew,touchdowns,min,caesars,0.5,0.0,-0.5,-100.0,Under
Gavin Bartholomew,touchdowns,min,fanduel,0.5,0.0,-0.5,-100.0,Under
Camden Brown,touchdowns,dal,draftkings,0.5,0.0,-0.5,-100.0,Under
Camden Brown,touchdowns,dal,hardrock,0.5,0.0,-0.5,-100.0,Under
Camden Brown,touchdowns,dal,caesars,0.5,0.0,-0.5,-100.0,Under
Camden Brown,touchdowns,dal,fanduel,0.5,0.0,-0.5,-100.0,Under
Payne Durham,first-touchdown-scorer,tam,draftkings,0.5,0.0,-0.5,-100.0,Under
Josh Whyle,first-touchdown-scorer,gnb,draftkings,0.5,0.0,-0.5,-100.0,Under
Riley Nowakowski,first-touchdown-scorer,pit,draftkings,0.5,0.0,-0.5,-100.0,Under
Riley Nowakowski,first-touchdown-scorer,pit,caesars,0.5,0.0,-0.5,-100.0,Under
Riley Nowakowski,first-touchdown-scorer,pit,fanduel,0.5,0.0,-0.5,-100.0,Under
Skyy Moore,first-touchdown-scorer,gnb,draftkings,0.5,0.0,-0.5,-100.0,Under
Skyy Moore,first-touchdown-scorer,gnb,caesars,0.5,0.0,-0.5,-100.0,Under
Skyy Moore,first-touchdown-scorer,gnb,fanatics,0.5,0.0,-0.5,-100.0,Under
Skyy Moore,first-touchdown-scorer,gnb,fanduel,0.5,0.0,-0.5,-100.0,Under
Tyler Conklin,touchdowns,det,draftkings,0.5,0.0,-0.5,-100.0,Under
Tyler Conklin,touchdowns,det,hardrock,0.5,0.0,-0.5,-100.0,Under
Tyler Conklin,touchdowns,det,caesars,0.5,0.0,-0.5,-100.0,Under
Tyler Conklin,touchdowns,det,fanatics,0.5,0.0,-0.5,-100.0,Under
Tyler Conklin,touchdowns,det,fanduel,0.5,0.0,-0.5,-100.0,Under
Laquon Treadwell,first-touchdown-scorer,ind,fanatics,0.5,0.0,-0.5,-100.0,Under
Laquon Treadwell,first-touchdown-scorer,ind,fanduel,0.5,0.0,-0.5,-100.0,Under
Kene Nwangwu,first-touchdown-scorer,nyj,draftkings,0.5,0.0,-0.5,-100.0,Under
Kene Nwangwu,first-touchdown-scorer,nyj,caesars,0.5,0.0,-0.5,-100.0,Under
Kene Nwangwu,first-touchdown-scorer,nyj,fanatics,0.5,0.0,-0.5,-100.0,Under
Kene Nwangwu,first-touchdown-scorer,nyj,fanduel,0.5,0.0,-0.5,-100.0,Under
Jordan James,first-touchdown-scorer,sfo,draftkings,0.5,0.0,-0.5,-100.0,Under
Jordan James,first-touchdown-scorer,sfo,caesars,0.5,0.0,-0.5,-100.0,Under
Jordan James,first-touchdown-scorer,sfo,fanduel,0.5,0.0,-0.5,-100.0,Under
Luke Musgrave,touchdowns,gnb,fanatics,0.5,0.0,-0.5,-100.0,Under
Grant Calcaterra,touchdowns,phi,fanatics,0.5,0.0,-0.5,-100.0,Under
Calvin Austin,touchdowns,nyg,draftkings,0.5,0.0,-0.5,-100.0,Under
Calvin Austin,touchdowns,nyg,caesars,0.5,0.0,-0.5,-100.0,Under
Calvin Austin,touchdowns,nyg,fanatics,0.5,0.0,-0.5,-100.0,Under
Mason Tipton,touchdowns,nor,fanatics,0.5,0.0,-0.5,-100.0,Under
Robert Tonyan,first-touchdown-scorer,pit,draftkings,0.5,0.0,-0.5,-100.0,Under
Robert Tonyan,first-touchdown-scorer,pit,hardrock,0.5,0.0,-0.5,-100.0,Under
Robert Tonyan,first-touchdown-scorer,pit,caesars,0.5,0.0,-0.5,-100.0,Under
Robert Tonyan,first-touchdown-scorer,pit,fanatics,0.5,0.0,-0.5,-100.0,Under
Robert Tonyan,first-touchdown-scorer,pit,fanduel,0.5,0.0,-0.5,-100.0,Under
Johnny Mundt,first-touchdown-scorer,phi,draftkings,0.5,0.0,-0.5,-100.0,Under
Johnny Mundt,first-touchdown-scorer,phi,hardrock,0.5,0.0,-0.5,-100.0,Under
Johnny Mundt,first-touchdown-scorer,phi,caesars,0.5,0.0,-0.5,-100.0,Under
Johnny Mundt,first-touchdown-scorer,phi,fanatics,0.5,0.0,-0.5,-100.0,Under
Johnny Mundt,first-touchdown-scorer,phi,fanduel,0.5,0.0,-0.5,-100.0,Under
Laquon Treadwell,first-touchdown-scorer,ind,draftkings,0.5,0.0,-0.5,-100.0,Under
Laquon Treadwell,first-touchdown-scorer,ind,hardrock,0.5,0.0,-0.5,-100.0,Under
Laquon Treadwell,first-touchdown-scorer,ind,caesars,0.5,0.0,-0.5,-100.0,Under
Isiah Pacheco,touchdowns,det,draftkings,0.5,0.0,-0.5,-100.0,Under
Isiah Pacheco,touchdowns,det,fanatics,0.5,0.0,-0.5,-100.0,Under
Isiah Pacheco,first-touchdown-scorer,det,draftkings,0.5,0.0,-0.5,-100.0,Under
Isiah Pacheco,first-touchdown-scorer,det,fanatics,0.5,0.0,-0.5,-100.0,Under
Eli Heidenreich,first-touchdown-scorer,pit,draftkings,0.5,0.0,-0.5,-100.0,Under
Eli Heidenreich,first-touchdown-scorer,pit,hardrock,0.5,0.0,-0.5,-100.0,Under
Eli Heidenreich,first-touchdown-scorer,pit,caesars,0.5,0.0,-0.5,-100.0,Under
Eli Heidenreich,first-touchdown-scorer,pit,fanduel,0.5,0.0,-0.5,-100.0,Under
Dameon Pierce,touchdowns,phi,fanatics,0.5,0.0,-0.5,-100.0,Under
Josh Jacobs,touchdowns,gnb,draftkings,0.5,0.0,-0.5,-100.0,Under
Josh Jacobs,touchdowns,gnb,fanatics,0.5,0.0,-0.5,-100.0,Under
Josh Jacobs,touchdowns,gnb,fanduel,0.5,0.0,-0.5,-100.0,Under
Payne Durham,first-touchdown-scorer,tam,fanatics,0.5,0.0,-0.5,-100.0,Under
Josh Whyle,first-touchdown-scorer,gnb,hardrock,0.5,0.0,-0.5,-100.0,Under
Roschon Johnson,first-touchdown-scorer,chi,draftkings,0.5,0.0,-0.5,-100.0,Under
Roschon Johnson,first-touchdown-scorer,chi,caesars,0.5,0.0,-0.5,-100.0,Under
Roschon Johnson,first-touchdown-scorer,chi,fanatics,0.5,0.0,-0.5,-100.0,Under
Roschon Johnson,first-touchdown-scorer,chi,fanduel,0.5,0.0,-0.5,-100.0,Under
Tank Dell,first-touchdown-scorer,hou,draftkings,0.5,0.0,-0.5,-100.0,Under
Jack Endries,first-touchdown-scorer,cin,draftkings,0.5,0.0,-0.5,-100.0,Under
Jack Endries,first-touchdown-scorer,cin,caesars,0.5,0.0,-0.5,-100.0,Under
Jack Endries,first-touchdown-scorer,cin,fanduel,0.5,0.0,-0.5,-100.0,Under
Calvin Austin,first-touchdown-scorer,nyg,draftkings,0.5,0.0,-0.5,-100.0,Under
David Montgomery,receiving-yards,hou,fanduel,7.5,15.0,7.5,100.0,Over
David Montgomery,receiving-yards,hou,riverscasino,7.5,15.0,7.5,100.0,Over
David Montgomery,receiving-yards,hou,sleeper,7.5,15.0,7.5,100.0,Over
Christian Kirk,first-touchdown-scorer,sfo,draftkings,0.5,0.0,-0.5,-100.0,Under
Josh Whyle,first-touchdown-scorer,gnb,caesars,0.5,0.0,-0.5,-100.0,Under
Ameer Abdullah,first-touchdown-scorer,jax,draftkings,0.5,0.0,-0.5,-100.0,Under
Ameer Abdullah,first-touchdown-scorer,jax,hardrock,0.5,0.0,-0.5,-100.0,Under
Ameer Abdullah,first-touchdown-scorer,jax,caesars,0.5,0.0,-0.5,-100.0,Under
Ameer Abdullah,first-touchdown-scorer,jax,fanatics,0.5,0.0,-0.5,-100.0,Under
Ameer Abdullah,first-touchdown-scorer,jax,fanduel,0.5,0.0,-0.5,-100.0,Under
Josh Whyle,first-touchdown-scorer,gnb,fanatics,0.5,0.0,-0.5,-100.0,Under
Ronnie Rivers,first-touchdown-scorer,,draftkings,0.5,0.0,-0.5,-100.0,Under
Colson Yankoff,first-touchdown-scorer,was,fanduel,0.5,0.0,-0.5,-100.0,Under
Tahj Brooks,first-touchdown-scorer,cin,fanduel,0.5,0.0,-0.5,-100.0,Under
British Brooks,first-touchdown-scorer,hou,draftkings,0.5,0.0,-0.5,-100.0,Under
British Brooks,first-touchdown-scorer,hou,fanatics,0.5,0.0,-0.5,-100.0,Under
British Brooks,first-touchdown-scorer,hou,fanduel,0.5,0.0,-0.5,-100.0,Under
Reggie Gilliam,first-touchdown-scorer,nwe,draftkings,0.5,0.0,-0.5,-100.0,Under
Reggie Gilliam,first-touchdown-scorer,nwe,caesars,0.5,0.0,-0.5,-100.0,Under
Reggie Gilliam,first-touchdown-scorer,nwe,fanatics,0.5,0.0,-0.5,-100.0,Under
Reggie Gilliam,first-touchdown-scorer,nwe,fanduel,0.5,0.0,-0.5,-100.0,Under
Sam Roush,first-touchdown-scorer,chi,draftkings,0.5,0.0,-0.5,-100.0,Under
Josh Jacobs,rushing-yards,gnb,fanatics,50.5,0.0,-50.5,-100.0,Under
Josh Jacobs,rushing-yards,gnb,fanduel,52.5,0.0,-52.5,-100.0,Under
Sam Roush,first-touchdown-scorer,chi,hardrock,0.5,0.0,-0.5,-100.0,Under
Sam Roush,first-touchdown-scorer,chi,caesars,0.5,0.0,-0.5,-100.0,Under
Devin Duvernay,first-touchdown-scorer,ari,caesars,0.5,0.0,-0.5,-100.0,Under
Devin Duvernay,first-touchdown-scorer,ari,fanatics,0.5,0.0,-0.5,-100.0,Under
Kylen Granson,first-touchdown-scorer,ten,fanatics,0.5,0.0,-0.5,-100.0,Under
Kylen Granson,first-touchdown-scorer,ten,fanduel,0.5,0.0,-0.5,-100.0,Under
Michael Burton,first-touchdown-scorer,cle,draftkings,0.5,0.0,-0.5,-100.0,Under
Michael Burton,first-touchdown-scorer,cle,fanduel,0.5,0.0,-0.5,-100.0,Under
Mark Redman,first-touchdown-scorer,gnb,draftkings,0.5,0.0,-0.5,-100.0,Under
Mark Redman,first-touchdown-scorer,gnb,fanduel,0.5,0.0,-0.5,-100.0,Under
Tylan Wallace,first-touchdown-scorer,cle,draftkings,0.5,0.0,-0.5,-100.0,Under
Tylan Wallace,first-touchdown-scorer,cle,fanatics,0.5,0.0,-0.5,-100.0,Under
Tylan Wallace,first-touchdown-scorer,cle,fanduel,0.5,0.0,-0.5,-100.0,Under
Tanner Arkin,first-touchdown-scorer,nwe,draftkings,0.5,0.0,-0.5,-100.0,Under
Tanner Arkin,first-touchdown-scorer,nwe,caesars,0.5,0.0,-0.5,-100.0,Under
Tanner Arkin,first-touchdown-scorer,nwe,fanduel,0.5,0.0,-0.5,-100.0,Under
Tahj Brooks,first-touchdown-scorer,cin,draftkings,0.5,0.0,-0.5,-100.0,Under
Roschon Johnson,touchdowns,chi,draftkings,0.5,0.0,-0.5,-100.0,Under
Tai Felton,first-touchdown-scorer,min,draftkings,0.5,0.0,-0.5,-100.0,Under
Ben Sinnott,first-touchdown-scorer,was,fanduel,0.5,0.01,-0.49,-98.0,Under
Blake Whiteheart,first-touchdown-scorer,cle,draftkings,0.5,0.01,-0.49,-98.0,Under
Blake Whiteheart,first-touchdown-scorer,cle,fanatics,0.5,0.01,-0.49,-98.0,Under
Blake Whiteheart,first-touchdown-scorer,cle,fanduel,0.5,0.01,-0.49,-98.0,Under
Jackson Hawes,first-touchdown-scorer,buf,draftkings,0.5,0.01,-0.49,-98.0,Under
Jackson Hawes,first-touchdown-scorer,buf,hardrock,0.5,0.01,-0.49,-98.0,Under
Jackson Hawes,first-touchdown-scorer,buf,caesars,0.5,0.01,-0.49,-98.0,Under
Jackson Hawes,first-touchdown-scorer,buf,fanduel,0.5,0.01,-0.49,-98.0,Under
Bam Knight,first-touchdown-scorer,ari,fanatics,0.5,0.01,-0.49,-98.0,Under
Kyle Juszczyk,first-touchdown-scorer,sfo,draftkings,0.5,0.01,-0.49,-98.0,Under
Kyle Juszczyk,first-touchdown-scorer,sfo,caesars,0.5,0.01,-0.49,-98.0,Under
Kyle Juszczyk,first-touchdown-scorer,sfo,fanatics,0.5,0.01,-0.49,-98.0,Under
Jack Endries,touchdowns,cin,caesars,0.5,0.01,-0.49,-98.0,Under
Jack Endries,touchdowns,cin,fanduel,0.5,0.01,-0.49,-98.0,Under
Oscar Delp,first-touchdown-scorer,nor,draftkings,0.5,0.01,-0.49,-98.0,Under
Oscar Delp,first-touchdown-scorer,nor,hardrock,0.5,0.01,-0.49,-98.0,Under
Oscar Delp,first-touchdown-scorer,nor,caesars,0.5,0.01,-0.49,-98.0,Under
Oscar Delp,first-touchdown-scorer,nor,fanduel,0.5,0.01,-0.49,-98.0,Under
Foster Moreau,first-touchdown-scorer,hou,draftkings,0.5,0.01,-0.49,-98.0,Under
Foster Moreau,first-touchdown-scorer,hou,hardrock,0.5,0.01,-0.49,-98.0,Under
Foster Moreau,first-touchdown-scorer,hou,caesars,0.5,0.01,-0.49,-98.0,Under
Foster Moreau,first-touchdown-scorer,hou,fanatics,0.5,0.01,-0.49,-98.0,Under
Foster Moreau,first-touchdown-scorer,hou,fanduel,0.5,0.01,-0.49,-98.0,Under
Hunter Long,first-touchdown-scorer,ari,fanatics,0.5,0.01,-0.49,-98.0,Under
Hunter Long,first-touchdown-scorer,ari,fanduel,0.5,0.01,-0.49,-98.0,Under
Tua Tagovailoa,first-touchdown-scorer,atl,draftkings,0.5,0.01,-0.49,-98.0,Under
Tua Tagovailoa,first-touchdown-scorer,atl,caesars,0.5,0.01,-0.49,-98.0,Under
Tua Tagovailoa,first-touchdown-scorer,atl,fanduel,0.5,0.01,-0.49,-98.0,Under
Kameron Johnson,touchdowns,tam,fanatics,0.5,0.01,-0.49,-98.0,Under
Nate Adkins,first-touchdown-scorer,den,draftkings,0.5,0.01,-0.49,-98.0,Under
Nate Adkins,first-touchdown-scorer,den,fanatics,0.5,0.01,-0.49,-98.0,Under
Nate Adkins,first-touchdown-scorer,den,fanduel,0.5,0.01,-0.49,-98.0,Under
Tanner Koziol,first-touchdown-scorer,jax,caesars,0.5,0.01,-0.49,-98.0,Under
Tanner Koziol,first-touchdown-scorer,jax,fanduel,0.5,0.01,-0.49,-98.0,Under
Kaytron Allen,first-touchdown-scorer,was,draftkings,0.5,0.01,-0.49,-98.0,Under
Kaytron Allen,first-touchdown-scorer,was,hardrock,0.5,0.01,-0.49,-98.0,Under
Kaytron Allen,first-touchdown-scorer,was,caesars,0.5,0.01,-0.49,-98.0,Under
Kaytron Allen,first-touchdown-scorer,was,fanduel,0.5,0.01,-0.49,-98.0,Under
Barion Brown,first-touchdown-scorer,nor,hardrock,0.5,0.01,-0.49,-98.0,Under
Barion Brown,first-touchdown-scorer,nor,caesars,0.5,0.01,-0.49,-98.0,Under
Barion Brown,first-touchdown-scorer,nor,fanduel,0.5,0.01,-0.49,-98.0,Under
Tanner Koziol,first-touchdown-scorer,jax,draftkings,0.5,0.01,-0.49,-98.0,Under
Jordan James,touchdowns,sfo,draftkings,0.5,0.01,-0.49,-98.0,Under
Jordan James,touchdowns,sfo,hardrock,0.5,0.01,-0.49,-98.0,Under
Jordan James,touchdowns,sfo,caesars,0.5,0.01,-0.49,-98.0,Under
Jordan James,touchdowns,sfo,fanduel,0.5,0.01,-0.49,-98.0,Under
Jeremy Ruckert,first-touchdown-scorer,nyj,draftkings,0.5,0.01,-0.49,-98.0,Under
Jeremy Ruckert,first-touchdown-scorer,nyj,caesars,0.5,0.01,-0.49,-98.0,Under
Jeremy Ruckert,first-touchdown-scorer,nyj,fanatics,0.5,0.01,-0.49,-98.0,Under
Jeremy Ruckert,first-touchdown-scorer,nyj,fanduel,0.5,0.01,-0.49,-98.0,Under
Drew Ogletree,first-touchdown-scorer,ind,draftkings,0.5,0.01,-0.49,-98.0,Under
Drew Ogletree,first-touchdown-scorer,ind,hardrock,0.5,0.01,-0.49,-98.0,Under
Drew Ogletree,first-touchdown-scorer,ind,caesars,0.5,0.01,-0.49,-98.0,Under
Drew Sample,first-touchdown-scorer,cin,fanatics,0.5,0.01,-0.49,-98.0,Under
Drew Sample,first-touchdown-scorer,cin,fanduel,0.5,0.01,-0.49,-98.0,Under
Connor Heyward,first-touchdown-scorer,lvr,draftkings,0.5,0.01,-0.49,-98.0,Under
Connor Heyward,first-touchdown-scorer,lvr,caesars,0.5,0.01,-0.49,-98.0,Under
Connor Heyward,first-touchdown-scorer,lvr,fanatics,0.5,0.01,-0.49,-98.0,Under
Connor Heyward,first-touchdown-scorer,lvr,fanduel,0.5,0.01,-0.49,-98.0,Under
Marvin Mims,first-touchdown-scorer,den,draftkings,0.5,0.01,-0.49,-98.0,Under
Marvin Mims,first-touchdown-scorer,den,hardrock,0.5,0.01,-0.49,-98.0,Under
Marvin Mims,first-touchdown-scorer,den,caesars,0.5,0.01,-0.49,-98.0,Under
Marvin Mims,first-touchdown-scorer,den,fanatics,0.5,0.01,-0.49,-98.0,Under
Marvin Mims,first-touchdown-scorer,den,fanduel,0.5,0.01,-0.49,-98.0,Under
Drew Ogletree,first-touchdown-scorer,ind,fanduel,0.5,0.01,-0.49,-98.0,Under
Laquon Treadwell,touchdowns,ind,draftkings,0.5,0.01,-0.49,-98.0,Under
Laquon Treadwell,touchdowns,ind,hardrock,0.5,0.01,-0.49,-98.0,Under
Laquon Treadwell,touchdowns,ind,caesars,0.5,0.01,-0.49,-98.0,Under
Laquon Treadwell,touchdowns,ind,fanatics,0.5,0.01,-0.49,-98.0,Under
Laquon Treadwell,touchdowns,ind,fanduel,0.5,0.01,-0.49,-98.0,Under
Robert Tonyan,touchdowns,pit,draftkings,0.5,0.01,-0.49,-98.0,Under
Robert Tonyan,touchdowns,pit,hardrock,0.5,0.01,-0.49,-98.0,Under
Robert Tonyan,touchdowns,pit,caesars,0.5,0.01,-0.49,-98.0,Under
Robert Tonyan,touchdowns,pit,fanatics,0.5,0.01,-0.49,-98.0,Under
Robert Tonyan,touchdowns,pit,fanduel,0.5,0.01,-0.49,-98.0,Under
Brock Wright,first-touchdown-scorer,det,hardrock,0.5,0.01,-0.49,-98.0,Under
Brock Wright,first-touchdown-scorer,det,caesars,0.5,0.01,-0.49,-98.0,Under
Brock Wright,first-touchdown-scorer,det,fanatics,0.5,0.01,-0.49,-98.0,Under
Brock Wright,first-touchdown-scorer,det,fanduel,0.5,0.01,-0.49,-98.0,Under
Seth McGowan,first-touchdown-scorer,ind,draftkings,0.5,0.01,-0.49,-98.0,Under
Seth McGowan,first-touchdown-scorer,ind,hardrock,0.5,0.01,-0.49,-98.0,Under
Seth McGowan,first-touchdown-scorer,ind,caesars,0.5,0.01,-0.49,-98.0,Under
Seth McGowan,first-touchdown-scorer,ind,fanduel,0.5,0.01,-0.49,-98.0,Under
Jimmy Horn,first-touchdown-scorer,car,draftkings,0.5,0.01,-0.49,-98.0,Under
Jimmy Horn,first-touchdown-scorer,car,fanduel,0.5,0.01,-0.49,-98.0,Under
Konata Mumpfield,first-touchdown-scorer,,draftkings,0.5,0.01,-0.49,-98.0,Under
Konata Mumpfield,first-touchdown-scorer,,caesars,0.5,0.01,-0.49,-98.0,Under
Konata Mumpfield,first-touchdown-scorer,,fanduel,0.5,0.01,-0.49,-98.0,Under
Drew Sample,first-touchdown-scorer,cin,draftkings,0.5,0.01,-0.49,-98.0,Under
Drew Sample,first-touchdown-scorer,cin,hardrock,0.5,0.01,-0.49,-98.0,Under
Drew Sample,first-touchdown-scorer,cin,caesars,0.5,0.01,-0.49,-98.0,Under
Demarcus Robinson,first-touchdown-scorer,sfo,draftkings,0.5,0.01,-0.49,-98.0,Under
Demarcus Robinson,first-touchdown-scorer,sfo,hardrock,0.5,0.01,-0.49,-98.0,Under
Demarcus Robinson,first-touchdown-scorer,sfo,caesars,0.5,0.01,-0.49,-98.0,Under
Demarcus Robinson,first-touchdown-scorer,sfo,fanatics,0.5,0.01,-0.49,-98.0,Under
Demarcus Robinson,first-touchdown-scorer,sfo,fanduel,0.5,0.01,-0.49,-98.0,Under
Kaelon Black,first-touchdown-scorer,sfo,draftkings,0.5,0.01,-0.49,-98.0,Under
Kaelon Black,first-touchdown-scorer,sfo,hardrock,0.5,0.01,-0.49,-98.0,Under
Kaelon Black,first-touchdown-scorer,sfo,caesars,0.5,0.01,-0.49,-98.0,Under
Kaelon Black,first-touchdown-scorer,sfo,fanduel,0.5,0.01,-0.49,-98.0,Under
Brock Wright,first-touchdown-scorer,det,draftkings,0.5,0.01,-0.49,-98.0,Under
Corey Kiner,first-touchdown-scorer,nwe,draftkings,0.5,0.01,-0.49,-98.0,Under
Corey Kiner,first-touchdown-scorer,nwe,caesars,0.5,0.01,-0.49,-98.0,Under
Corey Kiner,first-touchdown-scorer,nwe,fanduel,0.5,0.01,-0.49,-98.0,Under
CJ Daniels,touchdowns,,draftkings,0.5,0.01,-0.49,-98.0,Under
CJ Daniels,touchdowns,,hardrock,0.5,0.01,-0.49,-98.0,Under
CJ Daniels,touchdowns,,caesars,0.5,0.01,-0.49,-98.0,Under
CJ Daniels,touchdowns,,fanatics,0.5,0.01,-0.49,-98.0,Under
CJ Daniels,touchdowns,,fanduel,0.5,0.01,-0.49,-98.0,Under
Ben Skowronek,touchdowns,pit,draftkings,0.5,0.01,-0.49,-98.0,Under
Ben Skowronek,touchdowns,pit,hardrock,0.5,0.01,-0.49,-98.0,Under
Ben Skowronek,touchdowns,pit,caesars,0.5,0.01,-0.49,-98.0,Under
Ben Skowronek,touchdowns,pit,fanatics,0.5,0.01,-0.49,-98.0,Under
Ben Skowronek,touchdowns,pit,fanduel,0.5,0.01,-0.49,-98.0,Under
Austin Hooper,first-touchdown-scorer,atl,draftkings,0.5,0.01,-0.49,-98.0,Under
Austin Hooper,first-touchdown-scorer,atl,hardrock,0.5,0.01,-0.49,-98.0,Under
Austin Hooper,first-touchdown-scorer,atl,caesars,0.5,0.01,-0.49,-98.0,Under
Austin Hooper,first-touchdown-scorer,atl,fanatics,0.5,0.01,-0.49,-98.0,Under
Austin Hooper,first-touchdown-scorer,atl,fanduel,0.5,0.01,-0.49,-98.0,Under
Mack Hollins,first-touchdown-scorer,nwe,draftkings,0.5,0.01,-0.49,-98.0,Under
Mack Hollins,first-touchdown-scorer,nwe,hardrock,0.5,0.01,-0.49,-98.0,Under
Mack Hollins,first-touchdown-scorer,nwe,caesars,0.5,0.01,-0.49,-98.0,Under
Mack Hollins,first-touchdown-scorer,nwe,fanatics,0.5,0.01,-0.49,-98.0,Under
Mack Hollins,first-touchdown-scorer,nwe,fanduel,0.5,0.01,-0.49,-98.0,Under
Kaden Wetjen,touchdowns,pit,draftkings,0.5,0.01,-0.49,-98.0,Under
Kaden Wetjen,touchdowns,pit,caesars,0.5,0.01,-0.49,-98.0,Under
Kaden Wetjen,touchdowns,pit,fanduel,0.5,0.01,-0.49,-98.0,Under
Jalen Royals,first-touchdown-scorer,kan,draftkings,0.5,0.01,-0.49,-98.0,Under
Jalen Royals,first-touchdown-scorer,kan,caesars,0.5,0.01,-0.49,-98.0,Under
Jalen Royals,first-touchdown-scorer,kan,fanduel,0.5,0.01,-0.49,-98.0,Under
Will Kacmarek,first-touchdown-scorer,mia,draftkings,0.5,0.01,-0.49,-98.0,Under
Will Kacmarek,first-touchdown-scorer,mia,hardrock,0.5,0.01,-0.49,-98.0,Under
Treylon Burks,first-touchdown-scorer,was,draftkings,0.5,0.01,-0.49,-98.0,Under
Treylon Burks,first-touchdown-scorer,was,hardrock,0.5,0.01,-0.49,-98.0,Under
Treylon Burks,first-touchdown-scorer,was,caesars,0.5,0.01,-0.49,-98.0,Under
Treylon Burks,first-touchdown-scorer,was,fanatics,0.5,0.01,-0.49,-98.0,Under
Treylon Burks,first-touchdown-scorer,was,fanduel,0.5,0.01,-0.49,-98.0,Under
Will Kacmarek,first-touchdown-scorer,mia,caesars,0.5,0.01,-0.49,-98.0,Under
Will Kacmarek,first-touchdown-scorer,mia,fanduel,0.5,0.01,-0.49,-98.0,Under
Matthew Stafford,touchdowns,,draftkings,0.5,0.01,-0.49,-98.0,Under
Matthew Stafford,touchdowns,,hardrock,0.5,0.01,-0.49,-98.0,Under
Matthew Stafford,touchdowns,,caesars,0.5,0.01,-0.49,-98.0,Under
Matthew Stafford,touchdowns,,fanatics,0.5,0.01,-0.49,-98.0,Under
Matthew Stafford,touchdowns,,fanduel,0.5,0.01,-0.49,-98.0,Under
Efton Chism,touchdowns,nwe,draftkings,0.5,0.01,-0.49,-98.0,Under
Efton Chism,touchdowns,nwe,caesars,0.5,0.01,-0.49,-98.0,Under
Efton Chism,touchdowns,nwe,fanatics,0.5,0.01,-0.49,-98.0,Under
Efton Chism,touchdowns,nwe,fanduel,0.5,0.01,-0.49,-98.0,Under
Brycen Tremayne,touchdowns,car,draftkings,0.5,0.01,-0.49,-98.0,Under
Brycen Tremayne,touchdowns,car,caesars,0.5,0.01,-0.49,-98.0,Under
Brycen Tremayne,touchdowns,car,fanatics,0.5,0.01,-0.49,-98.0,Under
Brycen Tremayne,touchdowns,car,fanduel,0.5,0.01,-0.49,-98.0,Under
John Bates,first-touchdown-scorer,was,fanatics,0.5,0.01,-0.49,-98.0,Under
Emari Demercado,first-touchdown-scorer,dal,caesars,0.5,0.01,-0.49,-98.0,Under
Emari Demercado,first-touchdown-scorer,dal,fanatics,0.5,0.01,-0.49,-98.0,Under
Emari Demercado,first-touchdown-scorer,dal,fanduel,0.5,0.01,-0.49,-98.0,Under
Brevyn Spann-Ford,first-touchdown-scorer,dal,draftkings,0.5,0.01,-0.49,-98.0,Under
Brevyn Spann-Ford,first-touchdown-scorer,dal,caesars,0.5,0.01,-0.49,-98.0,Under
Brevyn Spann-Ford,first-touchdown-scorer,dal,fanatics,0.5,0.01,-0.49,-98.0,Under
Brevyn Spann-Ford,first-touchdown-scorer,dal,fanduel,0.5,0.01,-0.49,-98.0,Under
Mo Alie-Cox,first-touchdown-scorer,ind,draftkings,0.5,0.01,-0.49,-98.0,Under
Mo Alie-Cox,first-touchdown-scorer,ind,caesars,0.5,0.01,-0.49,-98.0,Under
Mo Alie-Cox,first-touchdown-scorer,ind,fanatics,0.5,0.01,-0.49,-98.0,Under
Mo Alie-Cox,first-touchdown-scorer,ind,fanduel,0.5,0.01,-0.49,-98.0,Under
Devontez Walker,first-touchdown-scorer,bal,draftkings,0.5,0.01,-0.49,-98.0,Under
Devontez Walker,first-touchdown-scorer,bal,hardrock,0.5,0.01,-0.49,-98.0,Under
Devontez Walker,first-touchdown-scorer,bal,caesars,0.5,0.01,-0.49,-98.0,Under
Devontez Walker,first-touchdown-scorer,bal,fanatics,0.5,0.01,-0.49,-98.0,Under
Devontez Walker,first-touchdown-scorer,bal,fanduel,0.5,0.01,-0.49,-98.0,Under
Sam Darnold,first-touchdown-scorer,sea,draftkings,0.5,0.01,-0.49,-98.0,Under
Sam Darnold,first-touchdown-scorer,sea,hardrock,0.5,0.01,-0.49,-98.0,Under
Sam Darnold,first-touchdown-scorer,sea,caesars,0.5,0.01,-0.49,-98.0,Under
Sam Darnold,first-touchdown-scorer,sea,fanatics,0.5,0.01,-0.49,-98.0,Under
Sam Darnold,first-touchdown-scorer,sea,fanduel,0.5,0.01,-0.49,-98.0,Under
Jordan Whittington,first-touchdown-scorer,,draftkings,0.5,0.01,-0.49,-98.0,Under
Jordan Whittington,first-touchdown-scorer,,hardrock,0.5,0.01,-0.49,-98.0,Under
Jordan Whittington,first-touchdown-scorer,,caesars,0.5,0.01,-0.49,-98.0,Under
Jordan Whittington,first-touchdown-scorer,,fanatics,0.5,0.01,-0.49,-98.0,Under
Jordan Whittington,first-touchdown-scorer,,fanduel,0.5,0.01,-0.49,-98.0,Under
Emari Demercado,first-touchdown-scorer,dal,draftkings,0.5,0.01,-0.49,-98.0,Under
Emari Demercado,first-touchdown-scorer,dal,hardrock,0.5,0.01,-0.49,-98.0,Under
Dylan Laube,first-touchdown-scorer,lvr,draftkings,0.5,0.01,-0.49,-98.0,Under
Dylan Laube,first-touchdown-scorer,lvr,caesars,0.5,0.01,-0.49,-98.0,Under
Dylan Laube,first-touchdown-scorer,lvr,fanatics,0.5,0.01,-0.49,-98.0,Under
Dylan Laube,first-touchdown-scorer,lvr,fanduel,0.5,0.01,-0.49,-98.0,Under
Luke Schoonmaker,first-touchdown-scorer,dal,draftkings,0.5,0.01,-0.49,-98.0,Under
Luke Schoonmaker,first-touchdown-scorer,dal,hardrock,0.5,0.01,-0.49,-98.0,Under
Luke Schoonmaker,first-touchdown-scorer,dal,caesars,0.5,0.01,-0.49,-98.0,Under
Luke Schoonmaker,first-touchdown-scorer,dal,fanatics,0.5,0.01,-0.49,-98.0,Under
Luke Schoonmaker,first-touchdown-scorer,dal,fanduel,0.5,0.01,-0.49,-98.0,Under
John Bates,first-touchdown-scorer,was,fanduel,0.5,0.01,-0.49,-98.0,Under
Hunter Luepke,first-touchdown-scorer,dal,draftkings,0.5,0.01,-0.49,-98.0,Under
Hunter Luepke,first-touchdown-scorer,dal,caesars,0.5,0.01,-0.49,-98.0,Under
Hunter Luepke,first-touchdown-scorer,dal,fanatics,0.5,0.01,-0.49,-98.0,Under
Hunter Luepke,first-touchdown-scorer,dal,fanduel,0.5,0.01,-0.49,-98.0,Under
Kirk Cousins,first-touchdown-scorer,lvr,draftkings,0.5,0.01,-0.49,-98.0,Under
Kirk Cousins,first-touchdown-scorer,lvr,hardrock,0.5,0.01,-0.49,-98.0,Under
Kirk Cousins,first-touchdown-scorer,lvr,caesars,0.5,0.01,-0.49,-98.0,Under
Kirk Cousins,first-touchdown-scorer,lvr,fanatics,0.5,0.01,-0.49,-98.0,Under
Kirk Cousins,first-touchdown-scorer,lvr,fanduel,0.5,0.01,-0.49,-98.0,Under
Ko Kieft,touchdowns,tam,fanatics,0.5,0.01,-0.49,-98.0,Under
Nate Boerkircher,first-touchdown-scorer,jax,draftkings,0.5,0.01,-0.49,-98.0,Under
Nate Boerkircher,first-touchdown-scorer,jax,hardrock,0.5,0.01,-0.49,-98.0,Under
Nate Boerkircher,first-touchdown-scorer,jax,caesars,0.5,0.01,-0.49,-98.0,Under
Nate Boerkircher,first-touchdown-scorer,jax,fanduel,0.5,0.01,-0.49,-98.0,Under
Montorie Foster,touchdowns,sea,draftkings,0.5,0.01,-0.49,-98.0,Under
Montorie Foster,touchdowns,sea,hardrock,0.5,0.01,-0.49,-98.0,Under
Montorie Foster,touchdowns,sea,caesars,0.5,0.01,-0.49,-98.0,Under
Montorie Foster,touchdowns,sea,fanatics,0.5,0.01,-0.49,-98.0,Under
Montorie Foster,touchdowns,sea,fanduel,0.5,0.01,-0.49,-98.0,Under
LaJohntay Wester,touchdowns,bal,draftkings,0.5,0.01,-0.49,-98.0,Under
LaJohntay Wester,touchdowns,bal,hardrock,0.5,0.01,-0.49,-98.0,Under
LaJohntay Wester,touchdowns,bal,caesars,0.5,0.01,-0.49,-98.0,Under
LaJohntay Wester,touchdowns,bal,fanduel,0.5,0.01,-0.49,-98.0,Under
Charlie Woerner,touchdowns,atl,draftkings,0.5,0.01,-0.49,-98.0,Under
Charlie Woerner,touchdowns,atl,hardrock,0.5,0.01,-0.49,-98.0,Under
Charlie Woerner,touchdowns,atl,caesars,0.5,0.01,-0.49,-98.0,Under
Charlie Woerner,touchdowns,atl,fanatics,0.5,0.01,-0.49,-98.0,Under
Charlie Woerner,touchdowns,atl,fanduel,0.5,0.01,-0.49,-98.0,Under
Carsen Ryan,touchdowns,cle,draftkings,0.5,0.01,-0.49,-98.0,Under
Carsen Ryan,touchdowns,cle,hardrock,0.5,0.01,-0.49,-98.0,Under
Carsen Ryan,touchdowns,cle,caesars,0.5,0.01,-0.49,-98.0,Under
Carsen Ryan,touchdowns,cle,fanduel,0.5,0.01,-0.49,-98.0,Under
Ke'Shawn Williams,touchdowns,cin,draftkings,0.5,0.01,-0.49,-98.0,Under
Ke'Shawn Williams,touchdowns,cin,hardrock,0.5,0.01,-0.49,-98.0,Under
Ke'Shawn Williams,touchdowns,cin,caesars,0.5,0.01,-0.49,-98.0,Under
Ke'Shawn Williams,touchdowns,cin,fanduel,0.5,0.01,-0.49,-98.0,Under
Chris Blair,touchdowns,atl,draftkings,0.5,0.01,-0.49,-98.0,Under
Chris Blair,touchdowns,atl,hardrock,0.5,0.01,-0.49,-98.0,Under
Chris Blair,touchdowns,atl,caesars,0.5,0.01,-0.49,-98.0,Under
Chris Blair,touchdowns,atl,fanatics,0.5,0.01,-0.49,-98.0,Under
Chris Blair,touchdowns,atl,fanduel,0.5,0.01,-0.49,-98.0,Under
Tylan Wallace,touchdowns,cle,draftkings,0.5,0.01,-0.49,-98.0,Under
Tylan Wallace,touchdowns,cle,hardrock,0.5,0.01,-0.49,-98.0,Under
Tylan Wallace,touchdowns,cle,caesars,0.5,0.01,-0.49,-98.0,Under
Tylan Wallace,touchdowns,cle,fanatics,0.5,0.01,-0.49,-98.0,Under
Tylan Wallace,touchdowns,cle,fanduel,0.5,0.01,-0.49,-98.0,Under
Nick Kallerup,touchdowns,sea,draftkings,0.5,0.01,-0.49,-98.0,Under
Nick Kallerup,touchdowns,sea,hardrock,0.5,0.01,-0.49,-98.0,Under
Will Shipley,first-touchdown-scorer,phi,draftkings,0.5,0.01,-0.49,-98.0,Under
Will Shipley,first-touchdown-scorer,phi,hardrock,0.5,0.01,-0.49,-98.0,Under
Will Shipley,first-touchdown-scorer,phi,caesars,0.5,0.01,-0.49,-98.0,Under
Will Shipley,first-touchdown-scorer,phi,fanatics,0.5,0.01,-0.49,-98.0,Under
Will Shipley,first-touchdown-scorer,phi,fanduel,0.5,0.01,-0.49,-98.0,Under
John Bates,first-touchdown-scorer,was,draftkings,0.5,0.01,-0.49,-98.0,Under
John Bates,first-touchdown-scorer,was,caesars,0.5,0.01,-0.49,-98.0,Under
Nick Kallerup,touchdowns,sea,caesars,0.5,0.01,-0.49,-98.0,Under
Nick Kallerup,touchdowns,sea,fanduel,0.5,0.01,-0.49,-98.0,Under
Isaiah Bond,first-touchdown-scorer,cle,draftkings,0.5,0.01,-0.49,-98.0,Under
Isaiah Bond,first-touchdown-scorer,cle,hardrock,0.5,0.01,-0.49,-98.0,Under
Isaiah Bond,first-touchdown-scorer,cle,caesars,0.5,0.01,-0.49,-98.0,Under
Isaiah Bond,first-touchdown-scorer,cle,fanduel,0.5,0.01,-0.49,-98.0,Under
Skyler Bell,first-touchdown-scorer,buf,draftkings,0.5,0.01,-0.49,-98.0,Under
Skyler Bell,first-touchdown-scorer,buf,hardrock,0.5,0.01,-0.49,-98.0,Under
Skyler Bell,first-touchdown-scorer,buf,caesars,0.5,0.01,-0.49,-98.0,Under
Skyler Bell,first-touchdown-scorer,buf,fanduel,0.5,0.01,-0.49,-98.0,Under
Elijah Sarratt,first-touchdown-scorer,bal,hardrock,0.5,0.01,-0.49,-98.0,Under
Elijah Sarratt,first-touchdown-scorer,bal,caesars,0.5,0.01,-0.49,-98.0,Under
Elijah Sarratt,first-touchdown-scorer,bal,fanduel,0.5,0.01,-0.49,-98.0,Under
Davis Allen,first-touchdown-scorer,,draftkings,0.5,0.01,-0.49,-98.0,Under
Davis Allen,first-touchdown-scorer,,caesars,0.5,0.01,-0.49,-98.0,Under
Davis Allen,first-touchdown-scorer,,fanatics,0.5,0.01,-0.49,-98.0,Under
Davis Allen,first-touchdown-scorer,,fanduel,0.5,0.01,-0.49,-98.0,Under
Bo Melton,first-touchdown-scorer,gnb,draftkings,0.5,0.01,-0.49,-98.0,Under
Bo Melton,first-touchdown-scorer,gnb,caesars,0.5,0.01,-0.49,-98.0,Under
Bo Melton,first-touchdown-scorer,gnb,fanatics,0.5,0.01,-0.49,-98.0,Under
Bo Melton,first-touchdown-scorer,gnb,fanduel,0.5,0.01,-0.49,-98.0,Under
Demond Claiborne,first-touchdown-scorer,min,draftkings,0.5,0.01,-0.49,-98.0,Under
Demond Claiborne,first-touchdown-scorer,min,caesars,0.5,0.01,-0.49,-98.0,Under
Demond Claiborne,first-touchdown-scorer,min,fanduel,0.5,0.01,-0.49,-98.0,Under
Elijah Sarratt,first-touchdown-scorer,bal,draftkings,0.5,0.01,-0.49,-98.0,Under
Tay Martin,first-touchdown-scorer,det,draftkings,0.5,0.01,-0.49,-98.0,Under
Tay Martin,first-touchdown-scorer,det,hardrock,0.5,0.01,-0.49,-98.0,Under
Tay Martin,first-touchdown-scorer,det,caesars,0.5,0.01,-0.49,-98.0,Under
Tay Martin,first-touchdown-scorer,det,fanatics,0.5,0.01,-0.49,-98.0,Under
Tay Martin,first-touchdown-scorer,det,fanduel,0.5,0.01,-0.49,-98.0,Under
LeQuint Allen,first-touchdown-scorer,jax,draftkings,0.5,0.01,-0.49,-98.0,Under
LeQuint Allen,first-touchdown-scorer,jax,hardrock,0.5,0.01,-0.49,-98.0,Under
LeQuint Allen,first-touchdown-scorer,jax,caesars,0.5,0.01,-0.49,-98.0,Under
LeQuint Allen,first-touchdown-scorer,jax,fanatics,0.5,0.01,-0.49,-98.0,Under
LeQuint Allen,first-touchdown-scorer,jax,fanduel,0.5,0.01,-0.49,-98.0,Under
Dareke Young,touchdowns,lvr,caesars,0.5,0.01,-0.49,-98.0,Under
Dareke Young,touchdowns,lvr,fanatics,0.5,0.01,-0.49,-98.0,Under
Dareke Young,touchdowns,lvr,fanduel,0.5,0.01,-0.49,-98.0,Under
David Martin-Robinson,touchdowns,ten,hardrock,0.5,0.01,-0.49,-98.0,Under
David Martin-Robinson,touchdowns,ten,caesars,0.5,0.01,-0.49,-98.0,Under
David Martin-Robinson,touchdowns,ten,fanatics,0.5,0.01,-0.49,-98.0,Under
David Martin-Robinson,touchdowns,ten,fanduel,0.5,0.01,-0.49,-98.0,Under
Kylen Granson,touchdowns,ten,draftkings,0.5,0.01,-0.49,-98.0,Under
Kylen Granson,touchdowns,ten,hardrock,0.5,0.01,-0.49,-98.0,Under
Kylen Granson,touchdowns,ten,caesars,0.5,0.01,-0.49,-98.0,Under
Kylen Granson,touchdowns,ten,fanatics,0.5,0.01,-0.49,-98.0,Under
Kylen Granson,touchdowns,ten,fanduel,0.5,0.01,-0.49,-98.0,Under
Colson Yankoff,touchdowns,was,draftkings,0.5,0.01,-0.49,-98.0,Under
Colson Yankoff,touchdowns,was,hardrock,0.5,0.01,-0.49,-98.0,Under
Elic Ayomanor,first-touchdown-scorer,ten,draftkings,0.5,0.01,-0.49,-98.0,Under
Elic Ayomanor,first-touchdown-scorer,ten,hardrock,0.5,0.01,-0.49,-98.0,Under
Elic Ayomanor,first-touchdown-scorer,ten,caesars,0.5,0.01,-0.49,-98.0,Under
Elic Ayomanor,first-touchdown-scorer,ten,fanduel,0.5,0.01,-0.49,-98.0,Under
Colson Yankoff,touchdowns,was,caesars,0.5,0.01,-0.49,-98.0,Under
Colson Yankoff,touchdowns,was,fanatics,0.5,0.01,-0.49,-98.0,Under
Colson Yankoff,touchdowns,was,fanduel,0.5,0.01,-0.49,-98.0,Under
Dareke Young,touchdowns,lvr,draftkings,0.5,0.01,-0.49,-98.0,Under
Dareke Young,touchdowns,lvr,hardrock,0.5,0.01,-0.49,-98.0,Under
Ian Thomas,touchdowns,lvr,draftkings,0.5,0.01,-0.49,-98.0,Under
Ian Thomas,touchdowns,lvr,hardrock,0.5,0.01,-0.49,-98.0,Under
Ian Thomas,touchdowns,lvr,caesars,0.5,0.01,-0.49,-98.0,Under
Ian Thomas,touchdowns,lvr,fanatics,0.5,0.01,-0.49,-98.0,Under
Ian Thomas,touchdowns,lvr,fanduel,0.5,0.01,-0.49,-98.0,Under
E.J. Jenkins,touchdowns,phi,draftkings,0.5,0.01,-0.49,-98.0,Under
Eli Stowers,first-touchdown-scorer,phi,fanduel,0.5,0.01,-0.49,-98.0,Under
E.J. Jenkins,touchdowns,phi,hardrock,0.5,0.01,-0.49,-98.0,Under
E.J. Jenkins,touchdowns,phi,caesars,0.5,0.01,-0.49,-98.0,Under
E.J. Jenkins,touchdowns,phi,fanatics,0.5,0.01,-0.49,-98.0,Under
E.J. Jenkins,touchdowns,phi,fanduel,0.5,0.01,-0.49,-98.0,Under
David Martin-Robinson,touchdowns,ten,draftkings,0.5,0.01,-0.49,-98.0,Under
Ryan Miller,touchdowns,mia,fanduel,0.5,0.01,-0.49,-98.0,Under
Mark Redman,touchdowns,gnb,draftkings,0.5,0.01,-0.49,-98.0,Under
Mark Redman,touchdowns,gnb,hardrock,0.5,0.01,-0.49,-98.0,Under
Mark Redman,touchdowns,gnb,caesars,0.5,0.01,-0.49,-98.0,Under
Mark Redman,touchdowns,gnb,fanduel,0.5,0.01,-0.49,-98.0,Under
Kevin Coleman,touchdowns,mia,caesars,0.5,0.01,-0.49,-98.0,Under
Kevin Coleman,touchdowns,mia,fanatics,0.5,0.01,-0.49,-98.0,Under
Kevin Coleman,touchdowns,mia,fanduel,0.5,0.01,-0.49,-98.0,Under
Ben Yurosek,touchdowns,min,draftkings,0.5,0.01,-0.49,-98.0,Under
Ben Yurosek,touchdowns,min,hardrock,0.5,0.01,-0.49,-98.0,Under
Ben Yurosek,touchdowns,min,caesars,0.5,0.01,-0.49,-98.0,Under
Ben Yurosek,touchdowns,min,fanduel,0.5,0.01,-0.49,-98.0,Under
Chris Manhertz,touchdowns,nyg,draftkings,0.5,0.01,-0.49,-98.0,Under
Chris Manhertz,touchdowns,nyg,hardrock,0.5,0.01,-0.49,-98.0,Under
Chris Manhertz,touchdowns,nyg,caesars,0.5,0.01,-0.49,-98.0,Under
Chris Manhertz,touchdowns,nyg,fanatics,0.5,0.01,-0.49,-98.0,Under
Chris Manhertz,touchdowns,nyg,fanduel,0.5,0.01,-0.49,-98.0,Under
Ryan Miller,touchdowns,mia,draftkings,0.5,0.01,-0.49,-98.0,Under
Eli Raridon,first-touchdown-scorer,nwe,caesars,0.5,0.01,-0.49,-98.0,Under
Eli Raridon,first-touchdown-scorer,nwe,fanduel,0.5,0.01,-0.49,-98.0,Under
Eli Stowers,first-touchdown-scorer,phi,hardrock,0.5,0.01,-0.49,-98.0,Under
Eli Stowers,first-touchdown-scorer,phi,caesars,0.5,0.01,-0.49,-98.0,Under
Kendre Miller,first-touchdown-scorer,nor,caesars,0.5,0.01,-0.49,-98.0,Under
Kendre Miller,first-touchdown-scorer,nor,fanatics,0.5,0.01,-0.49,-98.0,Under
Kendre Miller,first-touchdown-scorer,nor,fanduel,0.5,0.01,-0.49,-98.0,Under
Luke McCaffrey,first-touchdown-scorer,was,draftkings,0.5,0.01,-0.49,-98.0,Under
Luke McCaffrey,first-touchdown-scorer,was,hardrock,0.5,0.01,-0.49,-98.0,Under
Luke McCaffrey,first-touchdown-scorer,was,caesars,0.5,0.01,-0.49,-98.0,Under
Luke McCaffrey,first-touchdown-scorer,was,fanatics,0.5,0.01,-0.49,-98.0,Under
Luke McCaffrey,first-touchdown-scorer,was,fanduel,0.5,0.01,-0.49,-98.0,Under
Ryan Miller,touchdowns,mia,hardrock,0.5,0.01,-0.49,-98.0,Under
Ryan Miller,touchdowns,mia,caesars,0.5,0.01,-0.49,-98.0,Under
Ryan Miller,touchdowns,mia,fanatics,0.5,0.01,-0.49,-98.0,Under
Andrew Beck,touchdowns,nyj,fanatics,0.5,0.01,-0.49,-98.0,Under
Andrew Beck,touchdowns,nyj,fanduel,0.5,0.01,-0.49,-98.0,Under
Thomas Fidone,touchdowns,nyg,draftkings,0.5,0.01,-0.49,-98.0,Under
Thomas Fidone,touchdowns,nyg,hardrock,0.5,0.01,-0.49,-98.0,Under
Thomas Fidone,touchdowns,nyg,caesars,0.5,0.01,-0.49,-98.0,Under
Thomas Fidone,touchdowns,nyg,fanduel,0.5,0.01,-0.49,-98.0,Under
Simi Fehoko,touchdowns,ari,draftkings,0.5,0.01,-0.49,-98.0,Under
Simi Fehoko,touchdowns,ari,hardrock,0.5,0.01,-0.49,-98.0,Under
Adam Trautman,first-touchdown-scorer,den,draftkings,0.5,0.01,-0.49,-98.0,Under
Adam Trautman,first-touchdown-scorer,den,hardrock,0.5,0.01,-0.49,-98.0,Under
Adam Trautman,first-touchdown-scorer,den,caesars,0.5,0.01,-0.49,-98.0,Under
Adam Trautman,first-touchdown-scorer,den,fanatics,0.5,0.01,-0.49,-98.0,Under
Adam Trautman,first-touchdown-scorer,den,fanduel,0.5,0.01,-0.49,-98.0,Under
Kendre Miller,first-touchdown-scorer,nor,draftkings,0.5,0.01,-0.49,-98.0,Under
Kendre Miller,first-touchdown-scorer,nor,hardrock,0.5,0.01,-0.49,-98.0,Under
Simi Fehoko,touchdowns,ari,caesars,0.5,0.01,-0.49,-98.0,Under
Simi Fehoko,touchdowns,ari,fanatics,0.5,0.01,-0.49,-98.0,Under
Simi Fehoko,touchdowns,ari,fanduel,0.5,0.01,-0.49,-98.0,Under
Kevin Coleman,touchdowns,mia,draftkings,0.5,0.01,-0.49,-98.0,Under
Dyami Brown,touchdowns,was,draftkings,0.5,0.01,-0.49,-98.0,Under
Dyami Brown,touchdowns,was,fanatics,0.5,0.01,-0.49,-98.0,Under
Dyami Brown,touchdowns,was,fanduel,0.5,0.01,-0.49,-98.0,Under
Seydou Traore,touchdowns,mia,draftkings,0.5,0.01,-0.49,-98.0,Under
Seydou Traore,touchdowns,mia,hardrock,0.5,0.01,-0.49,-98.0,Under
Seydou Traore,touchdowns,mia,fanduel,0.5,0.01,-0.49,-98.0,Under
Max Bredeson,touchdowns,min,draftkings,0.5,0.01,-0.49,-98.0,Under
Max Bredeson,touchdowns,min,caesars,0.5,0.01,-0.49,-98.0,Under
Max Bredeson,touchdowns,min,fanduel,0.5,0.01,-0.49,-98.0,Under
Malik Benson,first-touchdown-scorer,lvr,draftkings,0.5,0.01,-0.49,-98.0,Under
Malik Benson,first-touchdown-scorer,lvr,hardrock,0.5,0.01,-0.49,-98.0,Under
Malik Benson,first-touchdown-scorer,lvr,caesars,0.5,0.01,-0.49,-98.0,Under
Malik Benson,first-touchdown-scorer,lvr,fanduel,0.5,0.01,-0.49,-98.0,Under
Andrew Beck,touchdowns,nyj,draftkings,0.5,0.01,-0.49,-98.0,Under
Andrew Beck,touchdowns,nyj,caesars,0.5,0.01,-0.49,-98.0,Under
Elijah Higgins,first-touchdown-scorer,ari,draftkings,0.5,0.01,-0.49,-98.0,Under
Elijah Higgins,first-touchdown-scorer,ari,hardrock,0.5,0.01,-0.49,-98.0,Under
Elijah Higgins,first-touchdown-scorer,ari,caesars,0.5,0.01,-0.49,-98.0,Under
Ashton Dulin,first-touchdown-scorer,ind,draftkings,0.5,0.01,-0.49,-98.0,Under
Ashton Dulin,first-touchdown-scorer,ind,hardrock,0.5,0.01,-0.49,-98.0,Under
Ashton Dulin,first-touchdown-scorer,ind,caesars,0.5,0.01,-0.49,-98.0,Under
Ashton Dulin,first-touchdown-scorer,ind,fanatics,0.5,0.01,-0.49,-98.0,Under
Ashton Dulin,first-touchdown-scorer,ind,fanduel,0.5,0.01,-0.49,-98.0,Under
Jonnu Smith,first-touchdown-scorer,gnb,draftkings,0.5,0.01,-0.49,-98.0,Under
Jonnu Smith,first-touchdown-scorer,gnb,hardrock,0.5,0.01,-0.49,-98.0,Under
Jonnu Smith,first-touchdown-scorer,gnb,caesars,0.5,0.01,-0.49,-98.0,Under
Elijah Higgins,first-touchdown-scorer,ari,fanatics,0.5,0.01,-0.49,-98.0,Under
Elijah Higgins,first-touchdown-scorer,ari,fanduel,0.5,0.01,-0.49,-98.0,Under
Eli Raridon,first-touchdown-scorer,nwe,draftkings,0.5,0.01,-0.49,-98.0,Under
Eli Raridon,first-touchdown-scorer,nwe,hardrock,0.5,0.01,-0.49,-98.0,Under
J. Michael Sturdivant,touchdowns,gnb,draftkings,0.5,0.01,-0.49,-98.0,Under
J. Michael Sturdivant,touchdowns,gnb,fanatics,0.5,0.01,-0.49,-98.0,Under
J. Michael Sturdivant,touchdowns,gnb,fanduel,0.5,0.01,-0.49,-98.0,Under
Tim Patrick,touchdowns,nyj,draftkings,0.5,0.01,-0.49,-98.0,Under
Tim Patrick,touchdowns,nyj,hardrock,0.5,0.01,-0.49,-98.0,Under
Tim Patrick,touchdowns,nyj,caesars,0.5,0.01,-0.49,-98.0,Under
Tim Patrick,touchdowns,nyj,fanatics,0.5,0.01,-0.49,-98.0,Under
Tim Patrick,touchdowns,nyj,fanduel,0.5,0.01,-0.49,-98.0,Under
Nikko Remigio,touchdowns,kan,draftkings,0.5,0.01,-0.49,-98.0,Under
Nikko Remigio,touchdowns,kan,caesars,0.5,0.01,-0.49,-98.0,Under
Nikko Remigio,touchdowns,kan,fanatics,0.5,0.01,-0.49,-98.0,Under
Nikko Remigio,touchdowns,kan,fanduel,0.5,0.01,-0.49,-98.0,Under
Jake Briningstool,touchdowns,kan,draftkings,0.5,0.01,-0.49,-98.0,Under
Jake Briningstool,touchdowns,kan,hardrock,0.5,0.01,-0.49,-98.0,Under
Jake Briningstool,touchdowns,kan,caesars,0.5,0.01,-0.49,-98.0,Under
Jake Briningstool,touchdowns,kan,fanduel,0.5,0.01,-0.49,-98.0,Under
Elijah Moore,touchdowns,phi,fanduel,0.5,0.01,-0.49,-98.0,Under
Lil'Jordan Humphrey,touchdowns,den,draftkings,0.5,0.01,-0.49,-98.0,Under
Lil'Jordan Humphrey,touchdowns,den,hardrock,0.5,0.01,-0.49,-98.0,Under
Lil'Jordan Humphrey,touchdowns,den,caesars,0.5,0.01,-0.49,-98.0,Under
Lil'Jordan Humphrey,touchdowns,den,fanatics,0.5,0.01,-0.49,-98.0,Under
Lil'Jordan Humphrey,touchdowns,den,fanduel,0.5,0.01,-0.49,-98.0,Under
KeAndre Lambert-Smith,touchdowns,lac,caesars,0.5,0.01,-0.49,-98.0,Under
KeAndre Lambert-Smith,touchdowns,lac,fanduel,0.5,0.01,-0.49,-98.0,Under
Elijah Moore,touchdowns,phi,draftkings,0.5,0.01,-0.49,-98.0,Under
Xavier Smith,first-touchdown-scorer,,draftkings,0.5,0.01,-0.49,-98.0,Under
Xavier Smith,first-touchdown-scorer,,caesars,0.5,0.01,-0.49,-98.0,Under
Xavier Smith,first-touchdown-scorer,,fanatics,0.5,0.01,-0.49,-98.0,Under
Jared Goff,first-touchdown-scorer,det,draftkings,0.5,0.01,-0.49,-98.0,Under
Jared Goff,first-touchdown-scorer,det,caesars,0.5,0.01,-0.49,-98.0,Under
Jared Goff,first-touchdown-scorer,det,fanatics,0.5,0.01,-0.49,-98.0,Under
Jared Goff,first-touchdown-scorer,det,fanduel,0.5,0.01,-0.49,-98.0,Under
Elijah Moore,touchdowns,phi,hardrock,0.5,0.01,-0.49,-98.0,Under
Elijah Moore,touchdowns,phi,caesars,0.5,0.01,-0.49,-98.0,Under
Elijah Moore,touchdowns,phi,fanatics,0.5,0.01,-0.49,-98.0,Under
Skyy Moore,touchdowns,gnb,draftkings,0.5,0.01,-0.49,-98.0,Under
Skyy Moore,touchdowns,gnb,hardrock,0.5,0.01,-0.49,-98.0,Under
Skyy Moore,touchdowns,gnb,caesars,0.5,0.01,-0.49,-98.0,Under
Skyy Moore,touchdowns,gnb,fanatics,0.5,0.01,-0.49,-98.0,Under
Skyy Moore,touchdowns,gnb,fanduel,0.5,0.01,-0.49,-98.0,Under
Jaylin Lane,touchdowns,was,draftkings,0.5,0.01,-0.49,-98.0,Under
Jaylin Lane,touchdowns,was,hardrock,0.5,0.01,-0.49,-98.0,Under
Jaylin Lane,touchdowns,was,caesars,0.5,0.01,-0.49,-98.0,Under
Jaylin Lane,touchdowns,was,fanduel,0.5,0.01,-0.49,-98.0,Under
KeAndre Lambert-Smith,touchdowns,lac,draftkings,0.5,0.01,-0.49,-98.0,Under
KeAndre Lambert-Smith,touchdowns,lac,hardrock,0.5,0.01,-0.49,-98.0,Under
Jalen Brooks,touchdowns,ari,fanatics,0.5,0.01,-0.49,-98.0,Under
Jalen Brooks,touchdowns,ari,hardrock,0.5,0.01,-0.49,-98.0,Under
Josh Whyle,touchdowns,gnb,draftkings,0.5,0.01,-0.49,-98.0,Under
Josh Whyle,touchdowns,gnb,hardrock,0.5,0.01,-0.49,-98.0,Under
Josh Whyle,touchdowns,gnb,caesars,0.5,0.01,-0.49,-98.0,Under
Josh Whyle,touchdowns,gnb,fanatics,0.5,0.01,-0.49,-98.0,Under
Josh Whyle,touchdowns,gnb,fanduel,0.5,0.01,-0.49,-98.0,Under
Durham Smythe,first-touchdown-scorer,bal,caesars,0.5,0.01,-0.49,-98.0,Under
Durham Smythe,first-touchdown-scorer,bal,fanatics,0.5,0.01,-0.49,-98.0,Under
Durham Smythe,first-touchdown-scorer,bal,fanduel,0.5,0.01,-0.49,-98.0,Under
Jonnu Smith,first-touchdown-scorer,gnb,fanatics,0.5,0.01,-0.49,-98.0,Under
Jonnu Smith,first-touchdown-scorer,gnb,fanduel,0.5,0.01,-0.49,-98.0,Under
Jahdae Walker,first-touchdown-scorer,chi,draftkings,0.5,0.01,-0.49,-98.0,Under
Jahdae Walker,first-touchdown-scorer,chi,caesars,0.5,0.01,-0.49,-98.0,Under
Jahdae Walker,first-touchdown-scorer,chi,fanduel,0.5,0.01,-0.49,-98.0,Under
Aaron Rodgers,first-touchdown-scorer,pit,draftkings,0.5,0.01,-0.49,-98.0,Under
Aaron Rodgers,first-touchdown-scorer,pit,hardrock,0.5,0.01,-0.49,-98.0,Under
Aaron Rodgers,first-touchdown-scorer,pit,caesars,0.5,0.01,-0.49,-98.0,Under
Aaron Rodgers,first-touchdown-scorer,pit,fanatics,0.5,0.01,-0.49,-98.0,Under
Aaron Rodgers,first-touchdown-scorer,pit,fanduel,0.5,0.01,-0.49,-98.0,Under
Durham Smythe,first-touchdown-scorer,bal,draftkings,0.5,0.01,-0.49,-98.0,Under
Durham Smythe,first-touchdown-scorer,bal,hardrock,0.5,0.01,-0.49,-98.0,Under
Tommy Tremble,first-touchdown-scorer,car,draftkings,0.5,0.01,-0.49,-98.0,Under
Tommy Tremble,first-touchdown-scorer,car,hardrock,0.5,0.01,-0.49,-98.0,Under
Tommy Tremble,first-touchdown-scorer,car,caesars,0.5,0.01,-0.49,-98.0,Under
Tommy Tremble,first-touchdown-scorer,car,fanatics,0.5,0.01,-0.49,-98.0,Under
Tommy Tremble,first-touchdown-scorer,car,fanduel,0.5,0.01,-0.49,-98.0,Under
Alvin Kamara,first-touchdown-scorer,nor,fanatics,0.5,0.01,-0.49,-98.0,Under
A.J. Dillon,first-touchdown-scorer,car,fanatics,0.5,0.01,-0.49,-98.0,Under
Sione Vaki,first-touchdown-scorer,det,draftkings,0.5,0.01,-0.49,-98.0,Under
Sione Vaki,first-touchdown-scorer,det,caesars,0.5,0.01,-0.49,-98.0,Under
Sione Vaki,first-touchdown-scorer,det,fanatics,0.5,0.01,-0.49,-98.0,Under
Sione Vaki,first-touchdown-scorer,det,fanduel,0.5,0.01,-0.49,-98.0,Under
Tez Johnson,first-touchdown-scorer,tam,draftkings,0.5,0.01,-0.49,-98.0,Under
Tez Johnson,first-touchdown-scorer,tam,caesars,0.5,0.01,-0.49,-98.0,Under
Tez Johnson,first-touchdown-scorer,tam,fanduel,0.5,0.01,-0.49,-98.0,Under
Colbie Young,first-touchdown-scorer,cin,draftkings,0.5,0.01,-0.49,-98.0,Under
Colbie Young,first-touchdown-scorer,cin,hardrock,0.5,0.01,-0.49,-98.0,Under
Colbie Young,first-touchdown-scorer,cin,caesars,0.5,0.01,-0.49,-98.0,Under
Colbie Young,first-touchdown-scorer,cin,fanduel,0.5,0.01,-0.49,-98.0,Under
Tyrone Tracy,first-touchdown-scorer,nyg,draftkings,0.5,0.01,-0.49,-98.0,Under
Tyrone Tracy,first-touchdown-scorer,nyg,hardrock,0.5,0.01,-0.49,-98.0,Under
Tyrone Tracy,first-touchdown-scorer,nyg,fanatics,0.5,0.01,-0.49,-98.0,Under
Tyrone Tracy,first-touchdown-scorer,nyg,fanduel,0.5,0.01,-0.49,-98.0,Under
Ben Sinnott,first-touchdown-scorer,was,fanatics,0.5,0.01,-0.49,-98.0,Under
Jack Endries,touchdowns,cin,draftkings,0.5,0.01,-0.49,-98.0,Under
Jack Endries,touchdowns,cin,hardrock,0.5,0.01,-0.49,-98.0,Under
Kyle Juszczyk,first-touchdown-scorer,sfo,fanduel,0.5,0.01,-0.49,-98.0,Under
Barion Brown,first-touchdown-scorer,nor,draftkings,0.5,0.01,-0.49,-98.0,Under
Malachi Corley,first-touchdown-scorer,cle,draftkings,0.5,0.01,-0.49,-98.0,Under
Malachi Corley,first-touchdown-scorer,cle,caesars,0.5,0.01,-0.49,-98.0,Under
Malachi Corley,first-touchdown-scorer,cle,fanatics,0.5,0.01,-0.49,-98.0,Under
Malachi Corley,first-touchdown-scorer,cle,fanduel,0.5,0.01,-0.49,-98.0,Under
Ben Sinnott,first-touchdown-scorer,was,draftkings,0.5,0.01,-0.49,-98.0,Under
Jake Tonges,first-touchdown-scorer,sfo,fanatics,0.5,0.02,-0.48,-96.0,Under
Jake Tonges,first-touchdown-scorer,sfo,caesars,0.5,0.02,-0.48,-96.0,Under
Jake Tonges,first-touchdown-scorer,sfo,draftkings,0.5,0.02,-0.48,-96.0,Under
Germie Bernard,first-touchdown-scorer,pit,draftkings,0.5,0.02,-0.48,-96.0,Under
Germie Bernard,first-touchdown-scorer,pit,hardrock,0.5,0.02,-0.48,-96.0,Under
Germie Bernard,first-touchdown-scorer,pit,caesars,0.5,0.02,-0.48,-96.0,Under
Germie Bernard,first-touchdown-scorer,pit,fanduel,0.5,0.02,-0.48,-96.0,Under
Jake Tonges,first-touchdown-scorer,sfo,fanduel,0.5,0.02,-0.48,-96.0,Under
Payne Durham,touchdowns,tam,draftkings,0.5,0.02,-0.48,-96.0,Under
Payne Durham,touchdowns,tam,hardrock,0.5,0.02,-0.48,-96.0,Under
Payne Durham,touchdowns,tam,caesars,0.5,0.02,-0.48,-96.0,Under
Geno Smith,first-touchdown-scorer,nyj,caesars,0.5,0.02,-0.48,-96.0,Under
Geno Smith,first-touchdown-scorer,nyj,fanatics,0.5,0.02,-0.48,-96.0,Under
Geno Smith,first-touchdown-scorer,nyj,fanduel,0.5,0.02,-0.48,-96.0,Under
Payne Durham,touchdowns,tam,fanatics,0.5,0.02,-0.48,-96.0,Under
Luke Farrell,touchdowns,sfo,fanatics,0.5,0.02,-0.48,-96.0,Under
Odell Beckham,first-touchdown-scorer,nyg,draftkings,0.5,0.02,-0.48,-96.0,Under
Odell Beckham,first-touchdown-scorer,nyg,hardrock,0.5,0.02,-0.48,-96.0,Under
Odell Beckham,first-touchdown-scorer,nyg,caesars,0.5,0.02,-0.48,-96.0,Under
Odell Beckham,first-touchdown-scorer,nyg,fanatics,0.5,0.02,-0.48,-96.0,Under
Odell Beckham,first-touchdown-scorer,nyg,fanduel,0.5,0.02,-0.48,-96.0,Under
Jacoby Brissett,first-touchdown-scorer,ari,draftkings,0.5,0.02,-0.48,-96.0,Under
Jacoby Brissett,first-touchdown-scorer,ari,hardrock,0.5,0.02,-0.48,-96.0,Under
Jacoby Brissett,first-touchdown-scorer,ari,caesars,0.5,0.02,-0.48,-96.0,Under
Jacoby Brissett,first-touchdown-scorer,ari,fanatics,0.5,0.02,-0.48,-96.0,Under
Hollywood Brown,first-touchdown-scorer,phi,caesars,0.5,0.02,-0.48,-96.0,Under
Hollywood Brown,first-touchdown-scorer,phi,fanatics,0.5,0.02,-0.48,-96.0,Under
Hollywood Brown,first-touchdown-scorer,phi,fanduel,0.5,0.02,-0.48,-96.0,Under
Dohnte Meyers,touchdowns,cin,draftkings,0.5,0.02,-0.48,-96.0,Under
Dohnte Meyers,touchdowns,cin,fanatics,0.5,0.02,-0.48,-96.0,Under
Dohnte Meyers,touchdowns,cin,fanduel,0.5,0.02,-0.48,-96.0,Under
Mitchell Evans,touchdowns,car,draftkings,0.5,0.02,-0.48,-96.0,Under
Mitchell Evans,touchdowns,car,hardrock,0.5,0.02,-0.48,-96.0,Under
Mitchell Evans,touchdowns,car,caesars,0.5,0.02,-0.48,-96.0,Under
Mitchell Evans,touchdowns,car,fanduel,0.5,0.02,-0.48,-96.0,Under
Daniel Bellinger,first-touchdown-scorer,ten,draftkings,0.5,0.02,-0.48,-96.0,Under
Daniel Bellinger,first-touchdown-scorer,ten,hardrock,0.5,0.02,-0.48,-96.0,Under
Daniel Bellinger,first-touchdown-scorer,ten,caesars,0.5,0.02,-0.48,-96.0,Under
Daniel Bellinger,first-touchdown-scorer,ten,fanatics,0.5,0.02,-0.48,-96.0,Under
Jacoby Brissett,first-touchdown-scorer,ari,fanduel,0.5,0.02,-0.48,-96.0,Under
Brashard Smith,first-touchdown-scorer,kan,draftkings,0.5,0.02,-0.48,-96.0,Under
Brashard Smith,first-touchdown-scorer,kan,hardrock,0.5,0.02,-0.48,-96.0,Under
Brashard Smith,first-touchdown-scorer,kan,caesars,0.5,0.02,-0.48,-96.0,Under
Brashard Smith,first-touchdown-scorer,kan,fanduel,0.5,0.02,-0.48,-96.0,Under
Noah Gray,first-touchdown-scorer,kan,draftkings,0.5,0.02,-0.48,-96.0,Under
Noah Gray,first-touchdown-scorer,kan,hardrock,0.5,0.02,-0.48,-96.0,Under
Joe Burrow,first-touchdown-scorer,cin,hardrock,0.5,0.02,-0.48,-96.0,Under
Joe Burrow,first-touchdown-scorer,cin,caesars,0.5,0.02,-0.48,-96.0,Under
Joe Burrow,first-touchdown-scorer,cin,fanatics,0.5,0.02,-0.48,-96.0,Under
Jordan Love,first-touchdown-scorer,gnb,draftkings,0.5,0.02,-0.48,-96.0,Under
Jordan Love,first-touchdown-scorer,gnb,hardrock,0.5,0.02,-0.48,-96.0,Under
Jordan Love,first-touchdown-scorer,gnb,caesars,0.5,0.02,-0.48,-96.0,Under
Jordan Love,first-touchdown-scorer,gnb,fanatics,0.5,0.02,-0.48,-96.0,Under
Jordan Love,first-touchdown-scorer,gnb,fanduel,0.5,0.02,-0.48,-96.0,Under
Hollywood Brown,first-touchdown-scorer,phi,draftkings,0.5,0.02,-0.48,-96.0,Under
Hollywood Brown,first-touchdown-scorer,phi,hardrock,0.5,0.02,-0.48,-96.0,Under
Jaylen Wright,first-touchdown-scorer,mia,draftkings,0.5,0.02,-0.48,-96.0,Under
Jaylen Wright,first-touchdown-scorer,mia,caesars,0.5,0.02,-0.48,-96.0,Under
Jaylen Wright,first-touchdown-scorer,mia,fanatics,0.5,0.02,-0.48,-96.0,Under
Jaylen Wright,first-touchdown-scorer,mia,fanduel,0.5,0.02,-0.48,-96.0,Under
Isaiah Davis,first-touchdown-scorer,nyj,draftkings,0.5,0.02,-0.48,-96.0,Under
Isaiah Davis,first-touchdown-scorer,nyj,fanatics,0.5,0.02,-0.48,-96.0,Under
Xavier Hutchinson,first-touchdown-scorer,hou,draftkings,0.5,0.02,-0.48,-96.0,Under
Xavier Hutchinson,first-touchdown-scorer,hou,hardrock,0.5,0.02,-0.48,-96.0,Under
Xavier Hutchinson,first-touchdown-scorer,hou,caesars,0.5,0.02,-0.48,-96.0,Under
Xavier Hutchinson,first-touchdown-scorer,hou,fanatics,0.5,0.02,-0.48,-96.0,Under
Xavier Hutchinson,first-touchdown-scorer,hou,fanduel,0.5,0.02,-0.48,-96.0,Under
Keon Coleman,first-touchdown-scorer,buf,fanatics,0.5,0.02,-0.48,-96.0,Under
Keon Coleman,first-touchdown-scorer,buf,fanduel,0.5,0.02,-0.48,-96.0,Under
Joe Burrow,first-touchdown-scorer,cin,draftkings,0.5,0.02,-0.48,-96.0,Under
Jalen Tolbert,first-touchdown-scorer,mia,caesars,0.5,0.02,-0.48,-96.0,Under
Rasheen Ali,first-touchdown-scorer,bal,caesars,0.5,0.02,-0.48,-96.0,Under
Rasheen Ali,first-touchdown-scorer,bal,fanatics,0.5,0.02,-0.48,-96.0,Under
Rasheen Ali,first-touchdown-scorer,bal,fanduel,0.5,0.02,-0.48,-96.0,Under
KaVontae Turpin,first-touchdown-scorer,dal,fanatics,0.5,0.02,-0.48,-96.0,Under
KaVontae Turpin,first-touchdown-scorer,dal,fanduel,0.5,0.02,-0.48,-96.0,Under
Olamide Zaccheaus,first-touchdown-scorer,atl,draftkings,0.5,0.02,-0.48,-96.0,Under
Olamide Zaccheaus,first-touchdown-scorer,atl,hardrock,0.5,0.02,-0.48,-96.0,Under
Olamide Zaccheaus,first-touchdown-scorer,atl,caesars,0.5,0.02,-0.48,-96.0,Under
Olamide Zaccheaus,first-touchdown-scorer,atl,fanatics,0.5,0.02,-0.48,-96.0,Under
Olamide Zaccheaus,first-touchdown-scorer,atl,fanduel,0.5,0.02,-0.48,-96.0,Under
Keon Coleman,first-touchdown-scorer,buf,draftkings,0.5,0.02,-0.48,-96.0,Under
Keon Coleman,first-touchdown-scorer,buf,hardrock,0.5,0.02,-0.48,-96.0,Under
Keon Coleman,first-touchdown-scorer,buf,caesars,0.5,0.02,-0.48,-96.0,Under
Jalen Tolbert,first-touchdown-scorer,mia,draftkings,0.5,0.02,-0.48,-96.0,Under
Jalen Tolbert,first-touchdown-scorer,mia,hardrock,0.5,0.02,-0.48,-96.0,Under
Noah Gray,first-touchdown-scorer,kan,caesars,0.5,0.02,-0.48,-96.0,Under
Noah Gray,first-touchdown-scorer,kan,fanatics,0.5,0.02,-0.48,-96.0,Under
Noah Gray,first-touchdown-scorer,kan,fanduel,0.5,0.02,-0.48,-96.0,Under
Daniel Bellinger,first-touchdown-scorer,ten,fanduel,0.5,0.02,-0.48,-96.0,Under
Joshua Palmer,first-touchdown-scorer,buf,hardrock,0.5,0.02,-0.48,-96.0,Under
Joshua Palmer,first-touchdown-scorer,buf,caesars,0.5,0.02,-0.48,-96.0,Under
Joshua Palmer,first-touchdown-scorer,buf,fanduel,0.5,0.02,-0.48,-96.0,Under
Zavion Thomas,first-touchdown-scorer,chi,draftkings,0.5,0.02,-0.48,-96.0,Under
Zavion Thomas,first-touchdown-scorer,chi,caesars,0.5,0.02,-0.48,-96.0,Under
Zavion Thomas,first-touchdown-scorer,chi,fanduel,0.5,0.02,-0.48,-96.0,Under
Bryce Lance,first-touchdown-scorer,nor,hardrock,0.5,0.02,-0.48,-96.0,Under
Bryce Lance,first-touchdown-scorer,nor,caesars,0.5,0.02,-0.48,-96.0,Under
Bryce Lance,first-touchdown-scorer,nor,fanduel,0.5,0.02,-0.48,-96.0,Under
Noah Fant,first-touchdown-scorer,nor,draftkings,0.5,0.02,-0.48,-96.0,Under
Noah Fant,first-touchdown-scorer,nor,hardrock,0.5,0.02,-0.48,-96.0,Under
Noah Fant,first-touchdown-scorer,nor,caesars,0.5,0.02,-0.48,-96.0,Under
Noah Fant,first-touchdown-scorer,nor,fanatics,0.5,0.02,-0.48,-96.0,Under
Noah Fant,first-touchdown-scorer,nor,fanduel,0.5,0.02,-0.48,-96.0,Under
Joshua Palmer,first-touchdown-scorer,buf,draftkings,0.5,0.02,-0.48,-96.0,Under
Max Klare,touchdowns,,draftkings,0.5,0.02,-0.48,-96.0,Under
Max Klare,touchdowns,,hardrock,0.5,0.02,-0.48,-96.0,Under
Max Klare,touchdowns,,caesars,0.5,0.02,-0.48,-96.0,Under
Sean Tucker,first-touchdown-scorer,tam,draftkings,0.5,0.02,-0.48,-96.0,Under
Sean Tucker,first-touchdown-scorer,tam,hardrock,0.5,0.02,-0.48,-96.0,Under
Sean Tucker,first-touchdown-scorer,tam,caesars,0.5,0.02,-0.48,-96.0,Under
Sean Tucker,first-touchdown-scorer,tam,fanatics,0.5,0.02,-0.48,-96.0,Under
Tyler Higbee,first-touchdown-scorer,,draftkings,0.5,0.02,-0.48,-96.0,Under
Max Klare,touchdowns,,fanduel,0.5,0.02,-0.48,-96.0,Under
Isaiah Williams,first-touchdown-scorer,nyj,fanduel,0.5,0.02,-0.48,-96.0,Under
Chimere Dike,first-touchdown-scorer,ten,draftkings,0.5,0.02,-0.48,-96.0,Under
Chimere Dike,first-touchdown-scorer,ten,hardrock,0.5,0.02,-0.48,-96.0,Under
Chimere Dike,first-touchdown-scorer,ten,caesars,0.5,0.02,-0.48,-96.0,Under
Chimere Dike,first-touchdown-scorer,ten,fanduel,0.5,0.02,-0.48,-96.0,Under
Bryce Lance,first-touchdown-scorer,nor,draftkings,0.5,0.02,-0.48,-96.0,Under
Deion Burks,touchdowns,ind,draftkings,0.5,0.02,-0.48,-96.0,Under
Tyler Higbee,first-touchdown-scorer,,fanduel,0.5,0.02,-0.48,-96.0,Under
Alec Ingold,touchdowns,lac,draftkings,0.5,0.02,-0.48,-96.0,Under
Alec Ingold,touchdowns,lac,hardrock,0.5,0.02,-0.48,-96.0,Under
Alec Ingold,touchdowns,lac,caesars,0.5,0.02,-0.48,-96.0,Under
Alec Ingold,touchdowns,lac,fanatics,0.5,0.02,-0.48,-96.0,Under
Alec Ingold,touchdowns,lac,fanduel,0.5,0.02,-0.48,-96.0,Under
Jalen Tolbert,first-touchdown-scorer,mia,fanatics,0.5,0.02,-0.48,-96.0,Under
Jalen Tolbert,first-touchdown-scorer,mia,fanduel,0.5,0.02,-0.48,-96.0,Under
Deion Burks,touchdowns,ind,caesars,0.5,0.02,-0.48,-96.0,Under
Deion Burks,touchdowns,ind,fanduel,0.5,0.02,-0.48,-96.0,Under
Riley Nowakowski,touchdowns,pit,draftkings,0.5,0.02,-0.48,-96.0,Under
Riley Nowakowski,touchdowns,pit,hardrock,0.5,0.02,-0.48,-96.0,Under
Riley Nowakowski,touchdowns,pit,caesars,0.5,0.02,-0.48,-96.0,Under
Riley Nowakowski,touchdowns,pit,fanduel,0.5,0.02,-0.48,-96.0,Under
Raheim Sanders,touchdowns,cle,draftkings,0.5,0.02,-0.48,-96.0,Under
Raheim Sanders,touchdowns,cle,hardrock,0.5,0.02,-0.48,-96.0,Under
Nicholas Singleton,first-touchdown-scorer,ten,draftkings,0.5,0.02,-0.48,-96.0,Under
Nicholas Singleton,first-touchdown-scorer,ten,hardrock,0.5,0.02,-0.48,-96.0,Under
Nicholas Singleton,first-touchdown-scorer,ten,caesars,0.5,0.02,-0.48,-96.0,Under
Nicholas Singleton,first-touchdown-scorer,ten,fanatics,0.5,0.02,-0.48,-96.0,Under
Nicholas Singleton,first-touchdown-scorer,ten,fanduel,0.5,0.02,-0.48,-96.0,Under
Isaiah Williams,first-touchdown-scorer,nyj,draftkings,0.5,0.02,-0.48,-96.0,Under
Isaiah Williams,first-touchdown-scorer,nyj,hardrock,0.5,0.02,-0.48,-96.0,Under
Isaiah Williams,first-touchdown-scorer,nyj,fanatics,0.5,0.02,-0.48,-96.0,Under
Roman Wilson,first-touchdown-scorer,pit,draftkings,0.5,0.02,-0.48,-96.0,Under
Roman Wilson,first-touchdown-scorer,pit,caesars,0.5,0.02,-0.48,-96.0,Under
Roman Wilson,first-touchdown-scorer,pit,fanatics,0.5,0.02,-0.48,-96.0,Under
Roman Wilson,first-touchdown-scorer,pit,fanduel,0.5,0.02,-0.48,-96.0,Under
Baker Mayfield,first-touchdown-scorer,tam,draftkings,0.5,0.02,-0.48,-96.0,Under
Tyler Higbee,first-touchdown-scorer,,hardrock,0.5,0.02,-0.48,-96.0,Under
Tyler Higbee,first-touchdown-scorer,,caesars,0.5,0.02,-0.48,-96.0,Under
Tyler Higbee,first-touchdown-scorer,,fanatics,0.5,0.02,-0.48,-96.0,Under
Pat Bryant,first-touchdown-scorer,den,draftkings,0.5,0.02,-0.48,-96.0,Under
Pat Bryant,first-touchdown-scorer,den,hardrock,0.5,0.02,-0.48,-96.0,Under
Pat Bryant,first-touchdown-scorer,den,caesars,0.5,0.02,-0.48,-96.0,Under
Pat Bryant,first-touchdown-scorer,den,fanduel,0.5,0.02,-0.48,-96.0,Under
Dawson Knox,first-touchdown-scorer,buf,caesars,0.5,0.02,-0.48,-96.0,Under
Dawson Knox,first-touchdown-scorer,buf,fanatics,0.5,0.02,-0.48,-96.0,Under
Dawson Knox,first-touchdown-scorer,buf,fanduel,0.5,0.02,-0.48,-96.0,Under
Jack Bech,first-touchdown-scorer,lvr,draftkings,0.5,0.02,-0.48,-96.0,Under
Jack Bech,first-touchdown-scorer,lvr,hardrock,0.5,0.02,-0.48,-96.0,Under
Jack Bech,first-touchdown-scorer,lvr,caesars,0.5,0.02,-0.48,-96.0,Under
Jack Bech,first-touchdown-scorer,lvr,fanduel,0.5,0.02,-0.48,-96.0,Under
Audric Estime,first-touchdown-scorer,nor,draftkings,0.5,0.02,-0.48,-96.0,Under
Audric Estime,first-touchdown-scorer,nor,hardrock,0.5,0.02,-0.48,-96.0,Under
Audric Estime,first-touchdown-scorer,nor,caesars,0.5,0.02,-0.48,-96.0,Under
Audric Estime,first-touchdown-scorer,nor,fanatics,0.5,0.02,-0.48,-96.0,Under
Audric Estime,first-touchdown-scorer,nor,fanduel,0.5,0.02,-0.48,-96.0,Under
Ray Davis,first-touchdown-scorer,buf,caesars,0.5,0.02,-0.48,-96.0,Under
Ray Davis,first-touchdown-scorer,buf,fanatics,0.5,0.02,-0.48,-96.0,Under
Ray Davis,first-touchdown-scorer,buf,fanduel,0.5,0.02,-0.48,-96.0,Under
Jahan Dotson,first-touchdown-scorer,atl,draftkings,0.5,0.02,-0.48,-96.0,Under
Jahan Dotson,first-touchdown-scorer,atl,hardrock,0.5,0.02,-0.48,-96.0,Under
Jahan Dotson,first-touchdown-scorer,atl,caesars,0.5,0.02,-0.48,-96.0,Under
Jahan Dotson,first-touchdown-scorer,atl,fanatics,0.5,0.02,-0.48,-96.0,Under
Baker Mayfield,first-touchdown-scorer,tam,hardrock,0.5,0.02,-0.48,-96.0,Under
Baker Mayfield,first-touchdown-scorer,tam,caesars,0.5,0.02,-0.48,-96.0,Under
Baker Mayfield,first-touchdown-scorer,tam,fanatics,0.5,0.02,-0.48,-96.0,Under
Baker Mayfield,first-touchdown-scorer,tam,fanduel,0.5,0.02,-0.48,-96.0,Under
Dawson Knox,first-touchdown-scorer,buf,draftkings,0.5,0.02,-0.48,-96.0,Under
Dawson Knox,first-touchdown-scorer,buf,hardrock,0.5,0.02,-0.48,-96.0,Under
Ja'Tavion Sanders,first-touchdown-scorer,car,fanduel,0.5,0.02,-0.48,-96.0,Under
Xavier Legette,first-touchdown-scorer,car,draftkings,0.5,0.02,-0.48,-96.0,Under
Xavier Legette,first-touchdown-scorer,car,hardrock,0.5,0.02,-0.48,-96.0,Under
Jahan Dotson,first-touchdown-scorer,atl,fanduel,0.5,0.02,-0.48,-96.0,Under
Elijah Arroyo,first-touchdown-scorer,sea,draftkings,0.5,0.02,-0.48,-96.0,Under
Elijah Arroyo,first-touchdown-scorer,sea,caesars,0.5,0.02,-0.48,-96.0,Under
Najee Harris,first-touchdown-scorer,nyg,draftkings,0.5,0.02,-0.48,-96.0,Under
Najee Harris,first-touchdown-scorer,nyg,hardrock,0.5,0.02,-0.48,-96.0,Under
Elijah Arroyo,first-touchdown-scorer,sea,fanduel,0.5,0.02,-0.48,-96.0,Under
Devin Singletary,first-touchdown-scorer,nyg,draftkings,0.5,0.02,-0.48,-96.0,Under
Ray Davis,first-touchdown-scorer,buf,hardrock,0.5,0.02,-0.48,-96.0,Under
Raheim Sanders,touchdowns,cle,caesars,0.5,0.02,-0.48,-96.0,Under
Raheim Sanders,touchdowns,cle,fanduel,0.5,0.02,-0.48,-96.0,Under
Marlin Klein,touchdowns,hou,draftkings,0.5,0.02,-0.48,-96.0,Under
Marlin Klein,touchdowns,hou,hardrock,0.5,0.02,-0.48,-96.0,Under
Marlin Klein,touchdowns,hou,caesars,0.5,0.02,-0.48,-96.0,Under
Marlin Klein,touchdowns,hou,fanduel,0.5,0.02,-0.48,-96.0,Under
Cade Stover,touchdowns,hou,draftkings,0.5,0.02,-0.48,-96.0,Under
Cade Stover,touchdowns,hou,hardrock,0.5,0.02,-0.48,-96.0,Under
Devin Singletary,first-touchdown-scorer,nyg,hardrock,0.5,0.02,-0.48,-96.0,Under
Devin Singletary,first-touchdown-scorer,nyg,caesars,0.5,0.02,-0.48,-96.0,Under
Devin Singletary,first-touchdown-scorer,nyg,fanatics,0.5,0.02,-0.48,-96.0,Under
Najee Harris,first-touchdown-scorer,nyg,caesars,0.5,0.02,-0.48,-96.0,Under
Najee Harris,first-touchdown-scorer,nyg,fanatics,0.5,0.02,-0.48,-96.0,Under
Najee Harris,first-touchdown-scorer,nyg,fanduel,0.5,0.02,-0.48,-96.0,Under
Devin Singletary,first-touchdown-scorer,nyg,fanduel,0.5,0.02,-0.48,-96.0,Under
Ray Davis,first-touchdown-scorer,buf,draftkings,0.5,0.02,-0.48,-96.0,Under
Ja'Tavion Sanders,first-touchdown-scorer,car,draftkings,0.5,0.02,-0.48,-96.0,Under
Ja'Tavion Sanders,first-touchdown-scorer,car,hardrock,0.5,0.02,-0.48,-96.0,Under
Ja'Tavion Sanders,first-touchdown-scorer,car,caesars,0.5,0.02,-0.48,-96.0,Under
Ja'Tavion Sanders,first-touchdown-scorer,car,fanatics,0.5,0.02,-0.48,-96.0,Under
Xavier Legette,first-touchdown-scorer,car,caesars,0.5,0.02,-0.48,-96.0,Under
Xavier Legette,first-touchdown-scorer,car,fanatics,0.5,0.02,-0.48,-96.0,Under
Xavier Legette,first-touchdown-scorer,car,fanduel,0.5,0.02,-0.48,-96.0,Under
Cade Stover,touchdowns,hou,caesars,0.5,0.02,-0.48,-96.0,Under
Cade Stover,touchdowns,hou,fanatics,0.5,0.02,-0.48,-96.0,Under
Cade Stover,touchdowns,hou,fanduel,0.5,0.02,-0.48,-96.0,Under
Eric Saubert,touchdowns,sea,draftkings,0.5,0.02,-0.48,-96.0,Under
Eric Saubert,touchdowns,sea,hardrock,0.5,0.02,-0.48,-96.0,Under
Eric Saubert,touchdowns,sea,caesars,0.5,0.02,-0.48,-96.0,Under
Eric Saubert,touchdowns,sea,fanatics,0.5,0.02,-0.48,-96.0,Under
Eric Saubert,touchdowns,sea,fanduel,0.5,0.02,-0.48,-96.0,Under
DeMario Douglas,first-touchdown-scorer,nwe,fanduel,0.5,0.02,-0.48,-96.0,Under
Matthew Hibner,first-touchdown-scorer,bal,draftkings,0.5,0.02,-0.48,-96.0,Under
Matthew Hibner,first-touchdown-scorer,bal,caesars,0.5,0.02,-0.48,-96.0,Under
Matthew Hibner,first-touchdown-scorer,bal,fanatics,0.5,0.02,-0.48,-96.0,Under
Jonathan Mingo,touchdowns,dal,hardrock,0.5,0.02,-0.48,-96.0,Under
Jonathan Mingo,touchdowns,dal,caesars,0.5,0.02,-0.48,-96.0,Under
Jonathan Mingo,touchdowns,dal,fanatics,0.5,0.02,-0.48,-96.0,Under
Jonathan Mingo,touchdowns,dal,fanduel,0.5,0.02,-0.48,-96.0,Under
Ted Hurst,first-touchdown-scorer,tam,draftkings,0.5,0.02,-0.48,-96.0,Under
Ted Hurst,first-touchdown-scorer,tam,hardrock,0.5,0.02,-0.48,-96.0,Under
Jackson Meeks,touchdowns,det,draftkings,0.5,0.02,-0.48,-96.0,Under
Jackson Meeks,touchdowns,det,caesars,0.5,0.02,-0.48,-96.0,Under
Jackson Meeks,touchdowns,det,fanduel,0.5,0.02,-0.48,-96.0,Under
Matthew Hibner,first-touchdown-scorer,bal,fanduel,0.5,0.02,-0.48,-96.0,Under
Tahj Brooks,touchdowns,cin,draftkings,0.5,0.02,-0.48,-96.0,Under
Darius Slayton,first-touchdown-scorer,nyg,caesars,0.5,0.02,-0.48,-96.0,Under
Darius Slayton,first-touchdown-scorer,nyg,fanatics,0.5,0.02,-0.48,-96.0,Under
Darius Slayton,first-touchdown-scorer,nyg,fanduel,0.5,0.02,-0.48,-96.0,Under
DeMario Douglas,first-touchdown-scorer,nwe,draftkings,0.5,0.02,-0.48,-96.0,Under
DeMario Douglas,first-touchdown-scorer,nwe,hardrock,0.5,0.02,-0.48,-96.0,Under
DeMario Douglas,first-touchdown-scorer,nwe,caesars,0.5,0.02,-0.48,-96.0,Under
DeMario Douglas,first-touchdown-scorer,nwe,fanatics,0.5,0.02,-0.48,-96.0,Under
Tahj Brooks,touchdowns,cin,hardrock,0.5,0.02,-0.48,-96.0,Under
Tahj Brooks,touchdowns,cin,caesars,0.5,0.02,-0.48,-96.0,Under
Tahj Brooks,touchdowns,cin,fanduel,0.5,0.02,-0.48,-96.0,Under
Kaleb Johnson,first-touchdown-scorer,gnb,draftkings,0.5,0.02,-0.48,-96.0,Under
Kaleb Johnson,first-touchdown-scorer,gnb,caesars,0.5,0.02,-0.48,-96.0,Under
Kaleb Johnson,first-touchdown-scorer,gnb,fanduel,0.5,0.02,-0.48,-96.0,Under
Jonathan Mingo,touchdowns,dal,draftkings,0.5,0.02,-0.48,-96.0,Under
Darius Slayton,first-touchdown-scorer,nyg,draftkings,0.5,0.02,-0.48,-96.0,Under
Darius Slayton,first-touchdown-scorer,nyg,hardrock,0.5,0.02,-0.48,-96.0,Under
Joe Burrow,first-touchdown-scorer,cin,fanduel,0.5,0.02,-0.48,-96.0,Under
C.J. Stroud,first-touchdown-scorer,hou,draftkings,0.5,0.02,-0.48,-96.0,Under
C.J. Stroud,first-touchdown-scorer,hou,hardrock,0.5,0.02,-0.48,-96.0,Under
C.J. Stroud,first-touchdown-scorer,hou,caesars,0.5,0.02,-0.48,-96.0,Under
C.J. Stroud,first-touchdown-scorer,hou,fanatics,0.5,0.02,-0.48,-96.0,Under
Erick All,first-touchdown-scorer,cin,draftkings,0.5,0.02,-0.48,-96.0,Under
Erick All,first-touchdown-scorer,cin,hardrock,0.5,0.02,-0.48,-96.0,Under
Erick All,first-touchdown-scorer,cin,caesars,0.5,0.02,-0.48,-96.0,Under
Erick All,first-touchdown-scorer,cin,fanatics,0.5,0.02,-0.48,-96.0,Under
Erick All,first-touchdown-scorer,cin,fanduel,0.5,0.02,-0.48,-96.0,Under
C.J. Stroud,first-touchdown-scorer,hou,fanduel,0.5,0.02,-0.48,-96.0,Under
Darnell Mooney,first-touchdown-scorer,nyg,draftkings,0.5,0.02,-0.48,-96.0,Under
Ted Hurst,first-touchdown-scorer,tam,caesars,0.5,0.02,-0.48,-96.0,Under
Ted Hurst,first-touchdown-scorer,tam,fanatics,0.5,0.02,-0.48,-96.0,Under
Ted Hurst,first-touchdown-scorer,tam,fanduel,0.5,0.02,-0.48,-96.0,Under
Jacob Saylors,first-touchdown-scorer,det,caesars,0.5,0.02,-0.48,-96.0,Under
Jacob Saylors,first-touchdown-scorer,det,fanatics,0.5,0.02,-0.48,-96.0,Under
Jacob Saylors,first-touchdown-scorer,det,fanduel,0.5,0.02,-0.48,-96.0,Under
Darnell Mooney,first-touchdown-scorer,nyg,hardrock,0.5,0.02,-0.48,-96.0,Under
Darnell Mooney,first-touchdown-scorer,nyg,caesars,0.5,0.02,-0.48,-96.0,Under
Darnell Mooney,first-touchdown-scorer,nyg,fanatics,0.5,0.02,-0.48,-96.0,Under
Darnell Mooney,first-touchdown-scorer,nyg,fanduel,0.5,0.02,-0.48,-96.0,Under
Kendrick Bourne,first-touchdown-scorer,ari,draftkings,0.5,0.02,-0.48,-96.0,Under
Kendrick Bourne,first-touchdown-scorer,ari,hardrock,0.5,0.02,-0.48,-96.0,Under
Kendrick Bourne,first-touchdown-scorer,ari,caesars,0.5,0.02,-0.48,-96.0,Under
Kendrick Bourne,first-touchdown-scorer,ari,fanatics,0.5,0.02,-0.48,-96.0,Under
Kimani Vidal,first-touchdown-scorer,lac,fanatics,0.5,0.02,-0.48,-96.0,Under
Kendrick Bourne,first-touchdown-scorer,ari,fanduel,0.5,0.02,-0.48,-96.0,Under
Kimani Vidal,first-touchdown-scorer,lac,draftkings,0.5,0.02,-0.48,-96.0,Under
Johnny Mundt,touchdowns,phi,caesars,0.5,0.02,-0.48,-96.0,Under
Johnny Mundt,touchdowns,phi,fanatics,0.5,0.02,-0.48,-96.0,Under
Johnny Mundt,touchdowns,phi,fanduel,0.5,0.02,-0.48,-96.0,Under
Kimani Vidal,first-touchdown-scorer,lac,hardrock,0.5,0.02,-0.48,-96.0,Under
Kimani Vidal,first-touchdown-scorer,lac,caesars,0.5,0.02,-0.48,-96.0,Under
Blake Whiteheart,touchdowns,cle,draftkings,0.5,0.02,-0.48,-96.0,Under
Blake Whiteheart,touchdowns,cle,hardrock,0.5,0.02,-0.48,-96.0,Under
Blake Whiteheart,touchdowns,cle,caesars,0.5,0.02,-0.48,-96.0,Under
Blake Whiteheart,touchdowns,cle,fanatics,0.5,0.02,-0.48,-96.0,Under
Blake Whiteheart,touchdowns,cle,fanduel,0.5,0.02,-0.48,-96.0,Under
British Brooks,touchdowns,hou,draftkings,0.5,0.02,-0.48,-96.0,Under
British Brooks,touchdowns,hou,hardrock,0.5,0.02,-0.48,-96.0,Under
British Brooks,touchdowns,hou,caesars,0.5,0.02,-0.48,-96.0,Under
British Brooks,touchdowns,hou,fanatics,0.5,0.02,-0.48,-96.0,Under
British Brooks,touchdowns,hou,fanduel,0.5,0.02,-0.48,-96.0,Under
Malachi Corley,touchdowns,cle,draftkings,0.5,0.02,-0.48,-96.0,Under
Malachi Corley,touchdowns,cle,caesars,0.5,0.02,-0.48,-96.0,Under
Malachi Corley,touchdowns,cle,fanatics,0.5,0.02,-0.48,-96.0,Under
Malachi Corley,touchdowns,cle,fanduel,0.5,0.02,-0.48,-96.0,Under
Rasheen Ali,first-touchdown-scorer,bal,draftkings,0.5,0.02,-0.48,-96.0,Under
Rasheen Ali,first-touchdown-scorer,bal,hardrock,0.5,0.02,-0.48,-96.0,Under
Jacob Saylors,first-touchdown-scorer,det,draftkings,0.5,0.02,-0.48,-96.0,Under
Kimani Vidal,first-touchdown-scorer,lac,fanduel,0.5,0.02,-0.48,-96.0,Under
Connor Heyward,touchdowns,lvr,draftkings,0.5,0.02,-0.48,-96.0,Under
Connor Heyward,touchdowns,lvr,caesars,0.5,0.02,-0.48,-96.0,Under
Connor Heyward,touchdowns,lvr,fanatics,0.5,0.02,-0.48,-96.0,Under
Connor Heyward,touchdowns,lvr,fanduel,0.5,0.02,-0.48,-96.0,Under
Tai Felton,touchdowns,min,draftkings,0.5,0.02,-0.48,-96.0,Under
Tai Felton,touchdowns,min,hardrock,0.5,0.02,-0.48,-96.0,Under
Tai Felton,touchdowns,min,caesars,0.5,0.02,-0.48,-96.0,Under
Tai Felton,touchdowns,min,fanduel,0.5,0.02,-0.48,-96.0,Under
Johnny Mundt,touchdowns,phi,draftkings,0.5,0.02,-0.48,-96.0,Under
Johnny Mundt,touchdowns,phi,hardrock,0.5,0.02,-0.48,-96.0,Under
Zachariah Branch,first-touchdown-scorer,atl,draftkings,0.5,0.02,-0.48,-96.0,Under
Zachariah Branch,first-touchdown-scorer,atl,hardrock,0.5,0.02,-0.48,-96.0,Under
Zachariah Branch,first-touchdown-scorer,atl,caesars,0.5,0.02,-0.48,-96.0,Under
Zachariah Branch,first-touchdown-scorer,atl,fanduel,0.5,0.02,-0.48,-96.0,Under
KaVontae Turpin,first-touchdown-scorer,dal,draftkings,0.5,0.02,-0.48,-96.0,Under
KaVontae Turpin,first-touchdown-scorer,dal,hardrock,0.5,0.02,-0.48,-96.0,Under
KaVontae Turpin,first-touchdown-scorer,dal,caesars,0.5,0.02,-0.48,-96.0,Under
Kyle Williams,first-touchdown-scorer,nwe,draftkings,0.5,0.02,-0.48,-96.0,Under
Kyle Williams,first-touchdown-scorer,nwe,hardrock,0.5,0.02,-0.48,-96.0,Under
Kyle Williams,first-touchdown-scorer,nwe,fanduel,0.5,0.02,-0.48,-96.0,Under
Geno Smith,first-touchdown-scorer,nyj,draftkings,0.5,0.02,-0.48,-96.0,Under
Geno Smith,first-touchdown-scorer,nyj,hardrock,0.5,0.02,-0.48,-96.0,Under
Evan Engram,first-touchdown-scorer,den,fanduel,0.5,0.03,-0.47,-94.0,Under
Tommy Tremble,touchdowns,car,draftkings,0.5,0.03,-0.47,-94.0,Under
Tommy Tremble,touchdowns,car,hardrock,0.5,0.03,-0.47,-94.0,Under
Tommy Tremble,touchdowns,car,caesars,0.5,0.03,-0.47,-94.0,Under
Durham Smythe,touchdowns,bal,draftkings,0.5,0.03,-0.47,-94.0,Under
Ollie Gordon,first-touchdown-scorer,mia,caesars,0.5,0.03,-0.47,-94.0,Under
Ollie Gordon,first-touchdown-scorer,mia,fanatics,0.5,0.03,-0.47,-94.0,Under
Ollie Gordon,first-touchdown-scorer,mia,fanduel,0.5,0.03,-0.47,-94.0,Under
Ryan Flournoy,first-touchdown-scorer,dal,draftkings,0.5,0.03,-0.47,-94.0,Under
Ryan Flournoy,first-touchdown-scorer,dal,hardrock,0.5,0.03,-0.47,-94.0,Under
Ryan Flournoy,first-touchdown-scorer,dal,caesars,0.5,0.03,-0.47,-94.0,Under
Ryan Flournoy,first-touchdown-scorer,dal,fanatics,0.5,0.03,-0.47,-94.0,Under
Ryan Flournoy,first-touchdown-scorer,dal,fanduel,0.5,0.03,-0.47,-94.0,Under
Daniel Jones,first-touchdown-scorer,ind,draftkings,0.5,0.03,-0.47,-94.0,Under
Daniel Jones,first-touchdown-scorer,ind,hardrock,0.5,0.03,-0.47,-94.0,Under
Daniel Jones,first-touchdown-scorer,ind,caesars,0.5,0.03,-0.47,-94.0,Under
Daniel Jones,first-touchdown-scorer,ind,fanatics,0.5,0.03,-0.47,-94.0,Under
Tua Tagovailoa,touchdowns,atl,fanduel,0.5,0.03,-0.47,-94.0,Under
Darren Waller,first-touchdown-scorer,car,fanatics,0.5,0.03,-0.47,-94.0,Under
Darren Waller,first-touchdown-scorer,car,fanduel,0.5,0.03,-0.47,-94.0,Under
Denzel Boston,first-touchdown-scorer,cle,draftkings,0.5,0.03,-0.47,-94.0,Under
Denzel Boston,first-touchdown-scorer,cle,hardrock,0.5,0.03,-0.47,-94.0,Under
Denzel Boston,first-touchdown-scorer,cle,caesars,0.5,0.03,-0.47,-94.0,Under
Denzel Boston,first-touchdown-scorer,cle,fanduel,0.5,0.03,-0.47,-94.0,Under
Jared Goff,touchdowns,det,draftkings,0.5,0.03,-0.47,-94.0,Under
Jared Goff,touchdowns,det,hardrock,0.5,0.03,-0.47,-94.0,Under
Jared Goff,touchdowns,det,caesars,0.5,0.03,-0.47,-94.0,Under
Jared Goff,touchdowns,det,fanatics,0.5,0.03,-0.47,-94.0,Under
Jared Goff,touchdowns,det,fanduel,0.5,0.03,-0.47,-94.0,Under
Darren Waller,first-touchdown-scorer,car,hardrock,0.5,0.03,-0.47,-94.0,Under
Darren Waller,first-touchdown-scorer,car,caesars,0.5,0.03,-0.47,-94.0,Under
Darren Waller,first-touchdown-scorer,car,draftkings,0.5,0.03,-0.47,-94.0,Under
Mason Taylor,first-touchdown-scorer,nyj,fanduel,0.5,0.03,-0.47,-94.0,Under
Andrei Iosivas,first-touchdown-scorer,cin,fanduel,0.5,0.03,-0.47,-94.0,Under
Jauan Jennings,first-touchdown-scorer,min,draftkings,0.5,0.03,-0.47,-94.0,Under
Jauan Jennings,first-touchdown-scorer,min,hardrock,0.5,0.03,-0.47,-94.0,Under
Chig Okonkwo,first-touchdown-scorer,was,draftkings,0.5,0.03,-0.47,-94.0,Under
Chig Okonkwo,first-touchdown-scorer,was,hardrock,0.5,0.03,-0.47,-94.0,Under
Chig Okonkwo,first-touchdown-scorer,was,caesars,0.5,0.03,-0.47,-94.0,Under
Chig Okonkwo,first-touchdown-scorer,was,fanatics,0.5,0.03,-0.47,-94.0,Under
Chig Okonkwo,first-touchdown-scorer,was,fanduel,0.5,0.03,-0.47,-94.0,Under
Theo Johnson,first-touchdown-scorer,nyg,draftkings,0.5,0.03,-0.47,-94.0,Under
Theo Johnson,first-touchdown-scorer,nyg,hardrock,0.5,0.03,-0.47,-94.0,Under
Tua Tagovailoa,touchdowns,atl,draftkings,0.5,0.03,-0.47,-94.0,Under
Tua Tagovailoa,touchdowns,atl,hardrock,0.5,0.03,-0.47,-94.0,Under
Tua Tagovailoa,touchdowns,atl,caesars,0.5,0.03,-0.47,-94.0,Under
Tua Tagovailoa,touchdowns,atl,fanatics,0.5,0.03,-0.47,-94.0,Under
Emari Demercado,touchdowns,dal,fanatics,0.5,0.03,-0.47,-94.0,Under
Emari Demercado,touchdowns,dal,fanduel,0.5,0.03,-0.47,-94.0,Under
Josh Oliver,first-touchdown-scorer,min,draftkings,0.5,0.03,-0.47,-94.0,Under
Josh Oliver,first-touchdown-scorer,min,caesars,0.5,0.03,-0.47,-94.0,Under
Josh Oliver,first-touchdown-scorer,min,fanatics,0.5,0.03,-0.47,-94.0,Under
Josh Oliver,first-touchdown-scorer,min,fanduel,0.5,0.03,-0.47,-94.0,Under
Malik Davis,first-touchdown-scorer,dal,draftkings,0.5,0.03,-0.47,-94.0,Under
Malik Davis,first-touchdown-scorer,dal,hardrock,0.5,0.03,-0.47,-94.0,Under
Malik Davis,first-touchdown-scorer,dal,caesars,0.5,0.03,-0.47,-94.0,Under
Malik Davis,first-touchdown-scorer,dal,fanatics,0.5,0.03,-0.47,-94.0,Under
Malik Davis,first-touchdown-scorer,dal,fanduel,0.5,0.03,-0.47,-94.0,Under
Emari Demercado,touchdowns,dal,hardrock,0.5,0.03,-0.47,-94.0,Under
Malachi Fields,first-touchdown-scorer,nyg,draftkings,0.5,0.03,-0.47,-94.0,Under
Malachi Fields,first-touchdown-scorer,nyg,hardrock,0.5,0.03,-0.47,-94.0,Under
Malachi Fields,first-touchdown-scorer,nyg,caesars,0.5,0.03,-0.47,-94.0,Under
Malachi Fields,first-touchdown-scorer,nyg,fanduel,0.5,0.03,-0.47,-94.0,Under
Bryce Young,first-touchdown-scorer,car,caesars,0.5,0.03,-0.47,-94.0,Under
Bryce Young,first-touchdown-scorer,car,fanatics,0.5,0.03,-0.47,-94.0,Under
Bryce Young,first-touchdown-scorer,car,fanduel,0.5,0.03,-0.47,-94.0,Under
Emari Demercado,touchdowns,dal,caesars,0.5,0.03,-0.47,-94.0,Under
Theo Johnson,first-touchdown-scorer,nyg,caesars,0.5,0.03,-0.47,-94.0,Under
Theo Johnson,first-touchdown-scorer,nyg,fanatics,0.5,0.03,-0.47,-94.0,Under
Theo Johnson,first-touchdown-scorer,nyg,fanduel,0.5,0.03,-0.47,-94.0,Under
Will Shipley,touchdowns,phi,fanatics,0.5,0.03,-0.47,-94.0,Under
Will Shipley,touchdowns,phi,fanduel,0.5,0.03,-0.47,-94.0,Under
Andrei Iosivas,first-touchdown-scorer,cin,draftkings,0.5,0.03,-0.47,-94.0,Under
Andrei Iosivas,first-touchdown-scorer,cin,hardrock,0.5,0.03,-0.47,-94.0,Under
Andrei Iosivas,first-touchdown-scorer,cin,caesars,0.5,0.03,-0.47,-94.0,Under
Andrei Iosivas,first-touchdown-scorer,cin,fanatics,0.5,0.03,-0.47,-94.0,Under
Jauan Jennings,first-touchdown-scorer,min,caesars,0.5,0.03,-0.47,-94.0,Under
Jauan Jennings,first-touchdown-scorer,min,fanatics,0.5,0.03,-0.47,-94.0,Under
Jauan Jennings,first-touchdown-scorer,min,fanduel,0.5,0.03,-0.47,-94.0,Under
Emari Demercado,touchdowns,dal,draftkings,0.5,0.03,-0.47,-94.0,Under
Darnell Washington,first-touchdown-scorer,pit,hardrock,0.5,0.03,-0.47,-94.0,Under
Darnell Washington,first-touchdown-scorer,pit,caesars,0.5,0.03,-0.47,-94.0,Under
Darnell Washington,first-touchdown-scorer,pit,fanatics,0.5,0.03,-0.47,-94.0,Under
Darnell Washington,first-touchdown-scorer,pit,fanduel,0.5,0.03,-0.47,-94.0,Under
Jaylin Noel,first-touchdown-scorer,hou,draftkings,0.5,0.03,-0.47,-94.0,Under
Jaylin Noel,first-touchdown-scorer,hou,caesars,0.5,0.03,-0.47,-94.0,Under
Jaylin Noel,first-touchdown-scorer,hou,fanduel,0.5,0.03,-0.47,-94.0,Under
Mason Taylor,first-touchdown-scorer,nyj,draftkings,0.5,0.03,-0.47,-94.0,Under
Mason Taylor,first-touchdown-scorer,nyj,hardrock,0.5,0.03,-0.47,-94.0,Under
Mason Taylor,first-touchdown-scorer,nyj,caesars,0.5,0.03,-0.47,-94.0,Under
Bryce Young,first-touchdown-scorer,car,draftkings,0.5,0.03,-0.47,-94.0,Under
Bryce Young,first-touchdown-scorer,car,hardrock,0.5,0.03,-0.47,-94.0,Under
Jeremy Ruckert,touchdowns,nyj,draftkings,0.5,0.03,-0.47,-94.0,Under
Jeremy Ruckert,touchdowns,nyj,hardrock,0.5,0.03,-0.47,-94.0,Under
Jeremy Ruckert,touchdowns,nyj,caesars,0.5,0.03,-0.47,-94.0,Under
Jeremy Ruckert,touchdowns,nyj,fanatics,0.5,0.03,-0.47,-94.0,Under
Jeremy Ruckert,touchdowns,nyj,fanduel,0.5,0.03,-0.47,-94.0,Under
Brenen Thompson,first-touchdown-scorer,lac,hardrock,0.5,0.03,-0.47,-94.0,Under
Brenen Thompson,first-touchdown-scorer,lac,caesars,0.5,0.03,-0.47,-94.0,Under
Brenen Thompson,first-touchdown-scorer,lac,fanduel,0.5,0.03,-0.47,-94.0,Under
Brenen Thompson,first-touchdown-scorer,lac,draftkings,0.5,0.03,-0.47,-94.0,Under
Will Shipley,touchdowns,phi,draftkings,0.5,0.03,-0.47,-94.0,Under
Will Shipley,touchdowns,phi,hardrock,0.5,0.03,-0.47,-94.0,Under
Will Shipley,touchdowns,phi,caesars,0.5,0.03,-0.47,-94.0,Under
Darnell Washington,first-touchdown-scorer,pit,draftkings,0.5,0.03,-0.47,-94.0,Under
Tyquan Thornton,first-touchdown-scorer,kan,fanatics,0.5,0.03,-0.47,-94.0,Under
Tyquan Thornton,first-touchdown-scorer,kan,fanduel,0.5,0.03,-0.47,-94.0,Under
Ty Johnson,first-touchdown-scorer,buf,draftkings,0.5,0.03,-0.47,-94.0,Under
Ty Johnson,first-touchdown-scorer,buf,hardrock,0.5,0.03,-0.47,-94.0,Under
Ty Johnson,first-touchdown-scorer,buf,fanatics,0.5,0.03,-0.47,-94.0,Under
Tyquan Thornton,first-touchdown-scorer,kan,draftkings,0.5,0.03,-0.47,-94.0,Under
Tyquan Thornton,first-touchdown-scorer,kan,hardrock,0.5,0.03,-0.47,-94.0,Under
Tyquan Thornton,first-touchdown-scorer,kan,caesars,0.5,0.03,-0.47,-94.0,Under
Daniel Jones,first-touchdown-scorer,ind,fanduel,0.5,0.03,-0.47,-94.0,Under
Durham Smythe,touchdowns,bal,hardrock,0.5,0.03,-0.47,-94.0,Under
Durham Smythe,touchdowns,bal,caesars,0.5,0.03,-0.47,-94.0,Under
Durham Smythe,touchdowns,bal,fanatics,0.5,0.03,-0.47,-94.0,Under
Durham Smythe,touchdowns,bal,fanduel,0.5,0.03,-0.47,-94.0,Under
DJ Giddens,touchdowns,ind,draftkings,0.5,0.03,-0.47,-94.0,Under
DJ Giddens,touchdowns,ind,hardrock,0.5,0.03,-0.47,-94.0,Under
DJ Giddens,touchdowns,ind,caesars,0.5,0.03,-0.47,-94.0,Under
DJ Giddens,touchdowns,ind,fanduel,0.5,0.03,-0.47,-94.0,Under
Dak Prescott,first-touchdown-scorer,dal,caesars,0.5,0.03,-0.47,-94.0,Under
Charlie Kolar,first-touchdown-scorer,lac,hardrock,0.5,0.03,-0.47,-94.0,Under
Charlie Kolar,first-touchdown-scorer,lac,caesars,0.5,0.03,-0.47,-94.0,Under
Charlie Kolar,first-touchdown-scorer,lac,fanatics,0.5,0.03,-0.47,-94.0,Under
Brock Purdy,first-touchdown-scorer,sfo,draftkings,0.5,0.03,-0.47,-94.0,Under
Travis Hunter,first-touchdown-scorer,jax,draftkings,0.5,0.03,-0.47,-94.0,Under
Travis Hunter,first-touchdown-scorer,jax,caesars,0.5,0.03,-0.47,-94.0,Under
Travis Hunter,first-touchdown-scorer,jax,fanduel,0.5,0.03,-0.47,-94.0,Under
Dak Prescott,first-touchdown-scorer,dal,fanatics,0.5,0.03,-0.47,-94.0,Under
Dak Prescott,first-touchdown-scorer,dal,fanduel,0.5,0.03,-0.47,-94.0,Under
Jerry Jeudy,first-touchdown-scorer,cle,fanatics,0.5,0.03,-0.47,-94.0,Under
Jerry Jeudy,first-touchdown-scorer,cle,fanduel,0.5,0.03,-0.47,-94.0,Under
Ollie Gordon,first-touchdown-scorer,mia,draftkings,0.5,0.03,-0.47,-94.0,Under
Jerry Jeudy,first-touchdown-scorer,cle,caesars,0.5,0.03,-0.47,-94.0,Under
Tank Bigsby,first-touchdown-scorer,phi,fanduel,0.5,0.03,-0.47,-94.0,Under
Jerry Jeudy,first-touchdown-scorer,cle,draftkings,0.5,0.03,-0.47,-94.0,Under
Jerry Jeudy,first-touchdown-scorer,cle,hardrock,0.5,0.03,-0.47,-94.0,Under
Deshaun Watson,first-touchdown-scorer,cle,fanduel,0.5,0.03,-0.47,-94.0,Under
Tank Bigsby,first-touchdown-scorer,phi,hardrock,0.5,0.03,-0.47,-94.0,Under
Tank Bigsby,first-touchdown-scorer,phi,caesars,0.5,0.03,-0.47,-94.0,Under
Tank Bigsby,first-touchdown-scorer,phi,fanatics,0.5,0.03,-0.47,-94.0,Under
Terrance Ferguson,first-touchdown-scorer,,draftkings,0.5,0.03,-0.47,-94.0,Under
Terrance Ferguson,first-touchdown-scorer,,hardrock,0.5,0.03,-0.47,-94.0,Under
Terrance Ferguson,first-touchdown-scorer,,caesars,0.5,0.03,-0.47,-94.0,Under
Charlie Kolar,first-touchdown-scorer,lac,draftkings,0.5,0.03,-0.47,-94.0,Under
Cam Ward,first-touchdown-scorer,ten,draftkings,0.5,0.03,-0.47,-94.0,Under
Cam Ward,first-touchdown-scorer,ten,hardrock,0.5,0.03,-0.47,-94.0,Under
Cam Ward,first-touchdown-scorer,ten,caesars,0.5,0.03,-0.47,-94.0,Under
Cam Ward,first-touchdown-scorer,ten,fanduel,0.5,0.03,-0.47,-94.0,Under
Deshaun Watson,first-touchdown-scorer,cle,draftkings,0.5,0.03,-0.47,-94.0,Under
Deshaun Watson,first-touchdown-scorer,cle,hardrock,0.5,0.03,-0.47,-94.0,Under
Justice Hill,first-touchdown-scorer,bal,draftkings,0.5,0.03,-0.47,-94.0,Under
Brock Purdy,first-touchdown-scorer,sfo,hardrock,0.5,0.03,-0.47,-94.0,Under
Brock Purdy,first-touchdown-scorer,sfo,caesars,0.5,0.03,-0.47,-94.0,Under
Brock Purdy,first-touchdown-scorer,sfo,fanatics,0.5,0.03,-0.47,-94.0,Under
Brock Purdy,first-touchdown-scorer,sfo,fanduel,0.5,0.03,-0.47,-94.0,Under
Omar Cooper,first-touchdown-scorer,nyj,fanduel,0.5,0.03,-0.47,-94.0,Under
Charlie Kolar,first-touchdown-scorer,lac,fanduel,0.5,0.03,-0.47,-94.0,Under
Cole Kmet,first-touchdown-scorer,chi,draftkings,0.5,0.03,-0.47,-94.0,Under
Cole Kmet,first-touchdown-scorer,chi,hardrock,0.5,0.03,-0.47,-94.0,Under
Cole Kmet,first-touchdown-scorer,chi,caesars,0.5,0.03,-0.47,-94.0,Under
Cole Kmet,first-touchdown-scorer,chi,fanatics,0.5,0.03,-0.47,-94.0,Under
Cole Kmet,first-touchdown-scorer,chi,fanduel,0.5,0.03,-0.47,-94.0,Under
Justice Hill,first-touchdown-scorer,bal,hardrock,0.5,0.03,-0.47,-94.0,Under
Justice Hill,first-touchdown-scorer,bal,caesars,0.5,0.03,-0.47,-94.0,Under
Justice Hill,first-touchdown-scorer,bal,fanatics,0.5,0.03,-0.47,-94.0,Under
Deshaun Watson,first-touchdown-scorer,cle,caesars,0.5,0.03,-0.47,-94.0,Under
Deshaun Watson,first-touchdown-scorer,cle,fanatics,0.5,0.03,-0.47,-94.0,Under
Terrance Ferguson,first-touchdown-scorer,,fanduel,0.5,0.03,-0.47,-94.0,Under
Michael Mayer,first-touchdown-scorer,lvr,draftkings,0.5,0.03,-0.47,-94.0,Under
Michael Mayer,first-touchdown-scorer,lvr,hardrock,0.5,0.03,-0.47,-94.0,Under
Michael Mayer,first-touchdown-scorer,lvr,caesars,0.5,0.03,-0.47,-94.0,Under
Michael Mayer,first-touchdown-scorer,lvr,fanatics,0.5,0.03,-0.47,-94.0,Under
Michael Mayer,first-touchdown-scorer,lvr,fanduel,0.5,0.03,-0.47,-94.0,Under
Tank Bigsby,first-touchdown-scorer,phi,draftkings,0.5,0.03,-0.47,-94.0,Under
Troy Franklin,first-touchdown-scorer,den,draftkings,0.5,0.03,-0.47,-94.0,Under
Isaiah Bond,touchdowns,cle,draftkings,0.5,0.03,-0.47,-94.0,Under
Isaiah Bond,touchdowns,cle,hardrock,0.5,0.03,-0.47,-94.0,Under
Isaiah Bond,touchdowns,cle,caesars,0.5,0.03,-0.47,-94.0,Under
Isaiah Bond,touchdowns,cle,fanduel,0.5,0.03,-0.47,-94.0,Under
Omar Cooper,first-touchdown-scorer,nyj,draftkings,0.5,0.03,-0.47,-94.0,Under
Omar Cooper,first-touchdown-scorer,nyj,hardrock,0.5,0.03,-0.47,-94.0,Under
Omar Cooper,first-touchdown-scorer,nyj,fanatics,0.5,0.03,-0.47,-94.0,Under
Tommy Tremble,touchdowns,car,fanatics,0.5,0.03,-0.47,-94.0,Under
Tommy Tremble,touchdowns,car,fanduel,0.5,0.03,-0.47,-94.0,Under
Dylan Sampson,first-touchdown-scorer,cle,caesars,0.5,0.03,-0.47,-94.0,Under
Dylan Sampson,first-touchdown-scorer,cle,fanduel,0.5,0.03,-0.47,-94.0,Under
Ja'Kobi Lane,first-touchdown-scorer,bal,draftkings,0.5,0.03,-0.47,-94.0,Under
Ja'Kobi Lane,first-touchdown-scorer,bal,hardrock,0.5,0.03,-0.47,-94.0,Under
Ja'Kobi Lane,first-touchdown-scorer,bal,caesars,0.5,0.03,-0.47,-94.0,Under
Ja'Kobi Lane,first-touchdown-scorer,bal,fanduel,0.5,0.03,-0.47,-94.0,Under
Dak Prescott,first-touchdown-scorer,dal,draftkings,0.5,0.03,-0.47,-94.0,Under
Dak Prescott,first-touchdown-scorer,dal,hardrock,0.5,0.03,-0.47,-94.0,Under
Justice Hill,first-touchdown-scorer,bal,fanduel,0.5,0.03,-0.47,-94.0,Under
Dylan Sampson,first-touchdown-scorer,cle,draftkings,0.5,0.03,-0.47,-94.0,Under
Troy Franklin,first-touchdown-scorer,den,fanduel,0.5,0.03,-0.47,-94.0,Under
Demarcus Robinson,touchdowns,sfo,fanatics,0.5,0.03,-0.47,-94.0,Under
Demarcus Robinson,touchdowns,sfo,fanduel,0.5,0.03,-0.47,-94.0,Under
Demarcus Robinson,touchdowns,sfo,caesars,0.5,0.03,-0.47,-94.0,Under
Troy Franklin,first-touchdown-scorer,den,hardrock,0.5,0.03,-0.47,-94.0,Under
Troy Franklin,first-touchdown-scorer,den,caesars,0.5,0.03,-0.47,-94.0,Under
Troy Franklin,first-touchdown-scorer,den,fanatics,0.5,0.03,-0.47,-94.0,Under
Evan Engram,first-touchdown-scorer,den,draftkings,0.5,0.03,-0.47,-94.0,Under
Evan Engram,first-touchdown-scorer,den,hardrock,0.5,0.03,-0.47,-94.0,Under
Evan Engram,first-touchdown-scorer,den,caesars,0.5,0.03,-0.47,-94.0,Under
Evan Engram,first-touchdown-scorer,den,fanatics,0.5,0.03,-0.47,-94.0,Under
Dylan Sampson,first-touchdown-scorer,cle,hardrock,0.5,0.03,-0.47,-94.0,Under
Demarcus Robinson,touchdowns,sfo,draftkings,0.5,0.03,-0.47,-94.0,Under
Demarcus Robinson,touchdowns,sfo,hardrock,0.5,0.03,-0.47,-94.0,Under
Jordan Whittington,touchdowns,,fanduel,0.5,0.039,-0.461,-92.2,Under
Seth McGowan,touchdowns,ind,draftkings,0.5,0.039,-0.461,-92.2,Under
Nate Boerkircher,touchdowns,jax,draftkings,0.5,0.039,-0.461,-92.2,Under
Seth McGowan,touchdowns,ind,fanduel,0.5,0.039,-0.461,-92.2,Under
Seth McGowan,touchdowns,ind,caesars,0.5,0.039,-0.461,-92.2,Under
Seth McGowan,touchdowns,ind,hardrock,0.5,0.039,-0.461,-92.2,Under
Xavier Smith,touchdowns,,fanatics,0.5,0.039,-0.461,-92.2,Under
Elijah Sarratt,touchdowns,bal,fanduel,0.5,0.039,-0.461,-92.2,Under
Elijah Sarratt,touchdowns,bal,caesars,0.5,0.039,-0.461,-92.2,Under
Elijah Sarratt,touchdowns,bal,hardrock,0.5,0.039,-0.461,-92.2,Under
Elijah Sarratt,touchdowns,bal,draftkings,0.5,0.039,-0.461,-92.2,Under
Drew Ogletree,touchdowns,ind,fanduel,0.5,0.039,-0.461,-92.2,Under
Drew Ogletree,touchdowns,ind,caesars,0.5,0.039,-0.461,-92.2,Under
Drew Ogletree,touchdowns,ind,hardrock,0.5,0.039,-0.461,-92.2,Under
Drew Ogletree,touchdowns,ind,draftkings,0.5,0.039,-0.461,-92.2,Under
Brevyn Spann-Ford,touchdowns,dal,fanatics,0.5,0.039,-0.461,-92.2,Under
Brevyn Spann-Ford,touchdowns,dal,caesars,0.5,0.039,-0.461,-92.2,Under
Brevyn Spann-Ford,touchdowns,dal,hardrock,0.5,0.039,-0.461,-92.2,Under
Brevyn Spann-Ford,touchdowns,dal,draftkings,0.5,0.039,-0.461,-92.2,Under
Nate Adkins,touchdowns,den,caesars,0.5,0.039,-0.461,-92.2,Under
Nate Adkins,touchdowns,den,hardrock,0.5,0.039,-0.461,-92.2,Under
Nate Adkins,touchdowns,den,draftkings,0.5,0.039,-0.461,-92.2,Under
Nate Adkins,touchdowns,den,fanduel,0.5,0.039,-0.461,-92.2,Under
Nate Adkins,touchdowns,den,fanatics,0.5,0.039,-0.461,-92.2,Under
Xavier Smith,touchdowns,,caesars,0.5,0.039,-0.461,-92.2,Under
Xavier Smith,touchdowns,,draftkings,0.5,0.039,-0.461,-92.2,Under
Tez Johnson,touchdowns,tam,caesars,0.5,0.039,-0.461,-92.2,Under
Tez Johnson,touchdowns,tam,hardrock,0.5,0.039,-0.461,-92.2,Under
Tez Johnson,touchdowns,tam,draftkings,0.5,0.039,-0.461,-92.2,Under
Tez Johnson,touchdowns,tam,fanduel,0.5,0.039,-0.461,-92.2,Under
Jalen Royals,touchdowns,kan,fanduel,0.5,0.039,-0.461,-92.2,Under
Jalen Royals,touchdowns,kan,caesars,0.5,0.039,-0.461,-92.2,Under
Will Kacmarek,touchdowns,mia,caesars,0.5,0.039,-0.461,-92.2,Under
Will Kacmarek,touchdowns,mia,hardrock,0.5,0.039,-0.461,-92.2,Under
Treylon Burks,touchdowns,was,hardrock,0.5,0.039,-0.461,-92.2,Under
Treylon Burks,touchdowns,was,draftkings,0.5,0.039,-0.461,-92.2,Under
Brevyn Spann-Ford,touchdowns,dal,fanduel,0.5,0.039,-0.461,-92.2,Under
Jalen Royals,touchdowns,kan,hardrock,0.5,0.039,-0.461,-92.2,Under
Jalen Royals,touchdowns,kan,draftkings,0.5,0.039,-0.461,-92.2,Under
Will Kacmarek,touchdowns,mia,fanduel,0.5,0.039,-0.461,-92.2,Under
Will Kacmarek,touchdowns,mia,draftkings,0.5,0.039,-0.461,-92.2,Under
Treylon Burks,touchdowns,was,fanduel,0.5,0.039,-0.461,-92.2,Under
Treylon Burks,touchdowns,was,fanatics,0.5,0.039,-0.461,-92.2,Under
Treylon Burks,touchdowns,was,caesars,0.5,0.039,-0.461,-92.2,Under
Bam Knight,touchdowns,ari,fanatics,0.5,0.039,-0.461,-92.2,Under
Bam Knight,touchdowns,ari,hardrock,0.5,0.039,-0.461,-92.2,Under
Nate Boerkircher,touchdowns,jax,fanduel,0.5,0.039,-0.461,-92.2,Under
Nate Boerkircher,touchdowns,jax,caesars,0.5,0.039,-0.461,-92.2,Under
Nate Boerkircher,touchdowns,jax,hardrock,0.5,0.039,-0.461,-92.2,Under
LeQuint Allen,touchdowns,jax,fanduel,0.5,0.039,-0.461,-92.2,Under
Jordan Whittington,touchdowns,,draftkings,0.5,0.039,-0.461,-92.2,Under
Jordan Whittington,touchdowns,,hardrock,0.5,0.039,-0.461,-92.2,Under
LeQuint Allen,touchdowns,jax,fanatics,0.5,0.039,-0.461,-92.2,Under
LeQuint Allen,touchdowns,jax,caesars,0.5,0.039,-0.461,-92.2,Under
LeQuint Allen,touchdowns,jax,draftkings,0.5,0.039,-0.461,-92.2,Under
LeQuint Allen,touchdowns,jax,hardrock,0.5,0.039,-0.461,-92.2,Under
Jordan Whittington,touchdowns,,caesars,0.5,0.039,-0.461,-92.2,Under
Jordan Whittington,touchdowns,,fanatics,0.5,0.039,-0.461,-92.2,Under
Cade Otton,first-touchdown-scorer,tam,hardrock,0.5,0.04,-0.46,-92.0,Under
Drake Maye,first-touchdown-scorer,nwe,fanatics,0.5,0.04,-0.46,-92.0,Under
Drake Maye,first-touchdown-scorer,nwe,fanduel,0.5,0.04,-0.46,-92.0,Under
Cade Otton,first-touchdown-scorer,tam,draftkings,0.5,0.04,-0.46,-92.0,Under
Drake Maye,first-touchdown-scorer,nwe,caesars,0.5,0.04,-0.46,-92.0,Under
Oronde Gadsden,first-touchdown-scorer,lac,caesars,0.5,0.04,-0.46,-92.0,Under
Oronde Gadsden,first-touchdown-scorer,lac,fanatics,0.5,0.04,-0.46,-92.0,Under
Oronde Gadsden,first-touchdown-scorer,lac,fanduel,0.5,0.04,-0.46,-92.0,Under
Isaac TeSlaa,first-touchdown-scorer,det,draftkings,0.5,0.04,-0.46,-92.0,Under
De'Zhaun Stribling,first-touchdown-scorer,sfo,fanduel,0.5,0.04,-0.46,-92.0,Under
De'Zhaun Stribling,first-touchdown-scorer,sfo,caesars,0.5,0.04,-0.46,-92.0,Under
Caleb Douglas,first-touchdown-scorer,mia,hardrock,0.5,0.04,-0.46,-92.0,Under
Caleb Douglas,first-touchdown-scorer,mia,draftkings,0.5,0.04,-0.46,-92.0,Under
David Njoku,first-touchdown-scorer,lac,fanduel,0.5,0.04,-0.46,-92.0,Under
David Njoku,first-touchdown-scorer,lac,fanatics,0.5,0.04,-0.46,-92.0,Under
David Njoku,first-touchdown-scorer,lac,caesars,0.5,0.04,-0.46,-92.0,Under
David Njoku,first-touchdown-scorer,lac,hardrock,0.5,0.04,-0.46,-92.0,Under
David Njoku,first-touchdown-scorer,lac,draftkings,0.5,0.04,-0.46,-92.0,Under
Tyler Shough,first-touchdown-scorer,nor,fanduel,0.5,0.04,-0.46,-92.0,Under
Tyler Shough,first-touchdown-scorer,nor,caesars,0.5,0.04,-0.46,-92.0,Under
Drake Maye,first-touchdown-scorer,nwe,draftkings,0.5,0.04,-0.46,-92.0,Under
Drake Maye,first-touchdown-scorer,nwe,hardrock,0.5,0.04,-0.46,-92.0,Under
Tyler Shough,first-touchdown-scorer,nor,draftkings,0.5,0.04,-0.46,-92.0,Under
Tyler Shough,first-touchdown-scorer,nor,hardrock,0.5,0.04,-0.46,-92.0,Under
De'Zhaun Stribling,first-touchdown-scorer,sfo,draftkings,0.5,0.04,-0.46,-92.0,Under
Justin Herbert,first-touchdown-scorer,lac,fanatics,0.5,0.04,-0.46,-92.0,Under
Justin Herbert,first-touchdown-scorer,lac,caesars,0.5,0.04,-0.46,-92.0,Under
De'Zhaun Stribling,first-touchdown-scorer,sfo,hardrock,0.5,0.04,-0.46,-92.0,Under
Caleb Douglas,first-touchdown-scorer,mia,fanduel,0.5,0.04,-0.46,-92.0,Under
Isaac TeSlaa,first-touchdown-scorer,det,fanduel,0.5,0.04,-0.46,-92.0,Under
Isaac TeSlaa,first-touchdown-scorer,det,caesars,0.5,0.04,-0.46,-92.0,Under
Isaac TeSlaa,first-touchdown-scorer,det,hardrock,0.5,0.04,-0.46,-92.0,Under
Justin Herbert,first-touchdown-scorer,lac,hardrock,0.5,0.04,-0.46,-92.0,Under
Malik Washington,first-touchdown-scorer,mia,fanatics,0.5,0.04,-0.46,-92.0,Under
Greg Dulcich,first-touchdown-scorer,mia,draftkings,0.5,0.04,-0.46,-92.0,Under
Greg Dulcich,first-touchdown-scorer,mia,hardrock,0.5,0.04,-0.46,-92.0,Under
Greg Dulcich,first-touchdown-scorer,mia,caesars,0.5,0.04,-0.46,-92.0,Under
Greg Dulcich,first-touchdown-scorer,mia,fanatics,0.5,0.04,-0.46,-92.0,Under
Greg Dulcich,first-touchdown-scorer,mia,fanduel,0.5,0.04,-0.46,-92.0,Under
Justin Herbert,first-touchdown-scorer,lac,draftkings,0.5,0.04,-0.46,-92.0,Under
Rashod Bateman,first-touchdown-scorer,bal,hardrock,0.5,0.04,-0.46,-92.0,Under
Rashod Bateman,first-touchdown-scorer,bal,draftkings,0.5,0.04,-0.46,-92.0,Under
Matthew Golden,first-touchdown-scorer,gnb,fanduel,0.5,0.04,-0.46,-92.0,Under
Matthew Golden,first-touchdown-scorer,gnb,caesars,0.5,0.04,-0.46,-92.0,Under
Adonai Mitchell,first-touchdown-scorer,nyj,draftkings,0.5,0.04,-0.46,-92.0,Under
Makai Lemon,first-touchdown-scorer,phi,fanduel,0.5,0.04,-0.46,-92.0,Under
Makai Lemon,first-touchdown-scorer,phi,caesars,0.5,0.04,-0.46,-92.0,Under
Caleb Williams,first-touchdown-scorer,chi,hardrock,0.5,0.04,-0.46,-92.0,Under
Malik Washington,first-touchdown-scorer,mia,fanduel,0.5,0.04,-0.46,-92.0,Under
Caleb Williams,first-touchdown-scorer,chi,draftkings,0.5,0.04,-0.46,-92.0,Under
Adonai Mitchell,first-touchdown-scorer,nyj,hardrock,0.5,0.04,-0.46,-92.0,Under
Adonai Mitchell,first-touchdown-scorer,nyj,fanduel,0.5,0.04,-0.46,-92.0,Under
Malik Washington,first-touchdown-scorer,mia,draftkings,0.5,0.04,-0.46,-92.0,Under
Justin Herbert,first-touchdown-scorer,lac,fanduel,0.5,0.04,-0.46,-92.0,Under
Malik Washington,first-touchdown-scorer,mia,caesars,0.5,0.04,-0.46,-92.0,Under
Malik Washington,first-touchdown-scorer,mia,hardrock,0.5,0.04,-0.46,-92.0,Under
Caleb Williams,first-touchdown-scorer,chi,fanatics,0.5,0.04,-0.46,-92.0,Under
Caleb Williams,first-touchdown-scorer,chi,caesars,0.5,0.04,-0.46,-92.0,Under
Makai Lemon,first-touchdown-scorer,phi,hardrock,0.5,0.04,-0.46,-92.0,Under
Caleb Williams,first-touchdown-scorer,chi,fanduel,0.5,0.04,-0.46,-92.0,Under
Adonai Mitchell,first-touchdown-scorer,nyj,caesars,0.5,0.04,-0.46,-92.0,Under
Adonai Mitchell,first-touchdown-scorer,nyj,fanatics,0.5,0.04,-0.46,-92.0,Under
Samaje Perine,first-touchdown-scorer,cin,fanatics,0.5,0.04,-0.46,-92.0,Under
Samaje Perine,first-touchdown-scorer,cin,fanduel,0.5,0.04,-0.46,-92.0,Under
Calvin Ridley,first-touchdown-scorer,ten,draftkings,0.5,0.04,-0.46,-92.0,Under
Calvin Ridley,first-touchdown-scorer,ten,fanduel,0.5,0.04,-0.46,-92.0,Under
Michael Wilson,first-touchdown-scorer,ari,draftkings,0.5,0.04,-0.46,-92.0,Under
Michael Wilson,first-touchdown-scorer,ari,hardrock,0.5,0.04,-0.46,-92.0,Under
Michael Wilson,first-touchdown-scorer,ari,caesars,0.5,0.04,-0.46,-92.0,Under
Michael Wilson,first-touchdown-scorer,ari,fanatics,0.5,0.04,-0.46,-92.0,Under
Michael Wilson,first-touchdown-scorer,ari,fanduel,0.5,0.04,-0.46,-92.0,Under
Makai Lemon,first-touchdown-scorer,phi,draftkings,0.5,0.04,-0.46,-92.0,Under
Jalen Nailor,first-touchdown-scorer,lvr,hardrock,0.5,0.04,-0.46,-92.0,Under
Jalen Nailor,first-touchdown-scorer,lvr,caesars,0.5,0.04,-0.46,-92.0,Under
TreVeyon Henderson,first-touchdown-scorer,nwe,draftkings,0.5,0.04,-0.46,-92.0,Under
Jalen Nailor,first-touchdown-scorer,lvr,fanduel,0.5,0.04,-0.46,-92.0,Under
Jalen Nailor,first-touchdown-scorer,lvr,draftkings,0.5,0.04,-0.46,-92.0,Under
Rashod Bateman,first-touchdown-scorer,bal,fanduel,0.5,0.04,-0.46,-92.0,Under
Rashod Bateman,first-touchdown-scorer,bal,fanatics,0.5,0.04,-0.46,-92.0,Under
TreVeyon Henderson,first-touchdown-scorer,nwe,caesars,0.5,0.04,-0.46,-92.0,Under
Jalen Nailor,first-touchdown-scorer,lvr,fanatics,0.5,0.04,-0.46,-92.0,Under
TreVeyon Henderson,first-touchdown-scorer,nwe,hardrock,0.5,0.04,-0.46,-92.0,Under
Samaje Perine,first-touchdown-scorer,cin,caesars,0.5,0.04,-0.46,-92.0,Under
Samaje Perine,first-touchdown-scorer,cin,hardrock,0.5,0.04,-0.46,-92.0,Under
Samaje Perine,first-touchdown-scorer,cin,draftkings,0.5,0.04,-0.46,-92.0,Under
Rashod Bateman,first-touchdown-scorer,bal,caesars,0.5,0.04,-0.46,-92.0,Under
Mike Gesicki,first-touchdown-scorer,cin,caesars,0.5,0.04,-0.46,-92.0,Under
Mike Gesicki,first-touchdown-scorer,cin,fanatics,0.5,0.04,-0.46,-92.0,Under
Matthew Golden,first-touchdown-scorer,gnb,hardrock,0.5,0.04,-0.46,-92.0,Under
Matthew Golden,first-touchdown-scorer,gnb,draftkings,0.5,0.04,-0.46,-92.0,Under
TreVeyon Henderson,first-touchdown-scorer,nwe,fanduel,0.5,0.04,-0.46,-92.0,Under
Keenan Allen,first-touchdown-scorer,ind,fanatics,0.5,0.04,-0.46,-92.0,Under
Keenan Allen,first-touchdown-scorer,ind,fanduel,0.5,0.04,-0.46,-92.0,Under
Keenan Allen,first-touchdown-scorer,ind,draftkings,0.5,0.04,-0.46,-92.0,Under
Keenan Allen,first-touchdown-scorer,ind,hardrock,0.5,0.04,-0.46,-92.0,Under
Keenan Allen,first-touchdown-scorer,ind,caesars,0.5,0.04,-0.46,-92.0,Under
Patrick Mahomes,first-touchdown-scorer,kan,fanduel,0.5,0.04,-0.46,-92.0,Under
Patrick Mahomes,first-touchdown-scorer,kan,fanatics,0.5,0.04,-0.46,-92.0,Under
Patrick Mahomes,first-touchdown-scorer,kan,caesars,0.5,0.04,-0.46,-92.0,Under
Patrick Mahomes,first-touchdown-scorer,kan,hardrock,0.5,0.04,-0.46,-92.0,Under
Patrick Mahomes,first-touchdown-scorer,kan,draftkings,0.5,0.04,-0.46,-92.0,Under
Calvin Ridley,first-touchdown-scorer,ten,hardrock,0.5,0.04,-0.46,-92.0,Under
Calvin Ridley,first-touchdown-scorer,ten,caesars,0.5,0.04,-0.46,-92.0,Under
Calvin Ridley,first-touchdown-scorer,ten,fanatics,0.5,0.04,-0.46,-92.0,Under
Dontayvion Wicks,first-touchdown-scorer,phi,draftkings,0.5,0.04,-0.46,-92.0,Under
Dontayvion Wicks,first-touchdown-scorer,phi,hardrock,0.5,0.04,-0.46,-92.0,Under
Devaughn Vele,first-touchdown-scorer,nor,draftkings,0.5,0.04,-0.46,-92.0,Under
Keaton Mitchell,first-touchdown-scorer,lac,hardrock,0.5,0.04,-0.46,-92.0,Under
Dontayvion Wicks,first-touchdown-scorer,phi,caesars,0.5,0.04,-0.46,-92.0,Under
Keaton Mitchell,first-touchdown-scorer,lac,fanduel,0.5,0.04,-0.46,-92.0,Under
Keaton Mitchell,first-touchdown-scorer,lac,caesars,0.5,0.04,-0.46,-92.0,Under
Keaton Mitchell,first-touchdown-scorer,lac,fanatics,0.5,0.04,-0.46,-92.0,Under
Dontayvion Wicks,first-touchdown-scorer,phi,fanatics,0.5,0.04,-0.46,-92.0,Under
Emanuel Wilson,first-touchdown-scorer,sea,fanduel,0.5,0.04,-0.46,-92.0,Under
Emanuel Wilson,first-touchdown-scorer,sea,caesars,0.5,0.04,-0.46,-92.0,Under
Emanuel Wilson,first-touchdown-scorer,sea,hardrock,0.5,0.04,-0.46,-92.0,Under
Colby Parkinson,first-touchdown-scorer,,draftkings,0.5,0.04,-0.46,-92.0,Under
Cade Otton,first-touchdown-scorer,tam,fanduel,0.5,0.04,-0.46,-92.0,Under
Oronde Gadsden,first-touchdown-scorer,lac,draftkings,0.5,0.04,-0.46,-92.0,Under
Oronde Gadsden,first-touchdown-scorer,lac,hardrock,0.5,0.04,-0.46,-92.0,Under
Cade Otton,first-touchdown-scorer,tam,fanatics,0.5,0.04,-0.46,-92.0,Under
Cade Otton,first-touchdown-scorer,tam,caesars,0.5,0.04,-0.46,-92.0,Under
Mike Gesicki,first-touchdown-scorer,cin,hardrock,0.5,0.04,-0.46,-92.0,Under
Mike Gesicki,first-touchdown-scorer,cin,fanduel,0.5,0.04,-0.46,-92.0,Under
Mike Gesicki,first-touchdown-scorer,cin,draftkings,0.5,0.04,-0.46,-92.0,Under
Dontayvion Wicks,first-touchdown-scorer,phi,fanduel,0.5,0.04,-0.46,-92.0,Under
Keaton Mitchell,first-touchdown-scorer,lac,draftkings,0.5,0.04,-0.46,-92.0,Under
Bo Nix,first-touchdown-scorer,den,draftkings,0.5,0.04,-0.46,-92.0,Under
Bo Nix,first-touchdown-scorer,den,fanduel,0.5,0.04,-0.46,-92.0,Under
Bo Nix,first-touchdown-scorer,den,fanatics,0.5,0.04,-0.46,-92.0,Under
Bo Nix,first-touchdown-scorer,den,caesars,0.5,0.04,-0.46,-92.0,Under
Bo Nix,first-touchdown-scorer,den,hardrock,0.5,0.04,-0.46,-92.0,Under
Kenyon Sadiq,first-touchdown-scorer,nyj,caesars,0.5,0.04,-0.46,-92.0,Under
Kenyon Sadiq,first-touchdown-scorer,nyj,hardrock,0.5,0.04,-0.46,-92.0,Under
Kenyon Sadiq,first-touchdown-scorer,nyj,draftkings,0.5,0.04,-0.46,-92.0,Under
Kenyon Sadiq,first-touchdown-scorer,nyj,fanduel,0.5,0.04,-0.46,-92.0,Under
Jeremiyah Love,receiving-yards,ari,sleeper,12.5,24.0,11.5,92.0,Over
Colby Parkinson,first-touchdown-scorer,,fanatics,0.5,0.04,-0.46,-92.0,Under
Colby Parkinson,first-touchdown-scorer,,fanduel,0.5,0.04,-0.46,-92.0,Under
Emanuel Wilson,first-touchdown-scorer,sea,fanatics,0.5,0.04,-0.46,-92.0,Under
Emanuel Wilson,first-touchdown-scorer,sea,draftkings,0.5,0.04,-0.46,-92.0,Under
Chris Bell,first-touchdown-scorer,mia,draftkings,0.5,0.04,-0.46,-92.0,Under
Chris Bell,first-touchdown-scorer,mia,hardrock,0.5,0.04,-0.46,-92.0,Under
Chris Bell,first-touchdown-scorer,mia,caesars,0.5,0.04,-0.46,-92.0,Under
Devaughn Vele,first-touchdown-scorer,nor,fanatics,0.5,0.04,-0.46,-92.0,Under
Devaughn Vele,first-touchdown-scorer,nor,caesars,0.5,0.04,-0.46,-92.0,Under
Colby Parkinson,first-touchdown-scorer,,caesars,0.5,0.04,-0.46,-92.0,Under
Colby Parkinson,first-touchdown-scorer,,hardrock,0.5,0.04,-0.46,-92.0,Under
Devaughn Vele,first-touchdown-scorer,nor,hardrock,0.5,0.04,-0.46,-92.0,Under
Devaughn Vele,first-touchdown-scorer,nor,fanduel,0.5,0.04,-0.46,-92.0,Under
Hunter Long,touchdowns,ari,fanduel,0.5,0.049,-0.451,-90.2,Under
Ben Sinnott,touchdowns,was,caesars,0.5,0.049,-0.451,-90.2,Under
Devontez Walker,touchdowns,bal,draftkings,0.5,0.049,-0.451,-90.2,Under
Devontez Walker,touchdowns,bal,hardrock,0.5,0.049,-0.451,-90.2,Under
Ben Sinnott,touchdowns,was,hardrock,0.5,0.049,-0.451,-90.2,Under
Ben Sinnott,touchdowns,was,draftkings,0.5,0.049,-0.451,-90.2,Under
Hunter Long,touchdowns,ari,fanatics,0.5,0.049,-0.451,-90.2,Under
Jackson Hawes,touchdowns,buf,hardrock,0.5,0.049,-0.451,-90.2,Under
Ben Sinnott,touchdowns,was,fanduel,0.5,0.049,-0.451,-90.2,Under
Ben Sinnott,touchdowns,was,fanatics,0.5,0.049,-0.451,-90.2,Under
Jackson Hawes,touchdowns,buf,caesars,0.5,0.049,-0.451,-90.2,Under
Jackson Hawes,touchdowns,buf,fanduel,0.5,0.049,-0.451,-90.2,Under
Jackson Hawes,touchdowns,buf,draftkings,0.5,0.049,-0.451,-90.2,Under
Devontez Walker,touchdowns,bal,caesars,0.5,0.049,-0.451,-90.2,Under
Corey Kiner,touchdowns,nwe,hardrock,0.5,0.049,-0.451,-90.2,Under
Corey Kiner,touchdowns,nwe,draftkings,0.5,0.049,-0.451,-90.2,Under
Corey Kiner,touchdowns,nwe,fanduel,0.5,0.049,-0.451,-90.2,Under
Corey Kiner,touchdowns,nwe,caesars,0.5,0.049,-0.451,-90.2,Under
Bo Melton,touchdowns,gnb,fanatics,0.5,0.049,-0.451,-90.2,Under
Bo Melton,touchdowns,gnb,fanduel,0.5,0.049,-0.451,-90.2,Under
Tay Martin,touchdowns,det,caesars,0.5,0.049,-0.451,-90.2,Under
Tay Martin,touchdowns,det,fanatics,0.5,0.049,-0.451,-90.2,Under
Bo Melton,touchdowns,gnb,caesars,0.5,0.049,-0.451,-90.2,Under
Bo Melton,touchdowns,gnb,hardrock,0.5,0.049,-0.451,-90.2,Under
Bo Melton,touchdowns,gnb,draftkings,0.5,0.049,-0.451,-90.2,Under
Tay Martin,touchdowns,det,fanduel,0.5,0.049,-0.451,-90.2,Under
Tay Martin,touchdowns,det,draftkings,0.5,0.049,-0.451,-90.2,Under
Eli Stowers,touchdowns,phi,hardrock,0.5,0.049,-0.451,-90.2,Under
Eli Stowers,touchdowns,phi,draftkings,0.5,0.049,-0.451,-90.2,Under
Tay Martin,touchdowns,det,hardrock,0.5,0.049,-0.451,-90.2,Under
Ashton Dulin,touchdowns,ind,fanatics,0.5,0.049,-0.451,-90.2,Under
Eli Stowers,touchdowns,phi,fanduel,0.5,0.049,-0.451,-90.2,Under
Oscar Delp,touchdowns,nor,draftkings,0.5,0.049,-0.451,-90.2,Under
Eli Stowers,touchdowns,phi,caesars,0.5,0.049,-0.451,-90.2,Under
Oscar Delp,touchdowns,nor,hardrock,0.5,0.049,-0.451,-90.2,Under
Oscar Delp,touchdowns,nor,caesars,0.5,0.049,-0.451,-90.2,Under
Oscar Delp,touchdowns,nor,fanduel,0.5,0.049,-0.451,-90.2,Under
Ashton Dulin,touchdowns,ind,fanduel,0.5,0.049,-0.451,-90.2,Under
Ashton Dulin,touchdowns,ind,hardrock,0.5,0.049,-0.451,-90.2,Under
Ashton Dulin,touchdowns,ind,caesars,0.5,0.049,-0.451,-90.2,Under
Ashton Dulin,touchdowns,ind,draftkings,0.5,0.049,-0.451,-90.2,Under
Aaron Rodgers,touchdowns,pit,draftkings,0.5,0.049,-0.451,-90.2,Under
Kaytron Allen,touchdowns,was,fanduel,0.5,0.049,-0.451,-90.2,Under
Kaytron Allen,touchdowns,was,draftkings,0.5,0.049,-0.451,-90.2,Under
Kaytron Allen,touchdowns,was,hardrock,0.5,0.049,-0.451,-90.2,Under
Dylan Laube,touchdowns,lvr,fanduel,0.5,0.049,-0.451,-90.2,Under
Dylan Laube,touchdowns,lvr,fanatics,0.5,0.049,-0.451,-90.2,Under
Kaytron Allen,touchdowns,was,caesars,0.5,0.049,-0.451,-90.2,Under
Aaron Rodgers,touchdowns,pit,hardrock,0.5,0.049,-0.451,-90.2,Under
Aaron Rodgers,touchdowns,pit,caesars,0.5,0.049,-0.451,-90.2,Under
Adam Trautman,touchdowns,den,fanatics,0.5,0.049,-0.451,-90.2,Under
Adam Trautman,touchdowns,den,fanduel,0.5,0.049,-0.451,-90.2,Under
Tanner Koziol,touchdowns,jax,draftkings,0.5,0.049,-0.451,-90.2,Under
Tanner Koziol,touchdowns,jax,hardrock,0.5,0.049,-0.451,-90.2,Under
Tanner Koziol,touchdowns,jax,caesars,0.5,0.049,-0.451,-90.2,Under
Tanner Koziol,touchdowns,jax,fanduel,0.5,0.049,-0.451,-90.2,Under
Barion Brown,touchdowns,nor,draftkings,0.5,0.049,-0.451,-90.2,Under
Barion Brown,touchdowns,nor,hardrock,0.5,0.049,-0.451,-90.2,Under
Barion Brown,touchdowns,nor,caesars,0.5,0.049,-0.451,-90.2,Under
Barion Brown,touchdowns,nor,fanduel,0.5,0.049,-0.451,-90.2,Under
Aaron Rodgers,touchdowns,pit,fanatics,0.5,0.049,-0.451,-90.2,Under
Aaron Rodgers,touchdowns,pit,fanduel,0.5,0.049,-0.451,-90.2,Under
Eli Raridon,touchdowns,nwe,draftkings,0.5,0.049,-0.451,-90.2,Under
Eli Raridon,touchdowns,nwe,hardrock,0.5,0.049,-0.451,-90.2,Under
Eli Raridon,touchdowns,nwe,caesars,0.5,0.049,-0.451,-90.2,Under
Eli Raridon,touchdowns,nwe,fanduel,0.5,0.049,-0.451,-90.2,Under
Dylan Laube,touchdowns,lvr,draftkings,0.5,0.049,-0.451,-90.2,Under
Dylan Laube,touchdowns,lvr,hardrock,0.5,0.049,-0.451,-90.2,Under
Dylan Laube,touchdowns,lvr,caesars,0.5,0.049,-0.451,-90.2,Under
Kaelon Black,touchdowns,sfo,caesars,0.5,0.049,-0.451,-90.2,Under
Adam Trautman,touchdowns,den,caesars,0.5,0.049,-0.451,-90.2,Under
Adam Trautman,touchdowns,den,draftkings,0.5,0.049,-0.451,-90.2,Under
Adam Trautman,touchdowns,den,hardrock,0.5,0.049,-0.451,-90.2,Under
Kaelon Black,touchdowns,sfo,fanduel,0.5,0.049,-0.451,-90.2,Under
Kaelon Black,touchdowns,sfo,draftkings,0.5,0.049,-0.451,-90.2,Under
Kaelon Black,touchdowns,sfo,hardrock,0.5,0.049,-0.451,-90.2,Under
Devontez Walker,touchdowns,bal,fanduel,0.5,0.049,-0.451,-90.2,Under
Devontez Walker,touchdowns,bal,fanatics,0.5,0.049,-0.451,-90.2,Under
Skyler Bell,touchdowns,buf,caesars,0.5,0.049,-0.451,-90.2,Under
Skyler Bell,touchdowns,buf,fanduel,0.5,0.049,-0.451,-90.2,Under
Skyler Bell,touchdowns,buf,hardrock,0.5,0.049,-0.451,-90.2,Under
Skyler Bell,touchdowns,buf,draftkings,0.5,0.049,-0.451,-90.2,Under
KC Concepcion,first-touchdown-scorer,cle,fanduel,0.5,0.05,-0.45,-90.0,Under
KC Concepcion,first-touchdown-scorer,cle,caesars,0.5,0.05,-0.45,-90.0,Under
KC Concepcion,first-touchdown-scorer,cle,fanatics,0.5,0.05,-0.45,-90.0,Under
Stefon Diggs,first-touchdown-scorer,was,fanatics,0.5,0.05,-0.45,-90.0,Under
Stefon Diggs,first-touchdown-scorer,was,fanduel,0.5,0.05,-0.45,-90.0,Under
KC Concepcion,first-touchdown-scorer,cle,draftkings,0.5,0.05,-0.45,-90.0,Under
Chris Brooks,first-touchdown-scorer,gnb,fanatics,0.5,0.05,-0.45,-90.0,Under
Chris Brooks,first-touchdown-scorer,gnb,caesars,0.5,0.05,-0.45,-90.0,Under
Chris Brooks,first-touchdown-scorer,gnb,draftkings,0.5,0.05,-0.45,-90.0,Under
Chris Brooks,first-touchdown-scorer,gnb,fanduel,0.5,0.05,-0.45,-90.0,Under
T.J. Hockenson,first-touchdown-scorer,min,fanduel,0.5,0.05,-0.45,-90.0,Under
Stefon Diggs,first-touchdown-scorer,was,caesars,0.5,0.05,-0.45,-90.0,Under
T.J. Hockenson,first-touchdown-scorer,min,caesars,0.5,0.05,-0.45,-90.0,Under
T.J. Hockenson,first-touchdown-scorer,min,fanatics,0.5,0.05,-0.45,-90.0,Under
Gunnar Helm,first-touchdown-scorer,ten,draftkings,0.5,0.05,-0.45,-90.0,Under
Gunnar Helm,first-touchdown-scorer,ten,hardrock,0.5,0.05,-0.45,-90.0,Under
Gunnar Helm,first-touchdown-scorer,ten,caesars,0.5,0.05,-0.45,-90.0,Under
Stefon Diggs,first-touchdown-scorer,was,hardrock,0.5,0.05,-0.45,-90.0,Under
Stefon Diggs,first-touchdown-scorer,was,draftkings,0.5,0.05,-0.45,-90.0,Under
Gunnar Helm,first-touchdown-scorer,ten,fanduel,0.5,0.05,-0.45,-90.0,Under
T.J. Hockenson,first-touchdown-scorer,min,draftkings,0.5,0.05,-0.45,-90.0,Under
T.J. Hockenson,first-touchdown-scorer,min,hardrock,0.5,0.05,-0.45,-90.0,Under
Kyler Murray,first-touchdown-scorer,min,hardrock,0.5,0.05,-0.45,-90.0,Under
Kyler Murray,first-touchdown-scorer,min,caesars,0.5,0.05,-0.45,-90.0,Under
Juwan Johnson,first-touchdown-scorer,nor,draftkings,0.5,0.05,-0.45,-90.0,Under
Kyler Murray,first-touchdown-scorer,min,fanatics,0.5,0.05,-0.45,-90.0,Under
Juwan Johnson,first-touchdown-scorer,nor,hardrock,0.5,0.05,-0.45,-90.0,Under
Juwan Johnson,first-touchdown-scorer,nor,caesars,0.5,0.05,-0.45,-90.0,Under
Juwan Johnson,first-touchdown-scorer,nor,fanatics,0.5,0.05,-0.45,-90.0,Under
Juwan Johnson,first-touchdown-scorer,nor,fanduel,0.5,0.05,-0.45,-90.0,Under
Marvin Harrison,first-touchdown-scorer,ari,hardrock,0.5,0.05,-0.45,-90.0,Under
Marvin Harrison,first-touchdown-scorer,ari,draftkings,0.5,0.05,-0.45,-90.0,Under
Marvin Harrison,first-touchdown-scorer,ari,fanduel,0.5,0.05,-0.45,-90.0,Under
Marvin Harrison,first-touchdown-scorer,ari,fanatics,0.5,0.05,-0.45,-90.0,Under
Romeo Doubs,first-touchdown-scorer,nwe,fanatics,0.5,0.05,-0.45,-90.0,Under
Tre' Harris,first-touchdown-scorer,lac,hardrock,0.5,0.05,-0.45,-90.0,Under
Tre' Harris,first-touchdown-scorer,lac,caesars,0.5,0.05,-0.45,-90.0,Under
Tre' Harris,first-touchdown-scorer,lac,fanatics,0.5,0.05,-0.45,-90.0,Under
Braelon Allen,first-touchdown-scorer,nyj,caesars,0.5,0.05,-0.45,-90.0,Under
Kyler Murray,first-touchdown-scorer,min,draftkings,0.5,0.05,-0.45,-90.0,Under
Braelon Allen,first-touchdown-scorer,nyj,fanduel,0.5,0.05,-0.45,-90.0,Under
Braelon Allen,first-touchdown-scorer,nyj,fanatics,0.5,0.05,-0.45,-90.0,Under
Braelon Allen,first-touchdown-scorer,nyj,draftkings,0.5,0.05,-0.45,-90.0,Under
Braelon Allen,first-touchdown-scorer,nyj,hardrock,0.5,0.05,-0.45,-90.0,Under
Tyler Allgeier,first-touchdown-scorer,ari,caesars,0.5,0.05,-0.45,-90.0,Under
Tyler Allgeier,first-touchdown-scorer,ari,fanatics,0.5,0.05,-0.45,-90.0,Under
Tyler Allgeier,first-touchdown-scorer,ari,fanduel,0.5,0.05,-0.45,-90.0,Under
Tyler Allgeier,first-touchdown-scorer,ari,draftkings,0.5,0.05,-0.45,-90.0,Under
Tyler Allgeier,first-touchdown-scorer,ari,hardrock,0.5,0.05,-0.45,-90.0,Under
Romeo Doubs,first-touchdown-scorer,nwe,caesars,0.5,0.05,-0.45,-90.0,Under
Tre' Harris,first-touchdown-scorer,lac,draftkings,0.5,0.05,-0.45,-90.0,Under
Jalen Coker,first-touchdown-scorer,car,fanatics,0.5,0.05,-0.45,-90.0,Under
Jalen Coker,first-touchdown-scorer,car,fanduel,0.5,0.05,-0.45,-90.0,Under
Kyler Murray,first-touchdown-scorer,min,fanduel,0.5,0.05,-0.45,-90.0,Under
Tre' Harris,first-touchdown-scorer,lac,fanduel,0.5,0.05,-0.45,-90.0,Under
Cooper Kupp,first-touchdown-scorer,sea,fanduel,0.5,0.05,-0.45,-90.0,Under
Jalen Coker,first-touchdown-scorer,car,draftkings,0.5,0.05,-0.45,-90.0,Under
Jalen Coker,first-touchdown-scorer,car,hardrock,0.5,0.05,-0.45,-90.0,Under
Jalen Coker,first-touchdown-scorer,car,caesars,0.5,0.05,-0.45,-90.0,Under
Dalton Kincaid,first-touchdown-scorer,buf,draftkings,0.5,0.05,-0.45,-90.0,Under
Dalton Kincaid,first-touchdown-scorer,buf,hardrock,0.5,0.05,-0.45,-90.0,Under
Pat Freiermuth,first-touchdown-scorer,pit,fanatics,0.5,0.05,-0.45,-90.0,Under
Khalil Shakir,first-touchdown-scorer,buf,fanduel,0.5,0.05,-0.45,-90.0,Under
Khalil Shakir,first-touchdown-scorer,buf,fanatics,0.5,0.05,-0.45,-90.0,Under
Khalil Shakir,first-touchdown-scorer,buf,caesars,0.5,0.05,-0.45,-90.0,Under
Khalil Shakir,first-touchdown-scorer,buf,hardrock,0.5,0.05,-0.45,-90.0,Under
Dalton Kincaid,first-touchdown-scorer,buf,fanduel,0.5,0.05,-0.45,-90.0,Under
Dalton Kincaid,first-touchdown-scorer,buf,fanatics,0.5,0.05,-0.45,-90.0,Under
Alec Pierce,first-touchdown-scorer,ind,fanduel,0.5,0.05,-0.45,-90.0,Under
Alec Pierce,first-touchdown-scorer,ind,fanatics,0.5,0.05,-0.45,-90.0,Under
Kayshon Boutte,first-touchdown-scorer,hou,fanatics,0.5,0.05,-0.45,-90.0,Under
Kayshon Boutte,first-touchdown-scorer,hou,fanduel,0.5,0.05,-0.45,-90.0,Under
Deebo Samuel,first-touchdown-scorer,sfo,draftkings,0.5,0.05,-0.45,-90.0,Under
Rashid Shaheed,first-touchdown-scorer,sea,draftkings,0.5,0.05,-0.45,-90.0,Under
Rashid Shaheed,first-touchdown-scorer,sea,hardrock,0.5,0.05,-0.45,-90.0,Under
Rashid Shaheed,first-touchdown-scorer,sea,caesars,0.5,0.05,-0.45,-90.0,Under
Rashid Shaheed,first-touchdown-scorer,sea,fanatics,0.5,0.05,-0.45,-90.0,Under
Lamar Jackson,first-touchdown-scorer,bal,draftkings,0.5,0.05,-0.45,-90.0,Under
Rashid Shaheed,first-touchdown-scorer,sea,fanduel,0.5,0.05,-0.45,-90.0,Under
Romeo Doubs,first-touchdown-scorer,nwe,fanduel,0.5,0.05,-0.45,-90.0,Under
Isaiah Likely,first-touchdown-scorer,nyg,draftkings,0.5,0.05,-0.45,-90.0,Under
Isaiah Likely,first-touchdown-scorer,nyg,hardrock,0.5,0.05,-0.45,-90.0,Under
Isaiah Likely,first-touchdown-scorer,nyg,caesars,0.5,0.05,-0.45,-90.0,Under
Isaiah Likely,first-touchdown-scorer,nyg,fanatics,0.5,0.05,-0.45,-90.0,Under
Isaiah Likely,first-touchdown-scorer,nyg,fanduel,0.5,0.05,-0.45,-90.0,Under
Kayshon Boutte,first-touchdown-scorer,hou,draftkings,0.5,0.05,-0.45,-90.0,Under
Kayshon Boutte,first-touchdown-scorer,hou,hardrock,0.5,0.05,-0.45,-90.0,Under
Kayshon Boutte,first-touchdown-scorer,hou,caesars,0.5,0.05,-0.45,-90.0,Under
Deebo Samuel,first-touchdown-scorer,sfo,hardrock,0.5,0.05,-0.45,-90.0,Under
Deebo Samuel,first-touchdown-scorer,sfo,caesars,0.5,0.05,-0.45,-90.0,Under
Deebo Samuel,first-touchdown-scorer,sfo,fanatics,0.5,0.05,-0.45,-90.0,Under
Deebo Samuel,first-touchdown-scorer,sfo,fanduel,0.5,0.05,-0.45,-90.0,Under
Romeo Doubs,first-touchdown-scorer,nwe,draftkings,0.5,0.05,-0.45,-90.0,Under
Romeo Doubs,first-touchdown-scorer,nwe,hardrock,0.5,0.05,-0.45,-90.0,Under
Dalton Schultz,first-touchdown-scorer,hou,draftkings,0.5,0.05,-0.45,-90.0,Under
Josh Downs,first-touchdown-scorer,ind,fanatics,0.5,0.05,-0.45,-90.0,Under
Josh Downs,first-touchdown-scorer,ind,hardrock,0.5,0.05,-0.45,-90.0,Under
Josh Downs,first-touchdown-scorer,ind,draftkings,0.5,0.05,-0.45,-90.0,Under
Dalton Schultz,first-touchdown-scorer,hou,fanduel,0.5,0.05,-0.45,-90.0,Under
Dalton Schultz,first-touchdown-scorer,hou,fanatics,0.5,0.05,-0.45,-90.0,Under
Dalton Schultz,first-touchdown-scorer,hou,caesars,0.5,0.05,-0.45,-90.0,Under
Dalton Schultz,first-touchdown-scorer,hou,hardrock,0.5,0.05,-0.45,-90.0,Under
D.J. Moore,first-touchdown-scorer,buf,hardrock,0.5,0.05,-0.45,-90.0,Under
Josh Downs,first-touchdown-scorer,ind,caesars,0.5,0.05,-0.45,-90.0,Under
D.J. Moore,first-touchdown-scorer,buf,draftkings,0.5,0.05,-0.45,-90.0,Under
Cooper Kupp,first-touchdown-scorer,sea,draftkings,0.5,0.05,-0.45,-90.0,Under
D.J. Moore,first-touchdown-scorer,buf,fanduel,0.5,0.05,-0.45,-90.0,Under
Lamar Jackson,first-touchdown-scorer,bal,fanatics,0.5,0.05,-0.45,-90.0,Under
Lamar Jackson,first-touchdown-scorer,bal,hardrock,0.5,0.05,-0.45,-90.0,Under
Dalton Kincaid,first-touchdown-scorer,buf,caesars,0.5,0.05,-0.45,-90.0,Under
Pat Freiermuth,first-touchdown-scorer,pit,fanduel,0.5,0.05,-0.45,-90.0,Under
Pat Freiermuth,first-touchdown-scorer,pit,caesars,0.5,0.05,-0.45,-90.0,Under
D.J. Moore,first-touchdown-scorer,buf,caesars,0.5,0.05,-0.45,-90.0,Under
D.J. Moore,first-touchdown-scorer,buf,fanatics,0.5,0.05,-0.45,-90.0,Under
Khalil Shakir,first-touchdown-scorer,buf,draftkings,0.5,0.05,-0.45,-90.0,Under
Josh Downs,first-touchdown-scorer,ind,fanduel,0.5,0.05,-0.45,-90.0,Under
Hunter Henry,first-touchdown-scorer,nwe,hardrock,0.5,0.05,-0.45,-90.0,Under
Hunter Henry,first-touchdown-scorer,nwe,draftkings,0.5,0.05,-0.45,-90.0,Under
Hunter Henry,first-touchdown-scorer,nwe,fanatics,0.5,0.05,-0.45,-90.0,Under
Hunter Henry,first-touchdown-scorer,nwe,caesars,0.5,0.05,-0.45,-90.0,Under
Pat Freiermuth,first-touchdown-scorer,pit,hardrock,0.5,0.05,-0.45,-90.0,Under
Hunter Henry,first-touchdown-scorer,nwe,fanduel,0.5,0.05,-0.45,-90.0,Under
Pat Freiermuth,first-touchdown-scorer,pit,draftkings,0.5,0.05,-0.45,-90.0,Under
Cooper Kupp,first-touchdown-scorer,sea,fanatics,0.5,0.05,-0.45,-90.0,Under
Cooper Kupp,first-touchdown-scorer,sea,hardrock,0.5,0.05,-0.45,-90.0,Under
Cooper Kupp,first-touchdown-scorer,sea,caesars,0.5,0.05,-0.45,-90.0,Under
Lamar Jackson,first-touchdown-scorer,bal,fanduel,0.5,0.05,-0.45,-90.0,Under
Alec Pierce,first-touchdown-scorer,ind,caesars,0.5,0.05,-0.45,-90.0,Under
Alec Pierce,first-touchdown-scorer,ind,hardrock,0.5,0.05,-0.45,-90.0,Under
Jalen McMillan,first-touchdown-scorer,tam,fanduel,0.5,0.05,-0.45,-90.0,Under
Jalen McMillan,first-touchdown-scorer,tam,fanatics,0.5,0.05,-0.45,-90.0,Under
Jalen McMillan,first-touchdown-scorer,tam,caesars,0.5,0.05,-0.45,-90.0,Under
Jalen McMillan,first-touchdown-scorer,tam,hardrock,0.5,0.05,-0.45,-90.0,Under
Jalen McMillan,first-touchdown-scorer,tam,draftkings,0.5,0.05,-0.45,-90.0,Under
Lamar Jackson,first-touchdown-scorer,bal,caesars,0.5,0.05,-0.45,-90.0,Under
Alec Pierce,first-touchdown-scorer,ind,draftkings,0.5,0.05,-0.45,-90.0,Under
Konata Mumpfield,touchdowns,,hardrock,0.5,0.058,-0.442,-88.4,Under
Mo Alie-Cox,touchdowns,ind,fanduel,0.5,0.058,-0.442,-88.4,Under
Konata Mumpfield,touchdowns,,draftkings,0.5,0.058,-0.442,-88.4,Under
Foster Moreau,touchdowns,hou,fanatics,0.5,0.058,-0.442,-88.4,Under
Elic Ayomanor,touchdowns,ten,draftkings,0.5,0.058,-0.442,-88.4,Under
Luke Schoonmaker,touchdowns,dal,hardrock,0.5,0.058,-0.442,-88.4,Under
Elic Ayomanor,touchdowns,ten,hardrock,0.5,0.058,-0.442,-88.4,Under
Elic Ayomanor,touchdowns,ten,caesars,0.5,0.058,-0.442,-88.4,Under
Elic Ayomanor,touchdowns,ten,fanduel,0.5,0.058,-0.442,-88.4,Under
Foster Moreau,touchdowns,hou,draftkings,0.5,0.058,-0.442,-88.4,Under
Luke Schoonmaker,touchdowns,dal,fanduel,0.5,0.058,-0.442,-88.4,Under
Luke Schoonmaker,touchdowns,dal,fanatics,0.5,0.058,-0.442,-88.4,Under
Malik Benson,touchdowns,lvr,fanduel,0.5,0.058,-0.442,-88.4,Under
Luke Schoonmaker,touchdowns,dal,caesars,0.5,0.058,-0.442,-88.4,Under
Malik Benson,touchdowns,lvr,caesars,0.5,0.058,-0.442,-88.4,Under
Luke Schoonmaker,touchdowns,dal,draftkings,0.5,0.058,-0.442,-88.4,Under
Malik Benson,touchdowns,lvr,hardrock,0.5,0.058,-0.442,-88.4,Under
Malik Benson,touchdowns,lvr,draftkings,0.5,0.058,-0.442,-88.4,Under
Tyrone Tracy,touchdowns,nyg,draftkings,0.5,0.058,-0.442,-88.4,Under
Tyrone Tracy,touchdowns,nyg,hardrock,0.5,0.058,-0.442,-88.4,Under
Tyrone Tracy,touchdowns,nyg,fanduel,0.5,0.058,-0.442,-88.4,Under
Tyrone Tracy,touchdowns,nyg,fanatics,0.5,0.058,-0.442,-88.4,Under
Austin Hooper,touchdowns,atl,fanatics,0.5,0.058,-0.442,-88.4,Under
Austin Hooper,touchdowns,atl,caesars,0.5,0.058,-0.442,-88.4,Under
Austin Hooper,touchdowns,atl,hardrock,0.5,0.058,-0.442,-88.4,Under
Austin Hooper,touchdowns,atl,draftkings,0.5,0.058,-0.442,-88.4,Under
Kirk Cousins,touchdowns,lvr,hardrock,0.5,0.058,-0.442,-88.4,Under
Kirk Cousins,touchdowns,lvr,caesars,0.5,0.058,-0.442,-88.4,Under
Kirk Cousins,touchdowns,lvr,draftkings,0.5,0.058,-0.442,-88.4,Under
Austin Hooper,touchdowns,atl,fanduel,0.5,0.058,-0.442,-88.4,Under
Kirk Cousins,touchdowns,lvr,fanatics,0.5,0.058,-0.442,-88.4,Under
Kirk Cousins,touchdowns,lvr,fanduel,0.5,0.058,-0.442,-88.4,Under
Foster Moreau,touchdowns,hou,caesars,0.5,0.058,-0.442,-88.4,Under
Foster Moreau,touchdowns,hou,hardrock,0.5,0.058,-0.442,-88.4,Under
Foster Moreau,touchdowns,hou,fanduel,0.5,0.058,-0.442,-88.4,Under
Kendre Miller,touchdowns,nor,fanduel,0.5,0.058,-0.442,-88.4,Under
Isaiah Davis,touchdowns,nyj,draftkings,0.5,0.058,-0.442,-88.4,Under
Isaiah Davis,touchdowns,nyj,hardrock,0.5,0.058,-0.442,-88.4,Under
John Bates,touchdowns,was,fanduel,0.5,0.058,-0.442,-88.4,Under
Demond Claiborne,touchdowns,min,caesars,0.5,0.058,-0.442,-88.4,Under
Demond Claiborne,touchdowns,min,hardrock,0.5,0.058,-0.442,-88.4,Under
Demond Claiborne,touchdowns,min,draftkings,0.5,0.058,-0.442,-88.4,Under
Demond Claiborne,touchdowns,min,fanduel,0.5,0.058,-0.442,-88.4,Under
John Bates,touchdowns,was,draftkings,0.5,0.058,-0.442,-88.4,Under
Jonnu Smith,touchdowns,gnb,hardrock,0.5,0.058,-0.442,-88.4,Under
Jonnu Smith,touchdowns,gnb,draftkings,0.5,0.058,-0.442,-88.4,Under
Alvin Kamara,touchdowns,nor,fanatics,0.5,0.058,-0.442,-88.4,Under
Isaiah Davis,touchdowns,nyj,fanatics,0.5,0.058,-0.442,-88.4,Under
Isaiah Davis,touchdowns,nyj,caesars,0.5,0.058,-0.442,-88.4,Under
Elijah Higgins,touchdowns,ari,fanduel,0.5,0.058,-0.442,-88.4,Under
Marvin Mims,touchdowns,den,caesars,0.5,0.058,-0.442,-88.4,Under
Kendre Miller,touchdowns,nor,caesars,0.5,0.058,-0.442,-88.4,Under
Kendre Miller,touchdowns,nor,draftkings,0.5,0.058,-0.442,-88.4,Under
Kendre Miller,touchdowns,nor,fanatics,0.5,0.058,-0.442,-88.4,Under
Elijah Higgins,touchdowns,ari,hardrock,0.5,0.058,-0.442,-88.4,Under
Elijah Higgins,touchdowns,ari,caesars,0.5,0.058,-0.442,-88.4,Under
Elijah Higgins,touchdowns,ari,fanatics,0.5,0.058,-0.442,-88.4,Under
Daniel Bellinger,touchdowns,ten,draftkings,0.5,0.058,-0.442,-88.4,Under
Daniel Bellinger,touchdowns,ten,hardrock,0.5,0.058,-0.442,-88.4,Under
Daniel Bellinger,touchdowns,ten,caesars,0.5,0.058,-0.442,-88.4,Under
Marvin Mims,touchdowns,den,draftkings,0.5,0.058,-0.442,-88.4,Under
John Bates,touchdowns,was,hardrock,0.5,0.058,-0.442,-88.4,Under
John Bates,touchdowns,was,fanatics,0.5,0.058,-0.442,-88.4,Under
John Bates,touchdowns,was,caesars,0.5,0.058,-0.442,-88.4,Under
Kendre Miller,touchdowns,nor,hardrock,0.5,0.058,-0.442,-88.4,Under
Marvin Mims,touchdowns,den,hardrock,0.5,0.058,-0.442,-88.4,Under
Jonnu Smith,touchdowns,gnb,caesars,0.5,0.058,-0.442,-88.4,Under
Jonnu Smith,touchdowns,gnb,fanatics,0.5,0.058,-0.442,-88.4,Under
Jonnu Smith,touchdowns,gnb,fanduel,0.5,0.058,-0.442,-88.4,Under
Elijah Higgins,touchdowns,ari,draftkings,0.5,0.058,-0.442,-88.4,Under
Luke McCaffrey,touchdowns,was,draftkings,0.5,0.058,-0.442,-88.4,Under
Luke McCaffrey,touchdowns,was,hardrock,0.5,0.058,-0.442,-88.4,Under
Luke McCaffrey,touchdowns,was,caesars,0.5,0.058,-0.442,-88.4,Under
Luke McCaffrey,touchdowns,was,fanatics,0.5,0.058,-0.442,-88.4,Under
Daniel Bellinger,touchdowns,ten,fanduel,0.5,0.058,-0.442,-88.4,Under
Marvin Mims,touchdowns,den,fanatics,0.5,0.058,-0.442,-88.4,Under
Luke McCaffrey,touchdowns,was,fanduel,0.5,0.058,-0.442,-88.4,Under
Daniel Bellinger,touchdowns,ten,fanatics,0.5,0.058,-0.442,-88.4,Under
Marvin Mims,touchdowns,den,fanduel,0.5,0.058,-0.442,-88.4,Under
Mo Alie-Cox,touchdowns,ind,fanatics,0.5,0.058,-0.442,-88.4,Under
Mo Alie-Cox,touchdowns,ind,caesars,0.5,0.058,-0.442,-88.4,Under
Mo Alie-Cox,touchdowns,ind,hardrock,0.5,0.058,-0.442,-88.4,Under
Mo Alie-Cox,touchdowns,ind,draftkings,0.5,0.058,-0.442,-88.4,Under
Konata Mumpfield,touchdowns,,fanduel,0.5,0.058,-0.442,-88.4,Under
Konata Mumpfield,touchdowns,,caesars,0.5,0.058,-0.442,-88.4,Under
A.J. Dillon,touchdowns,car,fanatics,0.5,0.058,-0.442,-88.4,Under
Brenton Strange,first-touchdown-scorer,jax,fanatics,0.5,0.06,-0.44,-88.0,Under
Travis Kelce,first-touchdown-scorer,kan,fanatics,0.5,0.06,-0.44,-88.0,Under
Travis Kelce,first-touchdown-scorer,kan,fanduel,0.5,0.06,-0.44,-88.0,Under
Chris Godwin,first-touchdown-scorer,tam,hardrock,0.5,0.06,-0.44,-88.0,Under
Chris Godwin,first-touchdown-scorer,tam,caesars,0.5,0.06,-0.44,-88.0,Under
Chris Godwin,first-touchdown-scorer,tam,fanatics,0.5,0.06,-0.44,-88.0,Under
Chris Godwin,first-touchdown-scorer,tam,fanduel,0.5,0.06,-0.44,-88.0,Under
Tre Tucker,first-touchdown-scorer,lvr,hardrock,0.5,0.06,-0.44,-88.0,Under
Tre Tucker,first-touchdown-scorer,lvr,caesars,0.5,0.06,-0.44,-88.0,Under
Courtland Sutton,first-touchdown-scorer,den,hardrock,0.5,0.06,-0.44,-88.0,Under
Courtland Sutton,first-touchdown-scorer,den,caesars,0.5,0.06,-0.44,-88.0,Under
George Holani,first-touchdown-scorer,sea,draftkings,0.5,0.06,-0.44,-88.0,Under
George Holani,first-touchdown-scorer,sea,hardrock,0.5,0.06,-0.44,-88.0,Under
George Holani,first-touchdown-scorer,sea,caesars,0.5,0.06,-0.44,-88.0,Under
George Holani,first-touchdown-scorer,sea,fanatics,0.5,0.06,-0.44,-88.0,Under
George Holani,first-touchdown-scorer,sea,fanduel,0.5,0.06,-0.44,-88.0,Under
Travis Kelce,first-touchdown-scorer,kan,draftkings,0.5,0.06,-0.44,-88.0,Under
Brenton Strange,first-touchdown-scorer,jax,fanduel,0.5,0.06,-0.44,-88.0,Under
Kyle Monangai,first-touchdown-scorer,chi,draftkings,0.5,0.06,-0.44,-88.0,Under
Kyle Monangai,first-touchdown-scorer,chi,hardrock,0.5,0.06,-0.44,-88.0,Under
Kyle Monangai,first-touchdown-scorer,chi,caesars,0.5,0.06,-0.44,-88.0,Under
AJ Barner,first-touchdown-scorer,sea,draftkings,0.5,0.06,-0.44,-88.0,Under
AJ Barner,first-touchdown-scorer,sea,hardrock,0.5,0.06,-0.44,-88.0,Under
AJ Barner,first-touchdown-scorer,sea,caesars,0.5,0.06,-0.44,-88.0,Under
AJ Barner,first-touchdown-scorer,sea,fanatics,0.5,0.06,-0.44,-88.0,Under
AJ Barner,first-touchdown-scorer,sea,fanduel,0.5,0.06,-0.44,-88.0,Under
Mike Evans,first-touchdown-scorer,sfo,fanduel,0.5,0.06,-0.44,-88.0,Under
Malik Willis,first-touchdown-scorer,mia,fanatics,0.5,0.06,-0.44,-88.0,Under
Malik Willis,first-touchdown-scorer,mia,fanduel,0.5,0.06,-0.44,-88.0,Under
Xavier Worthy,first-touchdown-scorer,kan,draftkings,0.5,0.06,-0.44,-88.0,Under
Xavier Worthy,first-touchdown-scorer,kan,hardrock,0.5,0.06,-0.44,-88.0,Under
Xavier Worthy,first-touchdown-scorer,kan,caesars,0.5,0.06,-0.44,-88.0,Under
Xavier Worthy,first-touchdown-scorer,kan,fanatics,0.5,0.06,-0.44,-88.0,Under
Xavier Worthy,first-touchdown-scorer,kan,fanduel,0.5,0.06,-0.44,-88.0,Under
Chris Godwin,first-touchdown-scorer,tam,draftkings,0.5,0.06,-0.44,-88.0,Under
Malik Willis,first-touchdown-scorer,mia,draftkings,0.5,0.06,-0.44,-88.0,Under
Malik Willis,first-touchdown-scorer,mia,hardrock,0.5,0.06,-0.44,-88.0,Under
Jaxson Dart,first-touchdown-scorer,nyg,draftkings,0.5,0.06,-0.44,-88.0,Under
Jaxson Dart,first-touchdown-scorer,nyg,hardrock,0.5,0.06,-0.44,-88.0,Under
Jaxson Dart,first-touchdown-scorer,nyg,caesars,0.5,0.06,-0.44,-88.0,Under
Courtland Sutton,first-touchdown-scorer,den,fanatics,0.5,0.06,-0.44,-88.0,Under
Courtland Sutton,first-touchdown-scorer,den,fanduel,0.5,0.06,-0.44,-88.0,Under
Mike Evans,first-touchdown-scorer,sfo,draftkings,0.5,0.06,-0.44,-88.0,Under
Mike Evans,first-touchdown-scorer,sfo,hardrock,0.5,0.06,-0.44,-88.0,Under
Mike Evans,first-touchdown-scorer,sfo,caesars,0.5,0.06,-0.44,-88.0,Under
Mike Evans,first-touchdown-scorer,sfo,fanatics,0.5,0.06,-0.44,-88.0,Under
Tre Tucker,first-touchdown-scorer,lvr,fanatics,0.5,0.06,-0.44,-88.0,Under
Tre Tucker,first-touchdown-scorer,lvr,fanduel,0.5,0.06,-0.44,-88.0,Under
Courtland Sutton,first-touchdown-scorer,den,draftkings,0.5,0.06,-0.44,-88.0,Under
Wan'Dale Robinson,first-touchdown-scorer,ten,fanduel,0.5,0.06,-0.44,-88.0,Under
Jayden Reed,first-touchdown-scorer,gnb,draftkings,0.5,0.06,-0.44,-88.0,Under
Jayden Reed,first-touchdown-scorer,gnb,hardrock,0.5,0.06,-0.44,-88.0,Under
Kenneth Gainwell,first-touchdown-scorer,tam,draftkings,0.5,0.06,-0.44,-88.0,Under
Kenneth Gainwell,first-touchdown-scorer,tam,caesars,0.5,0.06,-0.44,-88.0,Under
Kenneth Gainwell,first-touchdown-scorer,tam,fanatics,0.5,0.06,-0.44,-88.0,Under
Kenneth Gainwell,first-touchdown-scorer,tam,fanduel,0.5,0.06,-0.44,-88.0,Under
Jayden Reed,first-touchdown-scorer,gnb,caesars,0.5,0.06,-0.44,-88.0,Under
Jayden Reed,first-touchdown-scorer,gnb,fanatics,0.5,0.06,-0.44,-88.0,Under
Jordan Addison,first-touchdown-scorer,min,draftkings,0.5,0.06,-0.44,-88.0,Under
Jordan Addison,first-touchdown-scorer,min,hardrock,0.5,0.06,-0.44,-88.0,Under
Jordan Addison,first-touchdown-scorer,min,caesars,0.5,0.06,-0.44,-88.0,Under
Jordan Addison,first-touchdown-scorer,min,fanatics,0.5,0.06,-0.44,-88.0,Under
Jordan Addison,first-touchdown-scorer,min,fanduel,0.5,0.06,-0.44,-88.0,Under
Wan'Dale Robinson,first-touchdown-scorer,ten,draftkings,0.5,0.06,-0.44,-88.0,Under
Wan'Dale Robinson,first-touchdown-scorer,ten,hardrock,0.5,0.06,-0.44,-88.0,Under
Harold Fannin,first-touchdown-scorer,cle,draftkings,0.5,0.06,-0.44,-88.0,Under
Harold Fannin,first-touchdown-scorer,cle,hardrock,0.5,0.06,-0.44,-88.0,Under
Harold Fannin,first-touchdown-scorer,cle,caesars,0.5,0.06,-0.44,-88.0,Under
Harold Fannin,first-touchdown-scorer,cle,fanduel,0.5,0.06,-0.44,-88.0,Under
Kyle Pitts,first-touchdown-scorer,atl,draftkings,0.5,0.06,-0.44,-88.0,Under
Kyle Pitts,first-touchdown-scorer,atl,hardrock,0.5,0.06,-0.44,-88.0,Under
Jayden Reed,first-touchdown-scorer,gnb,fanduel,0.5,0.06,-0.44,-88.0,Under
Brian Robinson,first-touchdown-scorer,atl,draftkings,0.5,0.06,-0.44,-88.0,Under
Brian Robinson,first-touchdown-scorer,atl,hardrock,0.5,0.06,-0.44,-88.0,Under
Brian Robinson,first-touchdown-scorer,atl,caesars,0.5,0.06,-0.44,-88.0,Under
Wan'Dale Robinson,first-touchdown-scorer,ten,caesars,0.5,0.06,-0.44,-88.0,Under
Wan'Dale Robinson,first-touchdown-scorer,ten,fanatics,0.5,0.06,-0.44,-88.0,Under
Malik Willis,first-touchdown-scorer,mia,caesars,0.5,0.06,-0.44,-88.0,Under
Brian Robinson,first-touchdown-scorer,atl,fanatics,0.5,0.06,-0.44,-88.0,Under
Brian Robinson,first-touchdown-scorer,atl,fanduel,0.5,0.06,-0.44,-88.0,Under
Kyle Pitts,first-touchdown-scorer,atl,caesars,0.5,0.06,-0.44,-88.0,Under
Kyle Pitts,first-touchdown-scorer,atl,fanatics,0.5,0.06,-0.44,-88.0,Under
Kyle Pitts,first-touchdown-scorer,atl,fanduel,0.5,0.06,-0.44,-88.0,Under
Woody Marks,first-touchdown-scorer,hou,draftkings,0.5,0.06,-0.44,-88.0,Under
Woody Marks,first-touchdown-scorer,hou,hardrock,0.5,0.06,-0.44,-88.0,Under
Woody Marks,first-touchdown-scorer,hou,caesars,0.5,0.06,-0.44,-88.0,Under
Woody Marks,first-touchdown-scorer,hou,fanduel,0.5,0.06,-0.44,-88.0,Under
Jaxson Dart,first-touchdown-scorer,nyg,fanduel,0.5,0.06,-0.44,-88.0,Under
Tre Tucker,first-touchdown-scorer,lvr,draftkings,0.5,0.06,-0.44,-88.0,Under
Brenton Strange,first-touchdown-scorer,jax,caesars,0.5,0.06,-0.44,-88.0,Under
Travis Kelce,first-touchdown-scorer,kan,hardrock,0.5,0.06,-0.44,-88.0,Under
Travis Kelce,first-touchdown-scorer,kan,caesars,0.5,0.06,-0.44,-88.0,Under
Brenton Strange,first-touchdown-scorer,jax,hardrock,0.5,0.06,-0.44,-88.0,Under
Brenton Strange,first-touchdown-scorer,jax,draftkings,0.5,0.06,-0.44,-88.0,Under
Trevor Lawrence,first-touchdown-scorer,jax,fanduel,0.5,0.06,-0.44,-88.0,Under
Trevor Lawrence,first-touchdown-scorer,jax,fanatics,0.5,0.06,-0.44,-88.0,Under
Trevor Lawrence,first-touchdown-scorer,jax,caesars,0.5,0.06,-0.44,-88.0,Under
Trevor Lawrence,first-touchdown-scorer,jax,hardrock,0.5,0.06,-0.44,-88.0,Under
Trevor Lawrence,first-touchdown-scorer,jax,draftkings,0.5,0.06,-0.44,-88.0,Under
Mack Hollins,touchdowns,nwe,hardrock,0.5,0.068,-0.432,-86.4,Under
Mack Hollins,touchdowns,nwe,draftkings,0.5,0.068,-0.432,-86.4,Under
Zachariah Branch,touchdowns,atl,fanduel,0.5,0.068,-0.432,-86.4,Under
Zachariah Branch,touchdowns,atl,caesars,0.5,0.068,-0.432,-86.4,Under
Mack Hollins,touchdowns,nwe,fanduel,0.5,0.068,-0.432,-86.4,Under
Zachariah Branch,touchdowns,atl,draftkings,0.5,0.068,-0.432,-86.4,Under
Ray Davis,touchdowns,buf,hardrock,0.5,0.068,-0.432,-86.4,Under
Ray Davis,touchdowns,buf,caesars,0.5,0.068,-0.432,-86.4,Under
Hunter Luepke,touchdowns,dal,fanduel,0.5,0.068,-0.432,-86.4,Under
Geno Smith,touchdowns,nyj,draftkings,0.5,0.068,-0.432,-86.4,Under
Mack Hollins,touchdowns,nwe,caesars,0.5,0.068,-0.432,-86.4,Under
Sione Vaki,touchdowns,det,draftkings,0.5,0.068,-0.432,-86.4,Under
Mack Hollins,touchdowns,nwe,fanatics,0.5,0.068,-0.432,-86.4,Under
Ray Davis,touchdowns,buf,fanduel,0.5,0.068,-0.432,-86.4,Under
Ray Davis,touchdowns,buf,fanatics,0.5,0.068,-0.432,-86.4,Under
Sam Darnold,touchdowns,sea,caesars,0.5,0.068,-0.432,-86.4,Under
Kyle Juszczyk,touchdowns,sfo,draftkings,0.5,0.068,-0.432,-86.4,Under
Zachariah Branch,touchdowns,atl,hardrock,0.5,0.068,-0.432,-86.4,Under
Kyle Juszczyk,touchdowns,sfo,fanduel,0.5,0.068,-0.432,-86.4,Under
Colbie Young,touchdowns,cin,draftkings,0.5,0.068,-0.432,-86.4,Under
Colbie Young,touchdowns,cin,hardrock,0.5,0.068,-0.432,-86.4,Under
Ray Davis,touchdowns,buf,draftkings,0.5,0.068,-0.432,-86.4,Under
Kyle Juszczyk,touchdowns,sfo,fanatics,0.5,0.068,-0.432,-86.4,Under
Kyle Juszczyk,touchdowns,sfo,caesars,0.5,0.068,-0.432,-86.4,Under
Sione Vaki,touchdowns,det,hardrock,0.5,0.068,-0.432,-86.4,Under
Hunter Luepke,touchdowns,dal,fanatics,0.5,0.068,-0.432,-86.4,Under
Sione Vaki,touchdowns,det,fanduel,0.5,0.068,-0.432,-86.4,Under
Hunter Luepke,touchdowns,dal,hardrock,0.5,0.068,-0.432,-86.4,Under
Hunter Luepke,touchdowns,dal,caesars,0.5,0.068,-0.432,-86.4,Under
Geno Smith,touchdowns,nyj,fanatics,0.5,0.068,-0.432,-86.4,Under
Davis Allen,touchdowns,,fanatics,0.5,0.068,-0.432,-86.4,Under
Davis Allen,touchdowns,,caesars,0.5,0.068,-0.432,-86.4,Under
Davis Allen,touchdowns,,draftkings,0.5,0.068,-0.432,-86.4,Under
Geno Smith,touchdowns,nyj,fanduel,0.5,0.068,-0.432,-86.4,Under
Hunter Luepke,touchdowns,dal,draftkings,0.5,0.068,-0.432,-86.4,Under
Geno Smith,touchdowns,nyj,caesars,0.5,0.068,-0.432,-86.4,Under
Davis Allen,touchdowns,,fanduel,0.5,0.068,-0.432,-86.4,Under
Geno Smith,touchdowns,nyj,hardrock,0.5,0.068,-0.432,-86.4,Under
Colbie Young,touchdowns,cin,fanduel,0.5,0.068,-0.432,-86.4,Under
Colbie Young,touchdowns,cin,caesars,0.5,0.068,-0.432,-86.4,Under
Sione Vaki,touchdowns,det,caesars,0.5,0.068,-0.432,-86.4,Under
Sione Vaki,touchdowns,det,fanatics,0.5,0.068,-0.432,-86.4,Under
Brock Wright,touchdowns,det,fanduel,0.5,0.068,-0.432,-86.4,Under
Brock Wright,touchdowns,det,fanatics,0.5,0.068,-0.432,-86.4,Under
Brock Wright,touchdowns,det,hardrock,0.5,0.068,-0.432,-86.4,Under
Sam Darnold,touchdowns,sea,draftkings,0.5,0.068,-0.432,-86.4,Under
Brock Wright,touchdowns,det,caesars,0.5,0.068,-0.432,-86.4,Under
Sam Darnold,touchdowns,sea,fanduel,0.5,0.068,-0.432,-86.4,Under
Sam Darnold,touchdowns,sea,fanatics,0.5,0.068,-0.432,-86.4,Under
Sam Darnold,touchdowns,sea,hardrock,0.5,0.068,-0.432,-86.4,Under
Brock Wright,touchdowns,det,draftkings,0.5,0.068,-0.432,-86.4,Under
Trey McBride,first-touchdown-scorer,ari,fanduel,0.5,0.07,-0.43,-86.0,Under
Jayden Daniels,first-touchdown-scorer,was,hardrock,0.5,0.07,-0.43,-86.0,Under
Jayden Daniels,first-touchdown-scorer,was,draftkings,0.5,0.07,-0.43,-86.0,Under
Mark Andrews,first-touchdown-scorer,bal,fanduel,0.5,0.07,-0.43,-86.0,Under
Zay Flowers,first-touchdown-scorer,bal,fanduel,0.5,0.07,-0.43,-86.0,Under
Chris Olave,first-touchdown-scorer,nor,hardrock,0.5,0.07,-0.43,-86.0,Under
Jakobi Meyers,first-touchdown-scorer,jax,fanatics,0.5,0.07,-0.43,-86.0,Under
Jakobi Meyers,first-touchdown-scorer,jax,caesars,0.5,0.07,-0.43,-86.0,Under
Jakobi Meyers,first-touchdown-scorer,jax,hardrock,0.5,0.07,-0.43,-86.0,Under
Jakobi Meyers,first-touchdown-scorer,jax,fanduel,0.5,0.07,-0.43,-86.0,Under
Jayden Daniels,first-touchdown-scorer,was,caesars,0.5,0.07,-0.43,-86.0,Under
Jayden Daniels,first-touchdown-scorer,was,fanatics,0.5,0.07,-0.43,-86.0,Under
Jacory Croskey-Merritt,first-touchdown-scorer,was,fanduel,0.5,0.07,-0.43,-86.0,Under
Chris Olave,first-touchdown-scorer,nor,draftkings,0.5,0.07,-0.43,-86.0,Under
Michael Pittman,first-touchdown-scorer,pit,fanatics,0.5,0.07,-0.43,-86.0,Under
Jaylen Waddle,first-touchdown-scorer,den,fanduel,0.5,0.07,-0.43,-86.0,Under
Jaylen Waddle,first-touchdown-scorer,den,fanatics,0.5,0.07,-0.43,-86.0,Under
Brian Thomas,first-touchdown-scorer,jax,fanatics,0.5,0.07,-0.43,-86.0,Under
Michael Pittman,first-touchdown-scorer,pit,fanduel,0.5,0.07,-0.43,-86.0,Under
Trey McBride,first-touchdown-scorer,ari,draftkings,0.5,0.07,-0.43,-86.0,Under
Trey McBride,first-touchdown-scorer,ari,hardrock,0.5,0.07,-0.43,-86.0,Under
Trey McBride,first-touchdown-scorer,ari,caesars,0.5,0.07,-0.43,-86.0,Under
Trey McBride,first-touchdown-scorer,ari,fanatics,0.5,0.07,-0.43,-86.0,Under
Zay Flowers,first-touchdown-scorer,bal,caesars,0.5,0.07,-0.43,-86.0,Under
Zay Flowers,first-touchdown-scorer,bal,hardrock,0.5,0.07,-0.43,-86.0,Under
Zay Flowers,first-touchdown-scorer,bal,draftkings,0.5,0.07,-0.43,-86.0,Under
Mark Andrews,first-touchdown-scorer,bal,caesars,0.5,0.07,-0.43,-86.0,Under
RJ Harvey,first-touchdown-scorer,den,draftkings,0.5,0.07,-0.43,-86.0,Under
Sam LaPorta,first-touchdown-scorer,det,draftkings,0.5,0.07,-0.43,-86.0,Under
Sam LaPorta,first-touchdown-scorer,det,hardrock,0.5,0.07,-0.43,-86.0,Under
Sam LaPorta,first-touchdown-scorer,det,caesars,0.5,0.07,-0.43,-86.0,Under
Mark Andrews,first-touchdown-scorer,bal,hardrock,0.5,0.07,-0.43,-86.0,Under
Michael Pittman,first-touchdown-scorer,pit,caesars,0.5,0.07,-0.43,-86.0,Under
George Kittle,first-touchdown-scorer,sfo,caesars,0.5,0.07,-0.43,-86.0,Under
Jake Ferguson,first-touchdown-scorer,dal,hardrock,0.5,0.07,-0.43,-86.0,Under
Michael Pittman,first-touchdown-scorer,pit,draftkings,0.5,0.07,-0.43,-86.0,Under
Jayden Daniels,first-touchdown-scorer,was,fanduel,0.5,0.07,-0.43,-86.0,Under
Rachaad White,first-touchdown-scorer,was,caesars,0.5,0.07,-0.43,-86.0,Under
Rachaad White,first-touchdown-scorer,was,hardrock,0.5,0.07,-0.43,-86.0,Under
Rachaad White,first-touchdown-scorer,was,draftkings,0.5,0.07,-0.43,-86.0,Under
Tucker Kraft,first-touchdown-scorer,gnb,fanduel,0.5,0.07,-0.43,-86.0,Under
Tucker Kraft,first-touchdown-scorer,gnb,fanatics,0.5,0.07,-0.43,-86.0,Under
Tucker Kraft,first-touchdown-scorer,gnb,caesars,0.5,0.07,-0.43,-86.0,Under
Jacory Croskey-Merritt,first-touchdown-scorer,was,fanatics,0.5,0.07,-0.43,-86.0,Under
Malik Nabers,first-touchdown-scorer,nyg,draftkings,0.5,0.07,-0.43,-86.0,Under
Sam LaPorta,first-touchdown-scorer,det,fanduel,0.5,0.07,-0.43,-86.0,Under
Sam LaPorta,first-touchdown-scorer,det,fanatics,0.5,0.07,-0.43,-86.0,Under
George Kittle,first-touchdown-scorer,sfo,fanduel,0.5,0.07,-0.43,-86.0,Under
Michael Pittman,first-touchdown-scorer,pit,hardrock,0.5,0.07,-0.43,-86.0,Under
Brian Thomas,first-touchdown-scorer,jax,fanduel,0.5,0.07,-0.43,-86.0,Under
George Kittle,first-touchdown-scorer,sfo,hardrock,0.5,0.07,-0.43,-86.0,Under
Malik Nabers,first-touchdown-scorer,nyg,fanatics,0.5,0.07,-0.43,-86.0,Under
Malik Nabers,first-touchdown-scorer,nyg,fanduel,0.5,0.07,-0.43,-86.0,Under
Rachaad White,first-touchdown-scorer,was,fanatics,0.5,0.07,-0.43,-86.0,Under
Rachaad White,first-touchdown-scorer,was,fanduel,0.5,0.07,-0.43,-86.0,Under
Mark Andrews,first-touchdown-scorer,bal,draftkings,0.5,0.07,-0.43,-86.0,Under
Emeka Egbuka,first-touchdown-scorer,tam,caesars,0.5,0.07,-0.43,-86.0,Under
Emeka Egbuka,first-touchdown-scorer,tam,fanduel,0.5,0.07,-0.43,-86.0,Under
Jacory Croskey-Merritt,first-touchdown-scorer,was,draftkings,0.5,0.07,-0.43,-86.0,Under
Jacory Croskey-Merritt,first-touchdown-scorer,was,hardrock,0.5,0.07,-0.43,-86.0,Under
Jacory Croskey-Merritt,first-touchdown-scorer,was,caesars,0.5,0.07,-0.43,-86.0,Under
Jake Ferguson,first-touchdown-scorer,dal,caesars,0.5,0.07,-0.43,-86.0,Under
Jake Ferguson,first-touchdown-scorer,dal,draftkings,0.5,0.07,-0.43,-86.0,Under
George Kittle,first-touchdown-scorer,sfo,draftkings,0.5,0.07,-0.43,-86.0,Under
Chris Rodriguez,first-touchdown-scorer,jax,hardrock,0.5,0.07,-0.43,-86.0,Under
Chris Rodriguez,first-touchdown-scorer,jax,draftkings,0.5,0.07,-0.43,-86.0,Under
Jakobi Meyers,first-touchdown-scorer,jax,draftkings,0.5,0.07,-0.43,-86.0,Under
RJ Harvey,first-touchdown-scorer,den,hardrock,0.5,0.07,-0.43,-86.0,Under
RJ Harvey,first-touchdown-scorer,den,caesars,0.5,0.07,-0.43,-86.0,Under
RJ Harvey,first-touchdown-scorer,den,fanduel,0.5,0.07,-0.43,-86.0,Under
Chris Rodriguez,first-touchdown-scorer,jax,caesars,0.5,0.07,-0.43,-86.0,Under
Chris Rodriguez,first-touchdown-scorer,jax,fanatics,0.5,0.07,-0.43,-86.0,Under
Chris Rodriguez,first-touchdown-scorer,jax,fanduel,0.5,0.07,-0.43,-86.0,Under
Chris Olave,first-touchdown-scorer,nor,fanduel,0.5,0.07,-0.43,-86.0,Under
Terry McLaurin,first-touchdown-scorer,was,fanatics,0.5,0.07,-0.43,-86.0,Under
Terry McLaurin,first-touchdown-scorer,was,hardrock,0.5,0.07,-0.43,-86.0,Under
Terry McLaurin,first-touchdown-scorer,was,draftkings,0.5,0.07,-0.43,-86.0,Under
Jake Ferguson,first-touchdown-scorer,dal,fanduel,0.5,0.07,-0.43,-86.0,Under
Tucker Kraft,first-touchdown-scorer,gnb,draftkings,0.5,0.07,-0.43,-86.0,Under
Tucker Kraft,first-touchdown-scorer,gnb,hardrock,0.5,0.07,-0.43,-86.0,Under
Aaron Jones,first-touchdown-scorer,min,fanduel,0.5,0.07,-0.43,-86.0,Under
Malik Nabers,first-touchdown-scorer,nyg,caesars,0.5,0.07,-0.43,-86.0,Under
Malik Nabers,first-touchdown-scorer,nyg,hardrock,0.5,0.07,-0.43,-86.0,Under
Jaylen Waddle,first-touchdown-scorer,den,caesars,0.5,0.07,-0.43,-86.0,Under
Brian Thomas,first-touchdown-scorer,jax,draftkings,0.5,0.07,-0.43,-86.0,Under
Brian Thomas,first-touchdown-scorer,jax,hardrock,0.5,0.07,-0.43,-86.0,Under
Tyler Warren,first-touchdown-scorer,ind,hardrock,0.5,0.07,-0.43,-86.0,Under
George Kittle,first-touchdown-scorer,sfo,fanatics,0.5,0.07,-0.43,-86.0,Under
Mark Andrews,first-touchdown-scorer,bal,fanatics,0.5,0.07,-0.43,-86.0,Under
Tyler Warren,first-touchdown-scorer,ind,fanduel,0.5,0.07,-0.43,-86.0,Under
Tyler Warren,first-touchdown-scorer,ind,caesars,0.5,0.07,-0.43,-86.0,Under
Emeka Egbuka,first-touchdown-scorer,tam,hardrock,0.5,0.07,-0.43,-86.0,Under
Emeka Egbuka,first-touchdown-scorer,tam,draftkings,0.5,0.07,-0.43,-86.0,Under
Jake Ferguson,first-touchdown-scorer,dal,fanatics,0.5,0.07,-0.43,-86.0,Under
Terry McLaurin,first-touchdown-scorer,was,fanduel,0.5,0.07,-0.43,-86.0,Under
Terry McLaurin,first-touchdown-scorer,was,caesars,0.5,0.07,-0.43,-86.0,Under
Jaylen Waddle,first-touchdown-scorer,den,hardrock,0.5,0.07,-0.43,-86.0,Under
Aaron Jones,first-touchdown-scorer,min,caesars,0.5,0.07,-0.43,-86.0,Under
Aaron Jones,first-touchdown-scorer,min,fanatics,0.5,0.07,-0.43,-86.0,Under
Tyler Warren,first-touchdown-scorer,ind,draftkings,0.5,0.07,-0.43,-86.0,Under
Chris Olave,first-touchdown-scorer,nor,caesars,0.5,0.07,-0.43,-86.0,Under
Chris Olave,first-touchdown-scorer,nor,fanatics,0.5,0.07,-0.43,-86.0,Under
Blake Corum,first-touchdown-scorer,,draftkings,0.5,0.07,-0.43,-86.0,Under
Blake Corum,first-touchdown-scorer,,hardrock,0.5,0.07,-0.43,-86.0,Under
Blake Corum,first-touchdown-scorer,,caesars,0.5,0.07,-0.43,-86.0,Under
Zay Flowers,first-touchdown-scorer,bal,fanatics,0.5,0.07,-0.43,-86.0,Under
Jaylen Waddle,first-touchdown-scorer,den,draftkings,0.5,0.07,-0.43,-86.0,Under
Aaron Jones,first-touchdown-scorer,min,hardrock,0.5,0.07,-0.43,-86.0,Under
Blake Corum,first-touchdown-scorer,,fanatics,0.5,0.07,-0.43,-86.0,Under
Blake Corum,first-touchdown-scorer,,fanduel,0.5,0.07,-0.43,-86.0,Under
Aaron Jones,first-touchdown-scorer,min,draftkings,0.5,0.07,-0.43,-86.0,Under
Luther Burden,first-touchdown-scorer,chi,draftkings,0.5,0.07,-0.43,-86.0,Under
Luther Burden,first-touchdown-scorer,chi,hardrock,0.5,0.07,-0.43,-86.0,Under
Luther Burden,first-touchdown-scorer,chi,caesars,0.5,0.07,-0.43,-86.0,Under
Luther Burden,first-touchdown-scorer,chi,fanduel,0.5,0.07,-0.43,-86.0,Under
Olamide Zaccheaus,touchdowns,atl,draftkings,0.5,0.077,-0.423,-84.6,Under
Olamide Zaccheaus,touchdowns,atl,hardrock,0.5,0.077,-0.423,-84.6,Under
Roman Wilson,touchdowns,pit,draftkings,0.5,0.077,-0.423,-84.6,Under
Roman Wilson,touchdowns,pit,hardrock,0.5,0.077,-0.423,-84.6,Under
Roman Wilson,touchdowns,pit,caesars,0.5,0.077,-0.423,-84.6,Under
Jimmy Horn,touchdowns,car,draftkings,0.5,0.077,-0.423,-84.6,Under
Joshua Palmer,touchdowns,buf,draftkings,0.5,0.077,-0.423,-84.6,Under
Joshua Palmer,touchdowns,buf,hardrock,0.5,0.077,-0.423,-84.6,Under
Joshua Palmer,touchdowns,buf,caesars,0.5,0.077,-0.423,-84.6,Under
Joshua Palmer,touchdowns,buf,fanduel,0.5,0.077,-0.423,-84.6,Under
Roman Wilson,touchdowns,pit,fanatics,0.5,0.077,-0.423,-84.6,Under
Jahdae Walker,touchdowns,chi,draftkings,0.5,0.077,-0.423,-84.6,Under
Jahdae Walker,touchdowns,chi,hardrock,0.5,0.077,-0.423,-84.6,Under
Jahdae Walker,touchdowns,chi,caesars,0.5,0.077,-0.423,-84.6,Under
Jahdae Walker,touchdowns,chi,fanduel,0.5,0.077,-0.423,-84.6,Under
Roman Wilson,touchdowns,pit,fanduel,0.5,0.077,-0.423,-84.6,Under
Drew Sample,touchdowns,cin,draftkings,0.5,0.077,-0.423,-84.6,Under
Drew Sample,touchdowns,cin,caesars,0.5,0.077,-0.423,-84.6,Under
Drew Sample,touchdowns,cin,fanatics,0.5,0.077,-0.423,-84.6,Under
Drew Sample,touchdowns,cin,fanduel,0.5,0.077,-0.423,-84.6,Under
Drew Sample,touchdowns,cin,hardrock,0.5,0.077,-0.423,-84.6,Under
Kyle Williams,touchdowns,nwe,draftkings,0.5,0.077,-0.423,-84.6,Under
Jacoby Brissett,touchdowns,ari,draftkings,0.5,0.077,-0.423,-84.6,Under
Jacoby Brissett,touchdowns,ari,hardrock,0.5,0.077,-0.423,-84.6,Under
Isaiah Williams,touchdowns,nyj,draftkings,0.5,0.077,-0.423,-84.6,Under
Isaiah Williams,touchdowns,nyj,hardrock,0.5,0.077,-0.423,-84.6,Under
Isaiah Williams,touchdowns,nyj,fanatics,0.5,0.077,-0.423,-84.6,Under
Isaiah Williams,touchdowns,nyj,fanduel,0.5,0.077,-0.423,-84.6,Under
Jacoby Brissett,touchdowns,ari,caesars,0.5,0.077,-0.423,-84.6,Under
Jacoby Brissett,touchdowns,ari,fanatics,0.5,0.077,-0.423,-84.6,Under
Jacoby Brissett,touchdowns,ari,fanduel,0.5,0.077,-0.423,-84.6,Under
Olamide Zaccheaus,touchdowns,atl,caesars,0.5,0.077,-0.423,-84.6,Under
Olamide Zaccheaus,touchdowns,atl,fanatics,0.5,0.077,-0.423,-84.6,Under
Kyle Williams,touchdowns,nwe,hardrock,0.5,0.077,-0.423,-84.6,Under
Kyle Williams,touchdowns,nwe,fanduel,0.5,0.077,-0.423,-84.6,Under
Jimmy Horn,touchdowns,car,hardrock,0.5,0.077,-0.423,-84.6,Under
Olamide Zaccheaus,touchdowns,atl,fanduel,0.5,0.077,-0.423,-84.6,Under
Jimmy Horn,touchdowns,car,fanduel,0.5,0.077,-0.423,-84.6,Under
Christian Watson,first-touchdown-scorer,gnb,fanduel,0.5,0.08,-0.42,-84.0,Under
Jeremiyah Love,first-touchdown-scorer,ari,fanduel,0.5,0.08,-0.42,-84.0,Under
Tetairoa McMillan,first-touchdown-scorer,car,draftkings,0.5,0.08,-0.42,-84.0,Under
Dallas Goedert,first-touchdown-scorer,phi,draftkings,0.5,0.08,-0.42,-84.0,Under
Tetairoa McMillan,first-touchdown-scorer,car,fanduel,0.5,0.08,-0.42,-84.0,Under
Jeremiyah Love,first-touchdown-scorer,ari,caesars,0.5,0.08,-0.42,-84.0,Under
Jeremiyah Love,first-touchdown-scorer,ari,hardrock,0.5,0.08,-0.42,-84.0,Under
Dallas Goedert,first-touchdown-scorer,phi,fanduel,0.5,0.08,-0.42,-84.0,Under
Dallas Goedert,first-touchdown-scorer,phi,fanatics,0.5,0.08,-0.42,-84.0,Under
Dallas Goedert,first-touchdown-scorer,phi,caesars,0.5,0.08,-0.42,-84.0,Under
Dallas Goedert,first-touchdown-scorer,phi,hardrock,0.5,0.08,-0.42,-84.0,Under
Jeremiyah Love,first-touchdown-scorer,ari,draftkings,0.5,0.08,-0.42,-84.0,Under
Tetairoa McMillan,first-touchdown-scorer,car,hardrock,0.5,0.08,-0.42,-84.0,Under
Tetairoa McMillan,first-touchdown-scorer,car,caesars,0.5,0.08,-0.42,-84.0,Under
Rome Odunze,first-touchdown-scorer,chi,draftkings,0.5,0.08,-0.42,-84.0,Under
Rome Odunze,first-touchdown-scorer,chi,fanduel,0.5,0.08,-0.42,-84.0,Under
Colston Loveland,first-touchdown-scorer,chi,fanduel,0.5,0.08,-0.42,-84.0,Under
Colston Loveland,first-touchdown-scorer,chi,hardrock,0.5,0.08,-0.42,-84.0,Under
Colston Loveland,first-touchdown-scorer,chi,draftkings,0.5,0.08,-0.42,-84.0,Under
DK Metcalf,first-touchdown-scorer,pit,fanduel,0.5,0.08,-0.42,-84.0,Under
Colston Loveland,first-touchdown-scorer,chi,caesars,0.5,0.08,-0.42,-84.0,Under
DeVonta Smith,first-touchdown-scorer,phi,draftkings,0.5,0.08,-0.42,-84.0,Under
DeVonta Smith,first-touchdown-scorer,phi,fanatics,0.5,0.08,-0.42,-84.0,Under
DeVonta Smith,first-touchdown-scorer,phi,fanduel,0.5,0.08,-0.42,-84.0,Under
DK Metcalf,first-touchdown-scorer,pit,draftkings,0.5,0.08,-0.42,-84.0,Under
DK Metcalf,first-touchdown-scorer,pit,hardrock,0.5,0.08,-0.42,-84.0,Under
DK Metcalf,first-touchdown-scorer,pit,caesars,0.5,0.08,-0.42,-84.0,Under
DK Metcalf,first-touchdown-scorer,pit,fanatics,0.5,0.08,-0.42,-84.0,Under
DeVonta Smith,first-touchdown-scorer,phi,hardrock,0.5,0.08,-0.42,-84.0,Under
DeVonta Smith,first-touchdown-scorer,phi,caesars,0.5,0.08,-0.42,-84.0,Under
Rome Odunze,first-touchdown-scorer,chi,hardrock,0.5,0.08,-0.42,-84.0,Under
Rome Odunze,first-touchdown-scorer,chi,caesars,0.5,0.08,-0.42,-84.0,Under
Rome Odunze,first-touchdown-scorer,chi,fanatics,0.5,0.08,-0.42,-84.0,Under
Jameson Williams,first-touchdown-scorer,det,hardrock,0.5,0.08,-0.42,-84.0,Under
Jameson Williams,first-touchdown-scorer,det,draftkings,0.5,0.08,-0.42,-84.0,Under
Parker Washington,first-touchdown-scorer,jax,hardrock,0.5,0.08,-0.42,-84.0,Under
Parker Washington,first-touchdown-scorer,jax,caesars,0.5,0.08,-0.42,-84.0,Under
Parker Washington,first-touchdown-scorer,jax,fanatics,0.5,0.08,-0.42,-84.0,Under
Parker Washington,first-touchdown-scorer,jax,fanduel,0.5,0.08,-0.42,-84.0,Under
Parker Washington,first-touchdown-scorer,jax,draftkings,0.5,0.08,-0.42,-84.0,Under
Quentin Johnston,first-touchdown-scorer,lac,draftkings,0.5,0.08,-0.42,-84.0,Under
CeeDee Lamb,first-touchdown-scorer,dal,fanatics,0.5,0.08,-0.42,-84.0,Under
CeeDee Lamb,first-touchdown-scorer,dal,fanduel,0.5,0.08,-0.42,-84.0,Under
Quentin Johnston,first-touchdown-scorer,lac,fanduel,0.5,0.08,-0.42,-84.0,Under
Quentin Johnston,first-touchdown-scorer,lac,hardrock,0.5,0.08,-0.42,-84.0,Under
Quentin Johnston,first-touchdown-scorer,lac,fanatics,0.5,0.08,-0.42,-84.0,Under
Quentin Johnston,first-touchdown-scorer,lac,caesars,0.5,0.08,-0.42,-84.0,Under
Tyjae Spears,first-touchdown-scorer,ten,caesars,0.5,0.08,-0.42,-84.0,Under
Tyjae Spears,first-touchdown-scorer,ten,fanatics,0.5,0.08,-0.42,-84.0,Under
Tyjae Spears,first-touchdown-scorer,ten,fanduel,0.5,0.08,-0.42,-84.0,Under
A.J. Brown,first-touchdown-scorer,nwe,hardrock,0.5,0.08,-0.42,-84.0,Under
Carnell Tate,first-touchdown-scorer,ten,caesars,0.5,0.08,-0.42,-84.0,Under
Carnell Tate,first-touchdown-scorer,ten,fanduel,0.5,0.08,-0.42,-84.0,Under
Drake London,first-touchdown-scorer,atl,draftkings,0.5,0.08,-0.42,-84.0,Under
Drake London,first-touchdown-scorer,atl,hardrock,0.5,0.08,-0.42,-84.0,Under
Drake London,first-touchdown-scorer,atl,caesars,0.5,0.08,-0.42,-84.0,Under
Drake London,first-touchdown-scorer,atl,fanatics,0.5,0.08,-0.42,-84.0,Under
Drake London,first-touchdown-scorer,atl,fanduel,0.5,0.08,-0.42,-84.0,Under
Christian Watson,first-touchdown-scorer,gnb,draftkings,0.5,0.08,-0.42,-84.0,Under
Christian Watson,first-touchdown-scorer,gnb,hardrock,0.5,0.08,-0.42,-84.0,Under
Christian Watson,first-touchdown-scorer,gnb,caesars,0.5,0.08,-0.42,-84.0,Under
Christian Watson,first-touchdown-scorer,gnb,fanatics,0.5,0.08,-0.42,-84.0,Under
Carnell Tate,first-touchdown-scorer,ten,hardrock,0.5,0.08,-0.42,-84.0,Under
CeeDee Lamb,first-touchdown-scorer,dal,hardrock,0.5,0.08,-0.42,-84.0,Under
CeeDee Lamb,first-touchdown-scorer,dal,caesars,0.5,0.08,-0.42,-84.0,Under
Carnell Tate,first-touchdown-scorer,ten,draftkings,0.5,0.08,-0.42,-84.0,Under
CeeDee Lamb,first-touchdown-scorer,dal,draftkings,0.5,0.08,-0.42,-84.0,Under
A.J. Brown,first-touchdown-scorer,nwe,fanduel,0.5,0.08,-0.42,-84.0,Under
A.J. Brown,first-touchdown-scorer,nwe,fanatics,0.5,0.08,-0.42,-84.0,Under
Tyjae Spears,first-touchdown-scorer,ten,draftkings,0.5,0.08,-0.42,-84.0,Under
Tyjae Spears,first-touchdown-scorer,ten,hardrock,0.5,0.08,-0.42,-84.0,Under
A.J. Brown,first-touchdown-scorer,nwe,caesars,0.5,0.08,-0.42,-84.0,Under
A.J. Brown,first-touchdown-scorer,nwe,draftkings,0.5,0.08,-0.42,-84.0,Under
Garrett Wilson,first-touchdown-scorer,nyj,fanatics,0.5,0.08,-0.42,-84.0,Under
Garrett Wilson,first-touchdown-scorer,nyj,fanduel,0.5,0.08,-0.42,-84.0,Under
Garrett Wilson,first-touchdown-scorer,nyj,caesars,0.5,0.08,-0.42,-84.0,Under
Garrett Wilson,first-touchdown-scorer,nyj,hardrock,0.5,0.08,-0.42,-84.0,Under
Jameson Williams,first-touchdown-scorer,det,fanduel,0.5,0.08,-0.42,-84.0,Under
Garrett Wilson,first-touchdown-scorer,nyj,draftkings,0.5,0.08,-0.42,-84.0,Under
Jameson Williams,first-touchdown-scorer,det,fanatics,0.5,0.08,-0.42,-84.0,Under
Jameson Williams,first-touchdown-scorer,det,caesars,0.5,0.08,-0.42,-84.0,Under
Nicholas Singleton,touchdowns,ten,fanatics,0.5,0.086,-0.41400000000000003,-82.8,Under
Nicholas Singleton,touchdowns,ten,hardrock,0.5,0.086,-0.41400000000000003,-82.8,Under
Odell Beckham,touchdowns,nyg,fanatics,0.5,0.086,-0.41400000000000003,-82.8,Under
Odell Beckham,touchdowns,nyg,caesars,0.5,0.086,-0.41400000000000003,-82.8,Under
Odell Beckham,touchdowns,nyg,fanduel,0.5,0.086,-0.41400000000000003,-82.8,Under
Chimere Dike,touchdowns,ten,hardrock,0.5,0.086,-0.41400000000000003,-82.8,Under
Chimere Dike,touchdowns,ten,fanduel,0.5,0.086,-0.41400000000000003,-82.8,Under
Chimere Dike,touchdowns,ten,caesars,0.5,0.086,-0.41400000000000003,-82.8,Under
Odell Beckham,touchdowns,nyg,hardrock,0.5,0.086,-0.41400000000000003,-82.8,Under
Nicholas Singleton,touchdowns,ten,fanduel,0.5,0.086,-0.41400000000000003,-82.8,Under
Odell Beckham,touchdowns,nyg,draftkings,0.5,0.086,-0.41400000000000003,-82.8,Under
Antonio Williams,touchdowns,was,hardrock,0.5,0.086,-0.41400000000000003,-82.8,Under
Nicholas Singleton,touchdowns,ten,draftkings,0.5,0.086,-0.41400000000000003,-82.8,Under
Noah Gray,touchdowns,kan,hardrock,0.5,0.086,-0.41400000000000003,-82.8,Under
Noah Gray,touchdowns,kan,caesars,0.5,0.086,-0.41400000000000003,-82.8,Under
Noah Gray,touchdowns,kan,fanduel,0.5,0.086,-0.41400000000000003,-82.8,Under
Noah Gray,touchdowns,kan,draftkings,0.5,0.086,-0.41400000000000003,-82.8,Under
Nicholas Singleton,touchdowns,ten,caesars,0.5,0.086,-0.41400000000000003,-82.8,Under
Kendrick Bourne,touchdowns,ari,hardrock,0.5,0.086,-0.41400000000000003,-82.8,Under
Kendrick Bourne,touchdowns,ari,draftkings,0.5,0.086,-0.41400000000000003,-82.8,Under
Kendrick Bourne,touchdowns,ari,fanduel,0.5,0.086,-0.41400000000000003,-82.8,Under
Kendrick Bourne,touchdowns,ari,fanatics,0.5,0.086,-0.41400000000000003,-82.8,Under
Kendrick Bourne,touchdowns,ari,caesars,0.5,0.086,-0.41400000000000003,-82.8,Under
KaVontae Turpin,touchdowns,dal,hardrock,0.5,0.086,-0.41400000000000003,-82.8,Under
Jack Bech,touchdowns,lvr,hardrock,0.5,0.086,-0.41400000000000003,-82.8,Under
Jalen Tolbert,touchdowns,mia,hardrock,0.5,0.086,-0.41400000000000003,-82.8,Under
Darnell Mooney,touchdowns,nyg,fanatics,0.5,0.086,-0.41400000000000003,-82.8,Under
Darnell Mooney,touchdowns,nyg,fanduel,0.5,0.086,-0.41400000000000003,-82.8,Under
Jalen Tolbert,touchdowns,mia,draftkings,0.5,0.086,-0.41400000000000003,-82.8,Under
KaVontae Turpin,touchdowns,dal,caesars,0.5,0.086,-0.41400000000000003,-82.8,Under
KaVontae Turpin,touchdowns,dal,draftkings,0.5,0.086,-0.41400000000000003,-82.8,Under
Darnell Mooney,touchdowns,nyg,hardrock,0.5,0.086,-0.41400000000000003,-82.8,Under
Darnell Mooney,touchdowns,nyg,caesars,0.5,0.086,-0.41400000000000003,-82.8,Under
Darnell Mooney,touchdowns,nyg,draftkings,0.5,0.086,-0.41400000000000003,-82.8,Under
Jalen Tolbert,touchdowns,mia,caesars,0.5,0.086,-0.41400000000000003,-82.8,Under
Jalen Tolbert,touchdowns,mia,fanduel,0.5,0.086,-0.41400000000000003,-82.8,Under
Bryce Lance,touchdowns,nor,draftkings,0.5,0.086,-0.41400000000000003,-82.8,Under
KaVontae Turpin,touchdowns,dal,fanatics,0.5,0.086,-0.41400000000000003,-82.8,Under
Jalen Tolbert,touchdowns,mia,fanatics,0.5,0.086,-0.41400000000000003,-82.8,Under
Hollywood Brown,touchdowns,phi,caesars,0.5,0.086,-0.41400000000000003,-82.8,Under
Hollywood Brown,touchdowns,phi,fanduel,0.5,0.086,-0.41400000000000003,-82.8,Under
Hollywood Brown,touchdowns,phi,fanatics,0.5,0.086,-0.41400000000000003,-82.8,Under
Bryce Lance,touchdowns,nor,hardrock,0.5,0.086,-0.41400000000000003,-82.8,Under
Bryce Lance,touchdowns,nor,caesars,0.5,0.086,-0.41400000000000003,-82.8,Under
Bryce Lance,touchdowns,nor,fanduel,0.5,0.086,-0.41400000000000003,-82.8,Under
Jack Bech,touchdowns,lvr,draftkings,0.5,0.086,-0.41400000000000003,-82.8,Under
Jack Bech,touchdowns,lvr,caesars,0.5,0.086,-0.41400000000000003,-82.8,Under
Hollywood Brown,touchdowns,phi,hardrock,0.5,0.086,-0.41400000000000003,-82.8,Under
Hollywood Brown,touchdowns,phi,draftkings,0.5,0.086,-0.41400000000000003,-82.8,Under
Jack Bech,touchdowns,lvr,fanduel,0.5,0.086,-0.41400000000000003,-82.8,Under
KaVontae Turpin,touchdowns,dal,fanduel,0.5,0.086,-0.41400000000000003,-82.8,Under
Noah Gray,touchdowns,kan,fanatics,0.5,0.086,-0.41400000000000003,-82.8,Under
Chimere Dike,touchdowns,ten,draftkings,0.5,0.086,-0.41400000000000003,-82.8,Under
Chuba Hubbard,first-touchdown-scorer,car,fanduel,0.5,0.09,-0.41000000000000003,-82.0,Under
Chuba Hubbard,first-touchdown-scorer,car,fanatics,0.5,0.09,-0.41000000000000003,-82.0,Under
Tee Higgins,first-touchdown-scorer,cin,draftkings,0.5,0.09,-0.41000000000000003,-82.0,Under
Chuba Hubbard,first-touchdown-scorer,car,draftkings,0.5,0.09,-0.41000000000000003,-82.0,Under
J.K. Dobbins,first-touchdown-scorer,den,draftkings,0.5,0.09,-0.41000000000000003,-82.0,Under
Nico Collins,first-touchdown-scorer,hou,hardrock,0.5,0.09,-0.41000000000000003,-82.0,Under
Nico Collins,first-touchdown-scorer,hou,draftkings,0.5,0.09,-0.41000000000000003,-82.0,Under
J.K. Dobbins,first-touchdown-scorer,den,fanatics,0.5,0.09,-0.41000000000000003,-82.0,Under
Mike Washington,first-touchdown-scorer,lvr,caesars,0.5,0.09,-0.41000000000000003,-82.0,Under
Mike Washington,first-touchdown-scorer,lvr,fanduel,0.5,0.09,-0.41000000000000003,-82.0,Under
Mike Washington,first-touchdown-scorer,lvr,fanatics,0.5,0.09,-0.41000000000000003,-82.0,Under
Tee Higgins,first-touchdown-scorer,cin,hardrock,0.5,0.09,-0.41000000000000003,-82.0,Under
Tee Higgins,first-touchdown-scorer,cin,caesars,0.5,0.09,-0.41000000000000003,-82.0,Under
Chuba Hubbard,first-touchdown-scorer,car,hardrock,0.5,0.09,-0.41000000000000003,-82.0,Under
Nico Collins,first-touchdown-scorer,hou,fanatics,0.5,0.09,-0.41000000000000003,-82.0,Under
Jonathon Brooks,first-touchdown-scorer,car,hardrock,0.5,0.09,-0.41000000000000003,-82.0,Under
Jonathon Brooks,first-touchdown-scorer,car,fanatics,0.5,0.09,-0.41000000000000003,-82.0,Under
Nico Collins,first-touchdown-scorer,hou,caesars,0.5,0.09,-0.41000000000000003,-82.0,Under
Tee Higgins,first-touchdown-scorer,cin,fanduel,0.5,0.09,-0.41000000000000003,-82.0,Under
Tee Higgins,first-touchdown-scorer,cin,fanatics,0.5,0.09,-0.41000000000000003,-82.0,Under
Chuba Hubbard,first-touchdown-scorer,car,caesars,0.5,0.09,-0.41000000000000003,-82.0,Under
J.K. Dobbins,first-touchdown-scorer,den,hardrock,0.5,0.09,-0.41000000000000003,-82.0,Under
Jonathon Brooks,first-touchdown-scorer,car,draftkings,0.5,0.09,-0.41000000000000003,-82.0,Under
Nico Collins,first-touchdown-scorer,hou,fanduel,0.5,0.09,-0.41000000000000003,-82.0,Under
J.K. Dobbins,first-touchdown-scorer,den,fanduel,0.5,0.09,-0.41000000000000003,-82.0,Under
J.K. Dobbins,first-touchdown-scorer,den,caesars,0.5,0.09,-0.41000000000000003,-82.0,Under
Jonathon Brooks,first-touchdown-scorer,car,caesars,0.5,0.09,-0.41000000000000003,-82.0,Under
Elijah Arroyo,touchdowns,sea,hardrock,0.5,0.095,-0.405,-81.0,Under
Elijah Arroyo,touchdowns,sea,draftkings,0.5,0.095,-0.405,-81.0,Under
Ja'Tavion Sanders,touchdowns,car,hardrock,0.5,0.095,-0.405,-81.0,Under
Ja'Tavion Sanders,touchdowns,car,caesars,0.5,0.095,-0.405,-81.0,Under
Ja'Tavion Sanders,touchdowns,car,fanatics,0.5,0.095,-0.405,-81.0,Under
Ja'Tavion Sanders,touchdowns,car,fanduel,0.5,0.095,-0.405,-81.0,Under
Jacob Saylors,touchdowns,det,fanatics,0.5,0.095,-0.405,-81.0,Under
Noah Fant,touchdowns,nor,fanatics,0.5,0.095,-0.405,-81.0,Under
Noah Fant,touchdowns,nor,fanduel,0.5,0.095,-0.405,-81.0,Under
Ja'Tavion Sanders,touchdowns,car,draftkings,0.5,0.095,-0.405,-81.0,Under
Jacob Saylors,touchdowns,det,caesars,0.5,0.095,-0.405,-81.0,Under
Jacob Saylors,touchdowns,det,hardrock,0.5,0.095,-0.405,-81.0,Under
Jacob Saylors,touchdowns,det,draftkings,0.5,0.095,-0.405,-81.0,Under
Dawson Knox,touchdowns,buf,fanduel,0.5,0.095,-0.405,-81.0,Under
Dawson Knox,touchdowns,buf,draftkings,0.5,0.095,-0.405,-81.0,Under
Dawson Knox,touchdowns,buf,hardrock,0.5,0.095,-0.405,-81.0,Under
Dawson Knox,touchdowns,buf,caesars,0.5,0.095,-0.405,-81.0,Under
Dawson Knox,touchdowns,buf,fanatics,0.5,0.095,-0.405,-81.0,Under
Brashard Smith,touchdowns,kan,fanduel,0.5,0.095,-0.405,-81.0,Under
Jahan Dotson,touchdowns,atl,caesars,0.5,0.095,-0.405,-81.0,Under
Jahan Dotson,touchdowns,atl,fanduel,0.5,0.095,-0.405,-81.0,Under
Jahan Dotson,touchdowns,atl,hardrock,0.5,0.095,-0.405,-81.0,Under
Jahan Dotson,touchdowns,atl,draftkings,0.5,0.095,-0.405,-81.0,Under
Brashard Smith,touchdowns,kan,draftkings,0.5,0.095,-0.405,-81.0,Under
Brashard Smith,touchdowns,kan,hardrock,0.5,0.095,-0.405,-81.0,Under
Brashard Smith,touchdowns,kan,caesars,0.5,0.095,-0.405,-81.0,Under
Jahan Dotson,touchdowns,atl,fanatics,0.5,0.095,-0.405,-81.0,Under
DeMario Douglas,touchdowns,nwe,draftkings,0.5,0.095,-0.405,-81.0,Under
Elijah Arroyo,touchdowns,sea,fanduel,0.5,0.095,-0.405,-81.0,Under
Elijah Arroyo,touchdowns,sea,caesars,0.5,0.095,-0.405,-81.0,Under
Germie Bernard,touchdowns,pit,draftkings,0.5,0.095,-0.405,-81.0,Under
Germie Bernard,touchdowns,pit,hardrock,0.5,0.095,-0.405,-81.0,Under
Germie Bernard,touchdowns,pit,caesars,0.5,0.095,-0.405,-81.0,Under
Germie Bernard,touchdowns,pit,fanduel,0.5,0.095,-0.405,-81.0,Under
C.J. Stroud,touchdowns,hou,hardrock,0.5,0.095,-0.405,-81.0,Under
C.J. Stroud,touchdowns,hou,caesars,0.5,0.095,-0.405,-81.0,Under
C.J. Stroud,touchdowns,hou,fanatics,0.5,0.095,-0.405,-81.0,Under
C.J. Stroud,touchdowns,hou,fanduel,0.5,0.095,-0.405,-81.0,Under
DeMario Douglas,touchdowns,nwe,caesars,0.5,0.095,-0.405,-81.0,Under
DeMario Douglas,touchdowns,nwe,fanatics,0.5,0.095,-0.405,-81.0,Under
DeMario Douglas,touchdowns,nwe,fanduel,0.5,0.095,-0.405,-81.0,Under
C.J. Stroud,touchdowns,hou,draftkings,0.5,0.095,-0.405,-81.0,Under
DeMario Douglas,touchdowns,nwe,hardrock,0.5,0.095,-0.405,-81.0,Under
Ted Hurst,touchdowns,tam,fanduel,0.5,0.095,-0.405,-81.0,Under
Ted Hurst,touchdowns,tam,caesars,0.5,0.095,-0.405,-81.0,Under
Ted Hurst,touchdowns,tam,hardrock,0.5,0.095,-0.405,-81.0,Under
Jacob Saylors,touchdowns,det,fanduel,0.5,0.095,-0.405,-81.0,Under
Noah Fant,touchdowns,nor,draftkings,0.5,0.095,-0.405,-81.0,Under
Noah Fant,touchdowns,nor,hardrock,0.5,0.095,-0.405,-81.0,Under
Noah Fant,touchdowns,nor,caesars,0.5,0.095,-0.405,-81.0,Under
Ted Hurst,touchdowns,tam,draftkings,0.5,0.095,-0.405,-81.0,Under
Ted Hurst,touchdowns,tam,fanatics,0.5,0.095,-0.405,-81.0,Under
Rasheen Ali,touchdowns,bal,fanatics,0.5,0.095,-0.405,-81.0,Under
Rasheen Ali,touchdowns,bal,caesars,0.5,0.095,-0.405,-81.0,Under
Rasheen Ali,touchdowns,bal,draftkings,0.5,0.095,-0.405,-81.0,Under
Rasheen Ali,touchdowns,bal,fanduel,0.5,0.095,-0.405,-81.0,Under
Rasheen Ali,touchdowns,bal,hardrock,0.5,0.095,-0.405,-81.0,Under
Pat Bryant,touchdowns,den,caesars,0.5,0.095,-0.405,-81.0,Under
Pat Bryant,touchdowns,den,hardrock,0.5,0.095,-0.405,-81.0,Under
Pat Bryant,touchdowns,den,draftkings,0.5,0.095,-0.405,-81.0,Under
Pat Bryant,touchdowns,den,fanduel,0.5,0.095,-0.405,-81.0,Under
Joe Burrow,touchdowns,cin,draftkings,0.5,0.095,-0.405,-81.0,Under
Joe Burrow,touchdowns,cin,hardrock,0.5,0.095,-0.405,-81.0,Under
Joe Burrow,touchdowns,cin,caesars,0.5,0.095,-0.405,-81.0,Under
Joe Burrow,touchdowns,cin,fanatics,0.5,0.095,-0.405,-81.0,Under
Joe Burrow,touchdowns,cin,fanduel,0.5,0.095,-0.405,-81.0,Under
Andrei Iosivas,receiving-yards,cin,fanatics,10.5,19.0,8.5,80.95,Over
Justice Hill,receiving-yards,bal,fanatics,10.5,19.0,8.5,80.95,Over
Jordan Mason,receptions,min,sleeper,0.5,0.9,0.4,80.0,Over
Ladd McConkey,first-touchdown-scorer,lac,fanduel,0.5,0.1,-0.4,-80.0,Under
Jaylen Warren,first-touchdown-scorer,pit,fanduel,0.5,0.1,-0.4,-80.0,Under
Ladd McConkey,first-touchdown-scorer,lac,draftkings,0.5,0.1,-0.4,-80.0,Under
Jaylen Warren,first-touchdown-scorer,pit,draftkings,0.5,0.1,-0.4,-80.0,Under
Jaylen Warren,first-touchdown-scorer,pit,fanatics,0.5,0.1,-0.4,-80.0,Under
Jaylen Warren,first-touchdown-scorer,pit,hardrock,0.5,0.1,-0.4,-80.0,Under
Jordan Mason,first-touchdown-scorer,min,caesars,0.5,0.1,-0.4,-80.0,Under
Jordan Mason,first-touchdown-scorer,min,hardrock,0.5,0.1,-0.4,-80.0,Under
Bucky Irving,first-touchdown-scorer,tam,fanduel,0.5,0.1,-0.4,-80.0,Under
Jordan Mason,first-touchdown-scorer,min,draftkings,0.5,0.1,-0.4,-80.0,Under
Bucky Irving,first-touchdown-scorer,tam,fanatics,0.5,0.1,-0.4,-80.0,Under
Bucky Irving,first-touchdown-scorer,tam,caesars,0.5,0.1,-0.4,-80.0,Under
Davante Adams,first-touchdown-scorer,,draftkings,0.5,0.1,-0.4,-80.0,Under
Jordan Mason,first-touchdown-scorer,min,fanduel,0.5,0.1,-0.4,-80.0,Under
Rashee Rice,first-touchdown-scorer,kan,fanatics,0.5,0.1,-0.4,-80.0,Under
Rashee Rice,first-touchdown-scorer,kan,fanduel,0.5,0.1,-0.4,-80.0,Under
Rashee Rice,first-touchdown-scorer,kan,caesars,0.5,0.1,-0.4,-80.0,Under
Puka Nacua,first-touchdown-scorer,,hardrock,0.5,0.1,-0.4,-80.0,Under
Puka Nacua,first-touchdown-scorer,,fanduel,0.5,0.1,-0.4,-80.0,Under
Puka Nacua,first-touchdown-scorer,,fanatics,0.5,0.1,-0.4,-80.0,Under
Jordan Mason,first-touchdown-scorer,min,fanatics,0.5,0.1,-0.4,-80.0,Under
Bucky Irving,first-touchdown-scorer,tam,draftkings,0.5,0.1,-0.4,-80.0,Under
MarShawn Lloyd,first-touchdown-scorer,gnb,fanatics,0.5,0.1,-0.4,-80.0,Under
MarShawn Lloyd,first-touchdown-scorer,gnb,fanduel,0.5,0.1,-0.4,-80.0,Under
Ladd McConkey,first-touchdown-scorer,lac,hardrock,0.5,0.1,-0.4,-80.0,Under
Ladd McConkey,first-touchdown-scorer,lac,caesars,0.5,0.1,-0.4,-80.0,Under
Jordan Mason,receptions,min,hardrock,0.5,0.9,0.4,80.0,Over
Ladd McConkey,first-touchdown-scorer,lac,fanatics,0.5,0.1,-0.4,-80.0,Under
Bucky Irving,first-touchdown-scorer,tam,hardrock,0.5,0.1,-0.4,-80.0,Under
Puka Nacua,first-touchdown-scorer,,caesars,0.5,0.1,-0.4,-80.0,Under
Jaylen Warren,first-touchdown-scorer,pit,caesars,0.5,0.1,-0.4,-80.0,Under
MarShawn Lloyd,first-touchdown-scorer,gnb,draftkings,0.5,0.1,-0.4,-80.0,Under
MarShawn Lloyd,first-touchdown-scorer,gnb,hardrock,0.5,0.1,-0.4,-80.0,Under
MarShawn Lloyd,first-touchdown-scorer,gnb,caesars,0.5,0.1,-0.4,-80.0,Under
Deshaun Watson,passing-tds,cle,hardrock,0.5,0.9,0.4,80.0,Over
Deshaun Watson,passing-tds,cle,riverscasino,0.5,0.9,0.4,80.0,Over
Deshaun Watson,passing-tds,cle,sleeper,0.5,0.9,0.4,80.0,Over
Deshaun Watson,passing-tds,cle,caesars,0.5,0.9,0.4,80.0,Over
Rashee Rice,first-touchdown-scorer,kan,draftkings,0.5,0.1,-0.4,-80.0,Under
Jalen Hurts,first-touchdown-scorer,phi,fanduel,0.5,0.1,-0.4,-80.0,Under
Jalen Hurts,first-touchdown-scorer,phi,caesars,0.5,0.1,-0.4,-80.0,Under
George Pickens,first-touchdown-scorer,dal,fanduel,0.5,0.1,-0.4,-80.0,Under
George Pickens,first-touchdown-scorer,dal,caesars,0.5,0.1,-0.4,-80.0,Under
George Pickens,first-touchdown-scorer,dal,hardrock,0.5,0.1,-0.4,-80.0,Under
Rashee Rice,first-touchdown-scorer,kan,hardrock,0.5,0.1,-0.4,-80.0,Under
George Pickens,first-touchdown-scorer,dal,fanatics,0.5,0.1,-0.4,-80.0,Under
Puka Nacua,first-touchdown-scorer,,draftkings,0.5,0.1,-0.4,-80.0,Under
Jalen Hurts,first-touchdown-scorer,phi,draftkings,0.5,0.1,-0.4,-80.0,Under
George Pickens,first-touchdown-scorer,dal,draftkings,0.5,0.1,-0.4,-80.0,Under
Jalen Hurts,first-touchdown-scorer,phi,hardrock,0.5,0.1,-0.4,-80.0,Under
Jalen Hurts,first-touchdown-scorer,phi,fanatics,0.5,0.1,-0.4,-80.0,Under
Davante Adams,first-touchdown-scorer,,caesars,0.5,0.1,-0.4,-80.0,Under
Davante Adams,first-touchdown-scorer,,fanatics,0.5,0.1,-0.4,-80.0,Under
Davante Adams,first-touchdown-scorer,,fanduel,0.5,0.1,-0.4,-80.0,Under
Justin Jefferson,first-touchdown-scorer,min,hardrock,0.5,0.1,-0.4,-80.0,Under
Davante Adams,first-touchdown-scorer,,hardrock,0.5,0.1,-0.4,-80.0,Under
Justin Jefferson,first-touchdown-scorer,min,fanduel,0.5,0.1,-0.4,-80.0,Under
Justin Jefferson,first-touchdown-scorer,min,fanatics,0.5,0.1,-0.4,-80.0,Under
Justin Jefferson,first-touchdown-scorer,min,draftkings,0.5,0.1,-0.4,-80.0,Under
Justin Jefferson,first-touchdown-scorer,min,caesars,0.5,0.1,-0.4,-80.0,Under
Deshaun Watson,passing-tds,cle,fanduel,0.5,0.9,0.4,80.0,Over
Deshaun Watson,passing-tds,cle,fanatics,0.5,0.9,0.4,80.0,Over
Deshaun Watson,passing-tds,cle,draftkings,0.5,0.9,0.4,80.0,Over
Mike Gesicki,receiving-yards,cin,sleeper,14.5,26.0,11.5,79.31,Over
Keon Coleman,touchdowns,buf,draftkings,0.5,0.104,-0.396,-79.2,Under
Tyler Higbee,touchdowns,,fanatics,0.5,0.104,-0.396,-79.2,Under
Tyler Higbee,touchdowns,,draftkings,0.5,0.104,-0.396,-79.2,Under
Jaylen Wright,touchdowns,mia,fanatics,0.5,0.104,-0.396,-79.2,Under
Jaylen Wright,touchdowns,mia,caesars,0.5,0.104,-0.396,-79.2,Under
Jaylen Wright,touchdowns,mia,hardrock,0.5,0.104,-0.396,-79.2,Under
Jaylen Wright,touchdowns,mia,fanduel,0.5,0.104,-0.396,-79.2,Under
Jaylen Wright,touchdowns,mia,draftkings,0.5,0.104,-0.396,-79.2,Under
Tyler Higbee,touchdowns,,fanduel,0.5,0.104,-0.396,-79.2,Under
Cam Ward,touchdowns,ten,fanduel,0.5,0.104,-0.396,-79.2,Under
Cam Ward,touchdowns,ten,hardrock,0.5,0.104,-0.396,-79.2,Under
Cam Ward,touchdowns,ten,draftkings,0.5,0.104,-0.396,-79.2,Under
Cam Ward,touchdowns,ten,caesars,0.5,0.104,-0.396,-79.2,Under
Erick All,touchdowns,cin,draftkings,0.5,0.104,-0.396,-79.2,Under
Xavier Hutchinson,touchdowns,hou,draftkings,0.5,0.104,-0.396,-79.2,Under
Erick All,touchdowns,cin,hardrock,0.5,0.104,-0.396,-79.2,Under
Keon Coleman,touchdowns,buf,fanatics,0.5,0.104,-0.396,-79.2,Under
Tyler Higbee,touchdowns,,hardrock,0.5,0.104,-0.396,-79.2,Under
Keon Coleman,touchdowns,buf,hardrock,0.5,0.104,-0.396,-79.2,Under
Devin Singletary,touchdowns,nyg,draftkings,0.5,0.104,-0.396,-79.2,Under
Jordan Love,touchdowns,gnb,fanatics,0.5,0.104,-0.396,-79.2,Under
Jordan Love,touchdowns,gnb,fanduel,0.5,0.104,-0.396,-79.2,Under
Jordan Love,touchdowns,gnb,caesars,0.5,0.104,-0.396,-79.2,Under
Devin Singletary,touchdowns,nyg,fanduel,0.5,0.104,-0.396,-79.2,Under
Devin Singletary,touchdowns,nyg,fanatics,0.5,0.104,-0.396,-79.2,Under
Devin Singletary,touchdowns,nyg,caesars,0.5,0.104,-0.396,-79.2,Under
Jordan Love,touchdowns,gnb,draftkings,0.5,0.104,-0.396,-79.2,Under
Devin Singletary,touchdowns,nyg,hardrock,0.5,0.104,-0.396,-79.2,Under
Jordan Love,touchdowns,gnb,hardrock,0.5,0.104,-0.396,-79.2,Under
Tyler Higbee,touchdowns,,caesars,0.5,0.104,-0.396,-79.2,Under
Xavier Hutchinson,touchdowns,hou,hardrock,0.5,0.104,-0.396,-79.2,Under
Erick All,touchdowns,cin,fanduel,0.5,0.104,-0.396,-79.2,Under
Erick All,touchdowns,cin,fanatics,0.5,0.104,-0.396,-79.2,Under
Erick All,touchdowns,cin,caesars,0.5,0.104,-0.396,-79.2,Under
Keon Coleman,touchdowns,buf,fanduel,0.5,0.104,-0.396,-79.2,Under
Keon Coleman,touchdowns,buf,caesars,0.5,0.104,-0.396,-79.2,Under
Xavier Hutchinson,touchdowns,hou,fanatics,0.5,0.104,-0.396,-79.2,Under
Xavier Hutchinson,touchdowns,hou,fanduel,0.5,0.104,-0.396,-79.2,Under
Xavier Hutchinson,touchdowns,hou,caesars,0.5,0.104,-0.396,-79.2,Under
Travis Etienne,first-touchdown-scorer,nor,fanatics,0.5,0.11,-0.39,-78.0,Under
Travis Etienne,first-touchdown-scorer,nor,hardrock,0.5,0.11,-0.39,-78.0,Under
Travis Etienne,first-touchdown-scorer,nor,draftkings,0.5,0.11,-0.39,-78.0,Under
Cam Skattebo,first-touchdown-scorer,nyg,fanduel,0.5,0.11,-0.39,-78.0,Under
Travis Etienne,first-touchdown-scorer,nor,caesars,0.5,0.11,-0.39,-78.0,Under
Cam Skattebo,first-touchdown-scorer,nyg,hardrock,0.5,0.11,-0.39,-78.0,Under
Cam Skattebo,first-touchdown-scorer,nyg,caesars,0.5,0.11,-0.39,-78.0,Under
Josh Allen,first-touchdown-scorer,buf,fanduel,0.5,0.11,-0.39,-78.0,Under
Josh Allen,first-touchdown-scorer,buf,hardrock,0.5,0.11,-0.39,-78.0,Under
Josh Allen,first-touchdown-scorer,buf,caesars,0.5,0.11,-0.39,-78.0,Under
Josh Allen,first-touchdown-scorer,buf,fanatics,0.5,0.11,-0.39,-78.0,Under
Josh Allen,first-touchdown-scorer,buf,draftkings,0.5,0.11,-0.39,-78.0,Under
Rhamondre Stevenson,first-touchdown-scorer,nwe,caesars,0.5,0.11,-0.39,-78.0,Under
Rhamondre Stevenson,first-touchdown-scorer,nwe,fanatics,0.5,0.11,-0.39,-78.0,Under
Rhamondre Stevenson,first-touchdown-scorer,nwe,fanduel,0.5,0.11,-0.39,-78.0,Under
Rhamondre Stevenson,first-touchdown-scorer,nwe,draftkings,0.5,0.11,-0.39,-78.0,Under
Jadarian Price,first-touchdown-scorer,sea,fanduel,0.5,0.11,-0.39,-78.0,Under
Jadarian Price,first-touchdown-scorer,sea,caesars,0.5,0.11,-0.39,-78.0,Under
Rhamondre Stevenson,first-touchdown-scorer,nwe,hardrock,0.5,0.11,-0.39,-78.0,Under
Jadarian Price,first-touchdown-scorer,sea,hardrock,0.5,0.11,-0.39,-78.0,Under
Cam Skattebo,first-touchdown-scorer,nyg,draftkings,0.5,0.11,-0.39,-78.0,Under
Travis Etienne,first-touchdown-scorer,nor,fanduel,0.5,0.11,-0.39,-78.0,Under
Jadarian Price,first-touchdown-scorer,sea,draftkings,0.5,0.11,-0.39,-78.0,Under
Najee Harris,touchdowns,nyg,caesars,0.5,0.113,-0.387,-77.4,Under
Najee Harris,touchdowns,nyg,hardrock,0.5,0.113,-0.387,-77.4,Under
Najee Harris,touchdowns,nyg,fanduel,0.5,0.113,-0.387,-77.4,Under
Najee Harris,touchdowns,nyg,draftkings,0.5,0.113,-0.387,-77.4,Under
Zavion Thomas,touchdowns,chi,fanduel,0.5,0.113,-0.387,-77.4,Under
Najee Harris,touchdowns,nyg,fanatics,0.5,0.113,-0.387,-77.4,Under
Mason Taylor,touchdowns,nyj,caesars,0.5,0.113,-0.387,-77.4,Under
Mason Taylor,touchdowns,nyj,fanduel,0.5,0.113,-0.387,-77.4,Under
Kaleb Johnson,touchdowns,gnb,caesars,0.5,0.113,-0.387,-77.4,Under
Kaleb Johnson,touchdowns,gnb,fanduel,0.5,0.113,-0.387,-77.4,Under
Kimani Vidal,touchdowns,lac,fanatics,0.5,0.113,-0.387,-77.4,Under
Kaleb Johnson,touchdowns,gnb,draftkings,0.5,0.113,-0.387,-77.4,Under
Kaleb Johnson,touchdowns,gnb,hardrock,0.5,0.113,-0.387,-77.4,Under
Zavion Thomas,touchdowns,chi,draftkings,0.5,0.113,-0.387,-77.4,Under
Zavion Thomas,touchdowns,chi,hardrock,0.5,0.113,-0.387,-77.4,Under
Zavion Thomas,touchdowns,chi,caesars,0.5,0.113,-0.387,-77.4,Under
Ollie Gordon,touchdowns,mia,fanduel,0.5,0.113,-0.387,-77.4,Under
Audric Estime,touchdowns,nor,draftkings,0.5,0.113,-0.387,-77.4,Under
Audric Estime,touchdowns,nor,hardrock,0.5,0.113,-0.387,-77.4,Under
Ollie Gordon,touchdowns,mia,fanatics,0.5,0.113,-0.387,-77.4,Under
Baker Mayfield,touchdowns,tam,draftkings,0.5,0.113,-0.387,-77.4,Under
Ty Johnson,touchdowns,buf,fanatics,0.5,0.113,-0.387,-77.4,Under
Baker Mayfield,touchdowns,tam,caesars,0.5,0.113,-0.387,-77.4,Under
Baker Mayfield,touchdowns,tam,hardrock,0.5,0.113,-0.387,-77.4,Under
Mason Taylor,touchdowns,nyj,draftkings,0.5,0.113,-0.387,-77.4,Under
Baker Mayfield,touchdowns,tam,fanatics,0.5,0.113,-0.387,-77.4,Under
Kimani Vidal,touchdowns,lac,caesars,0.5,0.113,-0.387,-77.4,Under
Ty Johnson,touchdowns,buf,caesars,0.5,0.113,-0.387,-77.4,Under
Kimani Vidal,touchdowns,lac,fanduel,0.5,0.113,-0.387,-77.4,Under
Audric Estime,touchdowns,nor,caesars,0.5,0.113,-0.387,-77.4,Under
Audric Estime,touchdowns,nor,fanatics,0.5,0.113,-0.387,-77.4,Under
Audric Estime,touchdowns,nor,fanduel,0.5,0.113,-0.387,-77.4,Under
Ollie Gordon,touchdowns,mia,draftkings,0.5,0.113,-0.387,-77.4,Under
Ollie Gordon,touchdowns,mia,hardrock,0.5,0.113,-0.387,-77.4,Under
Ollie Gordon,touchdowns,mia,caesars,0.5,0.113,-0.387,-77.4,Under
Mason Taylor,touchdowns,nyj,hardrock,0.5,0.113,-0.387,-77.4,Under
Kimani Vidal,touchdowns,lac,draftkings,0.5,0.113,-0.387,-77.4,Under
Ty Johnson,touchdowns,buf,hardrock,0.5,0.113,-0.387,-77.4,Under
Ty Johnson,touchdowns,buf,draftkings,0.5,0.113,-0.387,-77.4,Under
Kimani Vidal,touchdowns,lac,hardrock,0.5,0.113,-0.387,-77.4,Under
Baker Mayfield,touchdowns,tam,fanduel,0.5,0.113,-0.387,-77.4,Under
David Montgomery,receiving-yards,hou,caesars,8.5,15.0,6.5,76.47,Over
David Montgomery,receiving-yards,hou,draftkings,8.5,15.0,6.5,76.47,Over
Breece Hall,first-touchdown-scorer,nyj,caesars,0.5,0.12,-0.38,-76.0,Under
Breece Hall,first-touchdown-scorer,nyj,hardrock,0.5,0.12,-0.38,-76.0,Under
Breece Hall,first-touchdown-scorer,nyj,fanduel,0.5,0.12,-0.38,-76.0,Under
Breece Hall,first-touchdown-scorer,nyj,fanatics,0.5,0.12,-0.38,-76.0,Under
D'Andre Swift,first-touchdown-scorer,chi,draftkings,0.5,0.12,-0.38,-76.0,Under
Rashid Shaheed,rushing-yards,sea,riverscasino,2.5,4.4,1.9000000000000004,76.0,Over
Rashid Shaheed,rushing-yards,sea,caesars,2.5,4.4,1.9000000000000004,76.0,Over
Breece Hall,first-touchdown-scorer,nyj,draftkings,0.5,0.12,-0.38,-76.0,Under
D'Andre Swift,first-touchdown-scorer,chi,caesars,0.5,0.12,-0.38,-76.0,Under
D'Andre Swift,first-touchdown-scorer,chi,hardrock,0.5,0.12,-0.38,-76.0,Under
Jaxon Smith-Njigba,first-touchdown-scorer,sea,fanatics,0.5,0.12,-0.38,-76.0,Under
Amon-Ra St. Brown,first-touchdown-scorer,det,draftkings,0.5,0.12,-0.38,-76.0,Under
Quinshon Judkins,first-touchdown-scorer,cle,hardrock,0.5,0.12,-0.38,-76.0,Under
Quinshon Judkins,first-touchdown-scorer,cle,draftkings,0.5,0.12,-0.38,-76.0,Under
Amon-Ra St. Brown,first-touchdown-scorer,det,fanatics,0.5,0.12,-0.38,-76.0,Under
Amon-Ra St. Brown,first-touchdown-scorer,det,hardrock,0.5,0.12,-0.38,-76.0,Under
Amon-Ra St. Brown,first-touchdown-scorer,det,caesars,0.5,0.12,-0.38,-76.0,Under
Quinshon Judkins,first-touchdown-scorer,cle,fanduel,0.5,0.12,-0.38,-76.0,Under
Jaxon Smith-Njigba,first-touchdown-scorer,sea,fanduel,0.5,0.12,-0.38,-76.0,Under
Quinshon Judkins,first-touchdown-scorer,cle,caesars,0.5,0.12,-0.38,-76.0,Under
Brock Bowers,first-touchdown-scorer,lvr,fanduel,0.5,0.12,-0.38,-76.0,Under
Brock Bowers,first-touchdown-scorer,lvr,hardrock,0.5,0.12,-0.38,-76.0,Under
Brock Bowers,first-touchdown-scorer,lvr,draftkings,0.5,0.12,-0.38,-76.0,Under
Jaxon Smith-Njigba,first-touchdown-scorer,sea,hardrock,0.5,0.12,-0.38,-76.0,Under
Brock Bowers,first-touchdown-scorer,lvr,fanatics,0.5,0.12,-0.38,-76.0,Under
Jaxon Smith-Njigba,first-touchdown-scorer,sea,draftkings,0.5,0.12,-0.38,-76.0,Under
Amon-Ra St. Brown,first-touchdown-scorer,det,fanduel,0.5,0.12,-0.38,-76.0,Under
Rashid Shaheed,rushing-yards,sea,fanduel,2.5,4.4,1.9000000000000004,76.0,Over
Brock Bowers,first-touchdown-scorer,lvr,caesars,0.5,0.12,-0.38,-76.0,Under
Jaxon Smith-Njigba,first-touchdown-scorer,sea,caesars,0.5,0.12,-0.38,-76.0,Under
D'Andre Swift,first-touchdown-scorer,chi,fanduel,0.5,0.12,-0.38,-76.0,Under
D'Andre Swift,first-touchdown-scorer,chi,fanatics,0.5,0.12,-0.38,-76.0,Under
Josh Oliver,touchdowns,min,hardrock,0.5,0.122,-0.378,-75.6,Under
Matthew Hibner,touchdowns,bal,draftkings,0.5,0.122,-0.378,-75.6,Under
Josh Oliver,touchdowns,min,caesars,0.5,0.122,-0.378,-75.6,Under
Jake Tonges,touchdowns,sfo,caesars,0.5,0.122,-0.378,-75.6,Under
Jake Tonges,touchdowns,sfo,hardrock,0.5,0.122,-0.378,-75.6,Under
Troy Franklin,touchdowns,den,fanduel,0.5,0.122,-0.378,-75.6,Under
Malik Davis,touchdowns,dal,draftkings,0.5,0.122,-0.378,-75.6,Under
Xavier Legette,touchdowns,car,draftkings,0.5,0.122,-0.378,-75.6,Under
Jake Tonges,touchdowns,sfo,draftkings,0.5,0.122,-0.378,-75.6,Under
Tyquan Thornton,touchdowns,kan,fanatics,0.5,0.122,-0.378,-75.6,Under
Evan Engram,touchdowns,den,caesars,0.5,0.122,-0.378,-75.6,Under
Evan Engram,touchdowns,den,hardrock,0.5,0.122,-0.378,-75.6,Under
Evan Engram,touchdowns,den,draftkings,0.5,0.122,-0.378,-75.6,Under
Tyquan Thornton,touchdowns,kan,fanduel,0.5,0.122,-0.378,-75.6,Under
Matthew Hibner,touchdowns,bal,hardrock,0.5,0.122,-0.378,-75.6,Under
Malik Davis,touchdowns,dal,fanatics,0.5,0.122,-0.378,-75.6,Under
Malik Davis,touchdowns,dal,caesars,0.5,0.122,-0.378,-75.6,Under
Malik Davis,touchdowns,dal,hardrock,0.5,0.122,-0.378,-75.6,Under
Matthew Hibner,touchdowns,bal,fanduel,0.5,0.122,-0.378,-75.6,Under
Matthew Hibner,touchdowns,bal,fanatics,0.5,0.122,-0.378,-75.6,Under
Matthew Hibner,touchdowns,bal,caesars,0.5,0.122,-0.378,-75.6,Under
Xavier Legette,touchdowns,car,fanatics,0.5,0.122,-0.378,-75.6,Under
Xavier Legette,touchdowns,car,caesars,0.5,0.122,-0.378,-75.6,Under
Xavier Legette,touchdowns,car,fanduel,0.5,0.122,-0.378,-75.6,Under
Xavier Legette,touchdowns,car,hardrock,0.5,0.122,-0.378,-75.6,Under
Malik Davis,touchdowns,dal,fanduel,0.5,0.122,-0.378,-75.6,Under
Darius Slayton,touchdowns,nyg,fanatics,0.5,0.122,-0.378,-75.6,Under
Darius Slayton,touchdowns,nyg,fanduel,0.5,0.122,-0.378,-75.6,Under
Josh Oliver,touchdowns,min,draftkings,0.5,0.122,-0.378,-75.6,Under
Tyquan Thornton,touchdowns,kan,caesars,0.5,0.122,-0.378,-75.6,Under
Tyquan Thornton,touchdowns,kan,hardrock,0.5,0.122,-0.378,-75.6,Under
Darius Slayton,touchdowns,nyg,draftkings,0.5,0.122,-0.378,-75.6,Under
Tyquan Thornton,touchdowns,kan,draftkings,0.5,0.122,-0.378,-75.6,Under
Darius Slayton,touchdowns,nyg,caesars,0.5,0.122,-0.378,-75.6,Under
Darius Slayton,touchdowns,nyg,hardrock,0.5,0.122,-0.378,-75.6,Under
Josh Oliver,touchdowns,min,fanduel,0.5,0.122,-0.378,-75.6,Under
Josh Oliver,touchdowns,min,fanatics,0.5,0.122,-0.378,-75.6,Under
Jake Tonges,touchdowns,sfo,fanduel,0.5,0.122,-0.378,-75.6,Under
Jake Tonges,touchdowns,sfo,fanatics,0.5,0.122,-0.378,-75.6,Under
Sean Tucker,touchdowns,tam,draftkings,0.5,0.122,-0.378,-75.6,Under
Sean Tucker,touchdowns,tam,hardrock,0.5,0.122,-0.378,-75.6,Under
Troy Franklin,touchdowns,den,draftkings,0.5,0.122,-0.378,-75.6,Under
Sean Tucker,touchdowns,tam,caesars,0.5,0.122,-0.378,-75.6,Under
Sean Tucker,touchdowns,tam,fanatics,0.5,0.122,-0.378,-75.6,Under
Troy Franklin,touchdowns,den,hardrock,0.5,0.122,-0.378,-75.6,Under
Deshaun Watson,touchdowns,cle,caesars,0.5,0.122,-0.378,-75.6,Under
Troy Franklin,touchdowns,den,fanatics,0.5,0.122,-0.378,-75.6,Under
Troy Franklin,touchdowns,den,caesars,0.5,0.122,-0.378,-75.6,Under
Deshaun Watson,touchdowns,cle,draftkings,0.5,0.122,-0.378,-75.6,Under
Deshaun Watson,touchdowns,cle,hardrock,0.5,0.122,-0.378,-75.6,Under
Theo Johnson,touchdowns,nyg,caesars,0.5,0.122,-0.378,-75.6,Under
Theo Johnson,touchdowns,nyg,hardrock,0.5,0.122,-0.378,-75.6,Under
Theo Johnson,touchdowns,nyg,draftkings,0.5,0.122,-0.378,-75.6,Under
Brock Purdy,touchdowns,sfo,fanatics,0.5,0.122,-0.378,-75.6,Under
Brock Purdy,touchdowns,sfo,fanduel,0.5,0.122,-0.378,-75.6,Under
Brock Purdy,touchdowns,sfo,draftkings,0.5,0.122,-0.378,-75.6,Under
Deshaun Watson,touchdowns,cle,fanduel,0.5,0.122,-0.378,-75.6,Under
Deshaun Watson,touchdowns,cle,fanatics,0.5,0.122,-0.378,-75.6,Under
Evan Engram,touchdowns,den,fanduel,0.5,0.122,-0.378,-75.6,Under
Evan Engram,touchdowns,den,fanatics,0.5,0.122,-0.378,-75.6,Under
Michael Mayer,touchdowns,lvr,draftkings,0.5,0.122,-0.378,-75.6,Under
Brock Purdy,touchdowns,sfo,caesars,0.5,0.122,-0.378,-75.6,Under
Brock Purdy,touchdowns,sfo,hardrock,0.5,0.122,-0.378,-75.6,Under
Michael Mayer,touchdowns,lvr,hardrock,0.5,0.122,-0.378,-75.6,Under
Michael Mayer,touchdowns,lvr,caesars,0.5,0.122,-0.378,-75.6,Under
Theo Johnson,touchdowns,nyg,fanduel,0.5,0.122,-0.378,-75.6,Under
Theo Johnson,touchdowns,nyg,fanatics,0.5,0.122,-0.378,-75.6,Under
Michael Mayer,touchdowns,lvr,fanatics,0.5,0.122,-0.378,-75.6,Under
Michael Mayer,touchdowns,lvr,fanduel,0.5,0.122,-0.378,-75.6,Under
David Montgomery,first-touchdown-scorer,hou,hardrock,0.5,0.13,-0.37,-74.0,Under
David Montgomery,first-touchdown-scorer,hou,caesars,0.5,0.13,-0.37,-74.0,Under
Javonte Williams,first-touchdown-scorer,dal,fanduel,0.5,0.13,-0.37,-74.0,Under
Javonte Williams,first-touchdown-scorer,dal,hardrock,0.5,0.13,-0.37,-74.0,Under
Javonte Williams,first-touchdown-scorer,dal,caesars,0.5,0.13,-0.37,-74.0,Under
Javonte Williams,first-touchdown-scorer,dal,fanatics,0.5,0.13,-0.37,-74.0,Under
Javonte Williams,first-touchdown-scorer,dal,draftkings,0.5,0.13,-0.37,-74.0,Under
Tony Pollard,first-touchdown-scorer,ten,hardrock,0.5,0.13,-0.37,-74.0,Under
Kyren Williams,first-touchdown-scorer,,hardrock,0.5,0.13,-0.37,-74.0,Under
Kyren Williams,first-touchdown-scorer,,draftkings,0.5,0.13,-0.37,-74.0,Under
Kyren Williams,first-touchdown-scorer,,fanatics,0.5,0.13,-0.37,-74.0,Under
Kyren Williams,first-touchdown-scorer,,fanduel,0.5,0.13,-0.37,-74.0,Under
Kyren Williams,first-touchdown-scorer,,caesars,0.5,0.13,-0.37,-74.0,Under
David Montgomery,first-touchdown-scorer,hou,fanatics,0.5,0.13,-0.37,-74.0,Under
Ja'Marr Chase,first-touchdown-scorer,cin,draftkings,0.5,0.13,-0.37,-74.0,Under
Ja'Marr Chase,first-touchdown-scorer,cin,fanatics,0.5,0.13,-0.37,-74.0,Under
Ja'Marr Chase,first-touchdown-scorer,cin,caesars,0.5,0.13,-0.37,-74.0,Under
Ja'Marr Chase,first-touchdown-scorer,cin,hardrock,0.5,0.13,-0.37,-74.0,Under
Ja'Marr Chase,first-touchdown-scorer,cin,fanduel,0.5,0.13,-0.37,-74.0,Under
Tony Pollard,first-touchdown-scorer,ten,draftkings,0.5,0.13,-0.37,-74.0,Under
Tony Pollard,first-touchdown-scorer,ten,caesars,0.5,0.13,-0.37,-74.0,Under
Tony Pollard,first-touchdown-scorer,ten,fanatics,0.5,0.13,-0.37,-74.0,Under
Tony Pollard,first-touchdown-scorer,ten,fanduel,0.5,0.13,-0.37,-74.0,Under
David Montgomery,first-touchdown-scorer,hou,draftkings,0.5,0.13,-0.37,-74.0,Under
David Montgomery,first-touchdown-scorer,hou,fanduel,0.5,0.13,-0.37,-74.0,Under
Daniel Jones,touchdowns,ind,fanduel,0.5,0.131,-0.369,-73.8,Under
Chig Okonkwo,touchdowns,was,caesars,0.5,0.131,-0.369,-73.8,Under
Chig Okonkwo,touchdowns,was,hardrock,0.5,0.131,-0.369,-73.8,Under
Chig Okonkwo,touchdowns,was,fanduel,0.5,0.131,-0.369,-73.8,Under
Chig Okonkwo,touchdowns,was,draftkings,0.5,0.131,-0.369,-73.8,Under
Daniel Jones,touchdowns,ind,draftkings,0.5,0.131,-0.369,-73.8,Under
Chig Okonkwo,touchdowns,was,fanatics,0.5,0.131,-0.369,-73.8,Under
Travis Hunter,touchdowns,jax,draftkings,0.5,0.131,-0.369,-73.8,Under
Denzel Boston,touchdowns,cle,hardrock,0.5,0.131,-0.369,-73.8,Under
Denzel Boston,touchdowns,cle,caesars,0.5,0.131,-0.369,-73.8,Under
Daniel Jones,touchdowns,ind,caesars,0.5,0.131,-0.369,-73.8,Under
Daniel Jones,touchdowns,ind,fanatics,0.5,0.131,-0.369,-73.8,Under
Denzel Boston,touchdowns,cle,fanduel,0.5,0.131,-0.369,-73.8,Under
Omar Cooper,touchdowns,nyj,hardrock,0.5,0.131,-0.369,-73.8,Under
Daniel Jones,touchdowns,ind,hardrock,0.5,0.131,-0.369,-73.8,Under
Omar Cooper,touchdowns,nyj,draftkings,0.5,0.131,-0.369,-73.8,Under
Brenen Thompson,touchdowns,lac,fanduel,0.5,0.131,-0.369,-73.8,Under
Dak Prescott,touchdowns,dal,draftkings,0.5,0.131,-0.369,-73.8,Under
Dak Prescott,touchdowns,dal,hardrock,0.5,0.131,-0.369,-73.8,Under
Dak Prescott,touchdowns,dal,caesars,0.5,0.131,-0.369,-73.8,Under
Dak Prescott,touchdowns,dal,fanatics,0.5,0.131,-0.369,-73.8,Under
Dak Prescott,touchdowns,dal,fanduel,0.5,0.131,-0.369,-73.8,Under
Brenen Thompson,touchdowns,lac,draftkings,0.5,0.131,-0.369,-73.8,Under
Omar Cooper,touchdowns,nyj,fanduel,0.5,0.131,-0.369,-73.8,Under
Omar Cooper,touchdowns,nyj,fanatics,0.5,0.131,-0.369,-73.8,Under
Brenen Thompson,touchdowns,lac,caesars,0.5,0.131,-0.369,-73.8,Under
Brenen Thompson,touchdowns,lac,hardrock,0.5,0.131,-0.369,-73.8,Under
Denzel Boston,touchdowns,cle,draftkings,0.5,0.131,-0.369,-73.8,Under
Travis Hunter,touchdowns,jax,fanduel,0.5,0.131,-0.369,-73.8,Under
Travis Hunter,touchdowns,jax,caesars,0.5,0.131,-0.369,-73.8,Under
Odell Beckham,receiving-yards,nyg,draftkings,7.5,13.0,5.5,73.33,Over
Odell Beckham,receiving-yards,nyg,caesars,7.5,13.0,5.5,73.33,Over
Odell Beckham,receiving-yards,nyg,riverscasino,7.5,13.0,5.5,73.33,Over
Odell Beckham,receiving-yards,nyg,fanduel,7.5,13.0,5.5,73.33,Over
Odell Beckham,receiving-yards,nyg,sleeper,7.5,13.0,5.5,73.33,Over
Dylan Sampson,touchdowns,cle,hardrock,0.5,0.139,-0.361,-72.2,Under
Jerry Jeudy,touchdowns,cle,draftkings,0.5,0.139,-0.361,-72.2,Under
Darnell Washington,touchdowns,pit,caesars,0.5,0.139,-0.361,-72.2,Under
Dylan Sampson,touchdowns,cle,caesars,0.5,0.139,-0.361,-72.2,Under
Jerry Jeudy,touchdowns,cle,fanduel,0.5,0.139,-0.361,-72.2,Under
Dylan Sampson,touchdowns,cle,draftkings,0.5,0.139,-0.361,-72.2,Under
Dylan Sampson,touchdowns,cle,fanduel,0.5,0.139,-0.361,-72.2,Under
Jerry Jeudy,touchdowns,cle,hardrock,0.5,0.139,-0.361,-72.2,Under
Jerry Jeudy,touchdowns,cle,caesars,0.5,0.139,-0.361,-72.2,Under
Ryan Flournoy,touchdowns,dal,hardrock,0.5,0.139,-0.361,-72.2,Under
Cole Kmet,touchdowns,chi,draftkings,0.5,0.139,-0.361,-72.2,Under
Ryan Flournoy,touchdowns,dal,caesars,0.5,0.139,-0.361,-72.2,Under
Jaylin Noel,touchdowns,hou,caesars,0.5,0.139,-0.361,-72.2,Under
Jaylin Noel,touchdowns,hou,fanduel,0.5,0.139,-0.361,-72.2,Under
Jaylin Noel,touchdowns,hou,hardrock,0.5,0.139,-0.361,-72.2,Under
Darnell Washington,touchdowns,pit,hardrock,0.5,0.139,-0.361,-72.2,Under
Darnell Washington,touchdowns,pit,fanduel,0.5,0.139,-0.361,-72.2,Under
Caleb Douglas,touchdowns,mia,draftkings,0.5,0.139,-0.361,-72.2,Under
Cole Kmet,touchdowns,chi,caesars,0.5,0.139,-0.361,-72.2,Under
Ja'Kobi Lane,touchdowns,bal,hardrock,0.5,0.139,-0.361,-72.2,Under
Ja'Kobi Lane,touchdowns,bal,draftkings,0.5,0.139,-0.361,-72.2,Under
Ryan Flournoy,touchdowns,dal,draftkings,0.5,0.139,-0.361,-72.2,Under
Ja'Kobi Lane,touchdowns,bal,caesars,0.5,0.139,-0.361,-72.2,Under
Jerry Jeudy,touchdowns,cle,fanatics,0.5,0.139,-0.361,-72.2,Under
Cole Kmet,touchdowns,chi,hardrock,0.5,0.139,-0.361,-72.2,Under
Cole Kmet,touchdowns,chi,fanatics,0.5,0.139,-0.361,-72.2,Under
Cole Kmet,touchdowns,chi,fanduel,0.5,0.139,-0.361,-72.2,Under
Ryan Flournoy,touchdowns,dal,fanduel,0.5,0.139,-0.361,-72.2,Under
Kenyon Sadiq,touchdowns,nyj,draftkings,0.5,0.139,-0.361,-72.2,Under
Greg Dulcich,touchdowns,mia,fanatics,0.5,0.139,-0.361,-72.2,Under
Greg Dulcich,touchdowns,mia,fanduel,0.5,0.139,-0.361,-72.2,Under
Charlie Kolar,touchdowns,lac,fanatics,0.5,0.139,-0.361,-72.2,Under
Charlie Kolar,touchdowns,lac,caesars,0.5,0.139,-0.361,-72.2,Under
Charlie Kolar,touchdowns,lac,fanduel,0.5,0.139,-0.361,-72.2,Under
Chris Bell,touchdowns,mia,caesars,0.5,0.139,-0.361,-72.2,Under
Malachi Fields,touchdowns,nyg,caesars,0.5,0.139,-0.361,-72.2,Under
Malachi Fields,touchdowns,nyg,hardrock,0.5,0.139,-0.361,-72.2,Under
Malachi Fields,touchdowns,nyg,draftkings,0.5,0.139,-0.361,-72.2,Under
Kenyon Sadiq,touchdowns,nyj,hardrock,0.5,0.139,-0.361,-72.2,Under
Charlie Kolar,touchdowns,lac,hardrock,0.5,0.139,-0.361,-72.2,Under
Greg Dulcich,touchdowns,mia,caesars,0.5,0.139,-0.361,-72.2,Under
Charlie Kolar,touchdowns,lac,draftkings,0.5,0.139,-0.361,-72.2,Under
Greg Dulcich,touchdowns,mia,draftkings,0.5,0.139,-0.361,-72.2,Under
Greg Dulcich,touchdowns,mia,hardrock,0.5,0.139,-0.361,-72.2,Under
Chris Bell,touchdowns,mia,hardrock,0.5,0.139,-0.361,-72.2,Under
Chris Bell,touchdowns,mia,draftkings,0.5,0.139,-0.361,-72.2,Under
Malachi Fields,touchdowns,nyg,fanduel,0.5,0.139,-0.361,-72.2,Under
Ja'Kobi Lane,touchdowns,bal,fanduel,0.5,0.139,-0.361,-72.2,Under
Kenyon Sadiq,touchdowns,nyj,fanduel,0.5,0.139,-0.361,-72.2,Under
Caleb Douglas,touchdowns,mia,fanduel,0.5,0.139,-0.361,-72.2,Under
Caleb Douglas,touchdowns,mia,hardrock,0.5,0.139,-0.361,-72.2,Under
Darnell Washington,touchdowns,pit,fanatics,0.5,0.139,-0.361,-72.2,Under
Darnell Washington,touchdowns,pit,draftkings,0.5,0.139,-0.361,-72.2,Under
Jaylin Noel,touchdowns,hou,draftkings,0.5,0.139,-0.361,-72.2,Under
Ryan Flournoy,touchdowns,dal,fanatics,0.5,0.139,-0.361,-72.2,Under
Kenyon Sadiq,touchdowns,nyj,caesars,0.5,0.139,-0.361,-72.2,Under
De'Von Achane,first-touchdown-scorer,mia,hardrock,0.5,0.14,-0.36,-72.0,Under
Kenneth Walker,first-touchdown-scorer,kan,draftkings,0.5,0.14,-0.36,-72.0,Under
Kenneth Walker,first-touchdown-scorer,kan,hardrock,0.5,0.14,-0.36,-72.0,Under
Bhayshul Tuten,first-touchdown-scorer,jax,fanduel,0.5,0.14,-0.36,-72.0,Under
Bhayshul Tuten,first-touchdown-scorer,jax,caesars,0.5,0.14,-0.36,-72.0,Under
Rico Dowdle,first-touchdown-scorer,pit,fanatics,0.5,0.14,-0.36,-72.0,Under
De'Von Achane,first-touchdown-scorer,mia,fanduel,0.5,0.14,-0.36,-72.0,Under
Saquon Barkley,first-touchdown-scorer,phi,fanduel,0.5,0.14,-0.36,-72.0,Under
Kenneth Walker,first-touchdown-scorer,kan,fanduel,0.5,0.14,-0.36,-72.0,Under
Saquon Barkley,first-touchdown-scorer,phi,fanatics,0.5,0.14,-0.36,-72.0,Under
Saquon Barkley,first-touchdown-scorer,phi,draftkings,0.5,0.14,-0.36,-72.0,Under
Chase Brown,first-touchdown-scorer,cin,draftkings,0.5,0.14,-0.36,-72.0,Under
Saquon Barkley,first-touchdown-scorer,phi,hardrock,0.5,0.14,-0.36,-72.0,Under
Saquon Barkley,first-touchdown-scorer,phi,caesars,0.5,0.14,-0.36,-72.0,Under
Kenneth Walker,first-touchdown-scorer,kan,fanatics,0.5,0.14,-0.36,-72.0,Under
Kenneth Walker,first-touchdown-scorer,kan,caesars,0.5,0.14,-0.36,-72.0,Under
Chase Brown,first-touchdown-scorer,cin,caesars,0.5,0.14,-0.36,-72.0,Under
Chase Brown,first-touchdown-scorer,cin,fanatics,0.5,0.14,-0.36,-72.0,Under
Chase Brown,first-touchdown-scorer,cin,fanduel,0.5,0.14,-0.36,-72.0,Under
De'Von Achane,first-touchdown-scorer,mia,fanatics,0.5,0.14,-0.36,-72.0,Under
De'Von Achane,first-touchdown-scorer,mia,draftkings,0.5,0.14,-0.36,-72.0,Under
De'Von Achane,first-touchdown-scorer,mia,caesars,0.5,0.14,-0.36,-72.0,Under
Rico Dowdle,first-touchdown-scorer,pit,draftkings,0.5,0.14,-0.36,-72.0,Under
Chase Brown,first-touchdown-scorer,cin,hardrock,0.5,0.14,-0.36,-72.0,Under
Bhayshul Tuten,first-touchdown-scorer,jax,draftkings,0.5,0.14,-0.36,-72.0,Under
James Cook,first-touchdown-scorer,buf,fanatics,0.5,0.14,-0.36,-72.0,Under
Bhayshul Tuten,first-touchdown-scorer,jax,hardrock,0.5,0.14,-0.36,-72.0,Under
James Cook,first-touchdown-scorer,buf,hardrock,0.5,0.14,-0.36,-72.0,Under
James Cook,first-touchdown-scorer,buf,caesars,0.5,0.14,-0.36,-72.0,Under
James Cook,first-touchdown-scorer,buf,fanduel,0.5,0.14,-0.36,-72.0,Under
James Cook,first-touchdown-scorer,buf,draftkings,0.5,0.14,-0.36,-72.0,Under
Rico Dowdle,first-touchdown-scorer,pit,caesars,0.5,0.14,-0.36,-72.0,Under
Rico Dowdle,first-touchdown-scorer,pit,hardrock,0.5,0.14,-0.36,-72.0,Under
Rico Dowdle,first-touchdown-scorer,pit,fanduel,0.5,0.14,-0.36,-72.0,Under
J.K. Dobbins,receiving-yards,den,fanduel,3.5,6.0,2.5,71.43,Over
J.K. Dobbins,receiving-yards,den,caesars,3.5,6.0,2.5,71.43,Over
Bryce Young,touchdowns,car,hardrock,0.5,0.148,-0.352,-70.4,Under
Bryce Young,touchdowns,car,fanatics,0.5,0.148,-0.352,-70.4,Under
Bryce Young,touchdowns,car,fanduel,0.5,0.148,-0.352,-70.4,Under
Calvin Ridley,touchdowns,ten,fanduel,0.5,0.148,-0.352,-70.4,Under
Calvin Ridley,touchdowns,ten,caesars,0.5,0.148,-0.352,-70.4,Under
Calvin Ridley,touchdowns,ten,hardrock,0.5,0.148,-0.352,-70.4,Under
Calvin Ridley,touchdowns,ten,draftkings,0.5,0.148,-0.352,-70.4,Under
Calvin Ridley,touchdowns,ten,fanatics,0.5,0.148,-0.352,-70.4,Under
Justice Hill,touchdowns,bal,draftkings,0.5,0.148,-0.352,-70.4,Under
Justice Hill,touchdowns,bal,fanduel,0.5,0.148,-0.352,-70.4,Under
Justice Hill,touchdowns,bal,fanatics,0.5,0.148,-0.352,-70.4,Under
Bryce Young,touchdowns,car,caesars,0.5,0.148,-0.352,-70.4,Under
Justice Hill,touchdowns,bal,hardrock,0.5,0.148,-0.352,-70.4,Under
Justice Hill,touchdowns,bal,caesars,0.5,0.148,-0.352,-70.4,Under
Bryce Young,touchdowns,car,draftkings,0.5,0.148,-0.352,-70.4,Under
Darius Slayton,receiving-yards,nyg,sleeper,13.5,23.0,9.5,70.37,Over
Christian McCaffrey,first-touchdown-scorer,sfo,hardrock,0.5,0.15,-0.35,-70.0,Under
Christian McCaffrey,first-touchdown-scorer,sfo,draftkings,0.5,0.15,-0.35,-70.0,Under
Christian McCaffrey,first-touchdown-scorer,sfo,fanatics,0.5,0.15,-0.35,-70.0,Under
Christian McCaffrey,first-touchdown-scorer,sfo,caesars,0.5,0.15,-0.35,-70.0,Under
Christian McCaffrey,first-touchdown-scorer,sfo,fanduel,0.5,0.15,-0.35,-70.0,Under
Ashton Jeanty,first-touchdown-scorer,lvr,draftkings,0.5,0.15,-0.35,-70.0,Under
Ashton Jeanty,first-touchdown-scorer,lvr,caesars,0.5,0.15,-0.35,-70.0,Under
Ashton Jeanty,first-touchdown-scorer,lvr,hardrock,0.5,0.15,-0.35,-70.0,Under
Ashton Jeanty,first-touchdown-scorer,lvr,fanduel,0.5,0.15,-0.35,-70.0,Under
TreVeyon Henderson,receiving-yards,nwe,riverscasino,6.5,11.0,4.5,69.23,Over
Tank Bigsby,touchdowns,phi,fanatics,0.5,0.156,-0.344,-68.8,Under
Andrei Iosivas,touchdowns,cin,hardrock,0.5,0.156,-0.344,-68.8,Under
Andrei Iosivas,touchdowns,cin,draftkings,0.5,0.156,-0.344,-68.8,Under
Jauan Jennings,touchdowns,min,draftkings,0.5,0.156,-0.344,-68.8,Under
Jauan Jennings,touchdowns,min,fanatics,0.5,0.156,-0.344,-68.8,Under
Darren Waller,touchdowns,car,fanatics,0.5,0.156,-0.344,-68.8,Under
Jauan Jennings,touchdowns,min,caesars,0.5,0.156,-0.344,-68.8,Under
Tank Bigsby,touchdowns,phi,fanduel,0.5,0.156,-0.344,-68.8,Under
Jauan Jennings,touchdowns,min,fanduel,0.5,0.156,-0.344,-68.8,Under
Tank Bigsby,touchdowns,phi,caesars,0.5,0.156,-0.344,-68.8,Under
Jauan Jennings,touchdowns,min,hardrock,0.5,0.156,-0.344,-68.8,Under
Andrei Iosivas,touchdowns,cin,fanatics,0.5,0.156,-0.344,-68.8,Under
Darren Waller,touchdowns,car,caesars,0.5,0.156,-0.344,-68.8,Under
Darren Waller,touchdowns,car,fanduel,0.5,0.156,-0.344,-68.8,Under
Jalen Nailor,touchdowns,lvr,fanatics,0.5,0.156,-0.344,-68.8,Under
Andrei Iosivas,touchdowns,cin,caesars,0.5,0.156,-0.344,-68.8,Under
Andrei Iosivas,touchdowns,cin,fanduel,0.5,0.156,-0.344,-68.8,Under
Jalen Nailor,touchdowns,lvr,caesars,0.5,0.156,-0.344,-68.8,Under
Jalen Nailor,touchdowns,lvr,hardrock,0.5,0.156,-0.344,-68.8,Under
Darren Waller,touchdowns,car,draftkings,0.5,0.156,-0.344,-68.8,Under
Jalen Nailor,touchdowns,lvr,fanduel,0.5,0.156,-0.344,-68.8,Under
Darren Waller,touchdowns,car,hardrock,0.5,0.156,-0.344,-68.8,Under
Tank Bigsby,touchdowns,phi,draftkings,0.5,0.156,-0.344,-68.8,Under
Tank Bigsby,touchdowns,phi,hardrock,0.5,0.156,-0.344,-68.8,Under
Jalen Nailor,touchdowns,lvr,draftkings,0.5,0.156,-0.344,-68.8,Under
Brock Purdy,interceptions,sfo,fanduel,0.5,0.84,0.33999999999999997,68.0,Over
Omarion Hampton,first-touchdown-scorer,lac,fanduel,0.5,0.16,-0.33999999999999997,-68.0,Under
Omarion Hampton,first-touchdown-scorer,lac,draftkings,0.5,0.16,-0.33999999999999997,-68.0,Under
Omarion Hampton,first-touchdown-scorer,lac,hardrock,0.5,0.16,-0.33999999999999997,-68.0,Under
Omarion Hampton,first-touchdown-scorer,lac,caesars,0.5,0.16,-0.33999999999999997,-68.0,Under
Brock Purdy,interceptions,sfo,caesars,0.5,0.84,0.33999999999999997,68.0,Over
Brock Purdy,interceptions,sfo,riverscasino,0.5,0.84,0.33999999999999997,68.0,Over
Brock Purdy,interceptions,sfo,sleeper,0.5,0.84,0.33999999999999997,68.0,Over
Brock Purdy,interceptions,sfo,hardrock,0.5,0.84,0.33999999999999997,68.0,Over
Brock Purdy,interceptions,sfo,draftkings,0.5,0.84,0.33999999999999997,68.0,Over
Mike Gesicki,receiving-yards,cin,fanatics,15.5,26.0,10.5,67.74,Over
Oronde Gadsden,touchdowns,lac,hardrock,0.5,0.165,-0.33499999999999996,-67.0,Under
Gunnar Helm,touchdowns,ten,hardrock,0.5,0.165,-0.33499999999999996,-67.0,Under
Gunnar Helm,touchdowns,ten,caesars,0.5,0.165,-0.33499999999999996,-67.0,Under
Oronde Gadsden,touchdowns,lac,caesars,0.5,0.165,-0.33499999999999996,-67.0,Under
TreVeyon Henderson,touchdowns,nwe,draftkings,0.5,0.165,-0.33499999999999996,-67.0,Under
Oronde Gadsden,touchdowns,lac,draftkings,0.5,0.165,-0.33499999999999996,-67.0,Under
Oronde Gadsden,touchdowns,lac,fanatics,0.5,0.165,-0.33499999999999996,-67.0,Under
Oronde Gadsden,touchdowns,lac,fanduel,0.5,0.165,-0.33499999999999996,-67.0,Under
TreVeyon Henderson,touchdowns,nwe,fanduel,0.5,0.165,-0.33499999999999996,-67.0,Under
TreVeyon Henderson,touchdowns,nwe,caesars,0.5,0.165,-0.33499999999999996,-67.0,Under
Gunnar Helm,touchdowns,ten,fanduel,0.5,0.165,-0.33499999999999996,-67.0,Under
Gunnar Helm,touchdowns,ten,draftkings,0.5,0.165,-0.33499999999999996,-67.0,Under
Adonai Mitchell,touchdowns,nyj,fanduel,0.5,0.165,-0.33499999999999996,-67.0,Under
Terrance Ferguson,touchdowns,,fanduel,0.5,0.165,-0.33499999999999996,-67.0,Under
Terrance Ferguson,touchdowns,,hardrock,0.5,0.165,-0.33499999999999996,-67.0,Under
Terrance Ferguson,touchdowns,,caesars,0.5,0.165,-0.33499999999999996,-67.0,Under
Terrance Ferguson,touchdowns,,draftkings,0.5,0.165,-0.33499999999999996,-67.0,Under
Adonai Mitchell,touchdowns,nyj,caesars,0.5,0.165,-0.33499999999999996,-67.0,Under
Adonai Mitchell,touchdowns,nyj,hardrock,0.5,0.165,-0.33499999999999996,-67.0,Under
Adonai Mitchell,touchdowns,nyj,fanatics,0.5,0.165,-0.33499999999999996,-67.0,Under
TreVeyon Henderson,touchdowns,nwe,hardrock,0.5,0.165,-0.33499999999999996,-67.0,Under
Adonai Mitchell,touchdowns,nyj,draftkings,0.5,0.165,-0.33499999999999996,-67.0,Under
Justice Hill,receptions,bal,fanatics,1.5,2.5,1.0,66.67,Over
Mike Gesicki,receptions,cin,hardrock,1.5,2.5,1.0,66.67,Over
Justice Hill,receptions,bal,hardrock,1.5,2.5,1.0,66.67,Over
Mike Gesicki,receptions,cin,sleeper,1.5,2.5,1.0,66.67,Over
Mike Gesicki,receptions,cin,fanatics,1.5,2.5,1.0,66.67,Over
Justice Hill,receptions,bal,sleeper,1.5,2.5,1.0,66.67,Over
Tyjae Spears,rush-attempts,ten,sleeper,4.5,7.5,3.0,66.67,Over
Dontayvion Wicks,receptions,phi,hardrock,1.5,2.5,1.0,66.67,Over
Jonathan Taylor,first-touchdown-scorer,ind,hardrock,0.5,0.17,-0.32999999999999996,-66.0,Under
Jonathan Taylor,first-touchdown-scorer,ind,fanatics,0.5,0.17,-0.32999999999999996,-66.0,Under
Jonathan Taylor,first-touchdown-scorer,ind,draftkings,0.5,0.17,-0.32999999999999996,-66.0,Under
Jonathan Taylor,first-touchdown-scorer,ind,caesars,0.5,0.17,-0.32999999999999996,-66.0,Under
Jonathan Taylor,first-touchdown-scorer,ind,fanduel,0.5,0.17,-0.32999999999999996,-66.0,Under
Drake Maye,touchdowns,nwe,fanatics,0.5,0.173,-0.327,-65.4,Under
Malik Washington,touchdowns,mia,hardrock,0.5,0.173,-0.327,-65.4,Under
Emanuel Wilson,touchdowns,sea,caesars,0.5,0.173,-0.327,-65.4,Under
Malik Washington,touchdowns,mia,fanduel,0.5,0.173,-0.327,-65.4,Under
Malik Washington,touchdowns,mia,draftkings,0.5,0.173,-0.327,-65.4,Under
Emanuel Wilson,touchdowns,sea,fanduel,0.5,0.173,-0.327,-65.4,Under
Emanuel Wilson,touchdowns,sea,fanatics,0.5,0.173,-0.327,-65.4,Under
Malik Washington,touchdowns,mia,caesars,0.5,0.173,-0.327,-65.4,Under
Malik Washington,touchdowns,mia,fanatics,0.5,0.173,-0.327,-65.4,Under
Drake Maye,touchdowns,nwe,draftkings,0.5,0.173,-0.327,-65.4,Under
Drake Maye,touchdowns,nwe,hardrock,0.5,0.173,-0.327,-65.4,Under
KC Concepcion,touchdowns,cle,draftkings,0.5,0.173,-0.327,-65.4,Under
KC Concepcion,touchdowns,cle,caesars,0.5,0.173,-0.327,-65.4,Under
Emanuel Wilson,touchdowns,sea,hardrock,0.5,0.173,-0.327,-65.4,Under
Emanuel Wilson,touchdowns,sea,draftkings,0.5,0.173,-0.327,-65.4,Under
Drake Maye,touchdowns,nwe,fanduel,0.5,0.173,-0.327,-65.4,Under
KC Concepcion,touchdowns,cle,fanatics,0.5,0.173,-0.327,-65.4,Under
KC Concepcion,touchdowns,cle,fanduel,0.5,0.173,-0.327,-65.4,Under
Drake Maye,touchdowns,nwe,caesars,0.5,0.173,-0.327,-65.4,Under
Justice Hill,receiving-yards,bal,fanduel,11.5,19.0,7.5,65.22,Over
Justice Hill,receiving-yards,bal,draftkings,11.5,19.0,7.5,65.22,Over
Justice Hill,receiving-yards,bal,caesars,11.5,19.0,7.5,65.22,Over
Justice Hill,receiving-yards,bal,sleeper,11.5,19.0,7.5,65.22,Over
Derrick Henry,first-touchdown-scorer,bal,hardrock,0.5,0.18,-0.32,-64.0,Under
Derrick Henry,first-touchdown-scorer,bal,caesars,0.5,0.18,-0.32,-64.0,Under
Derrick Henry,first-touchdown-scorer,bal,draftkings,0.5,0.18,-0.32,-64.0,Under
Bijan Robinson,first-touchdown-scorer,atl,draftkings,0.5,0.18,-0.32,-64.0,Under
Bijan Robinson,first-touchdown-scorer,atl,caesars,0.5,0.18,-0.32,-64.0,Under
Bijan Robinson,first-touchdown-scorer,atl,hardrock,0.5,0.18,-0.32,-64.0,Under
Bijan Robinson,first-touchdown-scorer,atl,fanatics,0.5,0.18,-0.32,-64.0,Under
Bijan Robinson,first-touchdown-scorer,atl,fanduel,0.5,0.18,-0.32,-64.0,Under
Derrick Henry,first-touchdown-scorer,bal,fanatics,0.5,0.18,-0.32,-64.0,Under
Derrick Henry,first-touchdown-scorer,bal,fanduel,0.5,0.18,-0.32,-64.0,Under
Tyler Shough,interceptions,nor,hardrock,0.5,0.82,0.31999999999999995,64.0,Over
Tyler Shough,interceptions,nor,caesars,0.5,0.82,0.31999999999999995,64.0,Over
Tyler Shough,interceptions,nor,sleeper,0.5,0.82,0.31999999999999995,64.0,Over
Tyler Shough,interceptions,nor,draftkings,0.5,0.82,0.31999999999999995,64.0,Over
Rashod Bateman,touchdowns,bal,fanduel,0.5,0.181,-0.319,-63.8,Under
Rashod Bateman,touchdowns,bal,fanatics,0.5,0.181,-0.319,-63.8,Under
Makai Lemon,touchdowns,phi,fanduel,0.5,0.181,-0.319,-63.8,Under
Makai Lemon,touchdowns,phi,caesars,0.5,0.181,-0.319,-63.8,Under
Rashod Bateman,touchdowns,bal,hardrock,0.5,0.181,-0.319,-63.8,Under
Rashod Bateman,touchdowns,bal,caesars,0.5,0.181,-0.319,-63.8,Under
Rashod Bateman,touchdowns,bal,draftkings,0.5,0.181,-0.319,-63.8,Under
Mike Gesicki,touchdowns,cin,draftkings,0.5,0.181,-0.319,-63.8,Under
Dontayvion Wicks,touchdowns,phi,draftkings,0.5,0.181,-0.319,-63.8,Under
Matthew Golden,touchdowns,gnb,hardrock,0.5,0.181,-0.319,-63.8,Under
Dontayvion Wicks,touchdowns,phi,fanatics,0.5,0.181,-0.319,-63.8,Under
Dontayvion Wicks,touchdowns,phi,fanduel,0.5,0.181,-0.319,-63.8,Under
Mike Gesicki,touchdowns,cin,fanduel,0.5,0.181,-0.319,-63.8,Under
Mike Gesicki,touchdowns,cin,caesars,0.5,0.181,-0.319,-63.8,Under
Mike Gesicki,touchdowns,cin,hardrock,0.5,0.181,-0.319,-63.8,Under
Caleb Williams,touchdowns,chi,fanatics,0.5,0.181,-0.319,-63.8,Under
Caleb Williams,touchdowns,chi,draftkings,0.5,0.181,-0.319,-63.8,Under
Caleb Williams,touchdowns,chi,hardrock,0.5,0.181,-0.319,-63.8,Under
Matthew Golden,touchdowns,gnb,fanduel,0.5,0.181,-0.319,-63.8,Under
Matthew Golden,touchdowns,gnb,caesars,0.5,0.181,-0.319,-63.8,Under
Makai Lemon,touchdowns,phi,hardrock,0.5,0.181,-0.319,-63.8,Under
Makai Lemon,touchdowns,phi,draftkings,0.5,0.181,-0.319,-63.8,Under
Caleb Williams,touchdowns,chi,caesars,0.5,0.181,-0.319,-63.8,Under
Caleb Williams,touchdowns,chi,fanduel,0.5,0.181,-0.319,-63.8,Under
Matthew Golden,touchdowns,gnb,draftkings,0.5,0.181,-0.319,-63.8,Under
Mike Gesicki,touchdowns,cin,fanatics,0.5,0.181,-0.319,-63.8,Under
Bo Nix,touchdowns,den,caesars,0.5,0.181,-0.319,-63.8,Under
Patrick Mahomes,touchdowns,kan,draftkings,0.5,0.181,-0.319,-63.8,Under
Bo Nix,touchdowns,den,hardrock,0.5,0.181,-0.319,-63.8,Under
Bo Nix,touchdowns,den,draftkings,0.5,0.181,-0.319,-63.8,Under
Bo Nix,touchdowns,den,fanduel,0.5,0.181,-0.319,-63.8,Under
Bo Nix,touchdowns,den,fanatics,0.5,0.181,-0.319,-63.8,Under
Patrick Mahomes,touchdowns,kan,fanduel,0.5,0.181,-0.319,-63.8,Under
Patrick Mahomes,touchdowns,kan,fanatics,0.5,0.181,-0.319,-63.8,Under
Patrick Mahomes,touchdowns,kan,caesars,0.5,0.181,-0.319,-63.8,Under
Patrick Mahomes,touchdowns,kan,hardrock,0.5,0.181,-0.319,-63.8,Under
Dontayvion Wicks,touchdowns,phi,hardrock,0.5,0.181,-0.319,-63.8,Under
Dontayvion Wicks,touchdowns,phi,caesars,0.5,0.181,-0.319,-63.8,Under
Braelon Allen,touchdowns,nyj,fanatics,0.5,0.189,-0.311,-62.2,Under
David Njoku,touchdowns,lac,fanduel,0.5,0.189,-0.311,-62.2,Under
David Njoku,touchdowns,lac,fanatics,0.5,0.189,-0.311,-62.2,Under
Braelon Allen,touchdowns,nyj,fanduel,0.5,0.189,-0.311,-62.2,Under
David Njoku,touchdowns,lac,hardrock,0.5,0.189,-0.311,-62.2,Under
Braelon Allen,touchdowns,nyj,hardrock,0.5,0.189,-0.311,-62.2,Under
David Njoku,touchdowns,lac,caesars,0.5,0.189,-0.311,-62.2,Under
Isaac TeSlaa,touchdowns,det,fanduel,0.5,0.189,-0.311,-62.2,Under
Isaac TeSlaa,touchdowns,det,hardrock,0.5,0.189,-0.311,-62.2,Under
Keaton Mitchell,touchdowns,lac,draftkings,0.5,0.189,-0.311,-62.2,Under
Isaac TeSlaa,touchdowns,det,caesars,0.5,0.189,-0.311,-62.2,Under
Braelon Allen,touchdowns,nyj,caesars,0.5,0.189,-0.311,-62.2,Under
Braelon Allen,touchdowns,nyj,draftkings,0.5,0.189,-0.311,-62.2,Under
David Njoku,touchdowns,lac,draftkings,0.5,0.189,-0.311,-62.2,Under
Isaac TeSlaa,touchdowns,det,draftkings,0.5,0.189,-0.311,-62.2,Under
Keaton Mitchell,touchdowns,lac,hardrock,0.5,0.189,-0.311,-62.2,Under
Keaton Mitchell,touchdowns,lac,caesars,0.5,0.189,-0.311,-62.2,Under
Keaton Mitchell,touchdowns,lac,fanatics,0.5,0.189,-0.311,-62.2,Under
Keaton Mitchell,touchdowns,lac,fanduel,0.5,0.189,-0.311,-62.2,Under
Bucky Irving,receiving-yards,tam,fanatics,10.5,17.0,6.5,61.9,Over
Jahan Dotson,receiving-yards,atl,fanatics,15.5,25.0,9.5,61.29,Over
Isaac TeSlaa,receiving-yards,det,draftkings,15.5,25.0,9.5,61.29,Over
Khalil Shakir,touchdowns,buf,hardrock,0.5,0.197,-0.303,-60.6,Under
Justin Herbert,touchdowns,lac,draftkings,0.5,0.197,-0.303,-60.6,Under
Justin Herbert,touchdowns,lac,caesars,0.5,0.197,-0.303,-60.6,Under
Justin Herbert,touchdowns,lac,hardrock,0.5,0.197,-0.303,-60.6,Under
Michael Wilson,touchdowns,ari,fanduel,0.5,0.197,-0.303,-60.6,Under
Michael Wilson,touchdowns,ari,fanatics,0.5,0.197,-0.303,-60.6,Under
Wan'Dale Robinson,touchdowns,ten,caesars,0.5,0.197,-0.303,-60.6,Under
Wan'Dale Robinson,touchdowns,ten,hardrock,0.5,0.197,-0.303,-60.6,Under
Wan'Dale Robinson,touchdowns,ten,fanatics,0.5,0.197,-0.303,-60.6,Under
Wan'Dale Robinson,touchdowns,ten,fanduel,0.5,0.197,-0.303,-60.6,Under
Michael Wilson,touchdowns,ari,caesars,0.5,0.197,-0.303,-60.6,Under
Colby Parkinson,touchdowns,,fanduel,0.5,0.197,-0.303,-60.6,Under
Colby Parkinson,touchdowns,,caesars,0.5,0.197,-0.303,-60.6,Under
Wan'Dale Robinson,touchdowns,ten,draftkings,0.5,0.197,-0.303,-60.6,Under
Keenan Allen,touchdowns,ind,draftkings,0.5,0.197,-0.303,-60.6,Under
Colby Parkinson,touchdowns,,hardrock,0.5,0.197,-0.303,-60.6,Under
Justin Herbert,touchdowns,lac,fanatics,0.5,0.197,-0.303,-60.6,Under
Justin Herbert,touchdowns,lac,fanduel,0.5,0.197,-0.303,-60.6,Under
Colby Parkinson,touchdowns,,draftkings,0.5,0.197,-0.303,-60.6,Under
Colby Parkinson,touchdowns,,fanatics,0.5,0.197,-0.303,-60.6,Under
Keenan Allen,touchdowns,ind,hardrock,0.5,0.197,-0.303,-60.6,Under
Keenan Allen,touchdowns,ind,fanduel,0.5,0.197,-0.303,-60.6,Under
De'Zhaun Stribling,touchdowns,sfo,fanduel,0.5,0.197,-0.303,-60.6,Under
De'Zhaun Stribling,touchdowns,sfo,hardrock,0.5,0.197,-0.303,-60.6,Under
Dalton Schultz,touchdowns,hou,fanduel,0.5,0.197,-0.303,-60.6,Under
Dalton Schultz,touchdowns,hou,fanatics,0.5,0.197,-0.303,-60.6,Under
Khalil Shakir,touchdowns,buf,fanatics,0.5,0.197,-0.303,-60.6,Under
Michael Wilson,touchdowns,ari,draftkings,0.5,0.197,-0.303,-60.6,Under
Khalil Shakir,touchdowns,buf,fanduel,0.5,0.197,-0.303,-60.6,Under
Dalton Schultz,touchdowns,hou,draftkings,0.5,0.197,-0.303,-60.6,Under
Keenan Allen,touchdowns,ind,fanatics,0.5,0.197,-0.303,-60.6,Under
Michael Wilson,touchdowns,ari,hardrock,0.5,0.197,-0.303,-60.6,Under
De'Zhaun Stribling,touchdowns,sfo,draftkings,0.5,0.197,-0.303,-60.6,Under
Keenan Allen,touchdowns,ind,caesars,0.5,0.197,-0.303,-60.6,Under
Dalton Schultz,touchdowns,hou,hardrock,0.5,0.197,-0.303,-60.6,Under
De'Zhaun Stribling,touchdowns,sfo,caesars,0.5,0.197,-0.303,-60.6,Under
Khalil Shakir,touchdowns,buf,caesars,0.5,0.197,-0.303,-60.6,Under
Dalton Schultz,touchdowns,hou,caesars,0.5,0.197,-0.303,-60.6,Under
Khalil Shakir,touchdowns,buf,draftkings,0.5,0.197,-0.303,-60.6,Under
Rachaad White,rushing-yards,was,sleeper,22.5,36.0,13.5,60.0,Over
Tyler Shough,touchdowns,nor,caesars,0.5,0.205,-0.29500000000000004,-59.0,Under
Chris Brooks,touchdowns,gnb,caesars,0.5,0.205,-0.29500000000000004,-59.0,Under
Chris Brooks,touchdowns,gnb,hardrock,0.5,0.205,-0.29500000000000004,-59.0,Under
Chris Brooks,touchdowns,gnb,draftkings,0.5,0.205,-0.29500000000000004,-59.0,Under
Cooper Kupp,touchdowns,sea,fanatics,0.5,0.205,-0.29500000000000004,-59.0,Under
Cooper Kupp,touchdowns,sea,caesars,0.5,0.205,-0.29500000000000004,-59.0,Under
Chris Brooks,touchdowns,gnb,fanatics,0.5,0.205,-0.29500000000000004,-59.0,Under
Chris Brooks,touchdowns,gnb,fanduel,0.5,0.205,-0.29500000000000004,-59.0,Under
Cooper Kupp,touchdowns,sea,hardrock,0.5,0.205,-0.29500000000000004,-59.0,Under
Cooper Kupp,touchdowns,sea,fanduel,0.5,0.205,-0.29500000000000004,-59.0,Under
Cooper Kupp,touchdowns,sea,draftkings,0.5,0.205,-0.29500000000000004,-59.0,Under
Tyler Shough,touchdowns,nor,fanduel,0.5,0.205,-0.29500000000000004,-59.0,Under
Tyler Shough,touchdowns,nor,hardrock,0.5,0.205,-0.29500000000000004,-59.0,Under
Tyler Shough,touchdowns,nor,draftkings,0.5,0.205,-0.29500000000000004,-59.0,Under
Tyjae Spears,rushing-yards,ten,draftkings,19.5,31.0,11.5,58.97,Over
Jahmyr Gibbs,first-touchdown-scorer,det,hardrock,0.5,0.21,-0.29000000000000004,-58.0,Under
Jahmyr Gibbs,first-touchdown-scorer,det,fanduel,0.5,0.21,-0.29000000000000004,-58.0,Under
Jahmyr Gibbs,first-touchdown-scorer,det,draftkings,0.5,0.21,-0.29000000000000004,-58.0,Under
Jahmyr Gibbs,first-touchdown-scorer,det,caesars,0.5,0.21,-0.29000000000000004,-58.0,Under
Jahmyr Gibbs,first-touchdown-scorer,det,fanatics,0.5,0.21,-0.29000000000000004,-58.0,Under
Devaughn Vele,touchdowns,nor,draftkings,0.5,0.213,-0.28700000000000003,-57.4,Under
Harold Fannin,touchdowns,cle,caesars,0.5,0.213,-0.28700000000000003,-57.4,Under
Harold Fannin,touchdowns,cle,hardrock,0.5,0.213,-0.28700000000000003,-57.4,Under
Harold Fannin,touchdowns,cle,draftkings,0.5,0.213,-0.28700000000000003,-57.4,Under
Devaughn Vele,touchdowns,nor,fanduel,0.5,0.213,-0.28700000000000003,-57.4,Under
Devaughn Vele,touchdowns,nor,fanatics,0.5,0.213,-0.28700000000000003,-57.4,Under
Devaughn Vele,touchdowns,nor,caesars,0.5,0.213,-0.28700000000000003,-57.4,Under
Devaughn Vele,touchdowns,nor,hardrock,0.5,0.213,-0.28700000000000003,-57.4,Under
Stefon Diggs,touchdowns,was,hardrock,0.5,0.213,-0.28700000000000003,-57.4,Under
Kayshon Boutte,touchdowns,hou,draftkings,0.5,0.213,-0.28700000000000003,-57.4,Under
Kayshon Boutte,touchdowns,hou,hardrock,0.5,0.213,-0.28700000000000003,-57.4,Under
Kayshon Boutte,touchdowns,hou,caesars,0.5,0.213,-0.28700000000000003,-57.4,Under
Harold Fannin,touchdowns,cle,fanduel,0.5,0.213,-0.28700000000000003,-57.4,Under
D.J. Moore,touchdowns,buf,draftkings,0.5,0.213,-0.28700000000000003,-57.4,Under
Romeo Doubs,touchdowns,nwe,fanatics,0.5,0.213,-0.28700000000000003,-57.4,Under
Romeo Doubs,touchdowns,nwe,fanduel,0.5,0.213,-0.28700000000000003,-57.4,Under
D.J. Moore,touchdowns,buf,hardrock,0.5,0.213,-0.28700000000000003,-57.4,Under
Stefon Diggs,touchdowns,was,draftkings,0.5,0.213,-0.28700000000000003,-57.4,Under
Romeo Doubs,touchdowns,nwe,draftkings,0.5,0.213,-0.28700000000000003,-57.4,Under
Romeo Doubs,touchdowns,nwe,hardrock,0.5,0.213,-0.28700000000000003,-57.4,Under
Cade Otton,touchdowns,tam,hardrock,0.5,0.213,-0.28700000000000003,-57.4,Under
Cade Otton,touchdowns,tam,fanduel,0.5,0.213,-0.28700000000000003,-57.4,Under
Cade Otton,touchdowns,tam,caesars,0.5,0.213,-0.28700000000000003,-57.4,Under
Cade Otton,touchdowns,tam,draftkings,0.5,0.213,-0.28700000000000003,-57.4,Under
Cade Otton,touchdowns,tam,fanatics,0.5,0.213,-0.28700000000000003,-57.4,Under
Tre' Harris,touchdowns,lac,caesars,0.5,0.213,-0.28700000000000003,-57.4,Under
Kayshon Boutte,touchdowns,hou,fanduel,0.5,0.213,-0.28700000000000003,-57.4,Under
Kayshon Boutte,touchdowns,hou,fanatics,0.5,0.213,-0.28700000000000003,-57.4,Under
Tre' Harris,touchdowns,lac,fanduel,0.5,0.213,-0.28700000000000003,-57.4,Under
Tre' Harris,touchdowns,lac,hardrock,0.5,0.213,-0.28700000000000003,-57.4,Under
Tre' Harris,touchdowns,lac,fanatics,0.5,0.213,-0.28700000000000003,-57.4,Under
Tre' Harris,touchdowns,lac,draftkings,0.5,0.213,-0.28700000000000003,-57.4,Under
Romeo Doubs,touchdowns,nwe,caesars,0.5,0.213,-0.28700000000000003,-57.4,Under
D.J. Moore,touchdowns,buf,fanatics,0.5,0.213,-0.28700000000000003,-57.4,Under
D.J. Moore,touchdowns,buf,fanduel,0.5,0.213,-0.28700000000000003,-57.4,Under
D.J. Moore,touchdowns,buf,caesars,0.5,0.213,-0.28700000000000003,-57.4,Under
Hunter Henry,touchdowns,nwe,fanatics,0.5,0.213,-0.28700000000000003,-57.4,Under
Hunter Henry,touchdowns,nwe,caesars,0.5,0.213,-0.28700000000000003,-57.4,Under
Hunter Henry,touchdowns,nwe,fanduel,0.5,0.213,-0.28700000000000003,-57.4,Under
Hunter Henry,touchdowns,nwe,hardrock,0.5,0.213,-0.28700000000000003,-57.4,Under
Hunter Henry,touchdowns,nwe,draftkings,0.5,0.213,-0.28700000000000003,-57.4,Under
Stefon Diggs,touchdowns,was,fanatics,0.5,0.213,-0.28700000000000003,-57.4,Under
Stefon Diggs,touchdowns,was,fanduel,0.5,0.213,-0.28700000000000003,-57.4,Under
Stefon Diggs,touchdowns,was,caesars,0.5,0.213,-0.28700000000000003,-57.4,Under
Kayshon Boutte,receiving-yards,hou,riverscasino,20.5,32.0,11.5,56.1,Over
Kayshon Boutte,receiving-yards,hou,fanatics,20.5,32.0,11.5,56.1,Over
Brian Robinson,touchdowns,atl,fanduel,0.5,0.221,-0.279,-55.8,Under
Pat Freiermuth,touchdowns,pit,fanatics,0.5,0.221,-0.279,-55.8,Under
Pat Freiermuth,touchdowns,pit,fanduel,0.5,0.221,-0.279,-55.8,Under
T.J. Hockenson,touchdowns,min,fanatics,0.5,0.221,-0.279,-55.8,Under
T.J. Hockenson,touchdowns,min,caesars,0.5,0.221,-0.279,-55.8,Under
T.J. Hockenson,touchdowns,min,hardrock,0.5,0.221,-0.279,-55.8,Under
T.J. Hockenson,touchdowns,min,draftkings,0.5,0.221,-0.279,-55.8,Under
Alec Pierce,touchdowns,ind,fanatics,0.5,0.221,-0.279,-55.8,Under
Samaje Perine,touchdowns,cin,draftkings,0.5,0.221,-0.279,-55.8,Under
Alec Pierce,touchdowns,ind,fanduel,0.5,0.221,-0.279,-55.8,Under
Dalton Kincaid,touchdowns,buf,hardrock,0.5,0.221,-0.279,-55.8,Under
Alec Pierce,touchdowns,ind,caesars,0.5,0.221,-0.279,-55.8,Under
Alec Pierce,touchdowns,ind,hardrock,0.5,0.221,-0.279,-55.8,Under
Dalton Kincaid,touchdowns,buf,caesars,0.5,0.221,-0.279,-55.8,Under
Dalton Kincaid,touchdowns,buf,fanatics,0.5,0.221,-0.279,-55.8,Under
Alec Pierce,touchdowns,ind,draftkings,0.5,0.221,-0.279,-55.8,Under
Dalton Kincaid,touchdowns,buf,fanduel,0.5,0.221,-0.279,-55.8,Under
Brian Robinson,touchdowns,atl,fanatics,0.5,0.221,-0.279,-55.8,Under
T.J. Hockenson,touchdowns,min,fanduel,0.5,0.221,-0.279,-55.8,Under
Samaje Perine,touchdowns,cin,fanatics,0.5,0.221,-0.279,-55.8,Under
Samaje Perine,touchdowns,cin,hardrock,0.5,0.221,-0.279,-55.8,Under
Brian Robinson,touchdowns,atl,caesars,0.5,0.221,-0.279,-55.8,Under
Brian Robinson,touchdowns,atl,hardrock,0.5,0.221,-0.279,-55.8,Under
Tre Tucker,touchdowns,lvr,draftkings,0.5,0.221,-0.279,-55.8,Under
Pat Freiermuth,touchdowns,pit,draftkings,0.5,0.221,-0.279,-55.8,Under
Pat Freiermuth,touchdowns,pit,hardrock,0.5,0.221,-0.279,-55.8,Under
Pat Freiermuth,touchdowns,pit,caesars,0.5,0.221,-0.279,-55.8,Under
Samaje Perine,touchdowns,cin,caesars,0.5,0.221,-0.279,-55.8,Under
Dalton Kincaid,touchdowns,buf,draftkings,0.5,0.221,-0.279,-55.8,Under
Tre Tucker,touchdowns,lvr,hardrock,0.5,0.221,-0.279,-55.8,Under
Tre Tucker,touchdowns,lvr,caesars,0.5,0.221,-0.279,-55.8,Under
Brian Robinson,touchdowns,atl,draftkings,0.5,0.221,-0.279,-55.8,Under
Samaje Perine,touchdowns,cin,fanduel,0.5,0.221,-0.279,-55.8,Under
Tre Tucker,touchdowns,lvr,fanatics,0.5,0.221,-0.279,-55.8,Under
Tre Tucker,touchdowns,lvr,fanduel,0.5,0.221,-0.279,-55.8,Under
Rashid Shaheed,touchdowns,sea,fanduel,0.5,0.229,-0.271,-54.2,Under
Kyler Murray,touchdowns,min,caesars,0.5,0.229,-0.271,-54.2,Under
Rashid Shaheed,touchdowns,sea,fanatics,0.5,0.229,-0.271,-54.2,Under
Courtland Sutton,touchdowns,den,fanatics,0.5,0.229,-0.271,-54.2,Under
Kyler Murray,touchdowns,min,hardrock,0.5,0.229,-0.271,-54.2,Under
Kyler Murray,touchdowns,min,draftkings,0.5,0.229,-0.271,-54.2,Under
Xavier Worthy,touchdowns,kan,caesars,0.5,0.229,-0.271,-54.2,Under
Xavier Worthy,touchdowns,kan,hardrock,0.5,0.229,-0.271,-54.2,Under
Xavier Worthy,touchdowns,kan,fanatics,0.5,0.229,-0.271,-54.2,Under
Trevor Lawrence,touchdowns,jax,fanatics,0.5,0.229,-0.271,-54.2,Under
Josh Downs,touchdowns,ind,fanduel,0.5,0.229,-0.271,-54.2,Under
Josh Downs,touchdowns,ind,fanatics,0.5,0.229,-0.271,-54.2,Under
Josh Downs,touchdowns,ind,hardrock,0.5,0.229,-0.271,-54.2,Under
Xavier Worthy,touchdowns,kan,draftkings,0.5,0.229,-0.271,-54.2,Under
Brenton Strange,touchdowns,jax,draftkings,0.5,0.229,-0.271,-54.2,Under
Brenton Strange,touchdowns,jax,caesars,0.5,0.229,-0.271,-54.2,Under
Rashid Shaheed,touchdowns,sea,draftkings,0.5,0.229,-0.271,-54.2,Under
Rashid Shaheed,touchdowns,sea,caesars,0.5,0.229,-0.271,-54.2,Under
Courtland Sutton,touchdowns,den,hardrock,0.5,0.229,-0.271,-54.2,Under
Deebo Samuel,touchdowns,sfo,hardrock,0.5,0.229,-0.271,-54.2,Under
Deebo Samuel,touchdowns,sfo,caesars,0.5,0.229,-0.271,-54.2,Under
Deebo Samuel,touchdowns,sfo,fanatics,0.5,0.229,-0.271,-54.2,Under
Courtland Sutton,touchdowns,den,draftkings,0.5,0.229,-0.271,-54.2,Under
Kyler Murray,touchdowns,min,fanduel,0.5,0.229,-0.271,-54.2,Under
Tyler Allgeier,touchdowns,ari,caesars,0.5,0.229,-0.271,-54.2,Under
Courtland Sutton,touchdowns,den,fanduel,0.5,0.229,-0.271,-54.2,Under
Tyler Allgeier,touchdowns,ari,fanduel,0.5,0.229,-0.271,-54.2,Under
Tyler Allgeier,touchdowns,ari,fanatics,0.5,0.229,-0.271,-54.2,Under
Tyler Allgeier,touchdowns,ari,draftkings,0.5,0.229,-0.271,-54.2,Under
Tyler Allgeier,touchdowns,ari,hardrock,0.5,0.229,-0.271,-54.2,Under
Kyler Murray,touchdowns,min,fanatics,0.5,0.229,-0.271,-54.2,Under
Courtland Sutton,touchdowns,den,caesars,0.5,0.229,-0.271,-54.2,Under
Rashid Shaheed,touchdowns,sea,hardrock,0.5,0.229,-0.271,-54.2,Under
Trevor Lawrence,touchdowns,jax,caesars,0.5,0.229,-0.271,-54.2,Under
Deebo Samuel,touchdowns,sfo,draftkings,0.5,0.229,-0.271,-54.2,Under
Trevor Lawrence,touchdowns,jax,draftkings,0.5,0.229,-0.271,-54.2,Under
Trevor Lawrence,touchdowns,jax,hardrock,0.5,0.229,-0.271,-54.2,Under
Brenton Strange,touchdowns,jax,fanatics,0.5,0.229,-0.271,-54.2,Under
Deebo Samuel,touchdowns,sfo,fanduel,0.5,0.229,-0.271,-54.2,Under
Trevor Lawrence,touchdowns,jax,fanduel,0.5,0.229,-0.271,-54.2,Under
Xavier Worthy,touchdowns,kan,fanduel,0.5,0.229,-0.271,-54.2,Under
Brenton Strange,touchdowns,jax,hardrock,0.5,0.229,-0.271,-54.2,Under
Josh Downs,touchdowns,ind,caesars,0.5,0.229,-0.271,-54.2,Under
Josh Downs,touchdowns,ind,draftkings,0.5,0.229,-0.271,-54.2,Under
Brenton Strange,touchdowns,jax,fanduel,0.5,0.229,-0.271,-54.2,Under
Kirk Cousins,interceptions,lvr,hardrock,0.5,0.77,0.27,54.0,Over
Kirk Cousins,interceptions,lvr,draftkings,0.5,0.77,0.27,54.0,Over
Kirk Cousins,interceptions,lvr,sleeper,0.5,0.77,0.27,54.0,Over
Kirk Cousins,interceptions,lvr,caesars,0.5,0.77,0.27,54.0,Over
Colbie Young,receptions,cin,sleeper,1.5,0.7,-0.8,-53.33,Under
Colbie Young,receptions,cin,hardrock,1.5,0.7,-0.8,-53.33,Under
Drew Sample,receptions,cin,hardrock,1.5,0.7,-0.8,-53.33,Under
Drew Sample,receptions,cin,sleeper,1.5,0.7,-0.8,-53.33,Under
Drew Sample,receptions,cin,fanatics,1.5,0.7,-0.8,-53.33,Under
Rachaad White,rushing-yards,was,caesars,23.5,36.0,12.5,53.19,Over
Rachaad White,rushing-yards,was,draftkings,23.5,36.0,12.5,53.19,Over
Quinshon Judkins,receiving-yards,cle,riverscasino,8.5,13.0,4.5,52.94,Over
Malik Willis,touchdowns,mia,draftkings,0.5,0.237,-0.263,-52.6,Under
Kyle Pitts,touchdowns,atl,fanatics,0.5,0.237,-0.263,-52.6,Under
Malik Willis,touchdowns,mia,hardrock,0.5,0.237,-0.263,-52.6,Under
Malik Willis,touchdowns,mia,fanduel,0.5,0.237,-0.263,-52.6,Under
Malik Willis,touchdowns,mia,fanatics,0.5,0.237,-0.263,-52.6,Under
Malik Willis,touchdowns,mia,caesars,0.5,0.237,-0.263,-52.6,Under
Juwan Johnson,touchdowns,nor,fanatics,0.5,0.237,-0.263,-52.6,Under
Kyle Pitts,touchdowns,atl,fanduel,0.5,0.237,-0.263,-52.6,Under
Kyle Pitts,touchdowns,atl,caesars,0.5,0.237,-0.263,-52.6,Under
Juwan Johnson,touchdowns,nor,draftkings,0.5,0.237,-0.263,-52.6,Under
Marvin Harrison,touchdowns,ari,draftkings,0.5,0.237,-0.263,-52.6,Under
Jalen Coker,touchdowns,car,fanduel,0.5,0.237,-0.263,-52.6,Under
Jalen Coker,touchdowns,car,draftkings,0.5,0.237,-0.263,-52.6,Under
Jalen Coker,touchdowns,car,hardrock,0.5,0.237,-0.263,-52.6,Under
Jalen Coker,touchdowns,car,fanatics,0.5,0.237,-0.263,-52.6,Under
Lamar Jackson,touchdowns,bal,hardrock,0.5,0.237,-0.263,-52.6,Under
Lamar Jackson,touchdowns,bal,caesars,0.5,0.237,-0.263,-52.6,Under
Jalen Coker,touchdowns,car,caesars,0.5,0.237,-0.263,-52.6,Under
Lamar Jackson,touchdowns,bal,fanduel,0.5,0.237,-0.263,-52.6,Under
Lamar Jackson,touchdowns,bal,draftkings,0.5,0.237,-0.263,-52.6,Under
Lamar Jackson,touchdowns,bal,fanatics,0.5,0.237,-0.263,-52.6,Under
Juwan Johnson,touchdowns,nor,caesars,0.5,0.237,-0.263,-52.6,Under
Juwan Johnson,touchdowns,nor,fanduel,0.5,0.237,-0.263,-52.6,Under
Marvin Harrison,touchdowns,ari,hardrock,0.5,0.237,-0.263,-52.6,Under
Kyle Pitts,touchdowns,atl,draftkings,0.5,0.237,-0.263,-52.6,Under
Kyle Pitts,touchdowns,atl,hardrock,0.5,0.237,-0.263,-52.6,Under
Marvin Harrison,touchdowns,ari,fanatics,0.5,0.237,-0.263,-52.6,Under
Marvin Harrison,touchdowns,ari,fanduel,0.5,0.237,-0.263,-52.6,Under
Juwan Johnson,touchdowns,nor,hardrock,0.5,0.237,-0.263,-52.6,Under
Jaylen Warren,receiving-yards,pit,riverscasino,14.5,22.0,7.5,51.72,Over
Isaac TeSlaa,receiving-yards,det,caesars,16.5,25.0,8.5,51.52,Over
Isaac TeSlaa,receiving-yards,det,fanduel,16.5,25.0,8.5,51.52,Over
Isaac TeSlaa,receiving-yards,det,sleeper,16.5,25.0,8.5,51.52,Over
Tyjae Spears,rushing-yards,ten,riverscasino,20.5,31.0,10.5,51.22,Over
Tyjae Spears,rushing-yards,ten,caesars,20.5,31.0,10.5,51.22,Over
Tyjae Spears,rushing-yards,ten,sleeper,20.5,31.0,10.5,51.22,Over
Tyjae Spears,rushing-yards,ten,fanatics,20.5,31.0,10.5,51.22,Over
Woody Marks,touchdowns,hou,caesars,0.5,0.244,-0.256,-51.2,Under
Isaiah Likely,touchdowns,nyg,draftkings,0.5,0.244,-0.256,-51.2,Under
Brian Thomas,touchdowns,jax,hardrock,0.5,0.244,-0.256,-51.2,Under
Jalen McMillan,touchdowns,tam,hardrock,0.5,0.244,-0.256,-51.2,Under
Isaiah Likely,touchdowns,nyg,fanatics,0.5,0.244,-0.256,-51.2,Under
Isaiah Likely,touchdowns,nyg,hardrock,0.5,0.244,-0.256,-51.2,Under
Isaiah Likely,touchdowns,nyg,fanduel,0.5,0.244,-0.256,-51.2,Under
Isaiah Likely,touchdowns,nyg,caesars,0.5,0.244,-0.256,-51.2,Under
Jalen McMillan,touchdowns,tam,fanatics,0.5,0.244,-0.256,-51.2,Under
Jalen McMillan,touchdowns,tam,fanduel,0.5,0.244,-0.256,-51.2,Under
Woody Marks,touchdowns,hou,draftkings,0.5,0.244,-0.256,-51.2,Under
Brian Thomas,touchdowns,jax,fanatics,0.5,0.244,-0.256,-51.2,Under
Brian Thomas,touchdowns,jax,fanduel,0.5,0.244,-0.256,-51.2,Under
Jalen McMillan,touchdowns,tam,draftkings,0.5,0.244,-0.256,-51.2,Under
Jalen McMillan,touchdowns,tam,caesars,0.5,0.244,-0.256,-51.2,Under
Woody Marks,touchdowns,hou,hardrock,0.5,0.244,-0.256,-51.2,Under
Brian Thomas,touchdowns,jax,draftkings,0.5,0.244,-0.256,-51.2,Under
Woody Marks,touchdowns,hou,fanduel,0.5,0.244,-0.256,-51.2,Under
George Holani,touchdowns,sea,fanduel,0.5,0.252,-0.248,-49.6,Under
George Holani,touchdowns,sea,draftkings,0.5,0.252,-0.248,-49.6,Under
George Holani,touchdowns,sea,caesars,0.5,0.252,-0.248,-49.6,Under
George Holani,touchdowns,sea,hardrock,0.5,0.252,-0.248,-49.6,Under
George Holani,touchdowns,sea,fanatics,0.5,0.252,-0.248,-49.6,Under
AJ Barner,touchdowns,sea,fanduel,0.5,0.252,-0.248,-49.6,Under
Travis Kelce,touchdowns,kan,hardrock,0.5,0.252,-0.248,-49.6,Under
Jakobi Meyers,touchdowns,jax,draftkings,0.5,0.252,-0.248,-49.6,Under
Travis Kelce,touchdowns,kan,fanatics,0.5,0.252,-0.248,-49.6,Under
Travis Kelce,touchdowns,kan,caesars,0.5,0.252,-0.248,-49.6,Under
Travis Kelce,touchdowns,kan,fanduel,0.5,0.252,-0.248,-49.6,Under
Travis Kelce,touchdowns,kan,draftkings,0.5,0.252,-0.248,-49.6,Under
Jakobi Meyers,touchdowns,jax,hardrock,0.5,0.252,-0.248,-49.6,Under
Jakobi Meyers,touchdowns,jax,fanduel,0.5,0.252,-0.248,-49.6,Under
AJ Barner,touchdowns,sea,fanatics,0.5,0.252,-0.248,-49.6,Under
Jakobi Meyers,touchdowns,jax,fanatics,0.5,0.252,-0.248,-49.6,Under
AJ Barner,touchdowns,sea,draftkings,0.5,0.252,-0.248,-49.6,Under
Jakobi Meyers,touchdowns,jax,caesars,0.5,0.252,-0.248,-49.6,Under
AJ Barner,touchdowns,sea,hardrock,0.5,0.252,-0.248,-49.6,Under
AJ Barner,touchdowns,sea,caesars,0.5,0.252,-0.248,-49.6,Under
RJ Harvey,rushing-yards,den,draftkings,19.5,29.0,9.5,48.72,Over
Jordan Addison,touchdowns,min,fanduel,0.5,0.259,-0.241,-48.2,Under
Jordan Addison,touchdowns,min,fanatics,0.5,0.259,-0.241,-48.2,Under
Jordan Addison,touchdowns,min,draftkings,0.5,0.259,-0.241,-48.2,Under
Jordan Addison,touchdowns,min,hardrock,0.5,0.259,-0.241,-48.2,Under
Jordan Addison,touchdowns,min,caesars,0.5,0.259,-0.241,-48.2,Under
Geno Smith,interceptions,nyj,draftkings,0.5,0.74,0.24,48.0,Over
Bo Nix,interceptions,den,hardrock,0.5,0.74,0.24,48.0,Over
Sam Darnold,interceptions,sea,riverscasino,0.5,0.74,0.24,48.0,Over
Sam Darnold,interceptions,sea,sleeper,0.5,0.74,0.24,48.0,Over
Sam Darnold,interceptions,sea,draftkings,0.5,0.74,0.24,48.0,Over
Bo Nix,interceptions,den,draftkings,0.5,0.74,0.24,48.0,Over
Sam Darnold,interceptions,sea,caesars,0.5,0.74,0.24,48.0,Over
Sam Darnold,interceptions,sea,hardrock,0.5,0.74,0.24,48.0,Over
Geno Smith,interceptions,nyj,hardrock,0.5,0.74,0.24,48.0,Over
Sam Darnold,interceptions,sea,fanduel,0.5,0.74,0.24,48.0,Over
Geno Smith,interceptions,nyj,sleeper,0.5,0.74,0.24,48.0,Over
Bo Nix,interceptions,den,sleeper,0.5,0.74,0.24,48.0,Over
Geno Smith,interceptions,nyj,caesars,0.5,0.74,0.24,48.0,Over
Rachaad White,rushing-yards,was,fanduel,24.5,36.0,11.5,46.94,Over
TreVeyon Henderson,receiving-yards,nwe,draftkings,7.5,11.0,3.5,46.67,Over
Javonte Williams,receptions,dal,sleeper,1.5,2.2,0.7000000000000002,46.67,Over
Kayshon Boutte,receptions,hou,draftkings,1.5,2.2,0.7000000000000002,46.67,Over
Kayshon Boutte,receptions,hou,sleeper,1.5,2.2,0.7000000000000002,46.67,Over
Joe Burrow,passing-tds,cin,riverscasino,1.5,2.2,0.7000000000000002,46.67,Over
TreVeyon Henderson,receiving-yards,nwe,caesars,7.5,11.0,3.5,46.67,Over
TreVeyon Henderson,receiving-yards,nwe,fanduel,7.5,11.0,3.5,46.67,Over
TreVeyon Henderson,receiving-yards,nwe,sleeper,7.5,11.0,3.5,46.67,Over
Joe Burrow,passing-tds,cin,fanatics,1.5,2.2,0.7000000000000002,46.67,Over
Joe Burrow,passing-tds,cin,draftkings,1.5,2.2,0.7000000000000002,46.67,Over
Javonte Williams,receptions,dal,hardrock,1.5,2.2,0.7000000000000002,46.67,Over
Javonte Williams,receptions,dal,caesars,1.5,2.2,0.7000000000000002,46.67,Over
Kayshon Boutte,receptions,hou,caesars,1.5,2.2,0.7000000000000002,46.67,Over
Kayshon Boutte,receptions,hou,hardrock,1.5,2.2,0.7000000000000002,46.67,Over
Kayshon Boutte,receptions,hou,fanduel,1.5,2.2,0.7000000000000002,46.67,Over
Kayshon Boutte,receptions,hou,fanatics,1.5,2.2,0.7000000000000002,46.67,Over
Carnell Tate,touchdowns,ten,hardrock,0.5,0.267,-0.23299999999999998,-46.6,Under
Carnell Tate,touchdowns,ten,draftkings,0.5,0.267,-0.23299999999999998,-46.6,Under
Chris Rodriguez,touchdowns,jax,draftkings,0.5,0.267,-0.23299999999999998,-46.6,Under
Chris Rodriguez,touchdowns,jax,hardrock,0.5,0.267,-0.23299999999999998,-46.6,Under
Michael Pittman,touchdowns,pit,draftkings,0.5,0.267,-0.23299999999999998,-46.6,Under
Jayden Reed,touchdowns,gnb,fanduel,0.5,0.267,-0.23299999999999998,-46.6,Under
Carnell Tate,touchdowns,ten,caesars,0.5,0.267,-0.23299999999999998,-46.6,Under
Jayden Reed,touchdowns,gnb,caesars,0.5,0.267,-0.23299999999999998,-46.6,Under
Jayden Reed,touchdowns,gnb,hardrock,0.5,0.267,-0.23299999999999998,-46.6,Under
Jayden Reed,touchdowns,gnb,draftkings,0.5,0.267,-0.23299999999999998,-46.6,Under
Carnell Tate,touchdowns,ten,fanduel,0.5,0.267,-0.23299999999999998,-46.6,Under
Michael Pittman,touchdowns,pit,hardrock,0.5,0.267,-0.23299999999999998,-46.6,Under
Michael Pittman,touchdowns,pit,caesars,0.5,0.267,-0.23299999999999998,-46.6,Under
Michael Pittman,touchdowns,pit,fanatics,0.5,0.267,-0.23299999999999998,-46.6,Under
Jayden Reed,touchdowns,gnb,fanatics,0.5,0.267,-0.23299999999999998,-46.6,Under
RJ Harvey,touchdowns,den,fanduel,0.5,0.267,-0.23299999999999998,-46.6,Under
RJ Harvey,touchdowns,den,draftkings,0.5,0.267,-0.23299999999999998,-46.6,Under
Michael Pittman,touchdowns,pit,fanduel,0.5,0.267,-0.23299999999999998,-46.6,Under
RJ Harvey,touchdowns,den,caesars,0.5,0.267,-0.23299999999999998,-46.6,Under
RJ Harvey,touchdowns,den,hardrock,0.5,0.267,-0.23299999999999998,-46.6,Under
Jaylen Waddle,touchdowns,den,fanatics,0.5,0.267,-0.23299999999999998,-46.6,Under
Jaylen Waddle,touchdowns,den,draftkings,0.5,0.267,-0.23299999999999998,-46.6,Under
Jaylen Waddle,touchdowns,den,caesars,0.5,0.267,-0.23299999999999998,-46.6,Under
Jaylen Waddle,touchdowns,den,hardrock,0.5,0.267,-0.23299999999999998,-46.6,Under
Jaylen Waddle,touchdowns,den,fanduel,0.5,0.267,-0.23299999999999998,-46.6,Under
Chris Rodriguez,touchdowns,jax,fanduel,0.5,0.267,-0.23299999999999998,-46.6,Under
Chris Rodriguez,touchdowns,jax,fanatics,0.5,0.267,-0.23299999999999998,-46.6,Under
Chris Rodriguez,touchdowns,jax,caesars,0.5,0.267,-0.23299999999999998,-46.6,Under
Geno Smith,rushing-yards,nyj,fanduel,5.5,8.0,2.5,45.45,Over
Geno Smith,rushing-yards,nyj,fanatics,5.5,8.0,2.5,45.45,Over
Dak Prescott,rushing-yards,dal,fanatics,5.5,8.0,2.5,45.45,Over
Geno Smith,rushing-yards,nyj,riverscasino,5.5,8.0,2.5,45.45,Over
Kenneth Gainwell,touchdowns,tam,fanduel,0.5,0.274,-0.22599999999999998,-45.2,Under
Kenneth Gainwell,touchdowns,tam,draftkings,0.5,0.274,-0.22599999999999998,-45.2,Under
Kenneth Gainwell,touchdowns,tam,caesars,0.5,0.274,-0.22599999999999998,-45.2,Under
Kyle Monangai,touchdowns,chi,draftkings,0.5,0.274,-0.22599999999999998,-45.2,Under
Kyle Monangai,touchdowns,chi,caesars,0.5,0.274,-0.22599999999999998,-45.2,Under
Kyle Monangai,touchdowns,chi,hardrock,0.5,0.274,-0.22599999999999998,-45.2,Under
Kenneth Gainwell,touchdowns,tam,fanatics,0.5,0.274,-0.22599999999999998,-45.2,Under
Jaxson Dart,interceptions,nyg,caesars,0.5,0.72,0.21999999999999997,44.0,Over
Xavier Hutchinson,receptions,hou,caesars,2.5,1.4,-1.1,-44.0,Under
Xavier Hutchinson,receptions,hou,fanatics,2.5,1.4,-1.1,-44.0,Under
Xavier Hutchinson,receptions,hou,draftkings,2.5,1.4,-1.1,-44.0,Under
Xavier Legette,receptions,car,draftkings,2.5,1.4,-1.1,-44.0,Under
Jaxson Dart,interceptions,nyg,hardrock,0.5,0.72,0.21999999999999997,44.0,Over
Jaxson Dart,interceptions,nyg,draftkings,0.5,0.72,0.21999999999999997,44.0,Over
Xavier Hutchinson,receptions,hou,hardrock,2.5,1.4,-1.1,-44.0,Under
Xavier Legette,receptions,car,sleeper,2.5,1.4,-1.1,-44.0,Under
Xavier Hutchinson,receptions,hou,fanduel,2.5,1.4,-1.1,-44.0,Under
Xavier Legette,receptions,car,hardrock,2.5,1.4,-1.1,-44.0,Under
Jaxson Dart,interceptions,nyg,sleeper,0.5,0.72,0.21999999999999997,44.0,Over
Mike Evans,touchdowns,sfo,fanatics,0.5,0.281,-0.21899999999999997,-43.8,Under
Jaxson Dart,touchdowns,nyg,hardrock,0.5,0.281,-0.21899999999999997,-43.8,Under
Jaxson Dart,touchdowns,nyg,fanduel,0.5,0.281,-0.21899999999999997,-43.8,Under
Tyjae Spears,touchdowns,ten,caesars,0.5,0.281,-0.21899999999999997,-43.8,Under
Mike Evans,touchdowns,sfo,hardrock,0.5,0.281,-0.21899999999999997,-43.8,Under
Mike Evans,touchdowns,sfo,fanduel,0.5,0.281,-0.21899999999999997,-43.8,Under
Mike Evans,touchdowns,sfo,caesars,0.5,0.281,-0.21899999999999997,-43.8,Under
Jaxson Dart,touchdowns,nyg,draftkings,0.5,0.281,-0.21899999999999997,-43.8,Under
Tyjae Spears,touchdowns,ten,fanatics,0.5,0.281,-0.21899999999999997,-43.8,Under
Tyjae Spears,touchdowns,ten,draftkings,0.5,0.281,-0.21899999999999997,-43.8,Under
Tyjae Spears,touchdowns,ten,hardrock,0.5,0.281,-0.21899999999999997,-43.8,Under
Tyjae Spears,touchdowns,ten,fanduel,0.5,0.281,-0.21899999999999997,-43.8,Under
Mike Evans,touchdowns,sfo,draftkings,0.5,0.281,-0.21899999999999997,-43.8,Under
Jaxson Dart,touchdowns,nyg,caesars,0.5,0.281,-0.21899999999999997,-43.8,Under
Tyjae Spears,receptions,ten,fanatics,3.5,2.0,-1.5,-42.86,Under
Darnell Mooney,receiving-yards,nyg,fanatics,10.5,15.0,4.5,42.86,Over
Darnell Mooney,receiving-yards,nyg,sleeper,10.5,15.0,4.5,42.86,Over
Malik Davis,rushing-yards,dal,fanatics,10.5,15.0,4.5,42.86,Over
David Montgomery,receiving-yards,hou,fanatics,10.5,15.0,4.5,42.86,Over
DK Metcalf,touchdowns,pit,draftkings,0.5,0.288,-0.21200000000000002,-42.4,Under
DK Metcalf,touchdowns,pit,hardrock,0.5,0.288,-0.21200000000000002,-42.4,Under
Garrett Wilson,touchdowns,nyj,draftkings,0.5,0.288,-0.21200000000000002,-42.4,Under
DK Metcalf,touchdowns,pit,fanatics,0.5,0.288,-0.21200000000000002,-42.4,Under
DK Metcalf,touchdowns,pit,caesars,0.5,0.288,-0.21200000000000002,-42.4,Under
DK Metcalf,touchdowns,pit,fanduel,0.5,0.288,-0.21200000000000002,-42.4,Under
Garrett Wilson,touchdowns,nyj,fanduel,0.5,0.288,-0.21200000000000002,-42.4,Under
Garrett Wilson,touchdowns,nyj,hardrock,0.5,0.288,-0.21200000000000002,-42.4,Under
Garrett Wilson,touchdowns,nyj,caesars,0.5,0.288,-0.21200000000000002,-42.4,Under
Garrett Wilson,touchdowns,nyj,fanatics,0.5,0.288,-0.21200000000000002,-42.4,Under
Kayshon Boutte,receiving-yards,hou,caesars,22.5,32.0,9.5,42.22,Over
Kayshon Boutte,receiving-yards,hou,sleeper,22.5,32.0,9.5,42.22,Over
Kayshon Boutte,receiving-yards,hou,fanduel,22.5,32.0,9.5,42.22,Over
Tua Tagovailoa,interceptions,atl,caesars,0.5,0.71,0.20999999999999996,42.0,Over
Tua Tagovailoa,interceptions,atl,sleeper,0.5,0.71,0.20999999999999996,42.0,Over
Tua Tagovailoa,interceptions,atl,draftkings,0.5,0.71,0.20999999999999996,42.0,Over
Tua Tagovailoa,interceptions,atl,hardrock,0.5,0.71,0.20999999999999996,42.0,Over
Tua Tagovailoa,interceptions,atl,riverscasino,0.5,0.71,0.20999999999999996,42.0,Over
Jaylen Warren,receiving-yards,pit,caesars,15.5,22.0,6.5,41.94,Over
Jaylen Warren,receiving-yards,pit,sleeper,15.5,22.0,6.5,41.94,Over
Jaylen Warren,receiving-yards,pit,fanduel,15.5,22.0,6.5,41.94,Over
Jaylen Warren,receiving-yards,pit,fanatics,15.5,22.0,6.5,41.94,Over
Jaylen Warren,receiving-yards,pit,draftkings,15.5,22.0,6.5,41.94,Over
Darnell Washington,receiving-yards,pit,fanatics,15.5,22.0,6.5,41.94,Over
RJ Harvey,rushing-yards,den,sleeper,20.5,29.0,8.5,41.46,Over
RJ Harvey,rushing-yards,den,fanduel,20.5,29.0,8.5,41.46,Over
Jauan Jennings,receiving-yards,min,fanatics,20.5,29.0,8.5,41.46,Over
RJ Harvey,rushing-yards,den,caesars,20.5,29.0,8.5,41.46,Over
Rachaad White,rushing-yards,was,fanatics,25.5,36.0,10.5,41.18,Over
Parker Washington,touchdowns,jax,draftkings,0.5,0.295,-0.20500000000000002,-41.0,Under
Blake Corum,touchdowns,,caesars,0.5,0.295,-0.20500000000000002,-41.0,Under
Blake Corum,touchdowns,,fanduel,0.5,0.295,-0.20500000000000002,-41.0,Under
Blake Corum,touchdowns,,hardrock,0.5,0.295,-0.20500000000000002,-41.0,Under
Terry McLaurin,touchdowns,was,hardrock,0.5,0.295,-0.20500000000000002,-41.0,Under
Chris Godwin,touchdowns,tam,hardrock,0.5,0.295,-0.20500000000000002,-41.0,Under
Terry McLaurin,touchdowns,was,draftkings,0.5,0.295,-0.20500000000000002,-41.0,Under
Chris Godwin,touchdowns,tam,fanatics,0.5,0.295,-0.20500000000000002,-41.0,Under
Chris Godwin,touchdowns,tam,caesars,0.5,0.295,-0.20500000000000002,-41.0,Under
Parker Washington,touchdowns,jax,hardrock,0.5,0.295,-0.20500000000000002,-41.0,Under
Chris Godwin,touchdowns,tam,fanduel,0.5,0.295,-0.20500000000000002,-41.0,Under
Parker Washington,touchdowns,jax,caesars,0.5,0.295,-0.20500000000000002,-41.0,Under
Blake Corum,touchdowns,,fanatics,0.5,0.295,-0.20500000000000002,-41.0,Under
Terry McLaurin,touchdowns,was,fanatics,0.5,0.295,-0.20500000000000002,-41.0,Under
Terry McLaurin,touchdowns,was,fanduel,0.5,0.295,-0.20500000000000002,-41.0,Under
Parker Washington,touchdowns,jax,fanatics,0.5,0.295,-0.20500000000000002,-41.0,Under
Rachaad White,touchdowns,was,fanduel,0.5,0.295,-0.20500000000000002,-41.0,Under
Rachaad White,touchdowns,was,fanatics,0.5,0.295,-0.20500000000000002,-41.0,Under
Rachaad White,touchdowns,was,caesars,0.5,0.295,-0.20500000000000002,-41.0,Under
Rachaad White,touchdowns,was,draftkings,0.5,0.295,-0.20500000000000002,-41.0,Under
Rachaad White,touchdowns,was,hardrock,0.5,0.295,-0.20500000000000002,-41.0,Under
Parker Washington,touchdowns,jax,fanduel,0.5,0.295,-0.20500000000000002,-41.0,Under
Chris Godwin,touchdowns,tam,draftkings,0.5,0.295,-0.20500000000000002,-41.0,Under
Terry McLaurin,touchdowns,was,caesars,0.5,0.295,-0.20500000000000002,-41.0,Under
Blake Corum,touchdowns,,draftkings,0.5,0.295,-0.20500000000000002,-41.0,Under
Justin Herbert,passing-tds,lac,fanduel,1.5,2.1,0.6000000000000001,40.0,Over
Justin Herbert,passing-tds,lac,sleeper,1.5,2.1,0.6000000000000001,40.0,Over
Justin Herbert,passing-tds,lac,hardrock,1.5,2.1,0.6000000000000001,40.0,Over
Justin Herbert,passing-tds,lac,caesars,1.5,2.1,0.6000000000000001,40.0,Over
Jared Goff,passing-tds,det,fanduel,1.5,2.1,0.6000000000000001,40.0,Over
Justin Herbert,passing-tds,lac,draftkings,1.5,2.1,0.6000000000000001,40.0,Over
Jared Goff,passing-tds,det,draftkings,1.5,2.1,0.6000000000000001,40.0,Over
Jared Goff,passing-tds,det,sleeper,1.5,2.1,0.6000000000000001,40.0,Over
Jared Goff,passing-tds,det,riverscasino,1.5,2.1,0.6000000000000001,40.0,Over
Jared Goff,passing-tds,det,hardrock,1.5,2.1,0.6000000000000001,40.0,Over
Jared Goff,passing-tds,det,caesars,1.5,2.1,0.6000000000000001,40.0,Over
David Montgomery,receptions,hou,sleeper,1.5,2.1,0.6000000000000001,40.0,Over
J.K. Dobbins,receptions,den,hardrock,1.5,0.9,-0.6,-40.0,Under
J.K. Dobbins,receptions,den,sleeper,1.5,0.9,-0.6,-40.0,Under
J.K. Dobbins,receptions,den,fanatics,1.5,0.9,-0.6,-40.0,Under
Kyler Murray,interceptions,min,fanduel,0.5,0.7,0.19999999999999996,40.0,Over
Trevor Lawrence,interceptions,jax,riverscasino,0.5,0.7,0.19999999999999996,40.0,Over
Brashard Smith,receptions,kan,hardrock,1.5,0.9,-0.6,-40.0,Under
Jordan Mason,receptions,min,fanatics,1.5,0.9,-0.6,-40.0,Under
Brashard Smith,receptions,kan,sleeper,1.5,0.9,-0.6,-40.0,Under
David Montgomery,receptions,hou,draftkings,1.5,2.1,0.6000000000000001,40.0,Over
David Montgomery,receptions,hou,hardrock,1.5,2.1,0.6000000000000001,40.0,Over
David Montgomery,receptions,hou,fanatics,1.5,2.1,0.6000000000000001,40.0,Over
David Montgomery,receptions,hou,fanduel,1.5,2.1,0.6000000000000001,40.0,Over
David Montgomery,receptions,hou,caesars,1.5,2.1,0.6000000000000001,40.0,Over
Trevor Lawrence,interceptions,jax,hardrock,0.5,0.7,0.19999999999999996,40.0,Over
Trevor Lawrence,interceptions,jax,caesars,0.5,0.7,0.19999999999999996,40.0,Over
Trevor Lawrence,interceptions,jax,draftkings,0.5,0.7,0.19999999999999996,40.0,Over
Josh Allen,interceptions,buf,hardrock,0.5,0.7,0.19999999999999996,40.0,Over
Josh Allen,interceptions,buf,riverscasino,0.5,0.7,0.19999999999999996,40.0,Over
Josh Allen,interceptions,buf,sleeper,0.5,0.7,0.19999999999999996,40.0,Over
Josh Allen,interceptions,buf,caesars,0.5,0.7,0.19999999999999996,40.0,Over
Josh Allen,interceptions,buf,fanduel,0.5,0.7,0.19999999999999996,40.0,Over
Michael Mayer,receptions,lvr,hardrock,1.5,2.1,0.6000000000000001,40.0,Over
Michael Mayer,receptions,lvr,sleeper,1.5,2.1,0.6000000000000001,40.0,Over
Darnell Washington,receptions,pit,draftkings,1.5,2.1,0.6000000000000001,40.0,Over
Drake Maye,interceptions,nwe,draftkings,0.5,0.7,0.19999999999999996,40.0,Over
Kyler Murray,interceptions,min,draftkings,0.5,0.7,0.19999999999999996,40.0,Over
Kyler Murray,interceptions,min,hardrock,0.5,0.7,0.19999999999999996,40.0,Over
Kyler Murray,interceptions,min,caesars,0.5,0.7,0.19999999999999996,40.0,Over
Kyler Murray,interceptions,min,sleeper,0.5,0.7,0.19999999999999996,40.0,Over
Kyler Murray,interceptions,min,riverscasino,0.5,0.7,0.19999999999999996,40.0,Over
Trevor Lawrence,interceptions,jax,fanduel,0.5,0.7,0.19999999999999996,40.0,Over
Trevor Lawrence,interceptions,jax,sleeper,0.5,0.7,0.19999999999999996,40.0,Over
Jalen Nailor,receptions,lvr,sleeper,1.5,2.1,0.6000000000000001,40.0,Over
Jalen Nailor,receptions,lvr,fanatics,1.5,2.1,0.6000000000000001,40.0,Over
Darnell Washington,receptions,pit,fanatics,1.5,2.1,0.6000000000000001,40.0,Over
Darnell Washington,receptions,pit,fanduel,1.5,2.1,0.6000000000000001,40.0,Over
Darnell Washington,receptions,pit,sleeper,1.5,2.1,0.6000000000000001,40.0,Over
Darnell Washington,receptions,pit,caesars,1.5,2.1,0.6000000000000001,40.0,Over
Darnell Washington,receptions,pit,hardrock,1.5,2.1,0.6000000000000001,40.0,Over
Drake Maye,interceptions,nwe,sleeper,0.5,0.7,0.19999999999999996,40.0,Over
Drake Maye,interceptions,nwe,fanduel,0.5,0.7,0.19999999999999996,40.0,Over
Drake Maye,interceptions,nwe,hardrock,0.5,0.7,0.19999999999999996,40.0,Over
Drake Maye,interceptions,nwe,riverscasino,0.5,0.7,0.19999999999999996,40.0,Over
Drake Maye,interceptions,nwe,caesars,0.5,0.7,0.19999999999999996,40.0,Over
Jalen Nailor,receptions,lvr,caesars,1.5,2.1,0.6000000000000001,40.0,Over
Jalen Nailor,receptions,lvr,hardrock,1.5,2.1,0.6000000000000001,40.0,Over
Josh Allen,interceptions,buf,draftkings,0.5,0.7,0.19999999999999996,40.0,Over
Malachi Fields,receptions,nyg,sleeper,1.5,2.1,0.6000000000000001,40.0,Over
Drake London,touchdowns,atl,caesars,0.5,0.302,-0.198,-39.6,Under
Tucker Kraft,touchdowns,gnb,draftkings,0.5,0.302,-0.198,-39.6,Under
Tucker Kraft,touchdowns,gnb,hardrock,0.5,0.302,-0.198,-39.6,Under
Tucker Kraft,touchdowns,gnb,caesars,0.5,0.302,-0.198,-39.6,Under
Aaron Jones,touchdowns,min,fanduel,0.5,0.302,-0.198,-39.6,Under
Trey McBride,touchdowns,ari,draftkings,0.5,0.302,-0.198,-39.6,Under
Drake London,touchdowns,atl,fanduel,0.5,0.302,-0.198,-39.6,Under
Drake London,touchdowns,atl,fanatics,0.5,0.302,-0.198,-39.6,Under
Trey McBride,touchdowns,ari,fanatics,0.5,0.302,-0.198,-39.6,Under
Trey McBride,touchdowns,ari,caesars,0.5,0.302,-0.198,-39.6,Under
Trey McBride,touchdowns,ari,hardrock,0.5,0.302,-0.198,-39.6,Under
Aaron Jones,touchdowns,min,caesars,0.5,0.302,-0.198,-39.6,Under
Aaron Jones,touchdowns,min,hardrock,0.5,0.302,-0.198,-39.6,Under
Aaron Jones,touchdowns,min,fanatics,0.5,0.302,-0.198,-39.6,Under
Jacory Croskey-Merritt,touchdowns,was,draftkings,0.5,0.302,-0.198,-39.6,Under
Jayden Daniels,touchdowns,was,hardrock,0.5,0.302,-0.198,-39.6,Under
Jayden Daniels,touchdowns,was,fanatics,0.5,0.302,-0.198,-39.6,Under
Jayden Daniels,touchdowns,was,caesars,0.5,0.302,-0.198,-39.6,Under
Jayden Daniels,touchdowns,was,fanduel,0.5,0.302,-0.198,-39.6,Under
Drake London,touchdowns,atl,draftkings,0.5,0.302,-0.198,-39.6,Under
Drake London,touchdowns,atl,hardrock,0.5,0.302,-0.198,-39.6,Under
Jayden Daniels,touchdowns,was,draftkings,0.5,0.302,-0.198,-39.6,Under
Trey McBride,touchdowns,ari,fanduel,0.5,0.302,-0.198,-39.6,Under
Jacory Croskey-Merritt,touchdowns,was,fanatics,0.5,0.302,-0.198,-39.6,Under
Jacory Croskey-Merritt,touchdowns,was,caesars,0.5,0.302,-0.198,-39.6,Under
Jacory Croskey-Merritt,touchdowns,was,fanduel,0.5,0.302,-0.198,-39.6,Under
Jacory Croskey-Merritt,touchdowns,was,hardrock,0.5,0.302,-0.198,-39.6,Under
Tucker Kraft,touchdowns,gnb,fanatics,0.5,0.302,-0.198,-39.6,Under
Tucker Kraft,touchdowns,gnb,fanduel,0.5,0.302,-0.198,-39.6,Under
Aaron Jones,touchdowns,min,draftkings,0.5,0.302,-0.198,-39.6,Under
Jahmyr Gibbs,touchdowns,det,fanatics,0.5,0.693,0.19299999999999995,38.6,Over
Jahmyr Gibbs,touchdowns,det,fanduel,0.5,0.693,0.19299999999999995,38.6,Over
Jahmyr Gibbs,touchdowns,det,draftkings,0.5,0.693,0.19299999999999995,38.6,Over
Jahmyr Gibbs,touchdowns,det,caesars,0.5,0.693,0.19299999999999995,38.6,Over
Jahmyr Gibbs,touchdowns,det,hardrock,0.5,0.693,0.19299999999999995,38.6,Over
Derrick Henry,receiving-yards,bal,caesars,6.5,9.0,2.5,38.46,Over
Derrick Henry,receiving-yards,bal,draftkings,6.5,9.0,2.5,38.46,Over
Derrick Henry,receiving-yards,bal,sleeper,6.5,9.0,2.5,38.46,Over
Derrick Henry,receiving-yards,bal,fanduel,6.5,9.0,2.5,38.46,Over
George Kittle,touchdowns,sfo,caesars,0.5,0.309,-0.191,-38.2,Under
Dallas Goedert,touchdowns,phi,caesars,0.5,0.309,-0.191,-38.2,Under
Dallas Goedert,touchdowns,phi,fanatics,0.5,0.309,-0.191,-38.2,Under
Dallas Goedert,touchdowns,phi,draftkings,0.5,0.309,-0.191,-38.2,Under
Mark Andrews,touchdowns,bal,draftkings,0.5,0.309,-0.191,-38.2,Under
Dallas Goedert,touchdowns,phi,fanduel,0.5,0.309,-0.191,-38.2,Under
Mark Andrews,touchdowns,bal,hardrock,0.5,0.309,-0.191,-38.2,Under
George Kittle,touchdowns,sfo,fanatics,0.5,0.309,-0.191,-38.2,Under
George Kittle,touchdowns,sfo,draftkings,0.5,0.309,-0.191,-38.2,Under
Mike Washington,touchdowns,lvr,fanatics,0.5,0.309,-0.191,-38.2,Under
George Kittle,touchdowns,sfo,hardrock,0.5,0.309,-0.191,-38.2,Under
Mike Washington,touchdowns,lvr,caesars,0.5,0.309,-0.191,-38.2,Under
Mike Washington,touchdowns,lvr,fanduel,0.5,0.309,-0.191,-38.2,Under
Mark Andrews,touchdowns,bal,fanatics,0.5,0.309,-0.191,-38.2,Under
Mark Andrews,touchdowns,bal,fanduel,0.5,0.309,-0.191,-38.2,Under
Mark Andrews,touchdowns,bal,caesars,0.5,0.309,-0.191,-38.2,Under
Dallas Goedert,touchdowns,phi,hardrock,0.5,0.309,-0.191,-38.2,Under
George Kittle,touchdowns,sfo,fanduel,0.5,0.309,-0.191,-38.2,Under
Tyjae Spears,rushing-yards,ten,fanduel,22.5,31.0,8.5,37.78,Over
Adonai Mitchell,receptions,nyj,fanatics,3.5,2.2,-1.2999999999999998,-37.14,Under
Jacoby Brissett,rushing-yards,ari,sleeper,9.5,13.0,3.5,36.84,Over
Quinshon Judkins,receiving-yards,cle,draftkings,9.5,13.0,3.5,36.84,Over
Javonte Williams,receiving-yards,dal,draftkings,9.5,13.0,3.5,36.84,Over
Quinshon Judkins,receiving-yards,cle,sleeper,9.5,13.0,3.5,36.84,Over
Quinshon Judkins,receiving-yards,cle,caesars,9.5,13.0,3.5,36.84,Over
Javonte Williams,receiving-yards,dal,sleeper,9.5,13.0,3.5,36.84,Over
Quinshon Judkins,receiving-yards,cle,fanduel,9.5,13.0,3.5,36.84,Over
Javonte Williams,receiving-yards,dal,caesars,9.5,13.0,3.5,36.84,Over
Javonte Williams,receiving-yards,dal,fanduel,9.5,13.0,3.5,36.84,Over
Malik Nabers,touchdowns,nyg,fanatics,0.5,0.316,-0.184,-36.8,Under
Sam LaPorta,touchdowns,det,hardrock,0.5,0.316,-0.184,-36.8,Under
Zay Flowers,touchdowns,bal,fanatics,0.5,0.316,-0.184,-36.8,Under
Sam LaPorta,touchdowns,det,draftkings,0.5,0.316,-0.184,-36.8,Under
Luther Burden,touchdowns,chi,draftkings,0.5,0.316,-0.184,-36.8,Under
Luther Burden,touchdowns,chi,hardrock,0.5,0.316,-0.184,-36.8,Under
Luther Burden,touchdowns,chi,caesars,0.5,0.316,-0.184,-36.8,Under
Malik Nabers,touchdowns,nyg,fanduel,0.5,0.316,-0.184,-36.8,Under
Malik Nabers,touchdowns,nyg,caesars,0.5,0.316,-0.184,-36.8,Under
Chris Olave,touchdowns,nor,fanduel,0.5,0.316,-0.184,-36.8,Under
Zay Flowers,touchdowns,bal,draftkings,0.5,0.316,-0.184,-36.8,Under
Sam LaPorta,touchdowns,det,fanatics,0.5,0.316,-0.184,-36.8,Under
Sam LaPorta,touchdowns,det,caesars,0.5,0.316,-0.184,-36.8,Under
Chris Olave,touchdowns,nor,draftkings,0.5,0.316,-0.184,-36.8,Under
Chris Olave,touchdowns,nor,fanatics,0.5,0.316,-0.184,-36.8,Under
Chris Olave,touchdowns,nor,caesars,0.5,0.316,-0.184,-36.8,Under
Chris Olave,touchdowns,nor,hardrock,0.5,0.316,-0.184,-36.8,Under
Jake Ferguson,touchdowns,dal,fanatics,0.5,0.316,-0.184,-36.8,Under
Zay Flowers,touchdowns,bal,caesars,0.5,0.316,-0.184,-36.8,Under
Malik Nabers,touchdowns,nyg,hardrock,0.5,0.316,-0.184,-36.8,Under
Zay Flowers,touchdowns,bal,fanduel,0.5,0.316,-0.184,-36.8,Under
Luther Burden,touchdowns,chi,fanduel,0.5,0.316,-0.184,-36.8,Under
Malik Nabers,touchdowns,nyg,draftkings,0.5,0.316,-0.184,-36.8,Under
Zay Flowers,touchdowns,bal,hardrock,0.5,0.316,-0.184,-36.8,Under
Sam LaPorta,touchdowns,det,fanduel,0.5,0.316,-0.184,-36.8,Under
Jake Ferguson,touchdowns,dal,fanduel,0.5,0.316,-0.184,-36.8,Under
Jake Ferguson,touchdowns,dal,caesars,0.5,0.316,-0.184,-36.8,Under
Jake Ferguson,touchdowns,dal,hardrock,0.5,0.316,-0.184,-36.8,Under
Jake Ferguson,touchdowns,dal,draftkings,0.5,0.316,-0.184,-36.8,Under
Tyjae Spears,rush-attempts,ten,fanatics,5.5,7.5,2.0,36.36,Over
Tyjae Spears,rush-attempts,ten,hardrock,5.5,7.5,2.0,36.36,Over
Kayshon Boutte,receiving-yards,hou,draftkings,23.5,32.0,8.5,36.17,Over
Deshaun Watson,interceptions,cle,hardrock,0.5,0.68,0.18000000000000005,36.0,Over
Omarion Hampton,receiving-yards,lac,fanduel,12.5,17.0,4.5,36.0,Over
Omarion Hampton,receiving-yards,lac,caesars,12.5,17.0,4.5,36.0,Over
Deshaun Watson,interceptions,cle,draftkings,0.5,0.68,0.18000000000000005,36.0,Over
Deshaun Watson,interceptions,cle,riverscasino,0.5,0.68,0.18000000000000005,36.0,Over
Deshaun Watson,interceptions,cle,fanduel,0.5,0.68,0.18000000000000005,36.0,Over
Deshaun Watson,interceptions,cle,sleeper,0.5,0.68,0.18000000000000005,36.0,Over
Deshaun Watson,interceptions,cle,caesars,0.5,0.68,0.18000000000000005,36.0,Over
Omarion Hampton,receiving-yards,lac,sleeper,12.5,17.0,4.5,36.0,Over
J.K. Dobbins,touchdowns,den,fanduel,0.5,0.323,-0.177,-35.4,Under
J.K. Dobbins,touchdowns,den,fanatics,0.5,0.323,-0.177,-35.4,Under
J.K. Dobbins,touchdowns,den,hardrock,0.5,0.323,-0.177,-35.4,Under
J.K. Dobbins,touchdowns,den,draftkings,0.5,0.323,-0.177,-35.4,Under
A.J. Brown,touchdowns,nwe,fanduel,0.5,0.323,-0.177,-35.4,Under
A.J. Brown,touchdowns,nwe,caesars,0.5,0.323,-0.177,-35.4,Under
A.J. Brown,touchdowns,nwe,fanatics,0.5,0.323,-0.177,-35.4,Under
A.J. Brown,touchdowns,nwe,draftkings,0.5,0.323,-0.177,-35.4,Under
A.J. Brown,touchdowns,nwe,hardrock,0.5,0.323,-0.177,-35.4,Under
J.K. Dobbins,touchdowns,den,caesars,0.5,0.323,-0.177,-35.4,Under
Jahan Dotson,receiving-yards,atl,caesars,18.5,25.0,6.5,35.14,Over
Jahan Dotson,receiving-yards,atl,sleeper,18.5,25.0,6.5,35.14,Over
Jahan Dotson,receiving-yards,atl,fanduel,18.5,25.0,6.5,35.14,Over
Ryan Flournoy,receiving-yards,dal,sleeper,21.5,29.0,7.5,34.88,Over
Colston Loveland,touchdowns,chi,caesars,0.5,0.33,-0.16999999999999998,-34.0,Under
Colston Loveland,touchdowns,chi,draftkings,0.5,0.33,-0.16999999999999998,-34.0,Under
Colston Loveland,touchdowns,chi,hardrock,0.5,0.33,-0.16999999999999998,-34.0,Under
Rome Odunze,touchdowns,chi,fanatics,0.5,0.33,-0.16999999999999998,-34.0,Under
Christian Watson,touchdowns,gnb,draftkings,0.5,0.33,-0.16999999999999998,-34.0,Under
Christian Watson,touchdowns,gnb,hardrock,0.5,0.33,-0.16999999999999998,-34.0,Under
Tyler Warren,touchdowns,ind,fanduel,0.5,0.33,-0.16999999999999998,-34.0,Under
Tyler Warren,touchdowns,ind,caesars,0.5,0.33,-0.16999999999999998,-34.0,Under
Tyler Warren,touchdowns,ind,draftkings,0.5,0.33,-0.16999999999999998,-34.0,Under
Rome Odunze,touchdowns,chi,fanduel,0.5,0.33,-0.16999999999999998,-34.0,Under
Tyler Warren,touchdowns,ind,hardrock,0.5,0.33,-0.16999999999999998,-34.0,Under
DeVonta Smith,touchdowns,phi,fanduel,0.5,0.33,-0.16999999999999998,-34.0,Under
Rome Odunze,touchdowns,chi,hardrock,0.5,0.33,-0.16999999999999998,-34.0,Under
DeVonta Smith,touchdowns,phi,fanatics,0.5,0.33,-0.16999999999999998,-34.0,Under
Christian Watson,touchdowns,gnb,fanatics,0.5,0.33,-0.16999999999999998,-34.0,Under
Christian Watson,touchdowns,gnb,fanduel,0.5,0.33,-0.16999999999999998,-34.0,Under
DeVonta Smith,touchdowns,phi,hardrock,0.5,0.33,-0.16999999999999998,-34.0,Under
Rome Odunze,touchdowns,chi,caesars,0.5,0.33,-0.16999999999999998,-34.0,Under
DeVonta Smith,touchdowns,phi,draftkings,0.5,0.33,-0.16999999999999998,-34.0,Under
Rome Odunze,touchdowns,chi,draftkings,0.5,0.33,-0.16999999999999998,-34.0,Under
Christian Watson,touchdowns,gnb,caesars,0.5,0.33,-0.16999999999999998,-34.0,Under
Colston Loveland,touchdowns,chi,fanduel,0.5,0.33,-0.16999999999999998,-34.0,Under
DeVonta Smith,touchdowns,phi,caesars,0.5,0.33,-0.16999999999999998,-34.0,Under
Justice Hill,rushing-yards,bal,fanatics,10.5,7.0,-3.5,-33.33,Under
MarShawn Lloyd,receptions,gnb,fanduel,1.5,2.0,0.5,33.33,Over
Malachi Fields,receiving-yards,nyg,sleeper,19.5,26.0,6.5,33.33,Over
Matthew Stafford,passing-tds,,sleeper,1.5,2.0,0.5,33.33,Over
Matthew Stafford,passing-tds,,caesars,1.5,2.0,0.5,33.33,Over
Darnell Washington,receiving-yards,pit,sleeper,16.5,22.0,5.5,33.33,Over
Darnell Washington,receiving-yards,pit,riverscasino,16.5,22.0,5.5,33.33,Over
Matthew Stafford,passing-tds,,fanatics,1.5,2.0,0.5,33.33,Over
Matthew Stafford,passing-tds,,fanduel,1.5,2.0,0.5,33.33,Over
Jalen Nailor,receiving-yards,lvr,caesars,19.5,26.0,6.5,33.33,Over
Matthew Stafford,passing-tds,,hardrock,1.5,2.0,0.5,33.33,Over
Odell Beckham,receptions,nyg,fanduel,1.5,1.0,-0.5,-33.33,Under
Odell Beckham,receptions,nyg,fanatics,1.5,1.0,-0.5,-33.33,Under
Matthew Stafford,passing-tds,,draftkings,1.5,2.0,0.5,33.33,Over
Matthew Stafford,passing-tds,,riverscasino,1.5,2.0,0.5,33.33,Over
Darnell Washington,receiving-yards,pit,fanduel,16.5,22.0,5.5,33.33,Over
Tyler Allgeier,receptions,ari,sleeper,1.5,1.0,-0.5,-33.33,Under
Odell Beckham,receptions,nyg,draftkings,1.5,1.0,-0.5,-33.33,Under
Cole Kmet,receiving-yards,chi,caesars,13.5,18.0,4.5,33.33,Over
MarShawn Lloyd,receptions,gnb,hardrock,1.5,2.0,0.5,33.33,Over
Odell Beckham,receptions,nyg,caesars,1.5,1.0,-0.5,-33.33,Under
Odell Beckham,receptions,nyg,sleeper,1.5,1.0,-0.5,-33.33,Under
MarShawn Lloyd,receptions,gnb,draftkings,1.5,2.0,0.5,33.33,Over
MarShawn Lloyd,receptions,gnb,fanatics,1.5,2.0,0.5,33.33,Over
MarShawn Lloyd,receptions,gnb,sleeper,1.5,2.0,0.5,33.33,Over
MarShawn Lloyd,receptions,gnb,caesars,1.5,2.0,0.5,33.33,Over
Odell Beckham,receptions,nyg,hardrock,1.5,1.0,-0.5,-33.33,Under
MarShawn Lloyd,receiving-yards,gnb,fanatics,10.5,14.0,3.5,33.33,Over
TreVeyon Henderson,rush-attempts,nwe,caesars,7.5,5.0,-2.5,-33.33,Under
Cole Kmet,receiving-yards,chi,draftkings,13.5,18.0,4.5,33.33,Over
Ashton Jeanty,rushing-yards,lvr,sleeper,76.5,52.0,-24.5,-32.03,Under
Mason Taylor,receptions,nyj,sleeper,2.5,1.7,-0.8,-32.0,Under
Mason Taylor,receptions,nyj,draftkings,2.5,1.7,-0.8,-32.0,Under
Mason Taylor,receptions,nyj,hardrock,2.5,1.7,-0.8,-32.0,Under
Mason Taylor,receptions,nyj,fanduel,2.5,1.7,-0.8,-32.0,Under
Mason Taylor,receptions,nyj,caesars,2.5,1.7,-0.8,-32.0,Under
Tyjae Spears,receiving-yards,ten,fanatics,20.5,14.0,-6.5,-31.71,Under
Emeka Egbuka,touchdowns,tam,hardrock,0.5,0.343,-0.15699999999999997,-31.4,Under
Emeka Egbuka,touchdowns,tam,draftkings,0.5,0.343,-0.15699999999999997,-31.4,Under
Jeremiyah Love,touchdowns,ari,draftkings,0.5,0.343,-0.15699999999999997,-31.4,Under
Emeka Egbuka,touchdowns,tam,fanduel,0.5,0.343,-0.15699999999999997,-31.4,Under
Emeka Egbuka,touchdowns,tam,caesars,0.5,0.343,-0.15699999999999997,-31.4,Under
Jeremiyah Love,touchdowns,ari,fanduel,0.5,0.343,-0.15699999999999997,-31.4,Under
Jeremiyah Love,touchdowns,ari,caesars,0.5,0.343,-0.15699999999999997,-31.4,Under
Jeremiyah Love,touchdowns,ari,hardrock,0.5,0.343,-0.15699999999999997,-31.4,Under
Quentin Johnston,touchdowns,lac,fanduel,0.5,0.349,-0.15100000000000002,-30.2,Under
Tetairoa McMillan,touchdowns,car,fanduel,0.5,0.349,-0.15100000000000002,-30.2,Under
Quentin Johnston,touchdowns,lac,caesars,0.5,0.349,-0.15100000000000002,-30.2,Under
Quentin Johnston,touchdowns,lac,hardrock,0.5,0.349,-0.15100000000000002,-30.2,Under
Quentin Johnston,touchdowns,lac,draftkings,0.5,0.349,-0.15100000000000002,-30.2,Under
Tetairoa McMillan,touchdowns,car,draftkings,0.5,0.349,-0.15100000000000002,-30.2,Under
Tetairoa McMillan,touchdowns,car,hardrock,0.5,0.349,-0.15100000000000002,-30.2,Under
Quentin Johnston,touchdowns,lac,fanatics,0.5,0.349,-0.15100000000000002,-30.2,Under
Tetairoa McMillan,touchdowns,car,caesars,0.5,0.349,-0.15100000000000002,-30.2,Under
Malik Willis,interceptions,mia,hardrock,0.5,0.65,0.15000000000000002,30.0,Over
Jordan Love,interceptions,gnb,sleeper,0.5,0.65,0.15000000000000002,30.0,Over
Jacoby Brissett,interceptions,ari,hardrock,0.5,0.65,0.15000000000000002,30.0,Over
Jacoby Brissett,interceptions,ari,draftkings,0.5,0.65,0.15000000000000002,30.0,Over
Jacoby Brissett,interceptions,ari,sleeper,0.5,0.65,0.15000000000000002,30.0,Over
Jordan Love,interceptions,gnb,fanduel,0.5,0.65,0.15000000000000002,30.0,Over
Malik Willis,interceptions,mia,draftkings,0.5,0.65,0.15000000000000002,30.0,Over
Malik Willis,interceptions,mia,sleeper,0.5,0.65,0.15000000000000002,30.0,Over
Malik Willis,interceptions,mia,caesars,0.5,0.65,0.15000000000000002,30.0,Over
Jordan Love,interceptions,gnb,caesars,0.5,0.65,0.15000000000000002,30.0,Over
Jordan Love,interceptions,gnb,hardrock,0.5,0.65,0.15000000000000002,30.0,Over
Jordan Love,interceptions,gnb,riverscasino,0.5,0.65,0.15000000000000002,30.0,Over
Jordan Love,interceptions,gnb,draftkings,0.5,0.65,0.15000000000000002,30.0,Over
Noah Gray,receiving-yards,kan,caesars,8.5,11.0,2.5,29.41,Over
Noah Gray,receiving-yards,kan,sleeper,8.5,11.0,2.5,29.41,Over
Drew Sample,receiving-yards,cin,sleeper,8.5,6.0,-2.5,-29.41,Under
Kenneth Walker,receiving-yards,kan,draftkings,15.5,20.0,4.5,29.03,Over
Kenneth Walker,receiving-yards,kan,fanduel,15.5,20.0,4.5,29.03,Over
Braelon Allen,rushing-yards,nyj,fanatics,15.5,20.0,4.5,29.03,Over
Travis Etienne,receiving-yards,nor,fanatics,15.5,20.0,4.5,29.03,Over
Kenneth Walker,receiving-yards,kan,caesars,15.5,20.0,4.5,29.03,Over
Kenneth Walker,receiving-yards,kan,sleeper,15.5,20.0,4.5,29.03,Over
Kenneth Walker,receiving-yards,kan,fanatics,15.5,20.0,4.5,29.03,Over
Jauan Jennings,receiving-yards,min,draftkings,22.5,29.0,6.5,28.89,Over
Jauan Jennings,receiving-yards,min,riverscasino,22.5,29.0,6.5,28.89,Over
Rashee Rice,touchdowns,kan,fanduel,0.5,0.356,-0.14400000000000002,-28.8,Under
Rashee Rice,touchdowns,kan,fanatics,0.5,0.356,-0.14400000000000002,-28.8,Under
Nico Collins,touchdowns,hou,hardrock,0.5,0.356,-0.14400000000000002,-28.8,Under
Rashee Rice,touchdowns,kan,caesars,0.5,0.356,-0.14400000000000002,-28.8,Under
Rashee Rice,touchdowns,kan,hardrock,0.5,0.356,-0.14400000000000002,-28.8,Under
Rashee Rice,touchdowns,kan,draftkings,0.5,0.356,-0.14400000000000002,-28.8,Under
Nico Collins,touchdowns,hou,fanduel,0.5,0.356,-0.14400000000000002,-28.8,Under
Nico Collins,touchdowns,hou,caesars,0.5,0.356,-0.14400000000000002,-28.8,Under
Nico Collins,touchdowns,hou,fanatics,0.5,0.356,-0.14400000000000002,-28.8,Under
Nico Collins,touchdowns,hou,draftkings,0.5,0.356,-0.14400000000000002,-28.8,Under
Harold Fannin,receiving-yards,cle,draftkings,33.5,43.0,9.5,28.36,Over
Jahan Dotson,receiving-yards,atl,riverscasino,19.5,25.0,5.5,28.21,Over
Tyjae Spears,receiving-yards,ten,sleeper,19.5,14.0,-5.5,-28.21,Under
Tyjae Spears,receiving-yards,ten,draftkings,19.5,14.0,-5.5,-28.21,Under
Jahan Dotson,receiving-yards,atl,draftkings,19.5,25.0,5.5,28.21,Over
Bryce Young,interceptions,car,sleeper,0.5,0.64,0.14,28.0,Over
Bryce Young,interceptions,car,draftkings,0.5,0.64,0.14,28.0,Over
Joe Burrow,interceptions,cin,sleeper,0.5,0.64,0.14,28.0,Over
Brian Thomas,receptions,jax,hardrock,2.5,3.2,0.7000000000000002,28.0,Over
Brian Thomas,receptions,jax,sleeper,2.5,3.2,0.7000000000000002,28.0,Over
Brian Thomas,receptions,jax,fanatics,2.5,3.2,0.7000000000000002,28.0,Over
Brian Thomas,receptions,jax,fanduel,2.5,3.2,0.7000000000000002,28.0,Over
Bryce Young,interceptions,car,caesars,0.5,0.64,0.14,28.0,Over
Bryce Young,interceptions,car,hardrock,0.5,0.64,0.14,28.0,Over
Hunter Henry,receptions,nwe,sleeper,2.5,3.2,0.7000000000000002,28.0,Over
Joe Burrow,interceptions,cin,hardrock,0.5,0.64,0.14,28.0,Over
Brian Thomas,receptions,jax,draftkings,2.5,3.2,0.7000000000000002,28.0,Over
Jalen McMillan,receptions,tam,hardrock,2.5,3.2,0.7000000000000002,28.0,Over
Joe Burrow,interceptions,cin,riverscasino,0.5,0.64,0.14,28.0,Over
Joe Burrow,interceptions,cin,draftkings,0.5,0.64,0.14,28.0,Over
Joe Burrow,interceptions,cin,caesars,0.5,0.64,0.14,28.0,Over
Jalen McMillan,receptions,tam,caesars,2.5,3.2,0.7000000000000002,28.0,Over
Jalen McMillan,receptions,tam,fanduel,2.5,3.2,0.7000000000000002,28.0,Over
Jalen McMillan,receptions,tam,draftkings,2.5,3.2,0.7000000000000002,28.0,Over
Denzel Boston,receiving-yards,cle,draftkings,23.5,30.0,6.5,27.66,Over
Denzel Boston,receiving-yards,cle,riverscasino,23.5,30.0,6.5,27.66,Over
Jonathon Brooks,touchdowns,car,draftkings,0.5,0.362,-0.138,-27.6,Under
Jonathon Brooks,touchdowns,car,fanatics,0.5,0.362,-0.138,-27.6,Under
CeeDee Lamb,touchdowns,dal,caesars,0.5,0.362,-0.138,-27.6,Under
CeeDee Lamb,touchdowns,dal,fanduel,0.5,0.362,-0.138,-27.6,Under
CeeDee Lamb,touchdowns,dal,draftkings,0.5,0.362,-0.138,-27.6,Under
CeeDee Lamb,touchdowns,dal,fanatics,0.5,0.362,-0.138,-27.6,Under
CeeDee Lamb,touchdowns,dal,hardrock,0.5,0.362,-0.138,-27.6,Under
Jonathon Brooks,touchdowns,car,hardrock,0.5,0.362,-0.138,-27.6,Under
Jonathon Brooks,touchdowns,car,caesars,0.5,0.362,-0.138,-27.6,Under
Joe Burrow,rushing-yards,cin,fanatics,5.5,7.0,1.5,27.27,Over
Jalen Nailor,receiving-yards,lvr,sleeper,20.5,26.0,5.5,26.83,Over
Justice Hill,rushing-and-receiving-yards,bal,fanatics,20.5,26.0,5.5,26.83,Over
Jalen Nailor,receiving-yards,lvr,fanatics,20.5,26.0,5.5,26.83,Over
Jalen Nailor,receiving-yards,lvr,fanduel,20.5,26.0,5.5,26.83,Over
Brian Thomas,receiving-yards,jax,fanatics,35.5,45.0,9.5,26.76,Over
Tyquan Thornton,receptions,kan,fanatics,1.5,1.1,-0.3999999999999999,-26.67,Under
Tyquan Thornton,receptions,kan,sleeper,1.5,1.1,-0.3999999999999999,-26.67,Under
Rashod Bateman,receptions,bal,draftkings,1.5,1.9,0.3999999999999999,26.67,Over
Bucky Irving,receptions,tam,sleeper,1.5,1.9,0.3999999999999999,26.67,Over
Dak Prescott,passing-tds,dal,fanduel,1.5,1.9,0.3999999999999999,26.67,Over
Calvin Ridley,receptions,ten,hardrock,1.5,1.9,0.3999999999999999,26.67,Over
Tyquan Thornton,receptions,kan,caesars,1.5,1.1,-0.3999999999999999,-26.67,Under
Jahan Dotson,receptions,atl,draftkings,1.5,1.9,0.3999999999999999,26.67,Over
Rashod Bateman,receptions,bal,fanatics,1.5,1.9,0.3999999999999999,26.67,Over
Jahan Dotson,receptions,atl,sleeper,1.5,1.9,0.3999999999999999,26.67,Over
Tua Tagovailoa,passing-tds,atl,hardrock,1.5,1.1,-0.3999999999999999,-26.67,Under
Omar Cooper,receptions,nyj,hardrock,1.5,1.9,0.3999999999999999,26.67,Over
Derrick Henry,receptions,bal,draftkings,1.5,1.1,-0.3999999999999999,-26.67,Under
Dak Prescott,passing-tds,dal,caesars,1.5,1.9,0.3999999999999999,26.67,Over
Derrick Henry,receptions,bal,fanduel,1.5,1.1,-0.3999999999999999,-26.67,Under
Derrick Henry,receptions,bal,fanatics,1.5,1.1,-0.3999999999999999,-26.67,Under
Quinshon Judkins,receptions,cle,hardrock,1.5,1.9,0.3999999999999999,26.67,Over
Quinshon Judkins,receptions,cle,caesars,1.5,1.9,0.3999999999999999,26.67,Over
Rashod Bateman,receptions,bal,caesars,1.5,1.9,0.3999999999999999,26.67,Over
Jahan Dotson,receptions,atl,fanduel,1.5,1.9,0.3999999999999999,26.67,Over
Darnell Mooney,receptions,nyg,fanatics,1.5,1.1,-0.3999999999999999,-26.67,Under
Dak Prescott,passing-tds,dal,hardrock,1.5,1.9,0.3999999999999999,26.67,Over
Dak Prescott,passing-tds,dal,fanatics,1.5,1.9,0.3999999999999999,26.67,Over
Dak Prescott,passing-tds,dal,sleeper,1.5,1.9,0.3999999999999999,26.67,Over
Dak Prescott,passing-tds,dal,riverscasino,1.5,1.9,0.3999999999999999,26.67,Over
Dak Prescott,passing-tds,dal,draftkings,1.5,1.9,0.3999999999999999,26.67,Over
Tua Tagovailoa,passing-tds,atl,sleeper,1.5,1.1,-0.3999999999999999,-26.67,Under
Tua Tagovailoa,passing-tds,atl,caesars,1.5,1.1,-0.3999999999999999,-26.67,Under
Omar Cooper,receptions,nyj,sleeper,1.5,1.9,0.3999999999999999,26.67,Over
Omar Cooper,receptions,nyj,fanatics,1.5,1.9,0.3999999999999999,26.67,Over
Tua Tagovailoa,passing-tds,atl,fanduel,1.5,1.1,-0.3999999999999999,-26.67,Under
Derrick Henry,receptions,bal,hardrock,1.5,1.1,-0.3999999999999999,-26.67,Under
Derrick Henry,receptions,bal,caesars,1.5,1.1,-0.3999999999999999,-26.67,Under
Bucky Irving,receptions,tam,hardrock,1.5,1.9,0.3999999999999999,26.67,Over
Quinshon Judkins,receptions,cle,sleeper,1.5,1.9,0.3999999999999999,26.67,Over
Calvin Ridley,receptions,ten,sleeper,1.5,1.9,0.3999999999999999,26.67,Over
Rashod Bateman,receptions,bal,fanduel,1.5,1.9,0.3999999999999999,26.67,Over
Jahan Dotson,receptions,atl,hardrock,1.5,1.9,0.3999999999999999,26.67,Over
Jahan Dotson,receptions,atl,caesars,1.5,1.9,0.3999999999999999,26.67,Over
Tyquan Thornton,receptions,kan,hardrock,1.5,1.1,-0.3999999999999999,-26.67,Under
Quinshon Judkins,receptions,cle,fanduel,1.5,1.9,0.3999999999999999,26.67,Over
Quinshon Judkins,receptions,cle,draftkings,1.5,1.9,0.3999999999999999,26.67,Over
Tyquan Thornton,receptions,kan,draftkings,1.5,1.1,-0.3999999999999999,-26.67,Under
Tyquan Thornton,receptions,kan,fanduel,1.5,1.1,-0.3999999999999999,-26.67,Under
Deebo Samuel,receiving-yards,sfo,riverscasino,28.5,36.0,7.5,26.32,Over
Justice Hill,rushing-yards,bal,fanduel,9.5,7.0,-2.5,-26.32,Under
Justice Hill,rushing-yards,bal,sleeper,9.5,7.0,-2.5,-26.32,Under
Rachaad White,rush-attempts,was,hardrock,6.5,8.2,1.6999999999999993,26.15,Over
Rachaad White,rush-attempts,was,caesars,6.5,8.2,1.6999999999999993,26.15,Over
Rachaad White,rush-attempts,was,draftkings,6.5,8.2,1.6999999999999993,26.15,Over
Rachaad White,rush-attempts,was,sleeper,6.5,8.2,1.6999999999999993,26.15,Over
Rachaad White,rush-attempts,was,fanatics,6.5,8.2,1.6999999999999993,26.15,Over
Daniel Jones,interceptions,ind,caesars,0.5,0.63,0.13,26.0,Over
Cam Ward,interceptions,ten,sleeper,0.5,0.63,0.13,26.0,Over
Cam Ward,interceptions,ten,hardrock,0.5,0.63,0.13,26.0,Over
Daniel Jones,interceptions,ind,sleeper,0.5,0.63,0.13,26.0,Over
Cam Ward,interceptions,ten,caesars,0.5,0.63,0.13,26.0,Over
Cam Ward,interceptions,ten,draftkings,0.5,0.63,0.13,26.0,Over
Daniel Jones,interceptions,ind,hardrock,0.5,0.63,0.13,26.0,Over
Daniel Jones,interceptions,ind,draftkings,0.5,0.63,0.13,26.0,Over
Ryan Flournoy,rushing-and-receiving-yards,dal,hardrock,23.5,29.6,6.100000000000001,25.96,Over
James Cook,receiving-yards,buf,draftkings,13.5,17.0,3.5,25.93,Over
Carnell Tate,receiving-yards,ten,caesars,40.5,51.0,10.5,25.93,Over
Carnell Tate,receiving-yards,ten,fanduel,40.5,51.0,10.5,25.93,Over
Rachaad White,rushing-and-receiving-yards,was,fanatics,40.5,51.0,10.5,25.93,Over
Carnell Tate,receiving-yards,ten,sleeper,40.5,51.0,10.5,25.93,Over
James Cook,receiving-yards,buf,caesars,13.5,17.0,3.5,25.93,Over
Bucky Irving,receiving-yards,tam,sleeper,13.5,17.0,3.5,25.93,Over
Bucky Irving,receiving-yards,tam,caesars,13.5,17.0,3.5,25.93,Over
Bucky Irving,receiving-yards,tam,fanduel,13.5,17.0,3.5,25.93,Over
Tyler Shough,rush-attempts,nor,draftkings,3.5,4.4,0.9000000000000004,25.71,Over
Darnell Washington,receiving-yards,pit,caesars,17.5,22.0,4.5,25.71,Over
Darnell Washington,receiving-yards,pit,draftkings,17.5,22.0,4.5,25.71,Over
T.J. Hockenson,receiving-yards,min,fanatics,25.5,32.0,6.5,25.49,Over
Aaron Jones,rushing-yards,min,fanduel,29.5,37.0,7.5,25.42,Over
Aaron Jones,rushing-yards,min,sleeper,29.5,37.0,7.5,25.42,Over
Aaron Jones,rushing-yards,min,draftkings,29.5,37.0,7.5,25.42,Over
TreVeyon Henderson,rushing-and-receiving-yards,nwe,caesars,41.5,31.0,-10.5,-25.3,Under
Jameson Williams,touchdowns,det,draftkings,0.5,0.375,-0.125,-25.0,Under
Chuba Hubbard,touchdowns,car,fanatics,0.5,0.375,-0.125,-25.0,Under
Chuba Hubbard,touchdowns,car,fanduel,0.5,0.375,-0.125,-25.0,Under
Chuba Hubbard,touchdowns,car,hardrock,0.5,0.375,-0.125,-25.0,Under
Chuba Hubbard,touchdowns,car,draftkings,0.5,0.375,-0.125,-25.0,Under
Jaylen Warren,touchdowns,pit,caesars,0.5,0.375,-0.125,-25.0,Under
Jaylen Warren,touchdowns,pit,fanatics,0.5,0.375,-0.125,-25.0,Under
Jaylen Warren,touchdowns,pit,hardrock,0.5,0.375,-0.125,-25.0,Under
Jameson Williams,touchdowns,det,hardrock,0.5,0.375,-0.125,-25.0,Under
Jameson Williams,touchdowns,det,caesars,0.5,0.375,-0.125,-25.0,Under
Jaylen Warren,touchdowns,pit,draftkings,0.5,0.375,-0.125,-25.0,Under
Jaylen Warren,touchdowns,pit,fanduel,0.5,0.375,-0.125,-25.0,Under
Jameson Williams,touchdowns,det,fanatics,0.5,0.375,-0.125,-25.0,Under
Jameson Williams,touchdowns,det,fanduel,0.5,0.375,-0.125,-25.0,Under
Chuba Hubbard,touchdowns,car,caesars,0.5,0.375,-0.125,-25.0,Under
Jalen McMillan,receiving-yards,tam,fanduel,34.5,43.0,8.5,24.64,Over
Jalen McMillan,receiving-yards,tam,draftkings,34.5,43.0,8.5,24.64,Over
Jalen McMillan,receiving-yards,tam,caesars,34.5,43.0,8.5,24.64,Over
KC Concepcion,receiving-yards,cle,fanatics,30.5,38.0,7.5,24.59,Over
Tyjae Spears,receiving-yards,ten,fanduel,18.5,14.0,-4.5,-24.32,Under
Tyjae Spears,receiving-yards,ten,caesars,18.5,14.0,-4.5,-24.32,Under
Tyjae Spears,receiving-yards,ten,riverscasino,18.5,14.0,-4.5,-24.32,Under
Cole Kmet,receiving-yards,chi,fanduel,14.5,18.0,3.5,24.14,Over
Joshua Palmer,receiving-yards,buf,sleeper,14.5,18.0,3.5,24.14,Over
Cole Kmet,receiving-yards,chi,sleeper,14.5,18.0,3.5,24.14,Over
Justin Herbert,interceptions,lac,hardrock,0.5,0.62,0.12,24.0,Over
Justin Herbert,interceptions,lac,sleeper,0.5,0.62,0.12,24.0,Over
Justin Herbert,interceptions,lac,draftkings,0.5,0.62,0.12,24.0,Over
Baker Mayfield,interceptions,tam,hardrock,0.5,0.62,0.12,24.0,Over
Baker Mayfield,interceptions,tam,caesars,0.5,0.62,0.12,24.0,Over
Bucky Irving,receptions,tam,caesars,2.5,1.9,-0.6000000000000001,-24.0,Under
Calvin Ridley,receptions,ten,fanatics,2.5,1.9,-0.6000000000000001,-24.0,Under
Rashod Bateman,receptions,bal,hardrock,2.5,1.9,-0.6000000000000001,-24.0,Under
Calvin Ridley,receptions,ten,fanduel,2.5,1.9,-0.6000000000000001,-24.0,Under
Rashod Bateman,receptions,bal,sleeper,2.5,1.9,-0.6000000000000001,-24.0,Under
Baker Mayfield,interceptions,tam,sleeper,0.5,0.62,0.12,24.0,Over
Bucky Irving,receptions,tam,fanduel,2.5,1.9,-0.6000000000000001,-24.0,Under
Calvin Ridley,receptions,ten,draftkings,2.5,1.9,-0.6000000000000001,-24.0,Under
Calvin Ridley,receptions,ten,caesars,2.5,1.9,-0.6000000000000001,-24.0,Under
Bucky Irving,receptions,tam,draftkings,2.5,1.9,-0.6000000000000001,-24.0,Under
Baker Mayfield,interceptions,tam,riverscasino,0.5,0.62,0.12,24.0,Over
Baker Mayfield,interceptions,tam,draftkings,0.5,0.62,0.12,24.0,Over
Khalil Shakir,receiving-yards,buf,fanatics,35.5,44.0,8.5,23.94,Over
Jakobi Meyers,receiving-yards,jax,fanatics,35.5,44.0,8.5,23.94,Over
Kyren Williams,receiving-yards,,fanduel,10.5,13.0,2.5,23.81,Over
Rico Dowdle,receiving-yards,pit,draftkings,10.5,13.0,2.5,23.81,Over
Javonte Williams,receiving-yards,dal,fanatics,10.5,13.0,2.5,23.81,Over
Rico Dowdle,receiving-yards,pit,riverscasino,10.5,13.0,2.5,23.81,Over
Kyren Williams,receiving-yards,,riverscasino,10.5,13.0,2.5,23.81,Over
Jacoby Brissett,rushing-yards,ari,fanduel,10.5,13.0,2.5,23.81,Over
Jacoby Brissett,rushing-yards,ari,fanatics,10.5,13.0,2.5,23.81,Over
Rico Dowdle,receiving-yards,pit,fanduel,10.5,13.0,2.5,23.81,Over
Rico Dowdle,receiving-yards,pit,fanatics,10.5,13.0,2.5,23.81,Over
Rico Dowdle,receiving-yards,pit,sleeper,10.5,13.0,2.5,23.81,Over
Javonte Williams,receiving-yards,dal,riverscasino,10.5,13.0,2.5,23.81,Over
Odell Beckham,receiving-yards,nyg,fanatics,10.5,13.0,2.5,23.81,Over
Rico Dowdle,receiving-yards,pit,caesars,10.5,13.0,2.5,23.81,Over
Kyren Williams,receiving-yards,,sleeper,10.5,13.0,2.5,23.81,Over
Kyren Williams,receiving-yards,,caesars,10.5,13.0,2.5,23.81,Over
Justin Jefferson,touchdowns,min,hardrock,0.5,0.381,-0.119,-23.8,Under
Justin Jefferson,touchdowns,min,fanatics,0.5,0.381,-0.119,-23.8,Under
Justin Jefferson,touchdowns,min,draftkings,0.5,0.381,-0.119,-23.8,Under
MarShawn Lloyd,touchdowns,gnb,draftkings,0.5,0.381,-0.119,-23.8,Under
Justin Jefferson,touchdowns,min,fanduel,0.5,0.381,-0.119,-23.8,Under
MarShawn Lloyd,touchdowns,gnb,caesars,0.5,0.381,-0.119,-23.8,Under
MarShawn Lloyd,touchdowns,gnb,fanduel,0.5,0.381,-0.119,-23.8,Under
MarShawn Lloyd,touchdowns,gnb,hardrock,0.5,0.381,-0.119,-23.8,Under
MarShawn Lloyd,touchdowns,gnb,fanatics,0.5,0.381,-0.119,-23.8,Under
Justin Jefferson,touchdowns,min,caesars,0.5,0.381,-0.119,-23.8,Under
Chris Godwin,receiving-yards,tam,riverscasino,40.5,50.0,9.5,23.46,Over
Chris Godwin,receiving-yards,tam,fanduel,40.5,50.0,9.5,23.46,Over
Chris Godwin,receiving-yards,tam,fanatics,40.5,50.0,9.5,23.46,Over
Chris Godwin,receiving-yards,tam,draftkings,40.5,50.0,9.5,23.46,Over
Jauan Jennings,receiving-yards,min,caesars,23.5,29.0,5.5,23.4,Over
Jauan Jennings,receiving-yards,min,sleeper,23.5,29.0,5.5,23.4,Over
Jauan Jennings,receiving-yards,min,fanduel,23.5,29.0,5.5,23.4,Over
Brian Thomas,receiving-yards,jax,draftkings,36.5,45.0,8.5,23.29,Over
Brian Thomas,receiving-yards,jax,fanduel,36.5,45.0,8.5,23.29,Over
Brian Thomas,receiving-yards,jax,riverscasino,36.5,45.0,8.5,23.29,Over
Geno Smith,rushing-yards,nyj,sleeper,6.5,8.0,1.5,23.08,Over
Samaje Perine,rushing-yards,cin,sleeper,19.5,24.0,4.5,23.08,Over
Geno Smith,rushing-yards,nyj,caesars,6.5,8.0,1.5,23.08,Over
Mason Taylor,receiving-yards,nyj,fanduel,19.5,15.0,-4.5,-23.08,Under
TreVeyon Henderson,rush-attempts,nwe,fanduel,6.5,5.0,-1.5,-23.08,Under
Samaje Perine,rushing-yards,cin,fanduel,19.5,24.0,4.5,23.08,Over
Samaje Perine,rushing-yards,cin,caesars,19.5,24.0,4.5,23.08,Over
Mason Taylor,receiving-yards,nyj,sleeper,19.5,15.0,-4.5,-23.08,Under
Carnell Tate,receiving-yards,ten,riverscasino,41.5,51.0,9.5,22.89,Over
Rachaad White,rushing-and-receiving-yards,was,sleeper,41.5,51.0,9.5,22.89,Over
Carnell Tate,receiving-yards,ten,draftkings,41.5,51.0,9.5,22.89,Over
Caleb Williams,rush-attempts,chi,hardrock,3.5,4.3,0.7999999999999998,22.86,Over
Caleb Williams,rush-attempts,chi,sleeper,3.5,4.3,0.7999999999999998,22.86,Over
Caleb Williams,rush-attempts,chi,fanduel,3.5,4.3,0.7999999999999998,22.86,Over
Brock Bowers,touchdowns,lvr,caesars,0.5,0.387,-0.11299999999999999,-22.6,Under
Brock Bowers,touchdowns,lvr,hardrock,0.5,0.387,-0.11299999999999999,-22.6,Under
Ladd McConkey,touchdowns,lac,fanduel,0.5,0.387,-0.11299999999999999,-22.6,Under
Ladd McConkey,touchdowns,lac,hardrock,0.5,0.387,-0.11299999999999999,-22.6,Under
Ladd McConkey,touchdowns,lac,caesars,0.5,0.387,-0.11299999999999999,-22.6,Under
Ladd McConkey,touchdowns,lac,draftkings,0.5,0.387,-0.11299999999999999,-22.6,Under
Ladd McConkey,touchdowns,lac,fanatics,0.5,0.387,-0.11299999999999999,-22.6,Under
Brock Bowers,touchdowns,lvr,fanatics,0.5,0.387,-0.11299999999999999,-22.6,Under
Brock Bowers,touchdowns,lvr,fanduel,0.5,0.387,-0.11299999999999999,-22.6,Under
Breece Hall,touchdowns,nyj,fanduel,0.5,0.387,-0.11299999999999999,-22.6,Under
Brock Bowers,touchdowns,lvr,draftkings,0.5,0.387,-0.11299999999999999,-22.6,Under
Breece Hall,touchdowns,nyj,fanatics,0.5,0.387,-0.11299999999999999,-22.6,Under
Breece Hall,touchdowns,nyj,caesars,0.5,0.387,-0.11299999999999999,-22.6,Under
Breece Hall,touchdowns,nyj,hardrock,0.5,0.387,-0.11299999999999999,-22.6,Under
Breece Hall,touchdowns,nyj,draftkings,0.5,0.387,-0.11299999999999999,-22.6,Under
Michael Mayer,receiving-yards,lvr,fanatics,15.5,19.0,3.5,22.58,Over
Deshaun Watson,rushing-yards,cle,fanatics,15.5,19.0,3.5,22.58,Over
Breece Hall,receiving-yards,nyj,fanatics,15.5,19.0,3.5,22.58,Over
Trevor Lawrence,rushing-yards,jax,fanatics,15.5,19.0,3.5,22.58,Over
Deshaun Watson,rushing-yards,cle,riverscasino,15.5,19.0,3.5,22.58,Over
Denzel Boston,receiving-yards,cle,caesars,24.5,30.0,5.5,22.45,Over
Denzel Boston,receiving-yards,cle,sleeper,24.5,30.0,5.5,22.45,Over
Samaje Perine,rush-attempts,cin,sleeper,4.5,5.5,1.0,22.22,Over
Samaje Perine,rush-attempts,cin,hardrock,4.5,5.5,1.0,22.22,Over
Michael Pittman,receiving-yards,pit,fanduel,38.5,47.0,8.5,22.08,Over
Deebo Samuel,receiving-yards,sfo,caesars,29.5,36.0,6.5,22.03,Over
Deebo Samuel,receiving-yards,sfo,draftkings,29.5,36.0,6.5,22.03,Over
Deebo Samuel,receiving-yards,sfo,fanduel,29.5,36.0,6.5,22.03,Over
Cooper Kupp,receiving-yards,sea,fanduel,29.5,36.0,6.5,22.03,Over
Cooper Kupp,receiving-yards,sea,draftkings,29.5,36.0,6.5,22.03,Over
Cooper Kupp,receiving-yards,sea,riverscasino,29.5,36.0,6.5,22.03,Over
Jayden Daniels,interceptions,was,hardrock,0.5,0.61,0.10999999999999999,22.0,Over
Jayden Daniels,interceptions,was,sleeper,0.5,0.61,0.10999999999999999,22.0,Over
Aaron Rodgers,interceptions,pit,sleeper,0.5,0.61,0.10999999999999999,22.0,Over
Aaron Rodgers,interceptions,pit,hardrock,0.5,0.61,0.10999999999999999,22.0,Over
Aaron Rodgers,interceptions,pit,caesars,0.5,0.61,0.10999999999999999,22.0,Over
Aaron Rodgers,interceptions,pit,riverscasino,0.5,0.61,0.10999999999999999,22.0,Over
Aaron Rodgers,interceptions,pit,draftkings,0.5,0.61,0.10999999999999999,22.0,Over
Jayden Daniels,interceptions,was,draftkings,0.5,0.61,0.10999999999999999,22.0,Over
Patrick Mahomes,interceptions,kan,draftkings,0.5,0.61,0.10999999999999999,22.0,Over
Jayden Daniels,interceptions,was,caesars,0.5,0.61,0.10999999999999999,22.0,Over
Patrick Mahomes,interceptions,kan,sleeper,0.5,0.61,0.10999999999999999,22.0,Over
Patrick Mahomes,interceptions,kan,hardrock,0.5,0.61,0.10999999999999999,22.0,Over
Xavier Legette,receiving-yards,car,fanatics,20.5,16.0,-4.5,-21.95,Under
Xavier Hutchinson,receiving-yards,hou,fanatics,20.5,16.0,-4.5,-21.95,Under
Derrick Henry,touchdowns,bal,caesars,0.5,0.609,0.10899999999999999,21.8,Over
Derrick Henry,touchdowns,bal,fanduel,0.5,0.609,0.10899999999999999,21.8,Over
Derrick Henry,touchdowns,bal,hardrock,0.5,0.609,0.10899999999999999,21.8,Over
Derrick Henry,touchdowns,bal,draftkings,0.5,0.609,0.10899999999999999,21.8,Over
Derrick Henry,touchdowns,bal,fanatics,0.5,0.609,0.10899999999999999,21.8,Over
MarShawn Lloyd,receiving-yards,gnb,draftkings,11.5,14.0,2.5,21.74,Over
MarShawn Lloyd,receiving-yards,gnb,caesars,11.5,14.0,2.5,21.74,Over
MarShawn Lloyd,receiving-yards,gnb,fanduel,11.5,14.0,2.5,21.74,Over
MarShawn Lloyd,receiving-yards,gnb,sleeper,11.5,14.0,2.5,21.74,Over
Dontayvion Wicks,receiving-yards,phi,fanatics,25.5,31.0,5.5,21.57,Over
Aaron Jones,rushing-yards,min,caesars,30.5,37.0,6.5,21.31,Over
Hunter Henry,receiving-yards,nwe,fanatics,30.5,37.0,6.5,21.31,Over
Dalton Schultz,receiving-yards,hou,fanatics,30.5,37.0,6.5,21.31,Over
Aaron Jones,rushing-yards,min,riverscasino,30.5,37.0,6.5,21.31,Over
Aaron Jones,rushing-yards,min,fanatics,30.5,37.0,6.5,21.31,Over
Kenneth Walker,receiving-yards,kan,riverscasino,16.5,20.0,3.5,21.21,Over
Jalen McMillan,receiving-yards,tam,fanatics,35.5,43.0,7.5,21.13,Over
Jalen McMillan,receiving-yards,tam,riverscasino,35.5,43.0,7.5,21.13,Over
Harold Fannin,receiving-yards,cle,caesars,35.5,43.0,7.5,21.13,Over
Jalen McMillan,receiving-yards,tam,sleeper,35.5,43.0,7.5,21.13,Over
Courtland Sutton,receiving-yards,den,fanatics,40.5,49.0,8.5,20.99,Over
T.J. Hockenson,receiving-yards,min,riverscasino,26.5,32.0,5.5,20.75,Over
Khalil Shakir,receiving-yards,buf,sleeper,36.5,44.0,7.5,20.55,Over
Khalil Shakir,receiving-yards,buf,fanduel,36.5,44.0,7.5,20.55,Over
Khalil Shakir,receiving-yards,buf,caesars,36.5,44.0,7.5,20.55,Over
Jakobi Meyers,receiving-yards,jax,draftkings,36.5,44.0,7.5,20.55,Over
Chris Godwin,receiving-yards,tam,caesars,41.5,50.0,8.5,20.48,Over
Chris Godwin,receiving-yards,tam,sleeper,41.5,50.0,8.5,20.48,Over
Travis Etienne,receptions,nor,caesars,3.5,2.8,-0.7000000000000002,-20.0,Under
Tyjae Spears,receptions,ten,draftkings,2.5,2.0,-0.5,-20.0,Under
George Kittle,receiving-yards,sfo,draftkings,37.5,45.0,7.5,20.0,Over
Deebo Samuel,receptions,sfo,draftkings,2.5,3.0,0.5,20.0,Over
Tyjae Spears,receptions,ten,fanduel,2.5,2.0,-0.5,-20.0,Under
Chig Okonkwo,receptions,was,fanatics,3.5,2.8,-0.7000000000000002,-20.0,Under
Tyjae Spears,receptions,ten,sleeper,2.5,2.0,-0.5,-20.0,Under
Tyjae Spears,receptions,ten,caesars,2.5,2.0,-0.5,-20.0,Under
Tyjae Spears,receptions,ten,hardrock,2.5,2.0,-0.5,-20.0,Under
Davante Adams,touchdowns,,hardrock,0.5,0.4,-0.09999999999999998,-20.0,Under
Davante Adams,touchdowns,,caesars,0.5,0.4,-0.09999999999999998,-20.0,Under
Davante Adams,touchdowns,,draftkings,0.5,0.4,-0.09999999999999998,-20.0,Under
Jordan Mason,touchdowns,min,hardrock,0.5,0.4,-0.09999999999999998,-20.0,Under
Kyren Williams,receptions,,sleeper,1.5,1.8,0.30000000000000004,20.0,Over
Jordan Mason,touchdowns,min,draftkings,0.5,0.4,-0.09999999999999998,-20.0,Under
Travis Etienne,receptions,nor,hardrock,3.5,2.8,-0.7000000000000002,-20.0,Under
Deebo Samuel,receptions,sfo,fanduel,2.5,3.0,0.5,20.0,Over
Deebo Samuel,receptions,sfo,sleeper,2.5,3.0,0.5,20.0,Over
Deebo Samuel,receptions,sfo,caesars,2.5,3.0,0.5,20.0,Over
Deebo Samuel,receptions,sfo,hardrock,2.5,3.0,0.5,20.0,Over
Kyren Williams,receptions,,fanduel,1.5,1.8,0.30000000000000004,20.0,Over
Charlie Kolar,receptions,lac,caesars,1.5,1.2,-0.30000000000000004,-20.0,Under
Charlie Kolar,receptions,lac,fanduel,1.5,1.2,-0.30000000000000004,-20.0,Under
Charlie Kolar,receptions,lac,fanatics,1.5,1.2,-0.30000000000000004,-20.0,Under
Charlie Kolar,receptions,lac,sleeper,1.5,1.2,-0.30000000000000004,-20.0,Under
Charlie Kolar,receptions,lac,hardrock,1.5,1.2,-0.30000000000000004,-20.0,Under
Kyren Williams,receptions,,draftkings,1.5,1.8,0.30000000000000004,20.0,Over
Kyren Williams,receptions,,hardrock,1.5,1.8,0.30000000000000004,20.0,Over
Kyren Williams,receptions,,caesars,1.5,1.8,0.30000000000000004,20.0,Over
Jordan Mason,touchdowns,min,fanatics,0.5,0.4,-0.09999999999999998,-20.0,Under
Jordan Mason,touchdowns,min,caesars,0.5,0.4,-0.09999999999999998,-20.0,Under
Travis Etienne,receptions,nor,sleeper,3.5,2.8,-0.7000000000000002,-20.0,Under
Malik Davis,rushing-yards,dal,sleeper,12.5,15.0,2.5,20.0,Over
Rashid Shaheed,rushing-yards,sea,fanatics,5.5,4.4,-1.0999999999999996,-20.0,Under
Bo Nix,passing-tds,den,sleeper,1.5,1.2,-0.30000000000000004,-20.0,Under
Bo Nix,passing-tds,den,fanatics,1.5,1.2,-0.30000000000000004,-20.0,Under
Malik Willis,rush-attempts,mia,fanduel,6.5,7.8,1.2999999999999998,20.0,Over
Harold Fannin,receptions,cle,draftkings,3.5,4.2,0.7000000000000002,20.0,Over
Harold Fannin,receptions,cle,hardrock,3.5,4.2,0.7000000000000002,20.0,Over
Harold Fannin,receptions,cle,caesars,3.5,4.2,0.7000000000000002,20.0,Over
Courtland Sutton,receptions,den,draftkings,4.5,3.6,-0.8999999999999999,-20.0,Under
Courtland Sutton,receptions,den,hardrock,4.5,3.6,-0.8999999999999999,-20.0,Under
Courtland Sutton,receptions,den,caesars,4.5,3.6,-0.8999999999999999,-20.0,Under
Courtland Sutton,receptions,den,fanduel,4.5,3.6,-0.8999999999999999,-20.0,Under
Chris Godwin,receptions,tam,draftkings,3.5,4.2,0.7000000000000002,20.0,Over
Chris Godwin,receptions,tam,hardrock,3.5,4.2,0.7000000000000002,20.0,Over
Chris Godwin,receptions,tam,caesars,3.5,4.2,0.7000000000000002,20.0,Over
Chris Rodriguez,receptions,jax,hardrock,0.5,0.6,0.09999999999999998,20.0,Over
Jaylen Warren,receptions,pit,hardrock,3.5,2.8,-0.7000000000000002,-20.0,Under
Chris Rodriguez,receptions,jax,sleeper,0.5,0.6,0.09999999999999998,20.0,Over
Braelon Allen,receptions,nyj,fanatics,0.5,0.4,-0.09999999999999998,-20.0,Under
Travis Etienne,receptions,nor,draftkings,3.5,2.8,-0.7000000000000002,-20.0,Under
Braelon Allen,receptions,nyj,sleeper,0.5,0.4,-0.09999999999999998,-20.0,Under
Courtland Sutton,receptions,den,fanatics,4.5,3.6,-0.8999999999999999,-20.0,Under
Chris Godwin,receptions,tam,fanduel,3.5,4.2,0.7000000000000002,20.0,Over
Chris Godwin,receptions,tam,sleeper,3.5,4.2,0.7000000000000002,20.0,Over
Jordan Mason,touchdowns,min,fanduel,0.5,0.4,-0.09999999999999998,-20.0,Under
Malik Willis,rush-attempts,mia,sleeper,6.5,7.8,1.2999999999999998,20.0,Over
Malik Willis,rush-attempts,mia,hardrock,6.5,7.8,1.2999999999999998,20.0,Over
Braelon Allen,receptions,nyj,hardrock,0.5,0.4,-0.09999999999999998,-20.0,Under
Brian Thomas,receiving-yards,jax,sleeper,37.5,45.0,7.5,20.0,Over
Bo Nix,passing-tds,den,caesars,1.5,1.2,-0.30000000000000004,-20.0,Under
Quinshon Judkins,touchdowns,cle,fanduel,0.5,0.4,-0.09999999999999998,-20.0,Under
Quinshon Judkins,touchdowns,cle,caesars,0.5,0.4,-0.09999999999999998,-20.0,Under
Quinshon Judkins,touchdowns,cle,hardrock,0.5,0.4,-0.09999999999999998,-20.0,Under
Quinshon Judkins,touchdowns,cle,draftkings,0.5,0.4,-0.09999999999999998,-20.0,Under
Geno Smith,passing-tds,nyj,draftkings,1.5,1.2,-0.30000000000000004,-20.0,Under
Jacoby Brissett,passing-tds,ari,fanduel,1.5,1.2,-0.30000000000000004,-20.0,Under
Isaac TeSlaa,receptions,det,hardrock,1.5,1.8,0.30000000000000004,20.0,Over
Erick All,receptions,cin,fanatics,1.5,1.2,-0.30000000000000004,-20.0,Under
Erick All,receptions,cin,hardrock,1.5,1.2,-0.30000000000000004,-20.0,Under
Isaiah Williams,receptions,nyj,fanatics,1.5,1.2,-0.30000000000000004,-20.0,Under
Isaiah Williams,receptions,nyj,sleeper,1.5,1.2,-0.30000000000000004,-20.0,Under
Isaiah Williams,receptions,nyj,hardrock,1.5,1.2,-0.30000000000000004,-20.0,Under
Erick All,receptions,cin,sleeper,1.5,1.2,-0.30000000000000004,-20.0,Under
Jacoby Brissett,passing-tds,ari,caesars,1.5,1.2,-0.30000000000000004,-20.0,Under
Jacoby Brissett,passing-tds,ari,sleeper,1.5,1.2,-0.30000000000000004,-20.0,Under
Cam Ward,passing-tds,ten,riverscasino,1.5,1.2,-0.30000000000000004,-20.0,Under
Cam Ward,passing-tds,ten,draftkings,1.5,1.2,-0.30000000000000004,-20.0,Under
Bo Nix,passing-tds,den,fanduel,1.5,1.2,-0.30000000000000004,-20.0,Under
Isaac TeSlaa,receptions,det,caesars,1.5,1.8,0.30000000000000004,20.0,Over
Cam Ward,passing-tds,ten,hardrock,1.5,1.2,-0.30000000000000004,-20.0,Under
Cam Ward,passing-tds,ten,caesars,1.5,1.2,-0.30000000000000004,-20.0,Under
Jacoby Brissett,passing-tds,ari,fanatics,1.5,1.2,-0.30000000000000004,-20.0,Under
Jadarian Price,receiving-yards,sea,draftkings,7.5,9.0,1.5,20.0,Over
Tyler Higbee,receptions,,sleeper,1.5,1.2,-0.30000000000000004,-20.0,Under
Tyler Higbee,receptions,,fanduel,1.5,1.2,-0.30000000000000004,-20.0,Under
Isaac TeSlaa,receptions,det,draftkings,1.5,1.8,0.30000000000000004,20.0,Over
Samaje Perine,receptions,cin,hardrock,1.5,1.2,-0.30000000000000004,-20.0,Under
Jadarian Price,receiving-yards,sea,riverscasino,7.5,9.0,1.5,20.0,Over
Colbie Young,receiving-yards,cin,sleeper,7.5,9.0,1.5,20.0,Over
Rachaad White,rushing-and-receiving-yards,was,hardrock,42.5,51.0,8.5,20.0,Over
Jayden Daniels,passing-tds,was,fanatics,1.5,1.2,-0.30000000000000004,-20.0,Under
Isaac TeSlaa,receptions,det,sleeper,1.5,1.8,0.30000000000000004,20.0,Over
Isaac TeSlaa,receptions,det,fanduel,1.5,1.8,0.30000000000000004,20.0,Over
Rachaad White,rushing-and-receiving-yards,was,draftkings,42.5,51.0,8.5,20.0,Over
Bo Nix,passing-tds,den,hardrock,1.5,1.2,-0.30000000000000004,-20.0,Under
Cam Ward,passing-tds,ten,fanduel,1.5,1.2,-0.30000000000000004,-20.0,Under
Jacoby Brissett,passing-tds,ari,draftkings,1.5,1.2,-0.30000000000000004,-20.0,Under
Jacoby Brissett,passing-tds,ari,riverscasino,1.5,1.2,-0.30000000000000004,-20.0,Under
Jacoby Brissett,passing-tds,ari,hardrock,1.5,1.2,-0.30000000000000004,-20.0,Under
Cam Ward,passing-tds,ten,sleeper,1.5,1.2,-0.30000000000000004,-20.0,Under
Rachaad White,rushing-and-receiving-yards,was,fanduel,42.5,51.0,8.5,20.0,Over
Tyler Higbee,receptions,,caesars,1.5,1.2,-0.30000000000000004,-20.0,Under
Samaje Perine,receptions,cin,fanatics,1.5,1.2,-0.30000000000000004,-20.0,Under
Tee Higgins,touchdowns,cin,fanduel,0.5,0.4,-0.09999999999999998,-20.0,Under
Tyler Higbee,receptions,,hardrock,1.5,1.2,-0.30000000000000004,-20.0,Under
Samaje Perine,receptions,cin,sleeper,1.5,1.2,-0.30000000000000004,-20.0,Under
Tyler Higbee,receptions,,draftkings,1.5,1.2,-0.30000000000000004,-20.0,Under
Josh Allen,touchdowns,buf,draftkings,0.5,0.4,-0.09999999999999998,-20.0,Under
Josh Allen,touchdowns,buf,hardrock,0.5,0.4,-0.09999999999999998,-20.0,Under
Tee Higgins,touchdowns,cin,fanatics,0.5,0.4,-0.09999999999999998,-20.0,Under
Bo Nix,passing-tds,den,riverscasino,1.5,1.2,-0.30000000000000004,-20.0,Under
Davante Adams,touchdowns,,fanatics,0.5,0.4,-0.09999999999999998,-20.0,Under
Davante Adams,touchdowns,,fanduel,0.5,0.4,-0.09999999999999998,-20.0,Under
Tee Higgins,touchdowns,cin,draftkings,0.5,0.4,-0.09999999999999998,-20.0,Under
Bo Nix,passing-tds,den,draftkings,1.5,1.2,-0.30000000000000004,-20.0,Under
Tee Higgins,touchdowns,cin,hardrock,0.5,0.4,-0.09999999999999998,-20.0,Under
Tee Higgins,touchdowns,cin,caesars,0.5,0.4,-0.09999999999999998,-20.0,Under
Josh Allen,touchdowns,buf,fanatics,0.5,0.4,-0.09999999999999998,-20.0,Under
Josh Allen,touchdowns,buf,caesars,0.5,0.4,-0.09999999999999998,-20.0,Under
Josh Allen,touchdowns,buf,fanduel,0.5,0.4,-0.09999999999999998,-20.0,Under
David Njoku,receptions,lac,hardrock,1.5,1.8,0.30000000000000004,20.0,Over
David Njoku,receptions,lac,sleeper,1.5,1.8,0.30000000000000004,20.0,Over
David Njoku,receptions,lac,fanatics,1.5,1.8,0.30000000000000004,20.0,Over
Jadarian Price,touchdowns,sea,draftkings,0.5,0.405,-0.09499999999999997,-19.0,Under
Jadarian Price,touchdowns,sea,fanduel,0.5,0.405,-0.09499999999999997,-19.0,Under
Jadarian Price,touchdowns,sea,caesars,0.5,0.405,-0.09499999999999997,-19.0,Under
Jadarian Price,touchdowns,sea,hardrock,0.5,0.405,-0.09499999999999997,-19.0,Under
Jalen Hurts,touchdowns,phi,hardrock,0.5,0.405,-0.09499999999999997,-19.0,Under
Jalen Hurts,touchdowns,phi,fanduel,0.5,0.405,-0.09499999999999997,-19.0,Under
Jalen Hurts,touchdowns,phi,fanatics,0.5,0.405,-0.09499999999999997,-19.0,Under
Jalen Hurts,touchdowns,phi,draftkings,0.5,0.405,-0.09499999999999997,-19.0,Under
Jalen Hurts,touchdowns,phi,caesars,0.5,0.405,-0.09499999999999997,-19.0,Under
Michael Pittman,receiving-yards,pit,caesars,39.5,47.0,7.5,18.99,Over
Stefon Diggs,receiving-yards,was,draftkings,39.5,47.0,7.5,18.99,Over
DeMario Douglas,receiving-yards,nwe,draftkings,18.5,22.0,3.5,18.92,Over
Ja'Kobi Lane,receiving-yards,bal,sleeper,18.5,22.0,3.5,18.92,Over
Brock Purdy,rushing-yards,sfo,draftkings,18.5,15.0,-3.5,-18.92,Under
Mason Taylor,receiving-yards,nyj,caesars,18.5,15.0,-3.5,-18.92,Under
DeMario Douglas,receiving-yards,nwe,riverscasino,18.5,22.0,3.5,18.92,Over
Mason Taylor,receiving-yards,nyj,draftkings,18.5,15.0,-3.5,-18.92,Under
DeMario Douglas,receiving-yards,nwe,caesars,18.5,22.0,3.5,18.92,Over
DeMario Douglas,receiving-yards,nwe,fanduel,18.5,22.0,3.5,18.92,Over
DK Metcalf,receiving-yards,pit,fanatics,45.5,54.0,8.5,18.68,Over
Michael Wilson,receiving-yards,ari,fanatics,40.5,48.0,7.5,18.52,Over
Bryce Young,rushing-yards,car,sleeper,13.5,16.0,2.5,18.52,Over
Bryce Young,rushing-yards,car,fanduel,13.5,16.0,2.5,18.52,Over
Pat Freiermuth,receiving-yards,pit,riverscasino,24.5,29.0,4.5,18.37,Over
Pat Freiermuth,receiving-yards,pit,draftkings,24.5,29.0,4.5,18.37,Over
Jalen Coker,receiving-yards,car,fanatics,35.5,42.0,6.5,18.31,Over
D'Andre Swift,rushing-and-receiving-yards,chi,caesars,90.5,74.0,-16.5,-18.23,Under
D'Andre Swift,rush-attempts,chi,fanduel,16.5,13.5,-3.0,-18.18,Under
D'Andre Swift,rush-attempts,chi,fanatics,16.5,13.5,-3.0,-18.18,Under
Tee Higgins,receptions,cin,fanatics,5.5,4.5,-1.0,-18.18,Under
Cooper Kupp,receiving-yards,sea,fanatics,30.5,36.0,5.5,18.03,Over
Deebo Samuel,receiving-yards,sfo,sleeper,30.5,36.0,5.5,18.03,Over
Cooper Kupp,receiving-yards,sea,sleeper,30.5,36.0,5.5,18.03,Over
Cooper Kupp,receiving-yards,sea,caesars,30.5,36.0,5.5,18.03,Over
C.J. Stroud,interceptions,hou,riverscasino,0.5,0.59,0.08999999999999997,18.0,Over
C.J. Stroud,interceptions,hou,fanduel,0.5,0.59,0.08999999999999997,18.0,Over
C.J. Stroud,interceptions,hou,hardrock,0.5,0.59,0.08999999999999997,18.0,Over
C.J. Stroud,interceptions,hou,draftkings,0.5,0.59,0.08999999999999997,18.0,Over
C.J. Stroud,interceptions,hou,caesars,0.5,0.59,0.08999999999999997,18.0,Over
C.J. Stroud,interceptions,hou,sleeper,0.5,0.59,0.08999999999999997,18.0,Over
Xavier Legette,receiving-yards,car,sleeper,19.5,16.0,-3.5,-17.95,Under
Xavier Hutchinson,receiving-yards,hou,fanduel,19.5,16.0,-3.5,-17.95,Under
Kenyon Sadiq,receiving-yards,nyj,sleeper,19.5,23.0,3.5,17.95,Over
Xavier Hutchinson,receiving-yards,hou,sleeper,19.5,16.0,-3.5,-17.95,Under
Justin Herbert,rushing-yards,lac,fanduel,19.5,23.0,3.5,17.95,Over
Harold Fannin,receiving-yards,cle,sleeper,36.5,43.0,6.5,17.81,Over
Harold Fannin,receiving-yards,cle,fanduel,36.5,43.0,6.5,17.81,Over
Tony Pollard,touchdowns,ten,fanduel,0.5,0.411,-0.08900000000000002,-17.8,Under
Tony Pollard,touchdowns,ten,hardrock,0.5,0.411,-0.08900000000000002,-17.8,Under
Tony Pollard,touchdowns,ten,caesars,0.5,0.411,-0.08900000000000002,-17.8,Under
Tony Pollard,touchdowns,ten,draftkings,0.5,0.411,-0.08900000000000002,-17.8,Under
Tony Pollard,touchdowns,ten,fanatics,0.5,0.411,-0.08900000000000002,-17.8,Under
Drake Maye,rush-attempts,nwe,fanatics,4.5,5.3,0.7999999999999998,17.78,Over
Tre' Harris,receiving-yards,lac,fanatics,25.5,30.0,4.5,17.65,Over
Terrance Ferguson,receiving-yards,,sleeper,25.5,21.0,-4.5,-17.65,Under
Tony Pollard,receiving-yards,ten,riverscasino,8.5,10.0,1.5,17.65,Over
Tony Pollard,receiving-yards,ten,fanduel,8.5,10.0,1.5,17.65,Over
Tony Pollard,receiving-yards,ten,draftkings,8.5,10.0,1.5,17.65,Over
Denzel Boston,receiving-yards,cle,fanduel,25.5,30.0,4.5,17.65,Over
Justice Hill,rushing-yards,bal,draftkings,8.5,7.0,-1.5,-17.65,Under
Tony Pollard,receiving-yards,ten,sleeper,8.5,10.0,1.5,17.65,Over
Tony Pollard,receiving-yards,ten,caesars,8.5,10.0,1.5,17.65,Over
Caleb Douglas,receiving-yards,mia,fanduel,25.5,30.0,4.5,17.65,Over
Nico Collins,receiving-yards,hou,fanatics,65.5,77.0,11.5,17.56,Over
Cam Skattebo,rush-attempts,nyg,hardrock,11.5,13.5,2.0,17.39,Over
Cam Skattebo,rush-attempts,nyg,sleeper,11.5,13.5,2.0,17.39,Over
Jakobi Meyers,receiving-yards,jax,riverscasino,37.5,44.0,6.5,17.33,Over
Jakobi Meyers,receiving-yards,jax,fanduel,37.5,44.0,6.5,17.33,Over
Jakobi Meyers,receiving-yards,jax,caesars,37.5,44.0,6.5,17.33,Over
Jakobi Meyers,receiving-yards,jax,sleeper,37.5,44.0,6.5,17.33,Over
Khalil Shakir,receiving-yards,buf,riverscasino,37.5,44.0,6.5,17.33,Over
Khalil Shakir,receiving-yards,buf,draftkings,37.5,44.0,6.5,17.33,Over
Baker Mayfield,rushing-yards,tam,draftkings,14.5,17.0,2.5,17.24,Over
James Cook,receiving-yards,buf,fanduel,14.5,17.0,2.5,17.24,Over
Tyler Shough,rushing-yards,nor,riverscasino,14.5,17.0,2.5,17.24,Over
James Cook,receiving-yards,buf,sleeper,14.5,17.0,2.5,17.24,Over
Bucky Irving,receiving-yards,tam,draftkings,14.5,17.0,2.5,17.24,Over
Bucky Irving,receiving-yards,tam,riverscasino,14.5,17.0,2.5,17.24,Over
Michael Pittman,receptions,pit,fanduel,3.5,4.1,0.5999999999999996,17.14,Over
AJ Barner,receptions,sea,fanatics,3.5,2.9,-0.6000000000000001,-17.14,Under
Kyler Murray,rushing-yards,min,fanatics,20.5,24.0,3.5,17.07,Over
Samaje Perine,rushing-yards,cin,fanatics,20.5,24.0,3.5,17.07,Over
Samaje Perine,rushing-yards,cin,draftkings,20.5,24.0,3.5,17.07,Over
Jonathan Taylor,touchdowns,ind,hardrock,0.5,0.585,0.08499999999999996,17.0,Over
Jonathan Taylor,touchdowns,ind,draftkings,0.5,0.585,0.08499999999999996,17.0,Over
Jonathan Taylor,touchdowns,ind,fanatics,0.5,0.585,0.08499999999999996,17.0,Over
Jonathan Taylor,touchdowns,ind,caesars,0.5,0.585,0.08499999999999996,17.0,Over
Jonathan Taylor,touchdowns,ind,fanduel,0.5,0.585,0.08499999999999996,17.0,Over
Dontayvion Wicks,receiving-yards,phi,sleeper,26.5,31.0,4.5,16.98,Over
George Kittle,receiving-yards,sfo,caesars,38.5,45.0,6.5,16.88,Over
Travis Etienne,rushing-yards,nor,fanatics,50.5,59.0,8.5,16.83,Over
Jacory Croskey-Merritt,rush-attempts,was,fanduel,11.5,9.6,-1.9000000000000004,-16.52,Under
Malik Nabers,receptions,nyg,fanatics,5.5,4.6,-0.9000000000000004,-16.36,Under
Malik Nabers,receptions,nyg,sleeper,5.5,4.6,-0.9000000000000004,-16.36,Under
T.J. Hockenson,receiving-yards,min,caesars,27.5,32.0,4.5,16.36,Over
Malik Nabers,receptions,nyg,draftkings,5.5,4.6,-0.9000000000000004,-16.36,Under
T.J. Hockenson,receiving-yards,min,fanduel,27.5,32.0,4.5,16.36,Over
T.J. Hockenson,receiving-yards,min,sleeper,27.5,32.0,4.5,16.36,Over
Malik Nabers,receptions,nyg,caesars,5.5,4.6,-0.9000000000000004,-16.36,Under
T.J. Hockenson,receiving-yards,min,draftkings,27.5,32.0,4.5,16.36,Over
Malik Nabers,receptions,nyg,hardrock,5.5,4.6,-0.9000000000000004,-16.36,Under
Malik Nabers,receptions,nyg,fanduel,5.5,4.6,-0.9000000000000004,-16.36,Under
D'Andre Swift,rushing-yards,chi,fanatics,70.5,59.0,-11.5,-16.31,Under
DK Metcalf,receiving-yards,pit,draftkings,46.5,54.0,7.5,16.13,Over
Cam Skattebo,receiving-yards,nyg,caesars,15.5,18.0,2.5,16.13,Over
Tyquan Thornton,receiving-yards,kan,fanatics,15.5,18.0,2.5,16.13,Over
Jonathan Taylor,receiving-yards,ind,fanatics,15.5,18.0,2.5,16.13,Over
Cam Skattebo,receiving-yards,nyg,draftkings,15.5,18.0,2.5,16.13,Over
DK Metcalf,receiving-yards,pit,riverscasino,46.5,54.0,7.5,16.13,Over
Cole Kmet,receiving-yards,chi,fanatics,15.5,18.0,2.5,16.13,Over
Cam Skattebo,receiving-yards,nyg,fanduel,15.5,18.0,2.5,16.13,Over
DK Metcalf,receiving-yards,pit,sleeper,46.5,54.0,7.5,16.13,Over
DK Metcalf,receiving-yards,pit,fanduel,46.5,54.0,7.5,16.13,Over
Cam Skattebo,receiving-yards,nyg,sleeper,15.5,18.0,2.5,16.13,Over
Jonathan Taylor,receiving-yards,ind,sleeper,15.5,18.0,2.5,16.13,Over
DK Metcalf,receiving-yards,pit,caesars,46.5,54.0,7.5,16.13,Over
Michael Pittman,receiving-yards,pit,sleeper,40.5,47.0,6.5,16.05,Over
Stefon Diggs,receiving-yards,was,fanatics,40.5,47.0,6.5,16.05,Over
Michael Pittman,receiving-yards,pit,fanatics,40.5,47.0,6.5,16.05,Over
Jordan Addison,receiving-yards,min,fanatics,40.5,47.0,6.5,16.05,Over
Cooper Kupp,receptions,sea,fanatics,2.5,2.9,0.3999999999999999,16.0,Over
Jalen Nailor,receptions,lvr,fanduel,2.5,2.1,-0.3999999999999999,-16.0,Under
James Cook,receptions,buf,fanatics,2.5,2.1,-0.3999999999999999,-16.0,Under
Justin Herbert,passing-tds,lac,fanatics,2.5,2.1,-0.3999999999999999,-16.0,Under
Rachaad White,receptions,was,hardrock,2.5,2.1,-0.3999999999999999,-16.0,Under
Cooper Kupp,receptions,sea,fanduel,2.5,2.9,0.3999999999999999,16.0,Over
Cooper Kupp,receptions,sea,draftkings,2.5,2.9,0.3999999999999999,16.0,Over
AJ Barner,receptions,sea,caesars,2.5,2.9,0.3999999999999999,16.0,Over
AJ Barner,receptions,sea,sleeper,2.5,2.9,0.3999999999999999,16.0,Over
AJ Barner,receptions,sea,draftkings,2.5,2.9,0.3999999999999999,16.0,Over
Rachaad White,receptions,was,fanatics,2.5,2.1,-0.3999999999999999,-16.0,Under
Rachaad White,receptions,was,caesars,2.5,2.1,-0.3999999999999999,-16.0,Under
Rachaad White,receptions,was,sleeper,2.5,2.1,-0.3999999999999999,-16.0,Under
James Cook,receptions,buf,sleeper,2.5,2.1,-0.3999999999999999,-16.0,Under
James Cook,receptions,buf,draftkings,2.5,2.1,-0.3999999999999999,-16.0,Under
James Cook,receptions,buf,hardrock,2.5,2.1,-0.3999999999999999,-16.0,Under
James Cook,receptions,buf,caesars,2.5,2.1,-0.3999999999999999,-16.0,Under
James Cook,receptions,buf,fanduel,2.5,2.1,-0.3999999999999999,-16.0,Under
Rachaad White,receptions,was,fanduel,2.5,2.1,-0.3999999999999999,-16.0,Under
Rachaad White,receptions,was,draftkings,2.5,2.1,-0.3999999999999999,-16.0,Under
Michael Mayer,receptions,lvr,caesars,2.5,2.1,-0.3999999999999999,-16.0,Under
AJ Barner,receptions,sea,fanduel,2.5,2.9,0.3999999999999999,16.0,Over
Cooper Kupp,receptions,sea,sleeper,2.5,2.9,0.3999999999999999,16.0,Over
Cooper Kupp,receptions,sea,caesars,2.5,2.9,0.3999999999999999,16.0,Over
Cooper Kupp,receptions,sea,hardrock,2.5,2.9,0.3999999999999999,16.0,Over
Justin Herbert,passing-tds,lac,riverscasino,2.5,2.1,-0.3999999999999999,-16.0,Under
Michael Mayer,receptions,lvr,fanduel,2.5,2.1,-0.3999999999999999,-16.0,Under
Michael Mayer,receptions,lvr,fanatics,2.5,2.1,-0.3999999999999999,-16.0,Under
AJ Barner,receptions,sea,hardrock,2.5,2.9,0.3999999999999999,16.0,Over
Malik Willis,rushing-yards,mia,fanduel,34.5,40.0,5.5,15.94,Over
Cam Ward,rushing-yards,ten,riverscasino,9.5,8.0,-1.5,-15.79,Under
Samaje Perine,receiving-yards,cin,sleeper,9.5,8.0,-1.5,-15.79,Under
Noah Gray,receiving-yards,kan,fanduel,9.5,11.0,1.5,15.79,Over
Erick All,receiving-yards,cin,sleeper,9.5,11.0,1.5,15.79,Over
Cam Ward,rushing-yards,ten,draftkings,9.5,8.0,-1.5,-15.79,Under
Cam Ward,rushing-yards,ten,caesars,9.5,8.0,-1.5,-15.79,Under
Josh Allen,rushing-yards,buf,riverscasino,28.5,33.0,4.5,15.79,Over
Drake London,receiving-yards,atl,fanatics,60.5,70.0,9.5,15.7,Over
Michael Wilson,receiving-yards,ari,caesars,41.5,48.0,6.5,15.66,Over
Michael Wilson,receiving-yards,ari,fanduel,41.5,48.0,6.5,15.66,Over
Michael Wilson,receiving-yards,ari,draftkings,41.5,48.0,6.5,15.66,Over
Michael Wilson,receiving-yards,ari,riverscasino,41.5,48.0,6.5,15.66,Over
Michael Wilson,receiving-yards,ari,sleeper,41.5,48.0,6.5,15.66,Over
Marvin Harrison,receptions,ari,draftkings,4.5,3.8,-0.7000000000000002,-15.56,Under
DK Metcalf,receptions,pit,fanatics,4.5,3.8,-0.7000000000000002,-15.56,Under
Marvin Harrison,receptions,ari,hardrock,4.5,3.8,-0.7000000000000002,-15.56,Under
Marvin Harrison,receptions,ari,sleeper,4.5,3.8,-0.7000000000000002,-15.56,Under
Marvin Harrison,receptions,ari,fanatics,4.5,3.8,-0.7000000000000002,-15.56,Under
De'Von Achane,receptions,mia,fanduel,4.5,3.8,-0.7000000000000002,-15.56,Under
De'Von Achane,receptions,mia,fanatics,4.5,3.8,-0.7000000000000002,-15.56,Under
De'Von Achane,receptions,mia,sleeper,4.5,3.8,-0.7000000000000002,-15.56,Under
Gunnar Helm,receiving-yards,ten,draftkings,22.5,26.0,3.5,15.56,Over
De'Von Achane,receptions,mia,draftkings,4.5,3.8,-0.7000000000000002,-15.56,Under
De'Von Achane,receptions,mia,hardrock,4.5,3.8,-0.7000000000000002,-15.56,Under
De'Von Achane,receptions,mia,caesars,4.5,3.8,-0.7000000000000002,-15.56,Under
George Holani,rushing-and-receiving-yards,sea,hardrock,35.5,30.0,-5.5,-15.49,Under
De'Zhaun Stribling,receiving-yards,sfo,draftkings,35.5,41.0,5.5,15.49,Over
Christian McCaffrey,receiving-yards,sfo,fanatics,35.5,41.0,5.5,15.49,Over
George Holani,rushing-and-receiving-yards,sea,fanatics,35.5,30.0,-5.5,-15.49,Under
George Holani,rushing-and-receiving-yards,sea,caesars,35.5,30.0,-5.5,-15.49,Under
George Holani,rushing-and-receiving-yards,sea,sleeper,35.5,30.0,-5.5,-15.49,Under
De'Zhaun Stribling,receiving-yards,sfo,caesars,35.5,41.0,5.5,15.49,Over
De'Zhaun Stribling,receiving-yards,sfo,fanduel,35.5,41.0,5.5,15.49,Over
George Holani,rushing-and-receiving-yards,sea,draftkings,35.5,30.0,-5.5,-15.49,Under
D'Andre Swift,rushing-and-receiving-yards,chi,sleeper,87.5,74.0,-13.5,-15.43,Under
D'Andre Swift,rushing-and-receiving-yards,chi,hardrock,87.5,74.0,-13.5,-15.43,Under
D'Andre Swift,rushing-and-receiving-yards,chi,draftkings,87.5,74.0,-13.5,-15.43,Under
D'Andre Swift,rushing-and-receiving-yards,chi,fanduel,87.5,74.0,-13.5,-15.43,Under
George Pickens,touchdowns,dal,draftkings,0.5,0.423,-0.07700000000000001,-15.4,Under
George Pickens,touchdowns,dal,hardrock,0.5,0.423,-0.07700000000000001,-15.4,Under
George Pickens,touchdowns,dal,caesars,0.5,0.423,-0.07700000000000001,-15.4,Under
Rhamondre Stevenson,touchdowns,nwe,hardrock,0.5,0.423,-0.07700000000000001,-15.4,Under
Rhamondre Stevenson,touchdowns,nwe,draftkings,0.5,0.423,-0.07700000000000001,-15.4,Under
George Pickens,touchdowns,dal,fanduel,0.5,0.423,-0.07700000000000001,-15.4,Under
George Pickens,touchdowns,dal,fanatics,0.5,0.423,-0.07700000000000001,-15.4,Under
Puka Nacua,touchdowns,,hardrock,0.5,0.423,-0.07700000000000001,-15.4,Under
Puka Nacua,touchdowns,,draftkings,0.5,0.423,-0.07700000000000001,-15.4,Under
Rhamondre Stevenson,touchdowns,nwe,fanatics,0.5,0.423,-0.07700000000000001,-15.4,Under
Jaxon Smith-Njigba,touchdowns,sea,fanatics,0.5,0.423,-0.07700000000000001,-15.4,Under
Jaxon Smith-Njigba,touchdowns,sea,draftkings,0.5,0.423,-0.07700000000000001,-15.4,Under
Jaxon Smith-Njigba,touchdowns,sea,caesars,0.5,0.423,-0.07700000000000001,-15.4,Under
Jaxon Smith-Njigba,touchdowns,sea,fanduel,0.5,0.423,-0.07700000000000001,-15.4,Under
Jaxon Smith-Njigba,touchdowns,sea,hardrock,0.5,0.423,-0.07700000000000001,-15.4,Under
Puka Nacua,touchdowns,,fanduel,0.5,0.423,-0.07700000000000001,-15.4,Under
Puka Nacua,touchdowns,,fanatics,0.5,0.423,-0.07700000000000001,-15.4,Under
Rhamondre Stevenson,touchdowns,nwe,fanduel,0.5,0.423,-0.07700000000000001,-15.4,Under
Puka Nacua,touchdowns,,caesars,0.5,0.423,-0.07700000000000001,-15.4,Under
Rhamondre Stevenson,touchdowns,nwe,caesars,0.5,0.423,-0.07700000000000001,-15.4,Under
Nick Folk,kicking-points,atl,hardrock,7.5,6.35,-1.1500000000000004,-15.33,Under
Courtland Sutton,receiving-yards,den,fanduel,42.5,49.0,6.5,15.29,Over
Courtland Sutton,receiving-yards,den,sleeper,42.5,49.0,6.5,15.29,Over
Jake Ferguson,receiving-yards,dal,sleeper,29.5,34.0,4.5,15.25,Over
Trevor Lawrence,rushing-yards,jax,fanduel,16.5,19.0,2.5,15.15,Over
Trevor Lawrence,rushing-yards,jax,sleeper,16.5,19.0,2.5,15.15,Over
Michael Mayer,receiving-yards,lvr,sleeper,16.5,19.0,2.5,15.15,Over
Charlie Kolar,receiving-yards,lac,caesars,16.5,14.0,-2.5,-15.15,Under
Charlie Kolar,receiving-yards,lac,sleeper,16.5,14.0,-2.5,-15.15,Under
Charlie Kolar,receiving-yards,lac,fanduel,16.5,14.0,-2.5,-15.15,Under
Trevor Lawrence,rushing-yards,jax,caesars,16.5,19.0,2.5,15.15,Over
D'Andre Swift,rushing-yards,chi,caesars,69.5,59.0,-10.5,-15.11,Under
D'Andre Swift,rushing-yards,chi,fanduel,69.5,59.0,-10.5,-15.11,Under
Mark Andrews,receiving-yards,bal,fanatics,30.5,35.0,4.5,14.75,Over
Tyler Allgeier,rushing-yards,ari,fanatics,30.5,35.0,4.5,14.75,Over
Rashid Shaheed,receiving-yards,sea,fanatics,30.5,35.0,4.5,14.75,Over
Braelon Allen,rush-attempts,nyj,sleeper,5.5,4.7,-0.7999999999999998,-14.55,Under
Braelon Allen,rush-attempts,nyj,hardrock,5.5,4.7,-0.7999999999999998,-14.55,Under
Braelon Allen,rush-attempts,nyj,fanatics,5.5,4.7,-0.7999999999999998,-14.55,Under
Rhamondre Stevenson,receptions,nwe,fanduel,3.5,3.0,-0.5,-14.29,Under
Jaxon Smith-Njigba,receiving-yards,sea,fanatics,80.5,92.0,11.5,14.29,Over
Jayden Reed,receiving-yards,gnb,riverscasino,38.5,44.0,5.5,14.29,Over
Travis Etienne,receiving-yards,nor,sleeper,17.5,20.0,2.5,14.29,Over
Travis Etienne,receiving-yards,nor,fanduel,17.5,20.0,2.5,14.29,Over
Travis Etienne,receiving-yards,nor,caesars,17.5,20.0,2.5,14.29,Over
Tucker Kraft,receptions,gnb,sleeper,3.5,4.0,0.5,14.29,Over
Daniel Jones,rushing-yards,ind,fanatics,10.5,12.0,1.5,14.29,Over
Terrance Ferguson,receiving-yards,,fanduel,24.5,21.0,-3.5,-14.29,Under
Parker Washington,receptions,jax,fanduel,3.5,4.0,0.5,14.29,Over
Tucker Kraft,receptions,gnb,fanduel,3.5,4.0,0.5,14.29,Over
Jake Ferguson,receptions,dal,draftkings,3.5,4.0,0.5,14.29,Over
Devaughn Vele,receptions,nor,draftkings,3.5,3.0,-0.5,-14.29,Under
Devaughn Vele,receptions,nor,hardrock,3.5,3.0,-0.5,-14.29,Under
Devaughn Vele,receptions,nor,sleeper,3.5,3.0,-0.5,-14.29,Under
Brock Purdy,rushing-yards,sfo,sleeper,17.5,15.0,-2.5,-14.29,Under
Tre Tucker,receptions,lvr,sleeper,3.5,3.0,-0.5,-14.29,Under
Mike Evans,receptions,sfo,draftkings,3.5,4.0,0.5,14.29,Over
Mike Evans,receptions,sfo,caesars,3.5,4.0,0.5,14.29,Over
Mike Evans,receptions,sfo,hardrock,3.5,4.0,0.5,14.29,Over
Jameson Williams,receptions,det,hardrock,3.5,4.0,0.5,14.29,Over
Brock Purdy,rushing-yards,sfo,riverscasino,17.5,15.0,-2.5,-14.29,Under
Brock Purdy,rushing-yards,sfo,caesars,17.5,15.0,-2.5,-14.29,Under
Jameson Williams,receptions,det,draftkings,3.5,4.0,0.5,14.29,Over
Brock Purdy,rushing-yards,sfo,fanduel,17.5,15.0,-2.5,-14.29,Under
Tre Tucker,receptions,lvr,fanduel,3.5,3.0,-0.5,-14.29,Under
Jake Ferguson,receptions,dal,hardrock,3.5,4.0,0.5,14.29,Over
Xavier Worthy,receptions,kan,fanatics,3.5,3.0,-0.5,-14.29,Under
Devaughn Vele,receptions,nor,caesars,3.5,3.0,-0.5,-14.29,Under
Jaylen Warren,rush-attempts,pit,fanduel,10.5,9.0,-1.5,-14.29,Under
Xavier Worthy,receptions,kan,fanduel,3.5,3.0,-0.5,-14.29,Under
Travis Kelce,receptions,kan,fanduel,3.5,4.0,0.5,14.29,Over
Derrick Henry,receiving-yards,bal,fanatics,10.5,9.0,-1.5,-14.29,Under
Travis Kelce,receptions,kan,hardrock,3.5,4.0,0.5,14.29,Over
Travis Kelce,receptions,kan,sleeper,3.5,4.0,0.5,14.29,Over
Travis Kelce,receptions,kan,caesars,3.5,4.0,0.5,14.29,Over
George Kittle,receptions,sfo,draftkings,3.5,4.0,0.5,14.29,Over
George Kittle,receptions,sfo,hardrock,3.5,4.0,0.5,14.29,Over
AJ Barner,receiving-yards,sea,sleeper,24.5,28.0,3.5,14.29,Over
Travis Kelce,receptions,kan,draftkings,3.5,4.0,0.5,14.29,Over
Jameson Williams,receptions,det,sleeper,3.5,4.0,0.5,14.29,Over
A.J. Brown,receiving-yards,nwe,sleeper,59.5,68.0,8.5,14.29,Over
Bo Nix,rush-attempts,den,draftkings,3.5,4.0,0.5,14.29,Over
Sam LaPorta,receptions,det,draftkings,3.5,4.0,0.5,14.29,Over
Braelon Allen,rushing-yards,nyj,fanduel,17.5,20.0,2.5,14.29,Over
Jameson Williams,receptions,det,fanduel,3.5,4.0,0.5,14.29,Over
George Kittle,receptions,sfo,sleeper,3.5,4.0,0.5,14.29,Over
George Kittle,receptions,sfo,fanduel,3.5,4.0,0.5,14.29,Over
Tre Tucker,receptions,lvr,fanatics,3.5,3.0,-0.5,-14.29,Under
Terrance Ferguson,receiving-yards,,draftkings,24.5,21.0,-3.5,-14.29,Under
Mike Evans,receptions,sfo,fanduel,3.5,4.0,0.5,14.29,Over
Mike Evans,receptions,sfo,sleeper,3.5,4.0,0.5,14.29,Over
Dalton Schultz,receptions,hou,caesars,3.5,4.0,0.5,14.29,Over
Dalton Schultz,receptions,hou,sleeper,3.5,4.0,0.5,14.29,Over
Dalton Schultz,receptions,hou,hardrock,3.5,4.0,0.5,14.29,Over
Dalton Schultz,receptions,hou,draftkings,3.5,4.0,0.5,14.29,Over
Jameson Williams,receptions,det,caesars,3.5,4.0,0.5,14.29,Over
Braelon Allen,rushing-yards,nyj,sleeper,17.5,20.0,2.5,14.29,Over
Dalton Schultz,receptions,hou,fanduel,3.5,4.0,0.5,14.29,Over
Dalton Schultz,receptions,hou,fanatics,3.5,4.0,0.5,14.29,Over
George Kittle,receptions,sfo,caesars,3.5,4.0,0.5,14.29,Over
Jake Ferguson,receptions,dal,fanduel,3.5,4.0,0.5,14.29,Over
Jake Ferguson,receptions,dal,fanatics,3.5,4.0,0.5,14.29,Over
Jake Ferguson,receptions,dal,sleeper,3.5,4.0,0.5,14.29,Over
Terrance Ferguson,receiving-yards,,caesars,24.5,21.0,-3.5,-14.29,Under
Jake Ferguson,receptions,dal,caesars,3.5,4.0,0.5,14.29,Over
Devaughn Vele,receptions,nor,fanduel,3.5,3.0,-0.5,-14.29,Under
Rhamondre Stevenson,receptions,nwe,draftkings,3.5,3.0,-0.5,-14.29,Under
Rhamondre Stevenson,receptions,nwe,hardrock,3.5,3.0,-0.5,-14.29,Under
Rhamondre Stevenson,receptions,nwe,caesars,3.5,3.0,-0.5,-14.29,Under
Rhamondre Stevenson,receptions,nwe,sleeper,3.5,3.0,-0.5,-14.29,Under
Rhamondre Stevenson,receptions,nwe,fanatics,3.5,3.0,-0.5,-14.29,Under
Xavier Worthy,receptions,kan,caesars,3.5,3.0,-0.5,-14.29,Under
Xavier Worthy,receptions,kan,sleeper,3.5,3.0,-0.5,-14.29,Under
Xavier Worthy,receptions,kan,draftkings,3.5,3.0,-0.5,-14.29,Under
Xavier Worthy,receptions,kan,hardrock,3.5,3.0,-0.5,-14.29,Under
Sam LaPorta,receptions,det,hardrock,3.5,4.0,0.5,14.29,Over
Sam LaPorta,receptions,det,fanduel,3.5,4.0,0.5,14.29,Over
Sam LaPorta,receptions,det,sleeper,3.5,4.0,0.5,14.29,Over
Sam LaPorta,receptions,det,caesars,3.5,4.0,0.5,14.29,Over
Tre Tucker,receptions,lvr,hardrock,3.5,3.0,-0.5,-14.29,Under
Tre Tucker,receptions,lvr,draftkings,3.5,3.0,-0.5,-14.29,Under
Alec Pierce,receptions,ind,draftkings,3.5,3.0,-0.5,-14.29,Under
Alec Pierce,receptions,ind,hardrock,3.5,3.0,-0.5,-14.29,Under
Alec Pierce,receptions,ind,sleeper,3.5,3.0,-0.5,-14.29,Under
Alec Pierce,receptions,ind,caesars,3.5,3.0,-0.5,-14.29,Under
Alec Pierce,receptions,ind,fanatics,3.5,3.0,-0.5,-14.29,Under
Alec Pierce,receptions,ind,fanduel,3.5,3.0,-0.5,-14.29,Under
Tre Tucker,receptions,lvr,caesars,3.5,3.0,-0.5,-14.29,Under
AJ Barner,receiving-yards,sea,fanduel,24.5,28.0,3.5,14.29,Over
Bucky Irving,touchdowns,tam,draftkings,0.5,0.429,-0.07100000000000001,-14.2,Under
Bucky Irving,touchdowns,tam,fanatics,0.5,0.429,-0.07100000000000001,-14.2,Under
Bucky Irving,touchdowns,tam,caesars,0.5,0.429,-0.07100000000000001,-14.2,Under
Bucky Irving,touchdowns,tam,hardrock,0.5,0.429,-0.07100000000000001,-14.2,Under
Bucky Irving,touchdowns,tam,fanduel,0.5,0.429,-0.07100000000000001,-14.2,Under
George Kittle,receiving-yards,sfo,fanduel,39.5,45.0,5.5,13.92,Over
George Kittle,receiving-yards,sfo,sleeper,39.5,45.0,5.5,13.92,Over
Matthew Golden,receiving-yards,gnb,fanduel,39.5,45.0,5.5,13.92,Over
Matthew Golden,receiving-yards,gnb,caesars,39.5,45.0,5.5,13.92,Over
Matthew Golden,receiving-yards,gnb,riverscasino,39.5,45.0,5.5,13.92,Over
D'Andre Swift,rushing-yards,chi,draftkings,68.5,59.0,-9.5,-13.87,Under
D'Andre Swift,rushing-yards,chi,sleeper,68.5,59.0,-9.5,-13.87,Under
Justin Jefferson,receptions,min,fanatics,6.5,5.6,-0.9000000000000004,-13.85,Under
Dalton Schultz,receiving-yards,hou,sleeper,32.5,37.0,4.5,13.85,Over
Dalton Schultz,receiving-yards,hou,fanduel,32.5,37.0,4.5,13.85,Over
Pat Freiermuth,receiving-yards,pit,fanatics,25.5,29.0,3.5,13.73,Over
Malik Washington,receiving-yards,mia,fanatics,25.5,29.0,3.5,13.73,Over
Pat Freiermuth,receiving-yards,pit,caesars,25.5,29.0,3.5,13.73,Over
Pat Freiermuth,receiving-yards,pit,fanduel,25.5,29.0,3.5,13.73,Over
Ryan Flournoy,receiving-yards,dal,fanatics,25.5,29.0,3.5,13.73,Over
Pat Freiermuth,receiving-yards,pit,sleeper,25.5,29.0,3.5,13.73,Over
Jalen Hurts,rushing-yards,phi,fanatics,25.5,29.0,3.5,13.73,Over
Sam LaPorta,receiving-yards,det,fanatics,40.5,46.0,5.5,13.58,Over
Sam LaPorta,receiving-yards,det,sleeper,40.5,46.0,5.5,13.58,Over
Kyle Pitts,receiving-yards,atl,fanatics,40.5,46.0,5.5,13.58,Over
Xavier Hutchinson,receiving-yards,hou,caesars,18.5,16.0,-2.5,-13.51,Under
Xavier Legette,receiving-yards,car,caesars,18.5,16.0,-2.5,-13.51,Under
Xavier Legette,receiving-yards,car,fanduel,18.5,16.0,-2.5,-13.51,Under
D'Andre Swift,rushing-and-receiving-yards,chi,fanatics,85.5,74.0,-11.5,-13.45,Under
KC Concepcion,receiving-yards,cle,draftkings,33.5,38.0,4.5,13.43,Over
KC Concepcion,receiving-yards,cle,caesars,33.5,38.0,4.5,13.43,Over
KC Concepcion,receiving-yards,cle,fanduel,33.5,38.0,4.5,13.43,Over
KC Concepcion,receiving-yards,cle,riverscasino,33.5,38.0,4.5,13.43,Over
Marvin Harrison,receiving-yards,ari,fanduel,48.5,55.0,6.5,13.4,Over
Marvin Harrison,receiving-yards,ari,sleeper,48.5,55.0,6.5,13.4,Over
Marvin Harrison,receiving-yards,ari,draftkings,48.5,55.0,6.5,13.4,Over
Terrance Ferguson,receptions,,caesars,1.5,1.7,0.19999999999999996,13.33,Over
Bhayshul Tuten,receptions,jax,fanduel,1.5,1.7,0.19999999999999996,13.33,Over
Drake Maye,passing-tds,nwe,caesars,1.5,1.3,-0.19999999999999996,-13.33,Under
Drake Maye,passing-tds,nwe,hardrock,1.5,1.3,-0.19999999999999996,-13.33,Under
Jadarian Price,receptions,sea,fanduel,1.5,1.3,-0.19999999999999996,-13.33,Under
Dawson Knox,receptions,buf,fanatics,1.5,1.3,-0.19999999999999996,-13.33,Under
Rico Dowdle,receptions,pit,fanduel,1.5,1.7,0.19999999999999996,13.33,Over
Dawson Knox,receptions,buf,draftkings,1.5,1.3,-0.19999999999999996,-13.33,Under
Woody Marks,receptions,hou,sleeper,1.5,1.3,-0.19999999999999996,-13.33,Under
Rico Dowdle,receptions,pit,fanatics,1.5,1.7,0.19999999999999996,13.33,Over
Dawson Knox,receptions,buf,caesars,1.5,1.3,-0.19999999999999996,-13.33,Under
Terrance Ferguson,receptions,,hardrock,1.5,1.7,0.19999999999999996,13.33,Over
Terrance Ferguson,receptions,,draftkings,1.5,1.7,0.19999999999999996,13.33,Over
Terrance Ferguson,receptions,,sleeper,1.5,1.7,0.19999999999999996,13.33,Over
Terry McLaurin,receptions,was,draftkings,4.5,3.9,-0.6000000000000001,-13.33,Under
Drake Maye,passing-tds,nwe,riverscasino,1.5,1.3,-0.19999999999999996,-13.33,Under
Bhayshul Tuten,receptions,jax,caesars,1.5,1.7,0.19999999999999996,13.33,Over
Bhayshul Tuten,receptions,jax,sleeper,1.5,1.7,0.19999999999999996,13.33,Over
Joshua Palmer,receptions,buf,sleeper,1.5,1.3,-0.19999999999999996,-13.33,Under
Baker Mayfield,passing-tds,tam,riverscasino,1.5,1.7,0.19999999999999996,13.33,Over
Stefon Diggs,receptions,was,fanatics,4.5,3.9,-0.6000000000000001,-13.33,Under
Baker Mayfield,passing-tds,tam,draftkings,1.5,1.7,0.19999999999999996,13.33,Over
Dawson Knox,receptions,buf,fanduel,1.5,1.3,-0.19999999999999996,-13.33,Under
Dawson Knox,receptions,buf,sleeper,1.5,1.3,-0.19999999999999996,-13.33,Under
Dawson Knox,receptions,buf,hardrock,1.5,1.3,-0.19999999999999996,-13.33,Under
Josh Allen,passing-tds,buf,riverscasino,1.5,1.3,-0.19999999999999996,-13.33,Under
Josh Allen,passing-tds,buf,sleeper,1.5,1.3,-0.19999999999999996,-13.33,Under
Josh Allen,passing-tds,buf,fanatics,1.5,1.3,-0.19999999999999996,-13.33,Under
Drake Maye,passing-tds,nwe,fanatics,1.5,1.3,-0.19999999999999996,-13.33,Under
Josh Allen,passing-tds,buf,fanduel,1.5,1.3,-0.19999999999999996,-13.33,Under
Drake Maye,passing-tds,nwe,fanduel,1.5,1.3,-0.19999999999999996,-13.33,Under
Josh Allen,passing-tds,buf,draftkings,1.5,1.3,-0.19999999999999996,-13.33,Under
Josh Allen,passing-tds,buf,caesars,1.5,1.3,-0.19999999999999996,-13.33,Under
Josh Allen,passing-tds,buf,hardrock,1.5,1.3,-0.19999999999999996,-13.33,Under
Caleb Williams,passing-tds,chi,draftkings,1.5,1.7,0.19999999999999996,13.33,Over
Rico Dowdle,receptions,pit,sleeper,1.5,1.7,0.19999999999999996,13.33,Over
Caleb Williams,passing-tds,chi,hardrock,1.5,1.7,0.19999999999999996,13.33,Over
Caleb Williams,passing-tds,chi,riverscasino,1.5,1.7,0.19999999999999996,13.33,Over
Caleb Williams,passing-tds,chi,sleeper,1.5,1.7,0.19999999999999996,13.33,Over
Caleb Williams,passing-tds,chi,fanatics,1.5,1.7,0.19999999999999996,13.33,Over
Caleb Williams,passing-tds,chi,fanduel,1.5,1.7,0.19999999999999996,13.33,Over
Caleb Williams,passing-tds,chi,caesars,1.5,1.7,0.19999999999999996,13.33,Over
Drake Maye,passing-tds,nwe,draftkings,1.5,1.3,-0.19999999999999996,-13.33,Under
Drake Maye,passing-tds,nwe,sleeper,1.5,1.3,-0.19999999999999996,-13.33,Under
Wan'Dale Robinson,receptions,ten,fanatics,4.5,3.9,-0.6000000000000001,-13.33,Under
Christian Watson,receptions,gnb,hardrock,4.5,3.9,-0.6000000000000001,-13.33,Under
Christian Watson,receptions,gnb,sleeper,4.5,3.9,-0.6000000000000001,-13.33,Under
Jadarian Price,receptions,sea,draftkings,1.5,1.3,-0.19999999999999996,-13.33,Under
Jadarian Price,receptions,sea,hardrock,1.5,1.3,-0.19999999999999996,-13.33,Under
Woody Marks,receptions,hou,hardrock,1.5,1.3,-0.19999999999999996,-13.33,Under
Jadarian Price,receptions,sea,caesars,1.5,1.3,-0.19999999999999996,-13.33,Under
Zay Flowers,receptions,bal,draftkings,4.5,5.1,0.5999999999999996,13.33,Over
Terry McLaurin,receptions,was,hardrock,4.5,3.9,-0.6000000000000001,-13.33,Under
Zay Flowers,receptions,bal,hardrock,4.5,5.1,0.5999999999999996,13.33,Over
Terry McLaurin,receptions,was,fanatics,4.5,3.9,-0.6000000000000001,-13.33,Under
Bhayshul Tuten,receptions,jax,hardrock,1.5,1.7,0.19999999999999996,13.33,Over
Baker Mayfield,passing-tds,tam,hardrock,1.5,1.7,0.19999999999999996,13.33,Over
Terry McLaurin,receptions,was,sleeper,4.5,3.9,-0.6000000000000001,-13.33,Under
Baker Mayfield,passing-tds,tam,sleeper,1.5,1.7,0.19999999999999996,13.33,Over
Baker Mayfield,passing-tds,tam,fanatics,1.5,1.7,0.19999999999999996,13.33,Over
Baker Mayfield,passing-tds,tam,fanduel,1.5,1.7,0.19999999999999996,13.33,Over
Ja'Kobi Lane,receptions,bal,draftkings,1.5,1.7,0.19999999999999996,13.33,Over
Ja'Kobi Lane,receptions,bal,hardrock,1.5,1.7,0.19999999999999996,13.33,Over
Ja'Kobi Lane,receptions,bal,caesars,1.5,1.7,0.19999999999999996,13.33,Over
Ja'Kobi Lane,receptions,bal,sleeper,1.5,1.7,0.19999999999999996,13.33,Over
Baker Mayfield,passing-tds,tam,caesars,1.5,1.7,0.19999999999999996,13.33,Over
Ja'Kobi Lane,receptions,bal,fanduel,1.5,1.7,0.19999999999999996,13.33,Over
Rico Dowdle,receptions,pit,draftkings,1.5,1.7,0.19999999999999996,13.33,Over
Rico Dowdle,receptions,pit,caesars,1.5,1.7,0.19999999999999996,13.33,Over
Rico Dowdle,receptions,pit,hardrock,1.5,1.7,0.19999999999999996,13.33,Over
Jadarian Price,receptions,sea,sleeper,1.5,1.3,-0.19999999999999996,-13.33,Under
Bhayshul Tuten,receptions,jax,draftkings,1.5,1.7,0.19999999999999996,13.33,Over
Terrance Ferguson,receptions,,fanduel,1.5,1.7,0.19999999999999996,13.33,Over
Zay Flowers,receptions,bal,caesars,4.5,5.1,0.5999999999999996,13.33,Over
Zay Flowers,receptions,bal,sleeper,4.5,5.1,0.5999999999999996,13.33,Over
Zay Flowers,receptions,bal,fanatics,4.5,5.1,0.5999999999999996,13.33,Over
Zay Flowers,receptions,bal,fanduel,4.5,5.1,0.5999999999999996,13.33,Over
Wan'Dale Robinson,receptions,ten,draftkings,4.5,3.9,-0.6000000000000001,-13.33,Under
Wan'Dale Robinson,receptions,ten,hardrock,4.5,3.9,-0.6000000000000001,-13.33,Under
Wan'Dale Robinson,receptions,ten,caesars,4.5,3.9,-0.6000000000000001,-13.33,Under
Wan'Dale Robinson,receptions,ten,sleeper,4.5,3.9,-0.6000000000000001,-13.33,Under
Wan'Dale Robinson,receptions,ten,fanduel,4.5,3.9,-0.6000000000000001,-13.33,Under
Trey McBride,receiving-yards,ari,fanduel,56.5,64.0,7.5,13.27,Over
Trey McBride,receiving-yards,ari,riverscasino,56.5,64.0,7.5,13.27,Over
Stefon Diggs,receiving-yards,was,sleeper,41.5,47.0,5.5,13.25,Over
Michael Pittman,receiving-yards,pit,draftkings,41.5,47.0,5.5,13.25,Over
Michael Pittman,receiving-yards,pit,riverscasino,41.5,47.0,5.5,13.25,Over
Tre' Harris,receiving-yards,lac,fanduel,26.5,30.0,3.5,13.21,Over
Tre' Harris,receiving-yards,lac,draftkings,26.5,30.0,3.5,13.21,Over
Caleb Douglas,receiving-yards,mia,sleeper,26.5,30.0,3.5,13.21,Over
Jerry Jeudy,receiving-yards,cle,riverscasino,26.5,30.0,3.5,13.21,Over
Tre' Harris,receiving-yards,lac,sleeper,26.5,30.0,3.5,13.21,Over
Tre' Harris,receiving-yards,lac,caesars,26.5,30.0,3.5,13.21,Over
Will Reichard,kicking-points,min,hardrock,7.5,8.48,0.9800000000000004,13.07,Over
Will Reichard,kicking-points,min,sleeper,7.5,8.48,0.9800000000000004,13.07,Over
George Holani,receiving-yards,sea,sleeper,11.5,10.0,-1.5,-13.04,Under
Bhayshul Tuten,receiving-yards,jax,draftkings,11.5,13.0,1.5,13.04,Over
Kyren Williams,receiving-yards,,draftkings,11.5,13.0,1.5,13.04,Over
George Holani,receiving-yards,sea,riverscasino,11.5,10.0,-1.5,-13.04,Under
Bhayshul Tuten,receiving-yards,jax,fanduel,11.5,13.0,1.5,13.04,Over
Bhayshul Tuten,receiving-yards,jax,sleeper,11.5,13.0,1.5,13.04,Over
Bhayshul Tuten,receiving-yards,jax,riverscasino,11.5,13.0,1.5,13.04,Over
Bhayshul Tuten,receiving-yards,jax,caesars,11.5,13.0,1.5,13.04,Over
Jayden Reed,rushing-and-receiving-yards,gnb,hardrock,41.5,46.9,5.399999999999999,13.01,Over
Eddy Pineiro,kicking-points,sfo,sleeper,6.5,7.34,0.8399999999999999,12.92,Over
Eddy Pineiro,kicking-points,sfo,draftkings,6.5,7.34,0.8399999999999999,12.92,Over
Eddy Pineiro,kicking-points,sfo,hardrock,6.5,7.34,0.8399999999999999,12.92,Over
D'Andre Swift,rush-attempts,chi,hardrock,15.5,13.5,-2.0,-12.9,Under
D'Andre Swift,rush-attempts,chi,sleeper,15.5,13.5,-2.0,-12.9,Under
D'Andre Swift,rush-attempts,chi,draftkings,15.5,13.5,-2.0,-12.9,Under
Jaxon Smith-Njigba,receiving-yards,sea,sleeper,81.5,92.0,10.5,12.88,Over
Jaxon Smith-Njigba,receiving-yards,sea,draftkings,81.5,92.0,10.5,12.88,Over
Ja'Kobi Lane,receiving-yards,bal,caesars,19.5,22.0,2.5,12.82,Over
DeMario Douglas,receiving-yards,nwe,sleeper,19.5,22.0,2.5,12.82,Over
Jaxson Dart,completions,nyg,fanduel,19.5,17.0,-2.5,-12.82,Under
Ja'Kobi Lane,receiving-yards,bal,fanduel,19.5,22.0,2.5,12.82,Over
Ja'Kobi Lane,receiving-yards,bal,draftkings,19.5,22.0,2.5,12.82,Over
Bijan Robinson,touchdowns,atl,draftkings,0.5,0.564,0.06399999999999995,12.8,Over
Bijan Robinson,touchdowns,atl,fanduel,0.5,0.564,0.06399999999999995,12.8,Over
Bijan Robinson,touchdowns,atl,caesars,0.5,0.564,0.06399999999999995,12.8,Over
Bijan Robinson,touchdowns,atl,fanatics,0.5,0.564,0.06399999999999995,12.8,Over
Bijan Robinson,touchdowns,atl,hardrock,0.5,0.564,0.06399999999999995,12.8,Over
Kyler Murray,rush-attempts,min,sleeper,5.5,4.8,-0.7000000000000002,-12.73,Under
Justin Herbert,rush-attempts,lac,draftkings,5.5,4.8,-0.7000000000000002,-12.73,Under
Kyler Murray,rush-attempts,min,draftkings,5.5,4.8,-0.7000000000000002,-12.73,Under
Kenneth Walker,rush-attempts,kan,hardrock,16.5,14.4,-2.0999999999999996,-12.73,Under
Kenneth Walker,rush-attempts,kan,draftkings,16.5,14.4,-2.0999999999999996,-12.73,Under
Dontayvion Wicks,receiving-yards,phi,fanduel,27.5,31.0,3.5,12.73,Over
Dontayvion Wicks,receiving-yards,phi,caesars,27.5,31.0,3.5,12.73,Over
Justin Herbert,rush-attempts,lac,fanatics,5.5,4.8,-0.7000000000000002,-12.73,Under
Kenneth Walker,rush-attempts,kan,caesars,16.5,14.4,-2.0999999999999996,-12.73,Under
Kenneth Walker,rush-attempts,kan,sleeper,16.5,14.4,-2.0999999999999996,-12.73,Under
Kenneth Walker,rush-attempts,kan,fanatics,16.5,14.4,-2.0999999999999996,-12.73,Under
Bijan Robinson,receiving-yards,atl,fanatics,35.5,40.0,4.5,12.68,Over
Malik Willis,rushing-yards,mia,fanatics,35.5,40.0,4.5,12.68,Over
Malik Willis,rushing-yards,mia,caesars,35.5,40.0,4.5,12.68,Over
Courtland Sutton,receiving-yards,den,riverscasino,43.5,49.0,5.5,12.64,Over
Courtland Sutton,receiving-yards,den,caesars,43.5,49.0,5.5,12.64,Over
A.J. Brown,receiving-yards,nwe,draftkings,60.5,68.0,7.5,12.4,Over
A.J. Brown,receiving-yards,nwe,caesars,60.5,68.0,7.5,12.4,Over
A.J. Brown,receiving-yards,nwe,fanatics,60.5,68.0,7.5,12.4,Over
A.J. Brown,receiving-yards,nwe,fanduel,60.5,68.0,7.5,12.4,Over
Tyler Warren,receiving-yards,ind,draftkings,44.5,50.0,5.5,12.36,Over
De'Zhaun Stribling,receiving-yards,sfo,riverscasino,36.5,41.0,4.5,12.33,Over
De'Zhaun Stribling,receiving-yards,sfo,sleeper,36.5,41.0,4.5,12.33,Over
Cade Otton,receiving-yards,tam,fanduel,28.5,32.0,3.5,12.28,Over
Cade Otton,receiving-yards,tam,caesars,28.5,32.0,3.5,12.28,Over
Cade Otton,receiving-yards,tam,sleeper,28.5,32.0,3.5,12.28,Over
Cade Otton,receiving-yards,tam,draftkings,28.5,32.0,3.5,12.28,Over
Justin Herbert,rushing-yards,lac,sleeper,20.5,23.0,2.5,12.2,Over
Justin Herbert,rushing-yards,lac,caesars,20.5,23.0,2.5,12.2,Over
Kendrick Bourne,receiving-yards,ari,fanatics,20.5,18.0,-2.5,-12.2,Under
Justin Herbert,rushing-yards,lac,fanatics,20.5,23.0,2.5,12.2,Over
Daniel Carlson,kicking-points,nor,sleeper,6.5,7.28,0.7800000000000002,12.0,Over
Joe Burrow,passing-tds,cin,fanduel,2.5,2.2,-0.2999999999999998,-12.0,Under
Daniel Carlson,kicking-points,nor,hardrock,6.5,7.28,0.7800000000000002,12.0,Over
Malik Washington,receptions,mia,hardrock,2.5,2.8,0.2999999999999998,12.0,Over
Malik Washington,receptions,mia,caesars,2.5,2.8,0.2999999999999998,12.0,Over
Malik Washington,receptions,mia,fanatics,2.5,2.8,0.2999999999999998,12.0,Over
Malik Washington,receptions,mia,sleeper,2.5,2.8,0.2999999999999998,12.0,Over
Joe Burrow,passing-tds,cin,caesars,2.5,2.2,-0.2999999999999998,-12.0,Under
Joe Burrow,passing-tds,cin,hardrock,2.5,2.2,-0.2999999999999998,-12.0,Under
Malik Washington,receptions,mia,fanduel,2.5,2.8,0.2999999999999998,12.0,Over
Adonai Mitchell,receptions,nyj,draftkings,2.5,2.2,-0.2999999999999998,-12.0,Under
Geno Smith,rush-attempts,nyj,sleeper,2.5,2.8,0.2999999999999998,12.0,Over
Geno Smith,rush-attempts,nyj,hardrock,2.5,2.8,0.2999999999999998,12.0,Over
Jordan Love,rush-attempts,gnb,sleeper,2.5,2.8,0.2999999999999998,12.0,Over
Jordan Love,rush-attempts,gnb,hardrock,2.5,2.8,0.2999999999999998,12.0,Over
Joe Burrow,rush-attempts,cin,sleeper,2.5,2.2,-0.2999999999999998,-12.0,Under
Joe Burrow,rush-attempts,cin,hardrock,2.5,2.2,-0.2999999999999998,-12.0,Under
Jaylen Warren,receptions,pit,caesars,2.5,2.8,0.2999999999999998,12.0,Over
Jaylen Warren,receptions,pit,draftkings,2.5,2.8,0.2999999999999998,12.0,Over
Aaron Jones,receptions,min,sleeper,2.5,2.2,-0.2999999999999998,-12.0,Under
Omarion Hampton,touchdowns,lac,draftkings,0.5,0.56,0.06000000000000005,12.0,Over
De'Von Achane,touchdowns,mia,fanatics,0.5,0.44,-0.06,-12.0,Under
De'Von Achane,touchdowns,mia,fanduel,0.5,0.44,-0.06,-12.0,Under
Malik Washington,receptions,mia,draftkings,2.5,2.8,0.2999999999999998,12.0,Over
Jordan Love,rush-attempts,gnb,draftkings,2.5,2.8,0.2999999999999998,12.0,Over
Joe Burrow,rush-attempts,cin,fanatics,2.5,2.2,-0.2999999999999998,-12.0,Under
Drake London,receiving-yards,atl,riverscasino,62.5,70.0,7.5,12.0,Over
Omarion Hampton,touchdowns,lac,fanduel,0.5,0.56,0.06000000000000005,12.0,Over
Ashton Jeanty,receptions,lvr,hardrock,2.5,2.8,0.2999999999999998,12.0,Over
Kenyon Sadiq,receptions,nyj,hardrock,2.5,2.2,-0.2999999999999998,-12.0,Under
Caleb Douglas,receptions,mia,sleeper,2.5,2.2,-0.2999999999999998,-12.0,Under
Aaron Jones,receptions,min,caesars,2.5,2.2,-0.2999999999999998,-12.0,Under
Aaron Jones,receptions,min,hardrock,2.5,2.2,-0.2999999999999998,-12.0,Under
Xavier Worthy,receiving-yards,kan,draftkings,37.5,33.0,-4.5,-12.0,Under
Xavier Worthy,receiving-yards,kan,riverscasino,37.5,33.0,-4.5,-12.0,Under
D'Andre Swift,receptions,chi,fanatics,2.5,2.2,-0.2999999999999998,-12.0,Under
D'Andre Swift,receptions,chi,sleeper,2.5,2.2,-0.2999999999999998,-12.0,Under
Colby Parkinson,receptions,,fanduel,2.5,2.2,-0.2999999999999998,-12.0,Under
Colby Parkinson,receptions,,sleeper,2.5,2.2,-0.2999999999999998,-12.0,Under
Aaron Jones,receptions,min,draftkings,2.5,2.2,-0.2999999999999998,-12.0,Under
D'Andre Swift,receptions,chi,fanduel,2.5,2.2,-0.2999999999999998,-12.0,Under
Colby Parkinson,receptions,,draftkings,2.5,2.2,-0.2999999999999998,-12.0,Under
Colby Parkinson,receptions,,caesars,2.5,2.2,-0.2999999999999998,-12.0,Under
Colby Parkinson,receptions,,hardrock,2.5,2.2,-0.2999999999999998,-12.0,Under
D'Andre Swift,receptions,chi,caesars,2.5,2.2,-0.2999999999999998,-12.0,Under
Ryan Flournoy,receptions,dal,sleeper,2.5,2.2,-0.2999999999999998,-12.0,Under
Omarion Hampton,touchdowns,lac,hardrock,0.5,0.56,0.06000000000000005,12.0,Over
D'Andre Swift,receptions,chi,draftkings,2.5,2.2,-0.2999999999999998,-12.0,Under
Ashton Jeanty,receptions,lvr,sleeper,2.5,2.8,0.2999999999999998,12.0,Over
D'Andre Swift,receptions,chi,hardrock,2.5,2.2,-0.2999999999999998,-12.0,Under
Caleb Douglas,receptions,mia,fanduel,2.5,2.2,-0.2999999999999998,-12.0,Under
Dak Prescott,interceptions,dal,draftkings,0.5,0.56,0.06000000000000005,12.0,Over
Omarion Hampton,touchdowns,lac,caesars,0.5,0.56,0.06000000000000005,12.0,Over
Dak Prescott,interceptions,dal,caesars,0.5,0.56,0.06000000000000005,12.0,Over
Dak Prescott,interceptions,dal,hardrock,0.5,0.56,0.06000000000000005,12.0,Over
Aaron Jones,receptions,min,fanduel,2.5,2.2,-0.2999999999999998,-12.0,Under
Caleb Douglas,receptions,mia,draftkings,2.5,2.2,-0.2999999999999998,-12.0,Under
Caleb Douglas,receptions,mia,hardrock,2.5,2.2,-0.2999999999999998,-12.0,Under
Jaylen Warren,receptions,pit,fanatics,2.5,2.8,0.2999999999999998,12.0,Over
Adonai Mitchell,receptions,nyj,hardrock,2.5,2.2,-0.2999999999999998,-12.0,Under
Jaylen Warren,receptions,pit,sleeper,2.5,2.8,0.2999999999999998,12.0,Over
Chig Okonkwo,receptions,was,sleeper,2.5,2.8,0.2999999999999998,12.0,Over
Chig Okonkwo,receptions,was,fanduel,2.5,2.8,0.2999999999999998,12.0,Over
Chig Okonkwo,receptions,was,caesars,2.5,2.8,0.2999999999999998,12.0,Over
Chig Okonkwo,receptions,was,hardrock,2.5,2.8,0.2999999999999998,12.0,Over
Adonai Mitchell,receptions,nyj,fanduel,2.5,2.2,-0.2999999999999998,-12.0,Under
Chig Okonkwo,receptions,was,draftkings,2.5,2.8,0.2999999999999998,12.0,Over
Javonte Williams,receptions,dal,fanduel,2.5,2.2,-0.2999999999999998,-12.0,Under
Dak Prescott,interceptions,dal,sleeper,0.5,0.56,0.06000000000000005,12.0,Over
Joe Burrow,passing-tds,cin,sleeper,2.5,2.2,-0.2999999999999998,-12.0,Under
De'Von Achane,touchdowns,mia,draftkings,0.5,0.44,-0.06,-12.0,Under
Adonai Mitchell,receptions,nyj,caesars,2.5,2.2,-0.2999999999999998,-12.0,Under
Adonai Mitchell,receptions,nyj,sleeper,2.5,2.2,-0.2999999999999998,-12.0,Under
De'Von Achane,touchdowns,mia,caesars,0.5,0.44,-0.06,-12.0,Under
De'Von Achane,touchdowns,mia,hardrock,0.5,0.44,-0.06,-12.0,Under
Travis Etienne,receptions,nor,fanduel,2.5,2.8,0.2999999999999998,12.0,Over
Kenyon Sadiq,receptions,nyj,sleeper,2.5,2.2,-0.2999999999999998,-12.0,Under
Jaylen Warren,receptions,pit,fanduel,2.5,2.8,0.2999999999999998,12.0,Over
Javonte Williams,receptions,dal,draftkings,2.5,2.2,-0.2999999999999998,-12.0,Under
Luther Burden,receiving-yards,chi,draftkings,54.5,61.0,6.5,11.93,Over
Josh Allen,rushing-yards,buf,fanduel,29.5,33.0,3.5,11.86,Over
Woody Marks,rushing-and-receiving-yards,hou,draftkings,46.5,41.0,-5.5,-11.83,Under
Jameson Williams,receiving-yards,det,fanatics,55.5,62.0,6.5,11.71,Over
Kenneth Gainwell,rushing-yards,tam,sleeper,21.5,24.0,2.5,11.63,Over
Kenneth Gainwell,rushing-yards,tam,riverscasino,21.5,24.0,2.5,11.63,Over
Kenneth Gainwell,rushing-yards,tam,fanduel,21.5,24.0,2.5,11.63,Over
Kenneth Gainwell,rushing-yards,tam,caesars,21.5,24.0,2.5,11.63,Over
Kyler Murray,rushing-yards,min,riverscasino,21.5,24.0,2.5,11.63,Over
Jaxon Smith-Njigba,receiving-yards,sea,fanduel,82.5,92.0,9.5,11.52,Over
Jaxon Smith-Njigba,receiving-yards,sea,caesars,82.5,92.0,9.5,11.52,Over
Jaxon Smith-Njigba,receiving-yards,sea,riverscasino,82.5,92.0,9.5,11.52,Over
Chris Rodriguez,rushing-yards,jax,fanatics,30.5,34.0,3.5,11.48,Over
Rhamondre Stevenson,rushing-and-receiving-yards,nwe,draftkings,91.5,81.0,-10.5,-11.48,Under
Jahmyr Gibbs,receiving-yards,det,fanatics,30.5,34.0,3.5,11.48,Over
Jake Ferguson,receiving-yards,dal,fanduel,30.5,34.0,3.5,11.48,Over
Jahmyr Gibbs,receiving-yards,det,fanduel,30.5,34.0,3.5,11.48,Over
Jake Ferguson,receiving-yards,dal,caesars,30.5,34.0,3.5,11.48,Over
Jake Ferguson,receiving-yards,dal,riverscasino,30.5,34.0,3.5,11.48,Over
Jake Ferguson,receiving-yards,dal,draftkings,30.5,34.0,3.5,11.48,Over
Jake Ferguson,receiving-yards,dal,fanatics,30.5,34.0,3.5,11.48,Over
Jahmyr Gibbs,receiving-yards,det,sleeper,30.5,34.0,3.5,11.48,Over
Jahmyr Gibbs,receiving-yards,det,caesars,30.5,34.0,3.5,11.48,Over
Jahmyr Gibbs,receiving-yards,det,draftkings,30.5,34.0,3.5,11.48,Over
De'Von Achane,rushing-yards,mia,fanatics,65.5,73.0,7.5,11.45,Over
Kenneth Gainwell,receptions,tam,caesars,3.5,3.1,-0.3999999999999999,-11.43,Under
Kenneth Gainwell,receptions,tam,fanduel,3.5,3.1,-0.3999999999999999,-11.43,Under
Terry McLaurin,receptions,was,fanduel,3.5,3.9,0.3999999999999999,11.43,Over
Romeo Doubs,receptions,nwe,fanatics,3.5,3.1,-0.3999999999999999,-11.43,Under
Romeo Doubs,receptions,nwe,sleeper,3.5,3.1,-0.3999999999999999,-11.43,Under
Romeo Doubs,receptions,nwe,caesars,3.5,3.1,-0.3999999999999999,-11.43,Under
De'Zhaun Stribling,receptions,sfo,fanduel,3.5,3.1,-0.3999999999999999,-11.43,Under
De'Zhaun Stribling,receptions,sfo,hardrock,3.5,3.1,-0.3999999999999999,-11.43,Under
Carnell Tate,receptions,ten,sleeper,3.5,3.9,0.3999999999999999,11.43,Over
Carnell Tate,receptions,ten,caesars,3.5,3.9,0.3999999999999999,11.43,Over
Stefon Diggs,receptions,was,sleeper,3.5,3.9,0.3999999999999999,11.43,Over
Christian Watson,receptions,gnb,fanduel,3.5,3.9,0.3999999999999999,11.43,Over
Stefon Diggs,receptions,was,draftkings,3.5,3.9,0.3999999999999999,11.43,Over
Stefon Diggs,receptions,was,caesars,3.5,3.9,0.3999999999999999,11.43,Over
Stefon Diggs,receptions,was,hardrock,3.5,3.9,0.3999999999999999,11.43,Over
Stefon Diggs,receptions,was,fanduel,3.5,3.9,0.3999999999999999,11.43,Over
Christian Watson,receptions,gnb,draftkings,3.5,3.9,0.3999999999999999,11.43,Over
Christian Watson,receptions,gnb,caesars,3.5,3.9,0.3999999999999999,11.43,Over
Christian Watson,receptions,gnb,fanatics,3.5,3.9,0.3999999999999999,11.43,Over
Terry McLaurin,receptions,was,caesars,3.5,3.9,0.3999999999999999,11.43,Over
Kenneth Gainwell,receptions,tam,draftkings,3.5,3.1,-0.3999999999999999,-11.43,Under
De'Zhaun Stribling,receptions,sfo,draftkings,3.5,3.1,-0.3999999999999999,-11.43,Under
Carnell Tate,receptions,ten,fanduel,3.5,3.9,0.3999999999999999,11.43,Over
De'Zhaun Stribling,receptions,sfo,caesars,3.5,3.1,-0.3999999999999999,-11.43,Under
Kenneth Gainwell,receptions,tam,sleeper,3.5,3.1,-0.3999999999999999,-11.43,Under
Romeo Doubs,receptions,nwe,hardrock,3.5,3.1,-0.3999999999999999,-11.43,Under
Carnell Tate,receptions,ten,draftkings,3.5,3.9,0.3999999999999999,11.43,Over
Carnell Tate,receptions,ten,hardrock,3.5,3.9,0.3999999999999999,11.43,Over
Romeo Doubs,receptions,nwe,draftkings,3.5,3.1,-0.3999999999999999,-11.43,Under
Romeo Doubs,receptions,nwe,fanduel,3.5,3.1,-0.3999999999999999,-11.43,Under
De'Zhaun Stribling,receptions,sfo,sleeper,3.5,3.1,-0.3999999999999999,-11.43,Under
Jayden Reed,receiving-yards,gnb,fanduel,39.5,44.0,4.5,11.39,Over
Jayden Reed,receiving-yards,gnb,sleeper,39.5,44.0,4.5,11.39,Over
Jayden Reed,receiving-yards,gnb,caesars,39.5,44.0,4.5,11.39,Over
Bhayshul Tuten,rushing-yards,jax,riverscasino,48.5,54.0,5.5,11.34,Over
Cam Skattebo,rushing-yards,nyg,draftkings,48.5,54.0,5.5,11.34,Over
Cam Skattebo,rushing-yards,nyg,riverscasino,48.5,54.0,5.5,11.34,Over
Trey McBride,receiving-yards,ari,sleeper,57.5,64.0,6.5,11.3,Over
Tetairoa McMillan,receiving-yards,car,draftkings,57.5,64.0,6.5,11.3,Over
Wan'Dale Robinson,receiving-yards,ten,fanatics,40.5,45.0,4.5,11.11,Over
Quentin Johnston,receiving-yards,lac,fanatics,40.5,45.0,4.5,11.11,Over
Travis Kelce,receptions,kan,fanatics,4.5,4.0,-0.5,-11.11,Under
Parker Washington,receptions,jax,caesars,4.5,4.0,-0.5,-11.11,Under
Rashid Shaheed,receiving-yards,sea,fanduel,31.5,35.0,3.5,11.11,Over
Rashid Shaheed,receiving-yards,sea,riverscasino,31.5,35.0,3.5,11.11,Over
Mike Evans,receptions,sfo,fanatics,4.5,4.0,-0.5,-11.11,Under
Rashid Shaheed,receiving-yards,sea,draftkings,31.5,35.0,3.5,11.11,Over
Bo Nix,rush-attempts,den,fanatics,4.5,4.0,-0.5,-11.11,Under
Bo Nix,rush-attempts,den,sleeper,4.5,4.0,-0.5,-11.11,Under
Bo Nix,rush-attempts,den,hardrock,4.5,4.0,-0.5,-11.11,Under
Garrett Wilson,receiving-yards,nyj,riverscasino,58.5,65.0,6.5,11.11,Over
Parker Washington,receptions,jax,sleeper,4.5,4.0,-0.5,-11.11,Under
Parker Washington,receptions,jax,fanatics,4.5,4.0,-0.5,-11.11,Under
Tucker Kraft,receptions,gnb,draftkings,4.5,4.0,-0.5,-11.11,Under
Tucker Kraft,receptions,gnb,hardrock,4.5,4.0,-0.5,-11.11,Under
Tucker Kraft,receptions,gnb,caesars,4.5,4.0,-0.5,-11.11,Under
Tucker Kraft,receptions,gnb,fanatics,4.5,4.0,-0.5,-11.11,Under
Rashid Shaheed,receiving-yards,sea,sleeper,31.5,35.0,3.5,11.11,Over
Rashid Shaheed,receiving-yards,sea,caesars,31.5,35.0,3.5,11.11,Over
Tyler Higbee,receiving-yards,,caesars,13.5,12.0,-1.5,-11.11,Under
Tyler Higbee,receiving-yards,,fanduel,13.5,12.0,-1.5,-11.11,Under
Tyjae Spears,rushing-and-receiving-yards,ten,fanatics,40.5,45.0,4.5,11.11,Over
Parker Washington,receptions,jax,hardrock,4.5,4.0,-0.5,-11.11,Under
D'Andre Swift,receiving-yards,chi,caesars,13.5,15.0,1.5,11.11,Over
Marvin Harrison,receiving-yards,ari,riverscasino,49.5,55.0,5.5,11.11,Over
D'Andre Swift,receiving-yards,chi,sleeper,13.5,15.0,1.5,11.11,Over
Tyler Higbee,receiving-yards,,draftkings,13.5,12.0,-1.5,-11.11,Under
George Pickens,receptions,dal,draftkings,4.5,5.0,0.5,11.11,Over
George Pickens,receptions,dal,caesars,4.5,5.0,0.5,11.11,Over
D'Andre Swift,receiving-yards,chi,fanduel,13.5,15.0,1.5,11.11,Over
D'Andre Swift,receiving-yards,chi,draftkings,13.5,15.0,1.5,11.11,Over
Rico Dowdle,rush-attempts,pit,fanatics,13.5,12.0,-1.5,-11.11,Under
George Pickens,receptions,dal,sleeper,4.5,5.0,0.5,11.11,Over
Juwan Johnson,receptions,nor,sleeper,4.5,4.0,-0.5,-11.11,Under
Juwan Johnson,receptions,nor,caesars,4.5,4.0,-0.5,-11.11,Under
Parker Washington,receptions,jax,draftkings,4.5,4.0,-0.5,-11.11,Under
George Pickens,receptions,dal,fanatics,4.5,5.0,0.5,11.11,Over
Juwan Johnson,receptions,nor,draftkings,4.5,4.0,-0.5,-11.11,Under
George Pickens,receptions,dal,hardrock,4.5,5.0,0.5,11.11,Over
Juwan Johnson,receptions,nor,hardrock,4.5,4.0,-0.5,-11.11,Under
Juwan Johnson,receptions,nor,fanduel,4.5,4.0,-0.5,-11.11,Under
TreVeyon Henderson,rushing-yards,nwe,caesars,22.5,20.0,-2.5,-11.11,Under
Matthew Golden,receiving-yards,gnb,sleeper,40.5,45.0,4.5,11.11,Over
Tony Pollard,rush-attempts,ten,fanduel,14.5,12.9,-1.5999999999999996,-11.03,Under
Tony Pollard,rush-attempts,ten,fanatics,14.5,12.9,-1.5999999999999996,-11.03,Under
Tony Pollard,rush-attempts,ten,sleeper,14.5,12.9,-1.5999999999999996,-11.03,Under
Tony Pollard,rush-attempts,ten,caesars,14.5,12.9,-1.5999999999999996,-11.03,Under
Tony Pollard,rush-attempts,ten,hardrock,14.5,12.9,-1.5999999999999996,-11.03,Under
Tony Pollard,rush-attempts,ten,draftkings,14.5,12.9,-1.5999999999999996,-11.03,Under
Rashid Shaheed,rushing-and-receiving-yards,sea,fanatics,35.5,39.4,3.8999999999999986,10.99,Over
Ladd McConkey,receiving-yards,lac,fanduel,50.5,56.0,5.5,10.89,Over
Ladd McConkey,receiving-yards,lac,fanatics,50.5,56.0,5.5,10.89,Over
Sam LaPorta,receiving-yards,det,fanduel,41.5,46.0,4.5,10.84,Over
Sam LaPorta,receiving-yards,det,caesars,41.5,46.0,4.5,10.84,Over
Kyle Pitts,receiving-yards,atl,draftkings,41.5,46.0,4.5,10.84,Over
Kyle Pitts,receiving-yards,atl,riverscasino,41.5,46.0,4.5,10.84,Over
Bhayshul Tuten,touchdowns,jax,fanduel,0.5,0.446,-0.05399999999999999,-10.8,Under
Bhayshul Tuten,touchdowns,jax,draftkings,0.5,0.446,-0.05399999999999999,-10.8,Under
Bhayshul Tuten,touchdowns,jax,hardrock,0.5,0.446,-0.05399999999999999,-10.8,Under
Bhayshul Tuten,touchdowns,jax,caesars,0.5,0.446,-0.05399999999999999,-10.8,Under
Travis Etienne,touchdowns,nor,draftkings,0.5,0.446,-0.05399999999999999,-10.8,Under
Travis Etienne,touchdowns,nor,caesars,0.5,0.446,-0.05399999999999999,-10.8,Under
Travis Etienne,touchdowns,nor,fanduel,0.5,0.446,-0.05399999999999999,-10.8,Under
Travis Etienne,touchdowns,nor,fanatics,0.5,0.446,-0.05399999999999999,-10.8,Under
Travis Etienne,touchdowns,nor,hardrock,0.5,0.446,-0.05399999999999999,-10.8,Under
Nico Collins,receiving-yards,hou,caesars,69.5,77.0,7.5,10.79,Over
Nico Collins,receiving-yards,hou,fanduel,69.5,77.0,7.5,10.79,Over
Nico Collins,receiving-yards,hou,riverscasino,69.5,77.0,7.5,10.79,Over
Nico Collins,receiving-yards,hou,sleeper,69.5,77.0,7.5,10.79,Over
Jaxson Dart,rush-attempts,nyg,hardrock,6.5,5.8,-0.7000000000000002,-10.77,Under
Jaxson Dart,rush-attempts,nyg,sleeper,6.5,5.8,-0.7000000000000002,-10.77,Under
Jaxson Dart,rush-attempts,nyg,caesars,6.5,5.8,-0.7000000000000002,-10.77,Under
Jaxson Dart,rush-attempts,nyg,draftkings,6.5,5.8,-0.7000000000000002,-10.77,Under
Davante Adams,receiving-yards,,sleeper,51.5,57.0,5.5,10.68,Over
Davante Adams,receiving-yards,,draftkings,51.5,57.0,5.5,10.68,Over
Davante Adams,receiving-yards,,riverscasino,51.5,57.0,5.5,10.68,Over
Davante Adams,receiving-yards,,caesars,51.5,57.0,5.5,10.68,Over
Davante Adams,receiving-yards,,fanduel,51.5,57.0,5.5,10.68,Over
Gunnar Helm,receiving-yards,ten,riverscasino,23.5,26.0,2.5,10.64,Over
Justice Hill,rushing-and-receiving-yards,bal,draftkings,23.5,26.0,2.5,10.64,Over
Terrance Ferguson,receiving-yards,,riverscasino,23.5,21.0,-2.5,-10.64,Under
Justice Hill,rushing-and-receiving-yards,bal,sleeper,23.5,26.0,2.5,10.64,Over
Justice Hill,rushing-and-receiving-yards,bal,hardrock,23.5,26.0,2.5,10.64,Over
Tyler Bass,kicking-points,buf,sleeper,6.5,7.19,0.6900000000000004,10.62,Over
Stefon Diggs,receiving-yards,was,caesars,42.5,47.0,4.5,10.59,Over
Jordan Addison,receiving-yards,min,caesars,42.5,47.0,4.5,10.59,Over
Jordan Addison,receiving-yards,min,fanduel,42.5,47.0,4.5,10.59,Over
Stefon Diggs,receiving-yards,was,fanduel,42.5,47.0,4.5,10.59,Over
Jordan Addison,receiving-yards,min,sleeper,42.5,47.0,4.5,10.59,Over
Stefon Diggs,receiving-yards,was,riverscasino,42.5,47.0,4.5,10.59,Over
A.J. Brown,receiving-yards,nwe,riverscasino,61.5,68.0,6.5,10.57,Over
George Holani,rushing-and-receiving-yards,sea,fanduel,33.5,30.0,-3.5,-10.45,Under
Dalton Schultz,receiving-yards,hou,draftkings,33.5,37.0,3.5,10.45,Over
Dalton Schultz,receiving-yards,hou,caesars,33.5,37.0,3.5,10.45,Over
Hunter Henry,receiving-yards,nwe,draftkings,33.5,37.0,3.5,10.45,Over
Hunter Henry,receiving-yards,nwe,riverscasino,33.5,37.0,3.5,10.45,Over
George Holani,rushing-and-receiving-yards,sea,riverscasino,33.5,30.0,-3.5,-10.45,Under
Luther Burden,rushing-and-receiving-yards,chi,hardrock,57.5,63.5,6.0,10.43,Over
Bo Nix,rushing-yards,den,riverscasino,14.5,16.0,1.5,10.34,Over
Bryce Young,rushing-yards,car,caesars,14.5,16.0,1.5,10.34,Over
Ashton Jeanty,rush-attempts,lvr,hardrock,14.5,13.0,-1.5,-10.34,Under
Ashton Jeanty,rush-attempts,lvr,sleeper,14.5,13.0,-1.5,-10.34,Under
Bryce Young,rushing-yards,car,riverscasino,14.5,16.0,1.5,10.34,Over
Patrick Mahomes,rushing-yards,kan,riverscasino,14.5,16.0,1.5,10.34,Over
Bryce Young,rushing-yards,car,draftkings,14.5,16.0,1.5,10.34,Over
Jack Bech,receiving-yards,lvr,sleeper,14.5,16.0,1.5,10.34,Over
Jaylen Waddle,receiving-yards,den,fanduel,53.5,59.0,5.5,10.28,Over
Drake London,receiving-yards,atl,sleeper,63.5,70.0,6.5,10.24,Over
Drake London,receiving-yards,atl,draftkings,63.5,70.0,6.5,10.24,Over
Jayden Daniels,rushing-yards,was,riverscasino,34.5,38.0,3.5,10.14,Over
Courtland Sutton,receiving-yards,den,draftkings,44.5,49.0,4.5,10.11,Over
Luther Burden,receiving-yards,chi,riverscasino,55.5,61.0,5.5,9.91,Over
Luther Burden,receiving-yards,chi,sleeper,55.5,61.0,5.5,9.91,Over
Luther Burden,receiving-yards,chi,caesars,55.5,61.0,5.5,9.91,Over
Luther Burden,receiving-yards,chi,fanduel,55.5,61.0,5.5,9.91,Over
Rome Odunze,receiving-yards,chi,fanatics,45.5,50.0,4.5,9.89,Over
Tyler Warren,receiving-yards,ind,fanduel,45.5,50.0,4.5,9.89,Over
Tyler Warren,receiving-yards,ind,caesars,45.5,50.0,4.5,9.89,Over
Tyler Warren,receiving-yards,ind,sleeper,45.5,50.0,4.5,9.89,Over
Rome Odunze,receiving-yards,chi,fanduel,45.5,50.0,4.5,9.89,Over
Woody Marks,rushing-and-receiving-yards,hou,hardrock,45.5,41.0,-4.5,-9.89,Under
Rome Odunze,receiving-yards,chi,draftkings,45.5,50.0,4.5,9.89,Over
Rome Odunze,receiving-yards,chi,caesars,45.5,50.0,4.5,9.89,Over
Chris Boswell,kicking-points,pit,sleeper,8.5,7.66,-0.8399999999999999,-9.88,Under
Romeo Doubs,receiving-yards,nwe,riverscasino,35.5,39.0,3.5,9.86,Over
Romeo Doubs,receiving-yards,nwe,draftkings,35.5,39.0,3.5,9.86,Over
Blake Corum,rushing-yards,,fanatics,35.5,39.0,3.5,9.86,Over
Romeo Doubs,receiving-yards,nwe,fanatics,35.5,39.0,3.5,9.86,Over
AJ Barner,receiving-yards,sea,draftkings,25.5,28.0,2.5,9.8,Over
Chig Okonkwo,receiving-yards,was,fanatics,25.5,28.0,2.5,9.8,Over
AJ Barner,receiving-yards,sea,fanatics,25.5,28.0,2.5,9.8,Over
AJ Barner,receiving-yards,sea,riverscasino,25.5,28.0,2.5,9.8,Over
AJ Barner,receiving-yards,sea,caesars,25.5,28.0,2.5,9.8,Over
Chase Brown,receiving-yards,cin,fanatics,25.5,23.0,-2.5,-9.8,Under
Chig Okonkwo,receiving-yards,was,fanduel,25.5,28.0,2.5,9.8,Over
De'Von Achane,rushing-yards,mia,fanduel,66.5,73.0,6.5,9.77,Over
Charlie Kolar,receiving-yards,lac,fanatics,15.5,14.0,-1.5,-9.68,Under
Omarion Hampton,rush-attempts,lac,sleeper,15.5,14.0,-1.5,-9.68,Under
Omarion Hampton,rush-attempts,lac,hardrock,15.5,14.0,-1.5,-9.68,Under
Travis Etienne,rush-attempts,nor,caesars,15.5,14.0,-1.5,-9.68,Under
Travis Etienne,rush-attempts,nor,sleeper,15.5,14.0,-1.5,-9.68,Under
Baker Mayfield,rushing-yards,tam,riverscasino,15.5,17.0,1.5,9.68,Over
Baker Mayfield,rushing-yards,tam,fanduel,15.5,17.0,1.5,9.68,Over
Baker Mayfield,rushing-yards,tam,caesars,15.5,17.0,1.5,9.68,Over
Baker Mayfield,rushing-yards,tam,fanatics,15.5,17.0,1.5,9.68,Over
Omarion Hampton,rush-attempts,lac,fanduel,15.5,14.0,-1.5,-9.68,Under
David Njoku,receiving-yards,lac,sleeper,15.5,17.0,1.5,9.68,Over
Saquon Barkley,receiving-yards,phi,riverscasino,15.5,17.0,1.5,9.68,Over
Travis Etienne,rush-attempts,nor,hardrock,15.5,14.0,-1.5,-9.68,Under
David Njoku,receiving-yards,lac,fanatics,15.5,17.0,1.5,9.68,Over
Travis Etienne,rush-attempts,nor,draftkings,15.5,14.0,-1.5,-9.68,Under
Aaron Jones,receiving-yards,min,fanatics,15.5,14.0,-1.5,-9.68,Under
Saquon Barkley,receiving-yards,phi,fanatics,15.5,17.0,1.5,9.68,Over
Saquon Barkley,receiving-yards,phi,fanduel,15.5,17.0,1.5,9.68,Over
Saquon Barkley,receiving-yards,phi,caesars,15.5,17.0,1.5,9.68,Over
James Cook,receiving-yards,buf,fanatics,15.5,17.0,1.5,9.68,Over
Baker Mayfield,rushing-yards,tam,sleeper,15.5,17.0,1.5,9.68,Over
Bijan Robinson,receiving-yards,atl,draftkings,36.5,40.0,3.5,9.59,Over
Xavier Worthy,receiving-yards,kan,caesars,36.5,33.0,-3.5,-9.59,Under
Xavier Worthy,receiving-yards,kan,fanduel,36.5,33.0,-3.5,-9.59,Under
Xavier Worthy,receiving-yards,kan,sleeper,36.5,33.0,-3.5,-9.59,Under
Bijan Robinson,receiving-yards,atl,riverscasino,36.5,40.0,3.5,9.59,Over
Malik Willis,rushing-yards,mia,draftkings,36.5,40.0,3.5,9.59,Over
Malik Willis,rushing-yards,mia,sleeper,36.5,40.0,3.5,9.59,Over
Christian McCaffrey,rushing-yards,sfo,riverscasino,57.5,63.0,5.5,9.57,Over
Rhamondre Stevenson,rushing-and-receiving-yards,nwe,caesars,89.5,81.0,-8.5,-9.5,Under
Malik Washington,receiving-yards,mia,caesars,26.5,29.0,2.5,9.43,Over
Greg Dulcich,receiving-yards,mia,fanduel,26.5,24.0,-2.5,-9.43,Under
Malik Washington,receiving-yards,mia,fanduel,26.5,29.0,2.5,9.43,Over
Tetairoa McMillan,receiving-yards,car,riverscasino,58.5,64.0,5.5,9.4,Over
Trey McBride,receiving-yards,ari,caesars,58.5,64.0,5.5,9.4,Over
Malik Nabers,receiving-yards,nyg,riverscasino,58.5,64.0,5.5,9.4,Over
Tetairoa McMillan,receiving-yards,car,caesars,58.5,64.0,5.5,9.4,Over
Tetairoa McMillan,receiving-yards,car,sleeper,58.5,64.0,5.5,9.4,Over
Tetairoa McMillan,receiving-yards,car,fanduel,58.5,64.0,5.5,9.4,Over
Woody Marks,rush-attempts,hou,sleeper,7.5,8.2,0.6999999999999993,9.33,Over
Woody Marks,rush-attempts,hou,draftkings,7.5,8.2,0.6999999999999993,9.33,Over
Woody Marks,rush-attempts,hou,caesars,7.5,8.2,0.6999999999999993,9.33,Over
Christian McCaffrey,receiving-yards,sfo,draftkings,37.5,41.0,3.5,9.33,Over
Woody Marks,rush-attempts,hou,hardrock,7.5,8.2,0.6999999999999993,9.33,Over
Kenneth Walker,rushing-yards,kan,fanduel,59.5,65.0,5.5,9.24,Over
CeeDee Lamb,receptions,dal,draftkings,6.5,5.9,-0.5999999999999996,-9.23,Under
CeeDee Lamb,receptions,dal,fanatics,6.5,5.9,-0.5999999999999996,-9.23,Under
CeeDee Lamb,receptions,dal,sleeper,6.5,5.9,-0.5999999999999996,-9.23,Under
CeeDee Lamb,receptions,dal,caesars,6.5,5.9,-0.5999999999999996,-9.23,Under
CeeDee Lamb,receptions,dal,hardrock,6.5,5.9,-0.5999999999999996,-9.23,Under
Lamar Jackson,rush-attempts,bal,draftkings,6.5,7.1,0.5999999999999996,9.23,Over
CeeDee Lamb,receptions,dal,fanduel,6.5,5.9,-0.5999999999999996,-9.23,Under
Lamar Jackson,rush-attempts,bal,fanduel,6.5,7.1,0.5999999999999996,9.23,Over
Lamar Jackson,rush-attempts,bal,hardrock,6.5,7.1,0.5999999999999996,9.23,Over
Lamar Jackson,rush-attempts,bal,sleeper,6.5,7.1,0.5999999999999996,9.23,Over
Nico Collins,receiving-yards,hou,draftkings,70.5,77.0,6.5,9.22,Over
James Cook,rushing-yards,buf,fanatics,70.5,77.0,6.5,9.22,Over
Javonte Williams,rushing-yards,dal,fanatics,70.5,77.0,6.5,9.22,Over
Bijan Robinson,rush-attempts,atl,hardrock,18.5,16.8,-1.6999999999999993,-9.19,Under
Bijan Robinson,rush-attempts,atl,caesars,18.5,16.8,-1.6999999999999993,-9.19,Under
Bijan Robinson,rush-attempts,atl,sleeper,18.5,16.8,-1.6999999999999993,-9.19,Under
Bijan Robinson,rush-attempts,atl,draftkings,18.5,16.8,-1.6999999999999993,-9.19,Under
Bijan Robinson,rush-attempts,atl,fanatics,18.5,16.8,-1.6999999999999993,-9.19,Under
Calvin Ridley,receiving-yards,ten,fanduel,27.5,25.0,-2.5,-9.09,Under
Jonathan Taylor,receiving-yards,ind,caesars,16.5,18.0,1.5,9.09,Over
Rhamondre Stevenson,rush-attempts,nwe,draftkings,16.5,15.0,-1.5,-9.09,Under
Calvin Ridley,receiving-yards,ten,riverscasino,27.5,25.0,-2.5,-9.09,Under
Cam Skattebo,receiving-yards,nyg,riverscasino,16.5,18.0,1.5,9.09,Over
George Pickens,receptions,dal,fanduel,5.5,5.0,-0.5,-9.09,Under
Jonathan Taylor,receiving-yards,ind,draftkings,16.5,18.0,1.5,9.09,Over
Tre' Harris,receiving-yards,lac,riverscasino,27.5,30.0,2.5,9.09,Over
TreVeyon Henderson,rush-attempts,nwe,hardrock,5.5,5.0,-0.5,-9.09,Under
Sam Darnold,rushing-yards,sea,riverscasino,5.5,6.0,0.5,9.09,Over
Sam Darnold,rushing-yards,sea,caesars,5.5,6.0,0.5,9.09,Over
Sam Darnold,rushing-yards,sea,draftkings,5.5,6.0,0.5,9.09,Over
Brock Bowers,receiving-yards,lvr,fanatics,60.5,66.0,5.5,9.09,Over
Sam Darnold,rushing-yards,sea,fanduel,5.5,6.0,0.5,9.09,Over
TreVeyon Henderson,rush-attempts,nwe,sleeper,5.5,5.0,-0.5,-9.09,Under
TreVeyon Henderson,rush-attempts,nwe,draftkings,5.5,5.0,-0.5,-9.09,Under
Sam Darnold,rushing-yards,sea,fanatics,5.5,6.0,0.5,9.09,Over
Colston Loveland,receiving-yards,chi,draftkings,49.5,54.0,4.5,9.09,Over
Jalen Coker,receiving-yards,car,sleeper,38.5,42.0,3.5,9.09,Over
Jalen Coker,receiving-yards,car,draftkings,38.5,42.0,3.5,9.09,Over
Colston Loveland,receiving-yards,chi,riverscasino,49.5,54.0,4.5,9.09,Over
Terry McLaurin,receiving-yards,was,fanatics,50.5,55.0,4.5,8.91,Over
Terry McLaurin,receiving-yards,was,draftkings,50.5,55.0,4.5,8.91,Over
Marvin Harrison,receiving-yards,ari,fanatics,50.5,55.0,4.5,8.91,Over
Michael Pittman,receptions,pit,fanatics,4.5,4.1,-0.40000000000000036,-8.89,Under
A.J. Brown,receptions,nwe,caesars,4.5,4.9,0.40000000000000036,8.89,Over
A.J. Brown,receptions,nwe,hardrock,4.5,4.9,0.40000000000000036,8.89,Over
A.J. Brown,receptions,nwe,fanduel,4.5,4.9,0.40000000000000036,8.89,Over
Michael Pittman,receptions,pit,draftkings,4.5,4.1,-0.40000000000000036,-8.89,Under
Michael Pittman,receptions,pit,hardrock,4.5,4.1,-0.40000000000000036,-8.89,Under
Michael Pittman,receptions,pit,caesars,4.5,4.1,-0.40000000000000036,-8.89,Under
Deshaun Watson,rush-attempts,cle,sleeper,4.5,4.1,-0.40000000000000036,-8.89,Under
Deshaun Watson,rush-attempts,cle,hardrock,4.5,4.1,-0.40000000000000036,-8.89,Under
A.J. Brown,receptions,nwe,sleeper,4.5,4.9,0.40000000000000036,8.89,Over
A.J. Brown,receptions,nwe,draftkings,4.5,4.9,0.40000000000000036,8.89,Over
Michael Pittman,receptions,pit,sleeper,4.5,4.1,-0.40000000000000036,-8.89,Under
A.J. Brown,receptions,nwe,fanatics,4.5,4.9,0.40000000000000036,8.89,Over
Devaughn Vele,receiving-yards,nor,fanduel,39.5,36.0,-3.5,-8.86,Under
Devaughn Vele,receiving-yards,nor,caesars,39.5,36.0,-3.5,-8.86,Under
Dontayvion Wicks,receiving-yards,phi,draftkings,28.5,31.0,2.5,8.77,Over
Ladd McConkey,receiving-yards,lac,riverscasino,51.5,56.0,4.5,8.74,Over
Ladd McConkey,receiving-yards,lac,sleeper,51.5,56.0,4.5,8.74,Over
Jonathan Taylor,rush-attempts,ind,fanatics,19.5,17.8,-1.6999999999999993,-8.72,Under
Jordan Mason,rush-attempts,min,sleeper,11.5,10.5,-1.0,-8.7,Under
Jordan Mason,rush-attempts,min,hardrock,11.5,10.5,-1.0,-8.7,Under
Omarion Hampton,rushing-and-receiving-yards,lac,caesars,86.5,79.0,-7.5,-8.67,Under
Jayden Reed,receiving-yards,gnb,draftkings,40.5,44.0,3.5,8.64,Over
Jayden Reed,receiving-yards,gnb,fanatics,40.5,44.0,3.5,8.64,Over
Cam Skattebo,touchdowns,nyg,fanduel,0.5,0.457,-0.04299999999999998,-8.6,Under
Cam Skattebo,touchdowns,nyg,hardrock,0.5,0.457,-0.04299999999999998,-8.6,Under
Cam Skattebo,touchdowns,nyg,draftkings,0.5,0.457,-0.04299999999999998,-8.6,Under
Cam Skattebo,touchdowns,nyg,caesars,0.5,0.457,-0.04299999999999998,-8.6,Under
Jayden Daniels,completions,was,sleeper,17.5,19.0,1.5,8.57,Over
Jalen McMillan,receptions,tam,fanatics,3.5,3.2,-0.2999999999999998,-8.57,Under
Jalen McMillan,receptions,tam,sleeper,3.5,3.2,-0.2999999999999998,-8.57,Under
Jayden Daniels,completions,was,hardrock,17.5,19.0,1.5,8.57,Over
Jayden Daniels,completions,was,caesars,17.5,19.0,1.5,8.57,Over
Jayden Daniels,completions,was,fanatics,17.5,19.0,1.5,8.57,Over
Xavier Legette,receiving-yards,car,draftkings,17.5,16.0,-1.5,-8.57,Under
Jayden Daniels,completions,was,draftkings,17.5,19.0,1.5,8.57,Over
Quentin Johnston,receptions,lac,fanatics,3.5,3.2,-0.2999999999999998,-8.57,Under
Dalton Kincaid,receptions,buf,fanduel,3.5,3.2,-0.2999999999999998,-8.57,Under
Bryce Young,rush-attempts,car,hardrock,3.5,3.8,0.2999999999999998,8.57,Over
Bryce Young,rush-attempts,car,sleeper,3.5,3.8,0.2999999999999998,8.57,Over
Dalton Kincaid,receptions,buf,fanatics,3.5,3.2,-0.2999999999999998,-8.57,Under
Bryce Young,rush-attempts,car,draftkings,3.5,3.8,0.2999999999999998,8.57,Over
DK Metcalf,receptions,pit,fanduel,3.5,3.8,0.2999999999999998,8.57,Over
Jakobi Meyers,receptions,jax,hardrock,3.5,3.8,0.2999999999999998,8.57,Over
DK Metcalf,receptions,pit,sleeper,3.5,3.8,0.2999999999999998,8.57,Over
Dalton Kincaid,receptions,buf,caesars,3.5,3.2,-0.2999999999999998,-8.57,Under
Dalton Kincaid,receptions,buf,hardrock,3.5,3.2,-0.2999999999999998,-8.57,Under
DK Metcalf,receptions,pit,caesars,3.5,3.8,0.2999999999999998,8.57,Over
Jakobi Meyers,receptions,jax,fanatics,3.5,3.8,0.2999999999999998,8.57,Over
KC Concepcion,receptions,cle,fanduel,3.5,3.2,-0.2999999999999998,-8.57,Under
Dalton Kincaid,receptions,buf,draftkings,3.5,3.2,-0.2999999999999998,-8.57,Under
KC Concepcion,receptions,cle,caesars,3.5,3.2,-0.2999999999999998,-8.57,Under
KC Concepcion,receptions,cle,fanatics,3.5,3.2,-0.2999999999999998,-8.57,Under
KC Concepcion,receptions,cle,draftkings,3.5,3.2,-0.2999999999999998,-8.57,Under
Bryce Young,rush-attempts,car,fanatics,3.5,3.8,0.2999999999999998,8.57,Over
Jalen Coker,receptions,car,fanduel,3.5,3.2,-0.2999999999999998,-8.57,Under
Khalil Shakir,receptions,buf,draftkings,3.5,3.8,0.2999999999999998,8.57,Over
Jacory Croskey-Merritt,rush-attempts,was,sleeper,10.5,9.6,-0.9000000000000004,-8.57,Under
Jacory Croskey-Merritt,rush-attempts,was,hardrock,10.5,9.6,-0.9000000000000004,-8.57,Under
Jacory Croskey-Merritt,rush-attempts,was,draftkings,10.5,9.6,-0.9000000000000004,-8.57,Under
D.J. Moore,receptions,buf,draftkings,3.5,3.8,0.2999999999999998,8.57,Over
D.J. Moore,receptions,buf,fanatics,3.5,3.8,0.2999999999999998,8.57,Over
Jalen Coker,receptions,car,draftkings,3.5,3.2,-0.2999999999999998,-8.57,Under
DK Metcalf,receptions,pit,draftkings,3.5,3.8,0.2999999999999998,8.57,Over
D.J. Moore,receptions,buf,fanduel,3.5,3.8,0.2999999999999998,8.57,Over
Jakobi Meyers,receptions,jax,caesars,3.5,3.8,0.2999999999999998,8.57,Over
Jakobi Meyers,receptions,jax,fanduel,3.5,3.8,0.2999999999999998,8.57,Over
Khalil Shakir,receptions,buf,caesars,3.5,3.8,0.2999999999999998,8.57,Over
Jakobi Meyers,receptions,jax,sleeper,3.5,3.8,0.2999999999999998,8.57,Over
Jakobi Meyers,receptions,jax,draftkings,3.5,3.8,0.2999999999999998,8.57,Over
D.J. Moore,receptions,buf,sleeper,3.5,3.8,0.2999999999999998,8.57,Over
D.J. Moore,receptions,buf,caesars,3.5,3.8,0.2999999999999998,8.57,Over
D.J. Moore,receptions,buf,hardrock,3.5,3.8,0.2999999999999998,8.57,Over
Quentin Johnston,receptions,lac,sleeper,3.5,3.2,-0.2999999999999998,-8.57,Under
Quentin Johnston,receptions,lac,caesars,3.5,3.2,-0.2999999999999998,-8.57,Under
Hunter Henry,receptions,nwe,fanatics,3.5,3.2,-0.2999999999999998,-8.57,Under
Hunter Henry,receptions,nwe,fanduel,3.5,3.2,-0.2999999999999998,-8.57,Under
Hunter Henry,receptions,nwe,caesars,3.5,3.2,-0.2999999999999998,-8.57,Under
Hunter Henry,receptions,nwe,hardrock,3.5,3.2,-0.2999999999999998,-8.57,Under
Dalton Kincaid,receptions,buf,sleeper,3.5,3.2,-0.2999999999999998,-8.57,Under
Hunter Henry,receptions,nwe,draftkings,3.5,3.2,-0.2999999999999998,-8.57,Under
Quentin Johnston,receptions,lac,draftkings,3.5,3.2,-0.2999999999999998,-8.57,Under
Quentin Johnston,receptions,lac,hardrock,3.5,3.2,-0.2999999999999998,-8.57,Under
Quentin Johnston,receptions,lac,fanduel,3.5,3.2,-0.2999999999999998,-8.57,Under
Khalil Shakir,receptions,buf,fanatics,3.5,3.8,0.2999999999999998,8.57,Over
Xavier Hutchinson,receiving-yards,hou,draftkings,17.5,16.0,-1.5,-8.57,Under
Michael Mayer,receiving-yards,lvr,fanduel,17.5,19.0,1.5,8.57,Over
Michael Mayer,receiving-yards,lvr,caesars,17.5,19.0,1.5,8.57,Over
DK Metcalf,receptions,pit,hardrock,3.5,3.8,0.2999999999999998,8.57,Over
Jalen Coker,receptions,car,caesars,3.5,3.2,-0.2999999999999998,-8.57,Under
Jalen Coker,receptions,car,hardrock,3.5,3.2,-0.2999999999999998,-8.57,Under
Marvin Harrison,receptions,ari,fanduel,3.5,3.8,0.2999999999999998,8.57,Over
Trevor Lawrence,rushing-yards,jax,riverscasino,17.5,19.0,1.5,8.57,Over
Deshaun Watson,rushing-yards,cle,sleeper,17.5,19.0,1.5,8.57,Over
Deshaun Watson,rushing-yards,cle,caesars,17.5,19.0,1.5,8.57,Over
Jalen Coker,receptions,car,sleeper,3.5,3.2,-0.2999999999999998,-8.57,Under
Jalen Coker,receptions,car,fanatics,3.5,3.2,-0.2999999999999998,-8.57,Under
Khalil Shakir,receptions,buf,sleeper,3.5,3.8,0.2999999999999998,8.57,Over
Khalil Shakir,receptions,buf,hardrock,3.5,3.8,0.2999999999999998,8.57,Over
Khalil Shakir,receptions,buf,fanduel,3.5,3.8,0.2999999999999998,8.57,Over
Breece Hall,receiving-yards,nyj,draftkings,17.5,19.0,1.5,8.57,Over
Drake London,receiving-yards,atl,caesars,64.5,70.0,5.5,8.53,Over
Drake London,receiving-yards,atl,fanduel,64.5,70.0,5.5,8.53,Over
Ashton Jeanty,rushing-and-receiving-yards,lvr,hardrock,64.5,70.0,5.5,8.53,Over
Chase Brown,rushing-and-receiving-yards,cin,draftkings,88.5,81.0,-7.5,-8.47,Under
Matthew Golden,receiving-yards,gnb,draftkings,41.5,45.0,3.5,8.43,Over
Jaylen Warren,rushing-yards,pit,caesars,41.5,38.0,-3.5,-8.43,Under
Matthew Golden,rushing-and-receiving-yards,gnb,hardrock,41.5,45.0,3.5,8.43,Over
Blake Corum,rushing-and-receiving-yards,,hardrock,41.5,45.0,3.5,8.43,Over
Jaylen Warren,rushing-yards,pit,riverscasino,41.5,38.0,-3.5,-8.43,Under
Wan'Dale Robinson,receiving-yards,ten,fanduel,41.5,45.0,3.5,8.43,Over
Blake Corum,rush-attempts,,hardrock,9.5,8.7,-0.8000000000000007,-8.42,Under
Blake Corum,rush-attempts,,draftkings,9.5,8.7,-0.8000000000000007,-8.42,Under
Blake Corum,rush-attempts,,sleeper,9.5,8.7,-0.8000000000000007,-8.42,Under
Blake Corum,rush-attempts,,caesars,9.5,8.7,-0.8000000000000007,-8.42,Under
Christian McCaffrey,touchdowns,sfo,draftkings,0.5,0.542,0.04200000000000004,8.4,Over
Christian McCaffrey,touchdowns,sfo,hardrock,0.5,0.542,0.04200000000000004,8.4,Over
Chase Brown,touchdowns,cin,hardrock,0.5,0.542,0.04200000000000004,8.4,Over
Chase Brown,touchdowns,cin,draftkings,0.5,0.542,0.04200000000000004,8.4,Over
Chase Brown,touchdowns,cin,fanatics,0.5,0.542,0.04200000000000004,8.4,Over
Chase Brown,touchdowns,cin,caesars,0.5,0.542,0.04200000000000004,8.4,Over
Christian McCaffrey,touchdowns,sfo,fanduel,0.5,0.542,0.04200000000000004,8.4,Over
Christian McCaffrey,touchdowns,sfo,fanatics,0.5,0.542,0.04200000000000004,8.4,Over
Christian McCaffrey,touchdowns,sfo,caesars,0.5,0.542,0.04200000000000004,8.4,Over
Chase Brown,touchdowns,cin,fanduel,0.5,0.542,0.04200000000000004,8.4,Over
Derrick Henry,rushing-yards,bal,riverscasino,77.5,84.0,6.5,8.39,Over
Ryan Fitzgerald,kicking-points,car,hardrock,7.5,6.88,-0.6200000000000001,-8.27,Under
Travis Etienne,rushing-yards,nor,riverscasino,54.5,59.0,4.5,8.26,Over
Jaylen Waddle,receiving-yards,den,riverscasino,54.5,59.0,4.5,8.26,Over
Jaylen Waddle,receiving-yards,den,caesars,54.5,59.0,4.5,8.26,Over
Jaylen Waddle,receiving-yards,den,sleeper,54.5,59.0,4.5,8.26,Over
Kyle Pitts,receiving-yards,atl,sleeper,42.5,46.0,3.5,8.24,Over
Kyle Pitts,receiving-yards,atl,caesars,42.5,46.0,3.5,8.24,Over
Sam LaPorta,receiving-yards,det,riverscasino,42.5,46.0,3.5,8.24,Over
Cam Little,kicking-points,jax,hardrock,8.5,7.8,-0.7000000000000002,-8.24,Under
Cam Little,kicking-points,jax,sleeper,8.5,7.8,-0.7000000000000002,-8.24,Under
Sam LaPorta,receiving-yards,det,draftkings,42.5,46.0,3.5,8.24,Over
Josh Allen,rushing-yards,buf,sleeper,30.5,33.0,2.5,8.2,Over
Josh Allen,rushing-yards,buf,fanatics,30.5,33.0,2.5,8.2,Over
De'Von Achane,rushing-yards,mia,draftkings,67.5,73.0,5.5,8.15,Over
Omarion Hampton,rushing-yards,lac,draftkings,67.5,62.0,-5.5,-8.15,Under
George Pickens,receiving-yards,dal,draftkings,67.5,73.0,5.5,8.15,Over
Quinshon Judkins,rushing-and-receiving-yards,cle,caesars,67.5,73.0,5.5,8.15,Over
De'Von Achane,rushing-yards,mia,caesars,67.5,73.0,5.5,8.15,Over
Jaxson Dart,completions,nyg,caesars,18.5,17.0,-1.5,-8.11,Under
TreVeyon Henderson,rushing-yards,nwe,draftkings,18.5,20.0,1.5,8.11,Over
Travis Etienne,receiving-yards,nor,draftkings,18.5,20.0,1.5,8.11,Over
Jaxson Dart,completions,nyg,draftkings,18.5,17.0,-1.5,-8.11,Under
Jaxson Dart,completions,nyg,hardrock,18.5,17.0,-1.5,-8.11,Under
Kyren Williams,rushing-yards,,fanatics,55.5,60.0,4.5,8.11,Over
Kyren Williams,rushing-yards,,fanduel,55.5,60.0,4.5,8.11,Over
Braelon Allen,rushing-yards,nyj,draftkings,18.5,20.0,1.5,8.11,Over
Braelon Allen,rushing-yards,nyj,caesars,18.5,20.0,1.5,8.11,Over
Jaxson Dart,completions,nyg,sleeper,18.5,17.0,-1.5,-8.11,Under
Kyren Williams,rushing-yards,,sleeper,55.5,60.0,4.5,8.11,Over
Jordan Addison,receiving-yards,min,draftkings,43.5,47.0,3.5,8.05,Over
Jordan Addison,receiving-yards,min,riverscasino,43.5,47.0,3.5,8.05,Over
Cam Skattebo,receptions,nyg,fanduel,2.5,2.3,-0.20000000000000018,-8.0,Under
Cam Skattebo,receptions,nyg,sleeper,2.5,2.3,-0.20000000000000018,-8.0,Under
Jauan Jennings,receptions,min,hardrock,2.5,2.3,-0.20000000000000018,-8.0,Under
Jauan Jennings,receptions,min,draftkings,2.5,2.3,-0.20000000000000018,-8.0,Under
Cam Skattebo,receptions,nyg,draftkings,2.5,2.3,-0.20000000000000018,-8.0,Under
Rashid Shaheed,receptions,sea,fanduel,2.5,2.7,0.20000000000000018,8.0,Over
Jauan Jennings,receptions,min,sleeper,2.5,2.3,-0.20000000000000018,-8.0,Under
Rashid Shaheed,receptions,sea,caesars,2.5,2.7,0.20000000000000018,8.0,Over
Saquon Barkley,receptions,phi,draftkings,2.5,2.3,-0.20000000000000018,-8.0,Under
Matthew Stafford,interceptions,,fanduel,0.5,0.54,0.040000000000000036,8.0,Over
Cam Skattebo,receptions,nyg,caesars,2.5,2.3,-0.20000000000000018,-8.0,Under
Cam Skattebo,receptions,nyg,hardrock,2.5,2.3,-0.20000000000000018,-8.0,Under
Jonathan Taylor,receptions,ind,caesars,2.5,2.3,-0.20000000000000018,-8.0,Under
Gunnar Helm,receptions,ten,draftkings,2.5,2.7,0.20000000000000018,8.0,Over
Gunnar Helm,receptions,ten,caesars,2.5,2.7,0.20000000000000018,8.0,Over
Gunnar Helm,receptions,ten,hardrock,2.5,2.7,0.20000000000000018,8.0,Over
Gunnar Helm,receptions,ten,sleeper,2.5,2.7,0.20000000000000018,8.0,Over
Gunnar Helm,receptions,ten,fanduel,2.5,2.7,0.20000000000000018,8.0,Over
Jonathan Taylor,receptions,ind,draftkings,2.5,2.3,-0.20000000000000018,-8.0,Under
Jonathan Taylor,receptions,ind,hardrock,2.5,2.3,-0.20000000000000018,-8.0,Under
Greg Dulcich,receptions,mia,fanduel,2.5,2.3,-0.20000000000000018,-8.0,Under
Greg Dulcich,receptions,mia,fanatics,2.5,2.3,-0.20000000000000018,-8.0,Under
Pat Freiermuth,receptions,pit,fanatics,2.5,2.7,0.20000000000000018,8.0,Over
Pat Freiermuth,receptions,pit,fanduel,2.5,2.7,0.20000000000000018,8.0,Over
Greg Dulcich,receptions,mia,draftkings,2.5,2.3,-0.20000000000000018,-8.0,Under
Pat Freiermuth,receptions,pit,sleeper,2.5,2.7,0.20000000000000018,8.0,Over
Rashid Shaheed,receptions,sea,draftkings,2.5,2.7,0.20000000000000018,8.0,Over
Rashid Shaheed,receptions,sea,hardrock,2.5,2.7,0.20000000000000018,8.0,Over
Rashid Shaheed,receptions,sea,fanatics,2.5,2.7,0.20000000000000018,8.0,Over
Rashid Shaheed,receptions,sea,sleeper,2.5,2.7,0.20000000000000018,8.0,Over
Saquon Barkley,receptions,phi,fanduel,2.5,2.3,-0.20000000000000018,-8.0,Under
Saquon Barkley,receptions,phi,fanatics,2.5,2.3,-0.20000000000000018,-8.0,Under
Jonathan Taylor,receptions,ind,sleeper,2.5,2.3,-0.20000000000000018,-8.0,Under
Jonathan Taylor,receptions,ind,fanatics,2.5,2.3,-0.20000000000000018,-8.0,Under
Jonathan Taylor,receptions,ind,fanduel,2.5,2.3,-0.20000000000000018,-8.0,Under
Pat Freiermuth,receptions,pit,draftkings,2.5,2.7,0.20000000000000018,8.0,Over
Pat Freiermuth,receptions,pit,hardrock,2.5,2.7,0.20000000000000018,8.0,Over
Pat Freiermuth,receptions,pit,caesars,2.5,2.7,0.20000000000000018,8.0,Over
Greg Dulcich,receptions,mia,caesars,2.5,2.3,-0.20000000000000018,-8.0,Under
Greg Dulcich,receptions,mia,sleeper,2.5,2.3,-0.20000000000000018,-8.0,Under
Greg Dulcich,receptions,mia,hardrock,2.5,2.3,-0.20000000000000018,-8.0,Under
Saquon Barkley,receptions,phi,hardrock,2.5,2.3,-0.20000000000000018,-8.0,Under
Saquon Barkley,receptions,phi,caesars,2.5,2.3,-0.20000000000000018,-8.0,Under
Saquon Barkley,receptions,phi,sleeper,2.5,2.3,-0.20000000000000018,-8.0,Under
Jauan Jennings,receptions,min,fanduel,2.5,2.3,-0.20000000000000018,-8.0,Under
Jauan Jennings,receptions,min,caesars,2.5,2.3,-0.20000000000000018,-8.0,Under
J.K. Dobbins,rush-attempts,den,fanatics,12.5,11.5,-1.0,-8.0,Under
J.K. Dobbins,rush-attempts,den,fanduel,12.5,11.5,-1.0,-8.0,Under
Cam Skattebo,rush-attempts,nyg,caesars,12.5,13.5,1.0,8.0,Over
Cam Skattebo,rush-attempts,nyg,draftkings,12.5,13.5,1.0,8.0,Over
J.K. Dobbins,rush-attempts,den,draftkings,12.5,11.5,-1.0,-8.0,Under
J.K. Dobbins,rush-attempts,den,sleeper,12.5,11.5,-1.0,-8.0,Under
Jayden Daniels,rush-attempts,was,sleeper,7.5,8.1,0.5999999999999996,8.0,Over
Jayden Daniels,rush-attempts,was,draftkings,7.5,8.1,0.5999999999999996,8.0,Over
Bhayshul Tuten,rush-attempts,jax,caesars,12.5,13.5,1.0,8.0,Over
Jalen Hurts,rush-attempts,phi,hardrock,7.5,6.9,-0.5999999999999996,-8.0,Under
Jalen Hurts,rush-attempts,phi,fanduel,7.5,6.9,-0.5999999999999996,-8.0,Under
Jalen Hurts,rush-attempts,phi,sleeper,7.5,6.9,-0.5999999999999996,-8.0,Under
Bhayshul Tuten,rush-attempts,jax,sleeper,12.5,13.5,1.0,8.0,Over
Bhayshul Tuten,rush-attempts,jax,fanduel,12.5,13.5,1.0,8.0,Over
Jared Goff,interceptions,det,hardrock,0.5,0.54,0.040000000000000036,8.0,Over
Jared Goff,interceptions,det,draftkings,0.5,0.54,0.040000000000000036,8.0,Over
Lamar Jackson,interceptions,bal,sleeper,0.5,0.54,0.040000000000000036,8.0,Over
Lamar Jackson,interceptions,bal,caesars,0.5,0.54,0.040000000000000036,8.0,Over
Lamar Jackson,interceptions,bal,hardrock,0.5,0.54,0.040000000000000036,8.0,Over
Lamar Jackson,interceptions,bal,draftkings,0.5,0.54,0.040000000000000036,8.0,Over
Bhayshul Tuten,rush-attempts,jax,draftkings,12.5,13.5,1.0,8.0,Over
Bhayshul Tuten,rush-attempts,jax,hardrock,12.5,13.5,1.0,8.0,Over
Matthew Stafford,interceptions,,sleeper,0.5,0.54,0.040000000000000036,8.0,Over
Matthew Stafford,interceptions,,caesars,0.5,0.54,0.040000000000000036,8.0,Over
Matthew Stafford,interceptions,,hardrock,0.5,0.54,0.040000000000000036,8.0,Over
Matthew Stafford,interceptions,,riverscasino,0.5,0.54,0.040000000000000036,8.0,Over
Jared Goff,interceptions,det,sleeper,0.5,0.54,0.040000000000000036,8.0,Over
Matthew Stafford,interceptions,,draftkings,0.5,0.54,0.040000000000000036,8.0,Over
Jared Goff,interceptions,det,caesars,0.5,0.54,0.040000000000000036,8.0,Over
Spencer Shrader,kicking-points,ind,hardrock,7.5,6.9,-0.5999999999999996,-8.0,Under
